block_id,corridor_id,date,start_time,end_time,duration_minutes,availability_status
BLK-00001,C20,2026-09-05,18:45,20:15,90,AVAILABLE
BLK-00002,C18,2026-09-22,16:14,18:14,120,AVAILABLE
BLK-00003,C10,2026-09-05,22:45,01:15,150,AVAILABLE
BLK-00004,C16,2026-09-16,11:16,11:46,30,AVAILABLE
BLK-00005,C11,2026-09-08,13:33,16:03,150,AVAILABLE
BLK-00006,C15,2026-09-26,04:40,05:10,30,AVAILABLE
BLK-00007,C19,2026-09-15,12:04,12:34,30,AVAILABLE
BLK-00008,C13,2026-09-13,21:01,23:01,120,AVAILABLE
BLK-00009,C04,2026-09-22,21:54,22:39,45,AVAILABLE
BLK-00010,C18,2026-09-11,13:30,15:30,120,AVAILABLE
BLK-00011,C11,2026-09-19,09:23,10:23,60,AVAILABLE
BLK-00012,C03,2026-09-14,09:44,12:44,180,AVAILABLE
BLK-00013,C19,2026-09-08,07:00,07:30,30,AVAILABLE
BLK-00014,C03,2026-09-03,10:55,12:25,90,AVAILABLE
BLK-00015,C18,2026-09-11,10:39,11:09,30,AVAILABLE
BLK-00016,C06,2026-09-13,04:16,04:46,30,AVAILABLE
BLK-00017,C17,2026-09-02,13:25,15:55,150,AVAILABLE
BLK-00018,C01,2026-09-23,08:22,11:22,180,AVAILABLE
BLK-00019,C14,2026-09-08,05:47,06:32,45,AVAILABLE
BLK-00020,C12,2026-09-24,04:10,06:10,120,AVAILABLE
BLK-00021,C11,2026-09-28,05:51,06:36,45,AVAILABLE
BLK-00022,C20,2026-09-22,03:02,04:32,90,AVAILABLE
BLK-00023,C12,2026-09-13,03:11,03:56,45,AVAILABLE
BLK-00024,C02,2026-09-27,15:01,17:31,150,AVAILABLE
BLK-00025,C08,2026-09-26,21:10,23:10,120,AVAILABLE
BLK-00026,C15,2026-09-03,22:07,00:37,150,AVAILABLE
BLK-00027,C10,2026-09-17,09:52,12:22,150,AVAILABLE
BLK-00028,C11,2026-09-09,10:30,13:30,180,AVAILABLE
BLK-00029,C07,2026-09-01,00:08,01:38,90,AVAILABLE
BLK-00030,C10,2026-09-26,11:30,14:30,180,AVAILABLE
BLK-00031,C15,2026-09-24,16:40,18:10,90,AVAILABLE
BLK-00032,C10,2026-09-04,22:07,23:07,60,AVAILABLE
BLK-00033,C14,2026-09-27,11:49,14:49,180,AVAILABLE
BLK-00034,C04,2026-09-17,07:10,07:40,30,AVAILABLE
BLK-00035,C13,2026-09-08,06:50,09:50,180,AVAILABLE
BLK-00036,C06,2026-09-29,12:31,13:16,45,AVAILABLE
BLK-00037,C08,2026-09-23,14:47,15:32,45,AVAILABLE
BLK-00038,C02,2026-09-11,15:35,18:05,150,AVAILABLE
BLK-00039,C12,2026-09-15,23:28,01:28,120,AVAILABLE
BLK-00040,C13,2026-09-13,01:54,03:24,90,AVAILABLE
BLK-00041,C02,2026-09-06,11:29,11:59,30,AVAILABLE
BLK-00042,C15,2026-09-24,13:01,14:31,90,AVAILABLE
BLK-00043,C14,2026-09-02,13:11,15:11,120,AVAILABLE
BLK-00044,C12,2026-09-01,17:35,18:35,60,AVAILABLE
BLK-00045,C05,2026-09-14,02:47,03:17,30,AVAILABLE
BLK-00046,C14,2026-09-17,21:02,22:32,90,AVAILABLE
BLK-00047,C12,2026-09-12,07:08,07:53,45,AVAILABLE
BLK-00048,C13,2026-09-25,08:41,10:11,90,AVAILABLE
BLK-00049,C09,2026-09-28,03:39,06:09,150,AVAILABLE
BLK-00050,C09,2026-09-03,06:09,08:39,150,AVAILABLE
BLK-00051,C09,2026-09-01,23:01,02:01,180,AVAILABLE
BLK-00052,C09,2026-09-07,19:24,20:54,90,AVAILABLE
BLK-00053,C17,2026-09-10,17:34,20:34,180,AVAILABLE
BLK-00054,C07,2026-09-11,19:54,22:54,180,AVAILABLE
BLK-00055,C13,2026-09-02,00:14,00:44,30,AVAILABLE
BLK-00056,C03,2026-09-18,22:31,01:01,150,AVAILABLE
BLK-00057,C05,2026-09-01,17:31,19:01,90,AVAILABLE
BLK-00058,C04,2026-09-13,21:34,22:19,45,AVAILABLE
BLK-00059,C17,2026-09-29,18:49,19:19,30,AVAILABLE
BLK-00060,C19,2026-09-07,23:06,01:06,120,AVAILABLE
BLK-00061,C05,2026-09-16,02:46,04:46,120,AVAILABLE
BLK-00062,C04,2026-09-17,20:13,22:13,120,AVAILABLE
BLK-00063,C08,2026-09-18,03:36,05:36,120,AVAILABLE
BLK-00064,C18,2026-09-16,20:36,21:21,45,AVAILABLE
BLK-00065,C04,2026-09-14,11:20,11:50,30,AVAILABLE
BLK-00066,C04,2026-09-28,17:54,18:24,30,AVAILABLE
BLK-00067,C15,2026-09-24,12:21,13:51,90,AVAILABLE
BLK-00068,C14,2026-09-24,00:16,00:46,30,AVAILABLE
BLK-00069,C17,2026-09-02,17:44,19:14,90,AVAILABLE
BLK-00070,C15,2026-09-22,10:54,13:24,150,AVAILABLE
BLK-00071,C05,2026-09-05,14:02,14:47,45,AVAILABLE
BLK-00072,C10,2026-09-20,02:57,03:57,60,AVAILABLE
BLK-00073,C05,2026-09-22,17:41,19:41,120,AVAILABLE
BLK-00074,C08,2026-09-06,17:25,17:55,30,AVAILABLE
BLK-00075,C13,2026-09-28,14:53,15:53,60,AVAILABLE
BLK-00076,C03,2026-09-16,16:41,17:26,45,AVAILABLE
BLK-00077,C03,2026-09-07,02:50,05:50,180,AVAILABLE
BLK-00078,C20,2026-09-25,15:43,16:43,60,AVAILABLE
BLK-00079,C19,2026-09-08,03:56,04:41,45,AVAILABLE
BLK-00080,C11,2026-09-05,16:41,19:11,150,AVAILABLE
BLK-00081,C14,2026-09-26,06:13,09:13,180,AVAILABLE
BLK-00082,C12,2026-09-11,21:03,21:48,45,AVAILABLE
BLK-00083,C16,2026-09-14,22:30,23:30,60,AVAILABLE
BLK-00084,C03,2026-09-03,17:42,18:27,45,AVAILABLE
BLK-00085,C11,2026-09-14,14:28,16:58,150,AVAILABLE
BLK-00086,C11,2026-09-04,13:05,13:50,45,AVAILABLE
BLK-00087,C20,2026-09-04,15:33,16:18,45,AVAILABLE
BLK-00088,C16,2026-09-04,11:15,12:15,60,AVAILABLE
BLK-00089,C18,2026-09-23,06:37,08:07,90,AVAILABLE
BLK-00090,C06,2026-09-18,03:10,06:10,180,AVAILABLE
BLK-00091,C07,2026-09-10,04:08,04:53,45,AVAILABLE
BLK-00092,C11,2026-09-01,06:24,07:09,45,AVAILABLE
BLK-00093,C10,2026-09-13,00:25,02:55,150,AVAILABLE
BLK-00094,C16,2026-09-10,20:13,21:43,90,AVAILABLE
BLK-00095,C17,2026-09-15,11:07,12:37,90,AVAILABLE
BLK-00096,C10,2026-09-21,10:05,11:35,90,AVAILABLE
BLK-00097,C11,2026-09-10,08:38,10:38,120,AVAILABLE
BLK-00098,C05,2026-09-04,17:35,20:35,180,AVAILABLE
BLK-00099,C16,2026-09-07,20:59,22:59,120,AVAILABLE
BLK-00100,C06,2026-09-04,04:20,05:20,60,AVAILABLE
BLK-00101,C11,2026-09-17,18:32,20:02,90,AVAILABLE
BLK-00102,C16,2026-09-09,01:21,04:21,180,AVAILABLE
BLK-00103,C12,2026-09-02,07:26,10:26,180,AVAILABLE
BLK-00104,C03,2026-09-11,02:15,03:00,45,AVAILABLE
BLK-00105,C10,2026-09-25,22:42,00:12,90,AVAILABLE
BLK-00106,C12,2026-09-02,18:37,21:07,150,AVAILABLE
BLK-00107,C14,2026-09-11,23:39,01:09,90,AVAILABLE
BLK-00108,C20,2026-09-19,14:38,17:08,150,AVAILABLE
BLK-00109,C08,2026-09-18,16:44,19:44,180,AVAILABLE
BLK-00110,C09,2026-09-10,16:21,17:51,90,AVAILABLE
BLK-00111,C03,2026-09-08,10:30,11:00,30,AVAILABLE
BLK-00112,C06,2026-09-11,08:08,10:38,150,AVAILABLE
BLK-00113,C17,2026-09-27,23:45,02:45,180,AVAILABLE
BLK-00114,C08,2026-09-09,02:58,03:28,30,AVAILABLE
BLK-00115,C14,2026-09-12,15:39,18:39,180,AVAILABLE
BLK-00116,C05,2026-09-20,21:11,22:41,90,AVAILABLE
BLK-00117,C14,2026-09-27,13:03,14:03,60,AVAILABLE
BLK-00118,C14,2026-09-25,05:21,07:51,150,AVAILABLE
BLK-00119,C02,2026-09-29,14:22,17:22,180,AVAILABLE
BLK-00120,C16,2026-09-21,01:40,04:40,180,AVAILABLE
BLK-00121,C08,2026-09-29,20:42,21:27,45,AVAILABLE
BLK-00122,C07,2026-09-13,15:02,18:02,180,AVAILABLE
BLK-00123,C16,2026-09-15,08:44,09:44,60,AVAILABLE
BLK-00124,C04,2026-09-02,23:20,01:20,120,AVAILABLE
BLK-00125,C09,2026-09-07,19:58,21:28,90,AVAILABLE
BLK-00126,C04,2026-09-24,03:49,05:49,120,AVAILABLE
BLK-00127,C06,2026-09-23,01:52,02:22,30,AVAILABLE
BLK-00128,C07,2026-09-22,09:23,09:53,30,AVAILABLE
BLK-00129,C20,2026-09-24,08:22,09:22,60,AVAILABLE
BLK-00130,C17,2026-09-06,16:17,18:47,150,AVAILABLE
BLK-00131,C04,2026-09-30,16:34,17:19,45,AVAILABLE
BLK-00132,C05,2026-09-27,01:48,02:33,45,AVAILABLE
BLK-00133,C03,2026-09-22,00:22,01:52,90,AVAILABLE
BLK-00134,C13,2026-09-13,09:36,11:06,90,AVAILABLE
BLK-00135,C12,2026-09-04,17:07,18:07,60,AVAILABLE
BLK-00136,C16,2026-09-17,17:20,18:50,90,AVAILABLE
BLK-00137,C20,2026-09-15,17:57,19:57,120,AVAILABLE
BLK-00138,C17,2026-09-10,11:56,14:56,180,AVAILABLE
BLK-00139,C17,2026-09-21,16:46,18:46,120,AVAILABLE
BLK-00140,C12,2026-09-15,23:54,01:54,120,AVAILABLE
BLK-00141,C16,2026-09-03,03:22,04:22,60,AVAILABLE
BLK-00142,C20,2026-09-03,15:38,17:38,120,AVAILABLE
BLK-00143,C10,2026-09-14,02:17,04:47,150,AVAILABLE
BLK-00144,C20,2026-09-02,12:49,14:49,120,AVAILABLE
BLK-00145,C06,2026-09-26,07:41,10:11,150,AVAILABLE
BLK-00146,C19,2026-09-26,12:05,12:35,30,AVAILABLE
BLK-00147,C01,2026-09-18,22:09,01:09,180,AVAILABLE
BLK-00148,C07,2026-09-05,16:50,19:20,150,AVAILABLE
BLK-00149,C17,2026-09-13,13:23,15:23,120,AVAILABLE
BLK-00150,C14,2026-09-18,22:32,00:32,120,AVAILABLE
BLK-00151,C19,2026-09-17,10:17,11:02,45,AVAILABLE
BLK-00152,C01,2026-09-01,07:48,08:33,45,AVAILABLE
BLK-00153,C13,2026-09-26,11:17,11:47,30,AVAILABLE
BLK-00154,C08,2026-09-02,10:48,11:33,45,AVAILABLE
BLK-00155,C09,2026-09-04,03:17,04:17,60,AVAILABLE
BLK-00156,C06,2026-09-02,15:07,16:37,90,AVAILABLE
BLK-00157,C12,2026-09-28,03:14,06:14,180,AVAILABLE
BLK-00158,C08,2026-09-07,11:30,12:15,45,AVAILABLE
BLK-00159,C19,2026-09-10,20:29,21:29,60,AVAILABLE
BLK-00160,C16,2026-09-14,01:48,02:33,45,AVAILABLE
BLK-00161,C19,2026-09-14,23:31,00:01,30,AVAILABLE
BLK-00162,C01,2026-09-18,09:13,12:13,180,AVAILABLE
BLK-00163,C19,2026-09-06,20:09,21:39,90,AVAILABLE
BLK-00164,C02,2026-09-10,10:49,11:34,45,AVAILABLE
BLK-00165,C17,2026-09-14,18:31,20:01,90,AVAILABLE
BLK-00166,C13,2026-09-03,04:53,07:23,150,AVAILABLE
BLK-00167,C19,2026-09-15,14:02,15:32,90,AVAILABLE
BLK-00168,C13,2026-09-05,03:52,06:22,150,AVAILABLE
BLK-00169,C07,2026-09-11,10:14,12:44,150,AVAILABLE
BLK-00170,C11,2026-09-13,02:19,03:19,60,AVAILABLE
BLK-00171,C08,2026-09-28,04:06,05:06,60,AVAILABLE
BLK-00172,C07,2026-09-30,22:42,00:42,120,AVAILABLE
BLK-00173,C07,2026-09-22,10:22,12:22,120,AVAILABLE
BLK-00174,C19,2026-09-28,20:00,22:30,150,AVAILABLE
BLK-00175,C12,2026-09-08,02:15,03:00,45,AVAILABLE
BLK-00176,C02,2026-09-02,17:44,20:44,180,AVAILABLE
BLK-00177,C11,2026-09-19,01:27,02:27,60,AVAILABLE
BLK-00178,C02,2026-09-25,01:00,04:00,180,AVAILABLE
BLK-00179,C06,2026-09-09,03:32,06:02,150,AVAILABLE
BLK-00180,C15,2026-09-02,07:20,08:50,90,AVAILABLE
BLK-00181,C09,2026-09-06,08:18,11:18,180,AVAILABLE
BLK-00182,C16,2026-09-24,08:28,09:13,45,AVAILABLE
BLK-00183,C03,2026-09-07,10:12,13:12,180,AVAILABLE
BLK-00184,C05,2026-09-10,02:08,03:08,60,AVAILABLE
BLK-00185,C15,2026-09-04,17:29,19:29,120,AVAILABLE
BLK-00186,C16,2026-09-28,13:25,14:10,45,AVAILABLE
BLK-00187,C03,2026-09-25,16:23,19:23,180,AVAILABLE
BLK-00188,C16,2026-09-20,22:30,01:30,180,AVAILABLE
BLK-00189,C10,2026-09-24,04:48,07:18,150,AVAILABLE
BLK-00190,C20,2026-09-06,03:21,03:51,30,AVAILABLE
BLK-00191,C04,2026-09-16,04:38,06:08,90,AVAILABLE
BLK-00192,C09,2026-09-18,04:33,05:03,30,AVAILABLE
BLK-00193,C11,2026-09-29,02:57,04:27,90,AVAILABLE
BLK-00194,C11,2026-09-01,16:44,19:14,150,AVAILABLE
BLK-00195,C19,2026-09-14,08:03,08:33,30,AVAILABLE
BLK-00196,C08,2026-09-05,09:20,11:50,150,AVAILABLE
BLK-00197,C02,2026-09-22,09:22,11:22,120,AVAILABLE
BLK-00198,C13,2026-09-27,02:44,04:44,120,AVAILABLE
BLK-00199,C14,2026-09-23,21:58,00:28,150,AVAILABLE
BLK-00200,C11,2026-09-03,20:49,22:19,90,AVAILABLE
BLK-00201,C13,2026-09-06,16:25,16:55,30,AVAILABLE
BLK-00202,C09,2026-09-12,16:31,17:01,30,AVAILABLE
BLK-00203,C14,2026-09-11,23:33,01:33,120,AVAILABLE
BLK-00204,C14,2026-09-25,17:19,18:49,90,AVAILABLE
BLK-00205,C06,2026-09-27,07:18,08:48,90,AVAILABLE
BLK-00206,C17,2026-09-12,23:46,02:46,180,AVAILABLE
BLK-00207,C15,2026-09-15,03:17,05:47,150,AVAILABLE
BLK-00208,C15,2026-09-04,06:04,06:34,30,AVAILABLE
BLK-00209,C19,2026-09-19,19:28,20:13,45,AVAILABLE
BLK-00210,C20,2026-09-26,02:56,04:26,90,AVAILABLE
BLK-00211,C13,2026-09-24,16:19,16:49,30,AVAILABLE
BLK-00212,C16,2026-09-21,00:23,00:53,30,AVAILABLE
BLK-00213,C05,2026-09-06,22:04,23:34,90,AVAILABLE
BLK-00214,C19,2026-09-28,14:28,17:28,180,AVAILABLE
BLK-00215,C06,2026-09-24,09:26,10:26,60,AVAILABLE
BLK-00216,C11,2026-09-06,15:06,17:06,120,AVAILABLE
BLK-00217,C10,2026-09-07,00:00,02:30,150,AVAILABLE
BLK-00218,C01,2026-09-08,20:41,22:41,120,AVAILABLE
BLK-00219,C16,2026-09-17,21:44,00:44,180,AVAILABLE
BLK-00220,C02,2026-09-14,09:47,11:17,90,AVAILABLE
BLK-00221,C11,2026-09-27,19:15,20:15,60,AVAILABLE
BLK-00222,C20,2026-09-03,22:28,01:28,180,AVAILABLE
BLK-00223,C18,2026-09-14,18:31,21:01,150,AVAILABLE
BLK-00224,C10,2026-09-20,22:13,00:13,120,AVAILABLE
BLK-00225,C16,2026-09-23,09:16,11:16,120,AVAILABLE
BLK-00226,C07,2026-09-23,06:05,06:35,30,AVAILABLE
BLK-00227,C07,2026-09-24,19:50,20:35,45,AVAILABLE
BLK-00228,C06,2026-09-13,18:52,21:52,180,AVAILABLE
BLK-00229,C13,2026-09-17,16:04,16:34,30,AVAILABLE
BLK-00230,C07,2026-09-16,12:31,13:31,60,AVAILABLE
BLK-00231,C16,2026-09-18,12:33,15:33,180,AVAILABLE
BLK-00232,C10,2026-09-11,16:31,19:01,150,AVAILABLE
BLK-00233,C13,2026-09-29,11:04,11:49,45,AVAILABLE
BLK-00234,C01,2026-09-19,04:53,05:53,60,AVAILABLE
BLK-00235,C14,2026-09-10,07:00,07:30,30,AVAILABLE
BLK-00236,C17,2026-09-04,07:35,08:20,45,AVAILABLE
BLK-00237,C05,2026-09-06,11:48,13:18,90,AVAILABLE
BLK-00238,C12,2026-09-01,08:49,09:19,30,AVAILABLE
BLK-00239,C05,2026-09-06,14:23,15:53,90,AVAILABLE
BLK-00240,C10,2026-09-25,08:08,10:38,150,AVAILABLE
BLK-00241,C12,2026-09-24,00:06,02:06,120,AVAILABLE
BLK-00242,C09,2026-09-27,10:45,11:45,60,AVAILABLE
BLK-00243,C15,2026-09-08,03:20,04:20,60,AVAILABLE
BLK-00244,C19,2026-09-05,22:30,00:00,90,AVAILABLE
BLK-00245,C14,2026-09-06,04:57,07:57,180,AVAILABLE
BLK-00246,C09,2026-09-16,14:57,16:27,90,AVAILABLE
BLK-00247,C01,2026-09-07,18:57,19:42,45,AVAILABLE
BLK-00248,C17,2026-09-02,16:25,16:55,30,AVAILABLE
BLK-00249,C02,2026-09-02,04:55,05:55,60,AVAILABLE
BLK-00250,C11,2026-09-17,18:01,20:31,150,AVAILABLE
BLK-00251,C14,2026-09-09,03:51,06:21,150,AVAILABLE
BLK-00252,C15,2026-09-21,20:03,20:48,45,AVAILABLE
BLK-00253,C20,2026-09-20,13:16,15:16,120,AVAILABLE
BLK-00254,C16,2026-09-20,08:20,10:50,150,AVAILABLE
BLK-00255,C08,2026-09-25,20:55,23:55,180,AVAILABLE
BLK-00256,C07,2026-09-08,17:15,18:00,45,AVAILABLE
BLK-00257,C07,2026-09-17,15:13,18:13,180,AVAILABLE
BLK-00258,C14,2026-09-18,17:29,18:14,45,AVAILABLE
BLK-00259,C18,2026-09-24,13:36,15:36,120,AVAILABLE
BLK-00260,C19,2026-09-26,18:04,18:49,45,AVAILABLE
BLK-00261,C12,2026-09-17,04:11,05:41,90,AVAILABLE
BLK-00262,C07,2026-09-18,14:48,16:48,120,AVAILABLE
BLK-00263,C04,2026-09-30,12:55,13:55,60,AVAILABLE
BLK-00264,C06,2026-09-24,04:50,05:35,45,AVAILABLE
BLK-00265,C11,2026-09-02,16:45,19:45,180,AVAILABLE
BLK-00266,C20,2026-09-27,21:33,23:33,120,AVAILABLE
BLK-00267,C08,2026-09-16,18:32,20:02,90,AVAILABLE
BLK-00268,C08,2026-09-24,21:33,22:33,60,AVAILABLE
BLK-00269,C05,2026-09-04,19:47,21:47,120,AVAILABLE
BLK-00270,C17,2026-09-01,12:51,14:51,120,AVAILABLE
BLK-00271,C09,2026-09-30,20:22,21:52,90,AVAILABLE
BLK-00272,C01,2026-09-22,06:43,07:28,45,AVAILABLE
BLK-00273,C10,2026-09-06,20:17,23:17,180,AVAILABLE
BLK-00274,C20,2026-09-24,11:58,12:28,30,AVAILABLE
BLK-00275,C18,2026-09-13,15:49,16:34,45,AVAILABLE
BLK-00276,C05,2026-09-14,22:37,01:07,150,AVAILABLE
BLK-00277,C14,2026-09-06,18:14,18:44,30,AVAILABLE
BLK-00278,C02,2026-09-15,13:47,15:17,90,AVAILABLE
BLK-00279,C15,2026-09-24,15:09,18:09,180,AVAILABLE
BLK-00280,C18,2026-09-28,14:06,15:36,90,AVAILABLE
BLK-00281,C08,2026-09-23,20:32,22:02,90,AVAILABLE
BLK-00282,C03,2026-09-18,02:18,04:18,120,AVAILABLE
BLK-00283,C02,2026-09-12,22:15,00:15,120,AVAILABLE
BLK-00284,C15,2026-09-09,14:41,16:41,120,AVAILABLE
BLK-00285,C19,2026-09-29,19:24,20:09,45,AVAILABLE
BLK-00286,C07,2026-09-02,12:20,13:05,45,AVAILABLE
BLK-00287,C16,2026-09-09,01:27,03:57,150,AVAILABLE
BLK-00288,C14,2026-09-06,08:44,09:29,45,AVAILABLE
BLK-00289,C13,2026-09-04,01:53,04:23,150,AVAILABLE
BLK-00290,C08,2026-09-08,05:10,06:10,60,AVAILABLE
BLK-00291,C18,2026-09-23,16:07,17:37,90,AVAILABLE
BLK-00292,C07,2026-09-13,11:57,12:27,30,AVAILABLE
BLK-00293,C17,2026-09-18,09:20,12:20,180,AVAILABLE
BLK-00294,C20,2026-09-04,20:57,22:57,120,AVAILABLE
BLK-00295,C14,2026-09-25,13:25,13:55,30,AVAILABLE
BLK-00296,C07,2026-09-05,19:48,20:48,60,AVAILABLE
BLK-00297,C01,2026-09-13,08:07,09:07,60,AVAILABLE
BLK-00298,C16,2026-09-06,09:01,10:31,90,AVAILABLE
BLK-00299,C13,2026-09-28,06:57,08:57,120,AVAILABLE
BLK-00300,C18,2026-09-12,16:14,19:14,180,AVAILABLE
BLK-00301,C05,2026-09-26,13:32,16:02,150,AVAILABLE
BLK-00302,C17,2026-09-11,01:10,01:40,30,AVAILABLE
BLK-00303,C15,2026-09-05,18:52,21:22,150,AVAILABLE
BLK-00304,C10,2026-09-27,07:44,09:44,120,AVAILABLE
BLK-00305,C12,2026-09-17,00:16,00:46,30,AVAILABLE
BLK-00306,C19,2026-09-20,20:05,22:05,120,AVAILABLE
BLK-00307,C14,2026-09-14,23:26,01:56,150,AVAILABLE
BLK-00308,C19,2026-09-06,23:48,00:48,60,AVAILABLE
BLK-00309,C11,2026-09-23,00:33,01:33,60,AVAILABLE
BLK-00310,C03,2026-09-28,09:07,11:07,120,AVAILABLE
BLK-00311,C01,2026-09-10,17:10,20:10,180,AVAILABLE
BLK-00312,C15,2026-09-24,07:37,08:37,60,AVAILABLE
BLK-00313,C20,2026-09-16,12:47,13:47,60,AVAILABLE
BLK-00314,C08,2026-09-27,09:47,12:47,180,AVAILABLE
BLK-00315,C11,2026-09-08,13:01,16:01,180,AVAILABLE
BLK-00316,C10,2026-09-20,19:17,20:47,90,AVAILABLE
BLK-00317,C04,2026-09-23,02:05,03:35,90,AVAILABLE
BLK-00318,C16,2026-09-24,19:35,21:35,120,AVAILABLE
BLK-00319,C15,2026-09-15,04:51,05:36,45,AVAILABLE
BLK-00320,C06,2026-09-05,23:48,01:18,90,AVAILABLE
BLK-00321,C10,2026-09-28,12:55,15:25,150,AVAILABLE
BLK-00322,C03,2026-09-25,11:03,11:48,45,AVAILABLE
BLK-00323,C08,2026-09-02,00:21,01:06,45,AVAILABLE
BLK-00324,C16,2026-09-01,04:38,06:08,90,AVAILABLE
BLK-00325,C12,2026-09-24,02:02,05:02,180,AVAILABLE
BLK-00326,C16,2026-09-27,14:19,17:19,180,AVAILABLE
BLK-00327,C20,2026-09-16,23:39,01:09,90,AVAILABLE
BLK-00328,C19,2026-09-08,18:20,20:50,150,AVAILABLE
BLK-00329,C02,2026-09-29,10:53,11:23,30,AVAILABLE
BLK-00330,C09,2026-09-12,08:12,11:12,180,AVAILABLE
BLK-00331,C18,2026-09-13,22:09,00:09,120,AVAILABLE
BLK-00332,C01,2026-09-04,14:50,16:50,120,AVAILABLE
BLK-00333,C03,2026-09-05,01:16,02:46,90,AVAILABLE
BLK-00334,C11,2026-09-28,00:13,00:43,30,AVAILABLE
BLK-00335,C01,2026-09-13,20:53,23:53,180,AVAILABLE
BLK-00336,C20,2026-09-22,02:45,03:45,60,AVAILABLE
BLK-00337,C12,2026-09-17,11:49,13:49,120,AVAILABLE
BLK-00338,C08,2026-09-28,19:58,22:28,150,AVAILABLE
BLK-00339,C06,2026-09-28,04:54,07:54,180,AVAILABLE
BLK-00340,C09,2026-09-09,10:52,11:52,60,AVAILABLE
BLK-00341,C14,2026-09-11,06:14,06:59,45,AVAILABLE
BLK-00342,C06,2026-09-05,03:16,04:16,60,AVAILABLE
BLK-00343,C18,2026-09-20,10:33,11:33,60,AVAILABLE
BLK-00344,C03,2026-09-07,21:13,00:13,180,AVAILABLE
BLK-00345,C19,2026-09-19,12:45,15:15,150,AVAILABLE
BLK-00346,C03,2026-09-30,15:15,16:45,90,AVAILABLE
BLK-00347,C19,2026-09-20,06:47,07:32,45,AVAILABLE
BLK-00348,C02,2026-09-08,18:49,19:19,30,AVAILABLE
BLK-00349,C11,2026-09-14,19:55,20:55,60,AVAILABLE
BLK-00350,C19,2026-09-30,01:25,02:55,90,AVAILABLE
BLK-00351,C01,2026-09-12,22:30,01:00,150,AVAILABLE
BLK-00352,C14,2026-09-20,12:36,15:06,150,AVAILABLE
BLK-00353,C03,2026-09-01,14:43,17:43,180,AVAILABLE
BLK-00354,C07,2026-09-14,03:49,06:19,150,AVAILABLE
BLK-00355,C03,2026-09-26,04:47,06:47,120,AVAILABLE
BLK-00356,C16,2026-09-10,01:24,03:54,150,AVAILABLE
BLK-00357,C17,2026-09-21,03:51,04:21,30,AVAILABLE
BLK-00358,C15,2026-09-27,06:30,07:00,30,AVAILABLE
BLK-00359,C13,2026-09-19,20:31,21:16,45,AVAILABLE
BLK-00360,C17,2026-09-05,02:21,03:21,60,AVAILABLE
BLK-00361,C11,2026-09-05,18:36,20:06,90,AVAILABLE
BLK-00362,C17,2026-09-19,20:33,23:33,180,AVAILABLE
BLK-00363,C19,2026-09-29,19:17,20:47,90,AVAILABLE
BLK-00364,C05,2026-09-17,19:40,20:25,45,AVAILABLE
BLK-00365,C01,2026-09-25,21:54,22:39,45,AVAILABLE
BLK-00366,C18,2026-09-10,01:55,02:55,60,AVAILABLE
BLK-00367,C05,2026-09-03,17:09,18:09,60,AVAILABLE
BLK-00368,C02,2026-09-11,13:05,16:05,180,AVAILABLE
BLK-00369,C02,2026-09-18,06:28,08:58,150,AVAILABLE
BLK-00370,C04,2026-09-19,03:16,04:01,45,AVAILABLE
BLK-00371,C14,2026-09-02,08:57,11:27,150,AVAILABLE
BLK-00372,C18,2026-09-12,18:01,20:01,120,AVAILABLE
BLK-00373,C14,2026-09-11,08:59,10:59,120,AVAILABLE
BLK-00374,C18,2026-09-03,18:42,19:42,60,AVAILABLE
BLK-00375,C09,2026-09-01,20:16,23:16,180,AVAILABLE
BLK-00376,C08,2026-09-18,14:36,15:36,60,AVAILABLE
BLK-00377,C10,2026-09-15,02:22,04:22,120,AVAILABLE
BLK-00378,C06,2026-09-29,17:03,19:33,150,AVAILABLE
BLK-00379,C02,2026-09-22,12:43,13:43,60,AVAILABLE
BLK-00380,C17,2026-09-15,10:26,12:26,120,AVAILABLE
BLK-00381,C16,2026-09-02,11:28,12:58,90,AVAILABLE
BLK-00382,C13,2026-09-05,07:40,08:10,30,AVAILABLE
BLK-00383,C02,2026-09-27,12:40,14:10,90,AVAILABLE
BLK-00384,C01,2026-09-19,22:08,23:08,60,AVAILABLE
BLK-00385,C09,2026-09-21,13:21,16:21,180,AVAILABLE
BLK-00386,C04,2026-09-12,00:21,03:21,180,AVAILABLE
BLK-00387,C04,2026-09-05,22:57,01:57,180,AVAILABLE
BLK-00388,C08,2026-09-30,11:25,11:55,30,AVAILABLE
BLK-00389,C14,2026-09-13,21:26,22:26,60,AVAILABLE
BLK-00390,C13,2026-09-14,01:53,04:53,180,AVAILABLE
BLK-00391,C12,2026-09-01,11:54,13:54,120,AVAILABLE
BLK-00392,C01,2026-09-27,17:27,20:27,180,AVAILABLE
BLK-00393,C12,2026-09-21,12:43,15:13,150,AVAILABLE
BLK-00394,C15,2026-09-14,11:15,12:45,90,AVAILABLE
BLK-00395,C18,2026-09-29,19:36,20:21,45,AVAILABLE
BLK-00396,C16,2026-09-19,23:52,00:37,45,AVAILABLE
BLK-00397,C19,2026-09-04,20:32,21:32,60,AVAILABLE
BLK-00398,C16,2026-09-09,07:42,09:12,90,AVAILABLE
BLK-00399,C05,2026-09-29,19:21,22:21,180,AVAILABLE
BLK-00400,C19,2026-09-02,06:30,07:30,60,AVAILABLE
BLK-00401,C05,2026-09-03,23:41,02:41,180,AVAILABLE
BLK-00402,C19,2026-09-24,13:13,16:13,180,AVAILABLE
BLK-00403,C01,2026-09-19,04:15,04:45,30,AVAILABLE
BLK-00404,C05,2026-09-15,14:25,17:25,180,AVAILABLE
BLK-00405,C09,2026-09-16,02:25,05:25,180,AVAILABLE
BLK-00406,C10,2026-09-06,08:34,11:04,150,AVAILABLE
BLK-00407,C08,2026-09-06,02:45,03:15,30,AVAILABLE
BLK-00408,C03,2026-09-27,21:35,23:35,120,AVAILABLE
BLK-00409,C02,2026-09-05,14:54,17:24,150,AVAILABLE
BLK-00410,C14,2026-09-25,22:59,23:44,45,AVAILABLE
BLK-00411,C08,2026-09-16,15:21,16:06,45,AVAILABLE
BLK-00412,C18,2026-09-04,07:28,10:28,180,AVAILABLE
BLK-00413,C08,2026-09-01,20:53,22:53,120,AVAILABLE
BLK-00414,C08,2026-09-04,08:58,09:58,60,AVAILABLE
BLK-00415,C06,2026-09-08,16:45,18:45,120,AVAILABLE
BLK-00416,C01,2026-09-07,10:32,12:02,90,AVAILABLE
BLK-00417,C07,2026-09-26,06:41,09:11,150,AVAILABLE
BLK-00418,C06,2026-09-17,15:07,16:07,60,AVAILABLE
BLK-00419,C05,2026-09-26,12:26,13:56,90,AVAILABLE
BLK-00420,C11,2026-09-13,18:51,20:21,90,AVAILABLE
BLK-00421,C14,2026-09-25,18:08,18:38,30,AVAILABLE
BLK-00422,C11,2026-09-30,18:54,19:24,30,AVAILABLE
BLK-00423,C02,2026-09-02,12:17,14:17,120,AVAILABLE
BLK-00424,C19,2026-09-22,11:56,14:26,150,AVAILABLE
BLK-00425,C07,2026-09-18,03:57,04:57,60,AVAILABLE
BLK-00426,C16,2026-09-27,12:42,15:42,180,AVAILABLE
BLK-00427,C02,2026-09-30,03:09,06:09,180,AVAILABLE
BLK-00428,C11,2026-09-09,07:32,10:02,150,AVAILABLE
BLK-00429,C18,2026-09-23,11:22,12:52,90,AVAILABLE
BLK-00430,C18,2026-09-04,19:06,21:36,150,AVAILABLE
BLK-00431,C02,2026-09-16,15:29,17:29,120,AVAILABLE
BLK-00432,C09,2026-09-20,03:38,06:38,180,AVAILABLE
BLK-00433,C10,2026-09-29,18:06,20:06,120,AVAILABLE
BLK-00434,C04,2026-09-12,22:51,01:51,180,AVAILABLE
BLK-00435,C04,2026-09-10,09:15,10:45,90,AVAILABLE
BLK-00436,C14,2026-09-03,20:21,22:51,150,AVAILABLE
BLK-00437,C20,2026-09-11,08:37,09:07,30,AVAILABLE
BLK-00438,C15,2026-09-03,01:12,01:42,30,AVAILABLE
BLK-00439,C14,2026-09-30,12:24,13:54,90,AVAILABLE
BLK-00440,C05,2026-09-30,13:30,15:00,90,AVAILABLE
BLK-00441,C14,2026-09-18,18:53,19:53,60,AVAILABLE
BLK-00442,C10,2026-09-28,10:42,13:12,150,AVAILABLE
BLK-00443,C11,2026-09-08,21:38,00:08,150,AVAILABLE
BLK-00444,C13,2026-09-08,16:59,19:59,180,AVAILABLE
BLK-00445,C16,2026-09-14,14:47,15:47,60,AVAILABLE
BLK-00446,C20,2026-09-20,12:01,14:01,120,AVAILABLE
BLK-00447,C20,2026-09-02,05:45,08:15,150,AVAILABLE
BLK-00448,C08,2026-09-09,09:36,12:36,180,AVAILABLE
BLK-00449,C05,2026-09-08,19:09,19:39,30,AVAILABLE
BLK-00450,C14,2026-09-06,06:17,07:47,90,AVAILABLE
BLK-00451,C14,2026-09-09,17:25,20:25,180,AVAILABLE
BLK-00452,C10,2026-09-20,22:03,22:33,30,AVAILABLE
BLK-00453,C17,2026-09-21,13:22,13:52,30,AVAILABLE
BLK-00454,C10,2026-09-13,05:28,07:28,120,AVAILABLE
BLK-00455,C17,2026-09-08,13:47,14:32,45,AVAILABLE
BLK-00456,C11,2026-09-18,02:02,04:32,150,AVAILABLE
BLK-00457,C12,2026-09-25,07:03,07:48,45,AVAILABLE
BLK-00458,C03,2026-09-22,12:18,12:48,30,AVAILABLE
BLK-00459,C07,2026-09-03,23:07,23:52,45,AVAILABLE
BLK-00460,C12,2026-09-14,03:52,06:52,180,AVAILABLE
BLK-00461,C04,2026-09-15,00:09,00:54,45,AVAILABLE
BLK-00462,C16,2026-09-17,09:52,11:22,90,AVAILABLE
BLK-00463,C07,2026-09-10,10:28,11:58,90,AVAILABLE
BLK-00464,C19,2026-09-26,06:32,08:02,90,AVAILABLE
BLK-00465,C06,2026-09-24,05:59,06:44,45,AVAILABLE
BLK-00466,C20,2026-09-29,03:45,05:15,90,AVAILABLE
BLK-00467,C13,2026-09-03,20:49,23:19,150,AVAILABLE
BLK-00468,C14,2026-09-18,05:28,06:13,45,AVAILABLE
BLK-00469,C12,2026-09-17,18:38,19:38,60,AVAILABLE
BLK-00470,C17,2026-09-30,09:19,11:49,150,AVAILABLE
BLK-00471,C07,2026-09-04,07:21,09:51,150,AVAILABLE
BLK-00472,C11,2026-09-23,23:15,01:45,150,AVAILABLE
BLK-00473,C16,2026-09-10,00:30,02:30,120,AVAILABLE
BLK-00474,C15,2026-09-10,15:15,16:15,60,AVAILABLE
BLK-00475,C01,2026-09-28,15:24,16:09,45,AVAILABLE
BLK-00476,C20,2026-09-16,05:10,07:10,120,AVAILABLE
BLK-00477,C14,2026-09-04,16:37,17:37,60,AVAILABLE
BLK-00478,C14,2026-09-11,14:59,16:29,90,AVAILABLE
BLK-00479,C19,2026-09-19,01:53,03:23,90,AVAILABLE
BLK-00480,C04,2026-09-17,08:17,10:47,150,AVAILABLE
BLK-00481,C10,2026-09-09,05:05,06:05,60,AVAILABLE
BLK-00482,C04,2026-09-03,17:16,17:46,30,AVAILABLE
BLK-00483,C20,2026-09-11,08:53,09:53,60,AVAILABLE
BLK-00484,C11,2026-09-03,19:58,22:28,150,AVAILABLE
BLK-00485,C05,2026-09-10,03:33,04:33,60,AVAILABLE
BLK-00486,C05,2026-09-17,14:44,15:29,45,AVAILABLE
BLK-00487,C10,2026-09-18,08:34,09:04,30,AVAILABLE
BLK-00488,C03,2026-09-14,02:58,05:28,150,AVAILABLE
BLK-00489,C15,2026-09-02,22:11,00:41,150,AVAILABLE
BLK-00490,C13,2026-09-09,20:42,21:12,30,AVAILABLE
BLK-00491,C10,2026-09-10,11:06,11:51,45,AVAILABLE
BLK-00492,C08,2026-09-16,23:31,00:31,60,AVAILABLE
BLK-00493,C06,2026-09-01,03:17,06:17,180,AVAILABLE
BLK-00494,C12,2026-09-13,20:55,21:25,30,AVAILABLE
BLK-00495,C09,2026-09-14,22:58,23:28,30,AVAILABLE
BLK-00496,C13,2026-09-22,10:11,10:41,30,AVAILABLE
BLK-00497,C12,2026-09-29,16:10,16:55,45,AVAILABLE
BLK-00498,C07,2026-09-16,14:31,16:31,120,AVAILABLE
BLK-00499,C09,2026-09-01,21:07,21:37,30,AVAILABLE
BLK-00500,C07,2026-09-09,02:26,04:56,150,AVAILABLE
BLK-00501,C16,2026-09-17,02:20,02:50,30,AVAILABLE
BLK-00502,C20,2026-09-01,16:37,17:07,30,AVAILABLE
BLK-00503,C19,2026-09-12,16:26,18:56,150,AVAILABLE
BLK-00504,C04,2026-09-22,10:12,11:12,60,AVAILABLE
BLK-00505,C04,2026-09-10,19:53,20:53,60,AVAILABLE
BLK-00506,C04,2026-09-09,19:52,22:52,180,AVAILABLE
BLK-00507,C12,2026-09-11,18:09,21:09,180,AVAILABLE
BLK-00508,C07,2026-09-18,16:36,19:36,180,AVAILABLE
BLK-00509,C07,2026-09-13,18:44,19:14,30,AVAILABLE
BLK-00510,C15,2026-09-06,20:18,21:48,90,AVAILABLE
BLK-00511,C14,2026-09-24,02:39,05:39,180,AVAILABLE
BLK-00512,C17,2026-09-02,18:15,19:15,60,AVAILABLE
BLK-00513,C08,2026-09-29,17:45,19:45,120,AVAILABLE
BLK-00514,C03,2026-09-13,18:27,19:27,60,AVAILABLE
BLK-00515,C17,2026-09-05,15:59,18:29,150,AVAILABLE
BLK-00516,C06,2026-09-07,22:15,22:45,30,AVAILABLE
BLK-00517,C20,2026-09-20,01:04,02:34,90,AVAILABLE
BLK-00518,C01,2026-09-26,10:38,13:08,150,AVAILABLE
BLK-00519,C13,2026-09-09,08:33,09:33,60,AVAILABLE
BLK-00520,C01,2026-09-08,00:44,03:14,150,AVAILABLE
BLK-00521,C01,2026-09-13,22:55,23:25,30,AVAILABLE
BLK-00522,C09,2026-09-12,04:14,06:44,150,AVAILABLE
BLK-00523,C20,2026-09-20,01:37,03:37,120,AVAILABLE
BLK-00524,C03,2026-09-27,17:31,19:01,90,AVAILABLE
BLK-00525,C08,2026-09-07,01:48,02:18,30,AVAILABLE
BLK-00526,C06,2026-09-16,21:46,00:46,180,AVAILABLE
BLK-00527,C13,2026-09-08,04:44,07:44,180,AVAILABLE
BLK-00528,C15,2026-09-06,05:40,06:25,45,AVAILABLE
BLK-00529,C16,2026-09-08,14:33,16:33,120,AVAILABLE
BLK-00530,C11,2026-09-02,08:56,11:56,180,AVAILABLE
BLK-00531,C07,2026-09-05,22:09,23:39,90,AVAILABLE
BLK-00532,C02,2026-09-11,19:58,20:28,30,AVAILABLE
BLK-00533,C09,2026-09-15,07:58,08:58,60,AVAILABLE
BLK-00534,C07,2026-09-11,04:48,05:33,45,AVAILABLE
BLK-00535,C14,2026-09-25,22:25,23:25,60,AVAILABLE
BLK-00536,C09,2026-09-19,07:01,07:31,30,AVAILABLE
BLK-00537,C12,2026-09-28,07:08,09:08,120,AVAILABLE
BLK-00538,C15,2026-09-29,06:28,09:28,180,AVAILABLE
BLK-00539,C10,2026-09-27,12:36,13:06,30,AVAILABLE
BLK-00540,C07,2026-09-22,22:28,23:28,60,AVAILABLE
BLK-00541,C20,2026-09-19,14:49,15:49,60,AVAILABLE
BLK-00542,C05,2026-09-14,02:01,04:31,150,AVAILABLE
BLK-00543,C13,2026-09-27,02:06,04:36,150,AVAILABLE
BLK-00544,C01,2026-09-20,19:10,21:10,120,AVAILABLE
BLK-00545,C15,2026-09-06,15:56,16:56,60,AVAILABLE
BLK-00546,C01,2026-09-23,10:43,11:13,30,AVAILABLE
BLK-00547,C09,2026-09-21,23:51,00:36,45,AVAILABLE
BLK-00548,C04,2026-09-30,13:12,14:12,60,AVAILABLE
BLK-00549,C03,2026-09-26,02:21,04:21,120,AVAILABLE
BLK-00550,C20,2026-09-28,03:02,05:32,150,AVAILABLE
BLK-00551,C07,2026-09-14,12:31,14:01,90,AVAILABLE
BLK-00552,C10,2026-09-23,01:41,04:11,150,AVAILABLE
BLK-00553,C06,2026-09-23,12:18,13:18,60,AVAILABLE
BLK-00554,C06,2026-09-14,01:23,01:53,30,AVAILABLE
BLK-00555,C14,2026-09-05,18:25,21:25,180,AVAILABLE
BLK-00556,C19,2026-09-22,06:15,07:00,45,AVAILABLE
BLK-00557,C07,2026-09-17,08:51,09:36,45,AVAILABLE
BLK-00558,C12,2026-09-28,15:47,17:47,120,AVAILABLE
BLK-00559,C20,2026-09-07,18:21,20:51,150,AVAILABLE
BLK-00560,C20,2026-09-11,19:33,20:33,60,AVAILABLE
BLK-00561,C12,2026-09-29,19:11,21:11,120,AVAILABLE
BLK-00562,C06,2026-09-05,11:07,11:37,30,AVAILABLE
BLK-00563,C16,2026-09-09,16:35,17:35,60,AVAILABLE
BLK-00564,C06,2026-09-20,09:14,11:14,120,AVAILABLE
BLK-00565,C15,2026-09-15,12:07,13:37,90,AVAILABLE
BLK-00566,C12,2026-09-11,03:29,04:14,45,AVAILABLE
BLK-00567,C17,2026-09-28,17:30,20:00,150,AVAILABLE
BLK-00568,C20,2026-09-22,11:22,12:52,90,AVAILABLE
BLK-00569,C07,2026-09-18,06:25,07:55,90,AVAILABLE
BLK-00570,C16,2026-09-14,14:27,15:27,60,AVAILABLE
BLK-00571,C15,2026-09-02,07:10,07:40,30,AVAILABLE
BLK-00572,C01,2026-09-03,05:43,06:28,45,AVAILABLE
BLK-00573,C03,2026-09-08,07:39,10:09,150,AVAILABLE
BLK-00574,C17,2026-09-16,12:09,15:09,180,AVAILABLE
BLK-00575,C07,2026-09-21,23:13,02:13,180,AVAILABLE
BLK-00576,C09,2026-09-06,02:30,03:30,60,AVAILABLE
BLK-00577,C10,2026-09-24,17:27,18:12,45,AVAILABLE
BLK-00578,C11,2026-09-10,23:04,02:04,180,AVAILABLE
BLK-00579,C11,2026-09-25,15:29,16:29,60,AVAILABLE
BLK-00580,C19,2026-09-17,17:58,20:28,150,AVAILABLE
BLK-00581,C08,2026-09-20,14:30,16:30,120,AVAILABLE
BLK-00582,C07,2026-09-18,23:39,00:24,45,AVAILABLE
BLK-00583,C12,2026-09-05,12:41,15:41,180,AVAILABLE
BLK-00584,C10,2026-09-07,01:13,03:13,120,AVAILABLE
BLK-00585,C07,2026-09-11,23:31,00:16,45,AVAILABLE
BLK-00586,C11,2026-09-06,02:11,03:11,60,AVAILABLE
BLK-00587,C03,2026-09-16,06:40,09:10,150,AVAILABLE
BLK-00588,C10,2026-09-26,12:57,14:27,90,AVAILABLE
BLK-00589,C01,2026-09-26,14:45,16:45,120,AVAILABLE
BLK-00590,C19,2026-09-21,19:17,22:17,180,AVAILABLE
BLK-00591,C05,2026-09-24,08:43,10:13,90,AVAILABLE
BLK-00592,C04,2026-09-12,16:14,19:14,180,AVAILABLE
BLK-00593,C11,2026-09-14,03:35,04:05,30,AVAILABLE
BLK-00594,C18,2026-09-02,22:40,23:10,30,AVAILABLE
BLK-00595,C02,2026-09-26,07:16,10:16,180,AVAILABLE
BLK-00596,C01,2026-09-06,06:07,06:37,30,AVAILABLE
BLK-00597,C05,2026-09-07,19:52,20:52,60,AVAILABLE
BLK-00598,C12,2026-09-04,06:06,06:36,30,AVAILABLE
BLK-00599,C14,2026-09-20,17:28,18:13,45,AVAILABLE
BLK-00600,C05,2026-09-07,05:13,07:13,120,AVAILABLE
BLK-00601,C12,2026-09-30,08:51,09:21,30,AVAILABLE
BLK-00602,C09,2026-09-05,05:36,07:06,90,AVAILABLE
BLK-00603,C08,2026-09-21,04:32,06:02,90,AVAILABLE
BLK-00604,C05,2026-09-04,10:04,11:04,60,AVAILABLE
BLK-00605,C11,2026-09-07,16:12,16:42,30,AVAILABLE
BLK-00606,C11,2026-09-21,01:14,02:14,60,AVAILABLE
BLK-00607,C11,2026-09-04,21:05,22:35,90,AVAILABLE
BLK-00608,C16,2026-09-18,15:02,16:32,90,AVAILABLE
BLK-00609,C18,2026-09-17,01:06,04:06,180,AVAILABLE
BLK-00610,C03,2026-09-22,04:15,06:45,150,AVAILABLE
BLK-00611,C12,2026-09-25,20:40,21:10,30,AVAILABLE
BLK-00612,C07,2026-09-06,14:25,16:25,120,AVAILABLE
BLK-00613,C10,2026-09-06,06:40,07:25,45,AVAILABLE
BLK-00614,C13,2026-09-07,11:31,12:31,60,AVAILABLE
BLK-00615,C09,2026-09-14,20:50,23:20,150,AVAILABLE
BLK-00616,C02,2026-09-07,06:33,09:03,150,AVAILABLE
BLK-00617,C13,2026-09-27,19:12,21:42,150,AVAILABLE
BLK-00618,C07,2026-09-03,01:11,04:11,180,AVAILABLE
BLK-00619,C11,2026-09-15,02:49,04:49,120,AVAILABLE
BLK-00620,C15,2026-09-08,06:00,06:45,45,AVAILABLE
BLK-00621,C18,2026-09-04,12:05,13:05,60,AVAILABLE
BLK-00622,C11,2026-09-11,04:41,06:11,90,AVAILABLE
BLK-00623,C18,2026-09-24,16:01,17:31,90,AVAILABLE
BLK-00624,C06,2026-09-21,13:00,13:30,30,AVAILABLE
BLK-00625,C06,2026-09-29,07:20,08:20,60,AVAILABLE
BLK-00626,C14,2026-09-10,00:44,03:14,150,AVAILABLE
BLK-00627,C19,2026-09-08,00:29,02:29,120,AVAILABLE
BLK-00628,C20,2026-09-25,21:01,23:01,120,AVAILABLE
BLK-00629,C14,2026-09-17,20:43,21:13,30,AVAILABLE
BLK-00630,C20,2026-09-24,12:44,13:14,30,AVAILABLE
BLK-00631,C16,2026-09-23,19:08,20:38,90,AVAILABLE
BLK-00632,C16,2026-09-19,13:22,15:22,120,AVAILABLE
BLK-00633,C19,2026-09-20,19:19,20:04,45,AVAILABLE
BLK-00634,C17,2026-09-04,19:26,21:56,150,AVAILABLE
BLK-00635,C04,2026-09-29,21:25,23:25,120,AVAILABLE
BLK-00636,C10,2026-09-18,23:16,00:46,90,AVAILABLE
BLK-00637,C09,2026-09-13,04:01,04:46,45,AVAILABLE
BLK-00638,C08,2026-09-22,02:50,04:50,120,AVAILABLE
BLK-00639,C01,2026-09-02,04:50,05:50,60,AVAILABLE
BLK-00640,C03,2026-09-12,11:29,11:59,30,AVAILABLE
BLK-00641,C16,2026-09-28,11:09,13:09,120,AVAILABLE
BLK-00642,C13,2026-09-29,07:25,08:55,90,AVAILABLE
BLK-00643,C07,2026-09-11,06:58,07:43,45,AVAILABLE
BLK-00644,C06,2026-09-29,16:09,16:39,30,AVAILABLE
BLK-00645,C05,2026-09-17,20:14,22:14,120,AVAILABLE
BLK-00646,C13,2026-09-14,14:49,16:49,120,AVAILABLE
BLK-00647,C14,2026-09-26,18:11,19:11,60,AVAILABLE
BLK-00648,C18,2026-09-27,09:10,09:55,45,AVAILABLE
BLK-00649,C03,2026-09-03,13:08,13:53,45,AVAILABLE
BLK-00650,C03,2026-09-02,22:54,01:24,150,AVAILABLE
BLK-00651,C13,2026-09-12,02:52,03:52,60,AVAILABLE
BLK-00652,C20,2026-09-09,15:45,16:30,45,AVAILABLE
BLK-00653,C20,2026-09-30,13:44,16:14,150,AVAILABLE
BLK-00654,C12,2026-09-22,09:54,12:24,150,AVAILABLE
BLK-00655,C07,2026-09-03,00:37,01:37,60,AVAILABLE
BLK-00656,C12,2026-09-15,16:54,17:24,30,AVAILABLE
BLK-00657,C02,2026-09-30,06:59,09:29,150,AVAILABLE
BLK-00658,C02,2026-09-22,04:54,06:24,90,AVAILABLE
BLK-00659,C11,2026-09-19,14:08,14:38,30,AVAILABLE
BLK-00660,C18,2026-09-30,21:29,23:29,120,AVAILABLE
BLK-00661,C19,2026-09-25,11:17,13:17,120,AVAILABLE
BLK-00662,C13,2026-09-20,15:24,17:24,120,AVAILABLE
BLK-00663,C07,2026-09-11,17:47,18:47,60,AVAILABLE
BLK-00664,C07,2026-09-09,05:29,06:14,45,AVAILABLE
BLK-00665,C04,2026-09-09,19:21,20:21,60,AVAILABLE
BLK-00666,C11,2026-09-06,03:27,04:12,45,AVAILABLE
BLK-00667,C12,2026-09-23,18:42,20:12,90,AVAILABLE
BLK-00668,C02,2026-09-14,04:44,07:14,150,AVAILABLE
BLK-00669,C01,2026-09-25,21:19,23:19,120,AVAILABLE
BLK-00670,C04,2026-09-18,01:31,04:01,150,AVAILABLE
BLK-00671,C09,2026-09-02,22:17,00:17,120,AVAILABLE
BLK-00672,C20,2026-09-19,03:56,04:56,60,AVAILABLE
BLK-00673,C04,2026-09-26,10:18,12:48,150,AVAILABLE
BLK-00674,C04,2026-09-10,00:04,01:04,60,AVAILABLE
BLK-00675,C02,2026-09-18,11:54,12:24,30,AVAILABLE
BLK-00676,C03,2026-09-23,08:15,10:45,150,AVAILABLE
BLK-00677,C09,2026-09-16,21:28,22:28,60,AVAILABLE
BLK-00678,C06,2026-09-20,23:29,00:59,90,AVAILABLE
BLK-00679,C08,2026-09-26,14:09,15:09,60,AVAILABLE
BLK-00680,C03,2026-09-29,06:14,06:59,45,AVAILABLE
BLK-00681,C14,2026-09-10,15:26,16:11,45,AVAILABLE
BLK-00682,C11,2026-09-23,09:06,11:36,150,AVAILABLE
BLK-00683,C08,2026-09-23,19:37,22:07,150,AVAILABLE
BLK-00684,C06,2026-09-10,11:37,12:22,45,AVAILABLE
BLK-00685,C20,2026-09-30,13:34,14:04,30,AVAILABLE
BLK-00686,C10,2026-09-05,08:39,09:09,30,AVAILABLE
BLK-00687,C18,2026-09-03,15:28,16:28,60,AVAILABLE
BLK-00688,C09,2026-09-05,12:32,15:02,150,AVAILABLE
BLK-00689,C08,2026-09-30,19:29,21:59,150,AVAILABLE
BLK-00690,C13,2026-09-17,22:13,23:13,60,AVAILABLE
BLK-00691,C06,2026-09-15,14:45,16:45,120,AVAILABLE
BLK-00692,C06,2026-09-01,19:24,19:54,30,AVAILABLE
BLK-00693,C18,2026-09-21,18:44,19:14,30,AVAILABLE
BLK-00694,C06,2026-09-05,10:28,13:28,180,AVAILABLE
BLK-00695,C13,2026-09-13,04:11,05:11,60,AVAILABLE
BLK-00696,C06,2026-09-25,18:19,18:49,30,AVAILABLE
BLK-00697,C20,2026-09-26,16:39,17:09,30,AVAILABLE
BLK-00698,C06,2026-09-01,20:45,23:45,180,AVAILABLE
BLK-00699,C15,2026-09-19,00:31,02:31,120,AVAILABLE
BLK-00700,C14,2026-09-22,08:25,09:25,60,AVAILABLE
BLK-00701,C04,2026-09-27,23:25,00:25,60,AVAILABLE
BLK-00702,C20,2026-09-03,02:33,04:03,90,AVAILABLE
BLK-00703,C11,2026-09-21,07:16,08:01,45,AVAILABLE
BLK-00704,C04,2026-09-15,01:52,02:37,45,AVAILABLE
BLK-00705,C12,2026-09-29,06:57,07:42,45,AVAILABLE
BLK-00706,C16,2026-09-20,16:10,16:40,30,AVAILABLE
BLK-00707,C18,2026-09-13,01:45,02:45,60,AVAILABLE
BLK-00708,C08,2026-09-15,16:20,17:20,60,AVAILABLE
BLK-00709,C18,2026-09-15,06:08,09:08,180,AVAILABLE
BLK-00710,C12,2026-09-07,15:56,16:26,30,AVAILABLE
BLK-00711,C16,2026-09-05,01:12,03:42,150,AVAILABLE
BLK-00712,C04,2026-09-11,07:51,08:36,45,AVAILABLE
BLK-00713,C08,2026-09-01,00:15,01:00,45,AVAILABLE
BLK-00714,C06,2026-09-11,13:03,15:03,120,AVAILABLE
BLK-00715,C14,2026-09-09,15:11,18:11,180,AVAILABLE
BLK-00716,C09,2026-09-30,02:17,03:02,45,AVAILABLE
BLK-00717,C08,2026-09-03,03:25,04:25,60,AVAILABLE
BLK-00718,C03,2026-09-20,14:09,16:09,120,AVAILABLE
BLK-00719,C08,2026-09-20,09:55,11:55,120,AVAILABLE
BLK-00720,C10,2026-09-06,04:48,06:18,90,AVAILABLE
BLK-00721,C14,2026-09-07,02:57,03:57,60,AVAILABLE
BLK-00722,C10,2026-09-29,07:14,07:44,30,AVAILABLE
BLK-00723,C19,2026-09-29,20:59,21:29,30,AVAILABLE
BLK-00724,C07,2026-09-21,22:17,23:17,60,AVAILABLE
BLK-00725,C19,2026-09-04,08:25,08:55,30,AVAILABLE
BLK-00726,C12,2026-09-27,13:00,15:30,150,AVAILABLE
BLK-00727,C11,2026-09-07,12:56,14:26,90,AVAILABLE
BLK-00728,C16,2026-09-03,07:04,08:34,90,AVAILABLE
BLK-00729,C10,2026-09-14,06:40,07:40,60,AVAILABLE
BLK-00730,C03,2026-09-24,10:17,11:17,60,AVAILABLE
BLK-00731,C06,2026-09-06,17:34,20:34,180,AVAILABLE
BLK-00732,C05,2026-09-07,04:45,05:45,60,AVAILABLE
BLK-00733,C07,2026-09-27,10:32,12:32,120,AVAILABLE
BLK-00734,C11,2026-09-24,06:22,09:22,180,AVAILABLE
BLK-00735,C20,2026-09-15,20:54,22:54,120,AVAILABLE
BLK-00736,C07,2026-09-23,08:43,10:43,120,AVAILABLE
BLK-00737,C14,2026-09-12,14:57,16:27,90,AVAILABLE
BLK-00738,C11,2026-09-18,08:11,10:41,150,AVAILABLE
BLK-00739,C08,2026-09-12,06:01,06:31,30,AVAILABLE
BLK-00740,C20,2026-09-16,00:00,02:30,150,AVAILABLE
BLK-00741,C13,2026-09-10,00:13,01:43,90,AVAILABLE
BLK-00742,C10,2026-09-03,04:54,05:39,45,AVAILABLE
BLK-00743,C03,2026-09-11,09:35,10:05,30,AVAILABLE
BLK-00744,C05,2026-09-10,08:55,10:25,90,AVAILABLE
BLK-00745,C17,2026-09-07,00:17,01:47,90,AVAILABLE
BLK-00746,C11,2026-09-01,03:39,05:09,90,AVAILABLE
BLK-00747,C07,2026-09-05,16:58,19:28,150,AVAILABLE
BLK-00748,C01,2026-09-07,22:12,23:12,60,AVAILABLE
BLK-00749,C19,2026-09-04,08:37,09:07,30,AVAILABLE
BLK-00750,C01,2026-09-22,11:49,12:34,45,AVAILABLE
BLK-00751,C13,2026-09-20,21:27,22:57,90,AVAILABLE
BLK-00752,C07,2026-09-27,14:06,15:06,60,AVAILABLE
BLK-00753,C06,2026-09-15,05:12,07:42,150,AVAILABLE
BLK-00754,C03,2026-09-06,13:51,14:51,60,AVAILABLE
BLK-00755,C11,2026-09-10,06:55,08:25,90,AVAILABLE
BLK-00756,C16,2026-09-14,17:23,19:53,150,AVAILABLE
BLK-00757,C16,2026-09-20,14:47,16:17,90,AVAILABLE
BLK-00758,C10,2026-09-13,16:21,18:51,150,AVAILABLE
BLK-00759,C06,2026-09-13,20:20,22:20,120,AVAILABLE
BLK-00760,C14,2026-09-23,06:38,07:08,30,AVAILABLE
BLK-00761,C03,2026-09-23,07:56,08:41,45,AVAILABLE
BLK-00762,C08,2026-09-05,16:39,18:39,120,AVAILABLE
BLK-00763,C18,2026-09-24,18:46,19:31,45,AVAILABLE
BLK-00764,C04,2026-09-27,15:26,15:56,30,AVAILABLE
BLK-00765,C06,2026-09-21,14:14,16:44,150,AVAILABLE
BLK-00766,C16,2026-09-04,20:34,22:34,120,AVAILABLE
BLK-00767,C13,2026-09-03,10:07,13:07,180,AVAILABLE
BLK-00768,C20,2026-09-10,21:16,21:46,30,AVAILABLE
BLK-00769,C18,2026-09-12,04:04,05:04,60,AVAILABLE
BLK-00770,C15,2026-09-12,14:25,14:55,30,AVAILABLE
BLK-00771,C14,2026-09-24,01:25,04:25,180,AVAILABLE
BLK-00772,C07,2026-09-18,09:39,11:39,120,AVAILABLE
BLK-00773,C11,2026-09-23,05:07,06:37,90,AVAILABLE
BLK-00774,C01,2026-09-27,14:17,16:17,120,AVAILABLE
BLK-00775,C06,2026-09-27,05:22,07:22,120,AVAILABLE
BLK-00776,C15,2026-09-19,10:41,13:11,150,AVAILABLE
BLK-00777,C13,2026-09-03,10:28,13:28,180,AVAILABLE
BLK-00778,C03,2026-09-25,00:22,02:22,120,AVAILABLE
BLK-00779,C13,2026-09-13,02:23,04:53,150,AVAILABLE
BLK-00780,C12,2026-09-20,05:47,07:47,120,AVAILABLE
BLK-00781,C07,2026-09-06,11:30,13:00,90,AVAILABLE
BLK-00782,C17,2026-09-20,01:34,03:34,120,AVAILABLE
BLK-00783,C17,2026-09-11,01:28,02:58,90,AVAILABLE
BLK-00784,C19,2026-09-01,06:31,07:01,30,AVAILABLE
BLK-00785,C08,2026-09-10,16:28,18:58,150,AVAILABLE
BLK-00786,C03,2026-09-03,06:16,06:46,30,AVAILABLE
BLK-00787,C05,2026-09-16,07:15,07:45,30,AVAILABLE
BLK-00788,C05,2026-09-29,07:59,10:59,180,AVAILABLE
BLK-00789,C17,2026-09-21,12:22,14:52,150,AVAILABLE
BLK-00790,C19,2026-09-27,11:16,13:46,150,AVAILABLE
BLK-00791,C04,2026-09-23,23:27,00:12,45,AVAILABLE
BLK-00792,C19,2026-09-21,05:15,05:45,30,AVAILABLE
BLK-00793,C15,2026-09-05,05:01,05:46,45,AVAILABLE
BLK-00794,C02,2026-09-26,06:59,07:44,45,AVAILABLE
BLK-00795,C12,2026-09-24,18:53,19:38,45,AVAILABLE
BLK-00796,C08,2026-09-08,19:40,21:40,120,AVAILABLE
BLK-00797,C20,2026-09-22,12:15,12:45,30,AVAILABLE
BLK-00798,C04,2026-09-23,04:05,04:50,45,AVAILABLE
BLK-00799,C20,2026-09-19,16:58,19:58,180,AVAILABLE
BLK-00800,C16,2026-09-30,08:18,10:18,120,AVAILABLE
BLK-00801,C15,2026-09-20,05:22,06:52,90,AVAILABLE
BLK-00802,C18,2026-09-15,13:18,14:48,90,AVAILABLE
BLK-00803,C18,2026-09-27,05:20,06:05,45,AVAILABLE
BLK-00804,C13,2026-09-01,21:40,23:40,120,AVAILABLE
BLK-00805,C10,2026-09-06,04:26,06:26,120,AVAILABLE
BLK-00806,C13,2026-09-26,13:55,14:55,60,AVAILABLE
BLK-00807,C04,2026-09-10,08:43,11:13,150,AVAILABLE
BLK-00808,C09,2026-09-26,17:22,18:52,90,AVAILABLE
BLK-00809,C11,2026-09-15,09:14,09:59,45,AVAILABLE
BLK-00810,C01,2026-09-29,13:45,14:30,45,AVAILABLE
BLK-00811,C01,2026-09-13,18:01,18:31,30,AVAILABLE
BLK-00812,C10,2026-09-22,23:04,02:04,180,AVAILABLE
BLK-00813,C18,2026-09-21,10:11,13:11,180,AVAILABLE
BLK-00814,C19,2026-09-20,21:22,21:52,30,AVAILABLE
BLK-00815,C19,2026-09-17,23:59,01:29,90,AVAILABLE
BLK-00816,C05,2026-09-02,05:54,08:54,180,AVAILABLE
BLK-00817,C19,2026-09-17,02:42,03:12,30,AVAILABLE
BLK-00818,C07,2026-09-01,00:09,02:09,120,AVAILABLE
BLK-00819,C09,2026-09-08,22:04,22:49,45,AVAILABLE
BLK-00820,C19,2026-09-04,09:53,10:23,30,AVAILABLE
BLK-00821,C19,2026-09-23,18:45,19:15,30,AVAILABLE
BLK-00822,C03,2026-09-23,21:36,23:06,90,AVAILABLE
BLK-00823,C19,2026-09-14,08:30,09:15,45,AVAILABLE
BLK-00824,C01,2026-09-21,11:31,12:01,30,AVAILABLE
BLK-00825,C15,2026-09-25,09:32,11:32,120,AVAILABLE
BLK-00826,C11,2026-09-02,09:38,10:38,60,AVAILABLE
BLK-00827,C08,2026-09-28,05:49,07:19,90,AVAILABLE
BLK-00828,C04,2026-09-27,20:09,20:54,45,AVAILABLE
BLK-00829,C19,2026-09-18,22:11,22:41,30,AVAILABLE
BLK-00830,C05,2026-09-23,17:45,18:45,60,AVAILABLE
BLK-00831,C09,2026-09-25,03:48,06:48,180,AVAILABLE
BLK-00832,C14,2026-09-03,23:00,00:30,90,AVAILABLE
BLK-00833,C19,2026-09-07,23:20,00:50,90,AVAILABLE
BLK-00834,C06,2026-09-09,01:59,03:59,120,AVAILABLE
BLK-00835,C17,2026-09-25,11:16,14:16,180,AVAILABLE
BLK-00836,C04,2026-09-29,22:20,00:50,150,AVAILABLE
BLK-00837,C14,2026-09-08,04:31,05:16,45,AVAILABLE
BLK-00838,C17,2026-09-04,06:41,08:11,90,AVAILABLE
BLK-00839,C01,2026-09-29,10:55,12:25,90,AVAILABLE
BLK-00840,C10,2026-09-03,01:17,02:02,45,AVAILABLE
BLK-00841,C16,2026-09-14,05:25,06:10,45,AVAILABLE
BLK-00842,C14,2026-09-28,11:25,13:25,120,AVAILABLE
BLK-00843,C09,2026-09-04,11:08,11:53,45,AVAILABLE
BLK-00844,C12,2026-09-30,18:13,18:58,45,AVAILABLE
BLK-00845,C17,2026-09-12,02:51,05:51,180,AVAILABLE
BLK-00846,C14,2026-09-08,10:44,12:14,90,AVAILABLE
BLK-00847,C17,2026-09-03,04:02,05:32,90,AVAILABLE
BLK-00848,C10,2026-09-26,09:29,11:59,150,AVAILABLE
BLK-00849,C14,2026-09-14,17:04,18:04,60,AVAILABLE
BLK-00850,C16,2026-09-04,06:29,07:14,45,AVAILABLE
BLK-00851,C20,2026-09-02,03:25,06:25,180,AVAILABLE
BLK-00852,C02,2026-09-29,06:04,09:04,180,AVAILABLE
BLK-00853,C20,2026-09-21,03:26,04:26,60,AVAILABLE
BLK-00854,C17,2026-09-25,23:00,02:00,180,AVAILABLE
BLK-00855,C11,2026-09-22,04:07,07:07,180,AVAILABLE
BLK-00856,C04,2026-09-18,12:32,14:32,120,AVAILABLE
BLK-00857,C03,2026-09-30,04:07,07:07,180,AVAILABLE
BLK-00858,C02,2026-09-04,09:44,11:14,90,AVAILABLE
BLK-00859,C02,2026-09-05,06:31,09:31,180,AVAILABLE
BLK-00860,C12,2026-09-08,11:31,14:01,150,AVAILABLE
BLK-00861,C19,2026-09-13,17:23,18:08,45,AVAILABLE
BLK-00862,C17,2026-09-19,00:30,01:00,30,AVAILABLE
BLK-00863,C09,2026-09-02,18:21,18:51,30,AVAILABLE
BLK-00864,C05,2026-09-23,08:16,09:16,60,AVAILABLE
BLK-00865,C14,2026-09-08,02:47,04:17,90,AVAILABLE
BLK-00866,C16,2026-09-27,13:03,14:33,90,AVAILABLE
BLK-00867,C02,2026-09-05,15:27,15:57,30,AVAILABLE
BLK-00868,C13,2026-09-18,19:54,20:39,45,AVAILABLE
BLK-00869,C15,2026-09-17,21:36,23:36,120,AVAILABLE
BLK-00870,C18,2026-09-09,15:59,17:59,120,AVAILABLE
BLK-00871,C15,2026-09-03,18:36,19:06,30,AVAILABLE
BLK-00872,C20,2026-09-07,18:09,18:54,45,AVAILABLE
BLK-00873,C10,2026-09-16,22:51,00:21,90,AVAILABLE
BLK-00874,C02,2026-09-12,03:01,03:31,30,AVAILABLE
BLK-00875,C09,2026-09-16,07:56,08:26,30,AVAILABLE
BLK-00876,C18,2026-09-01,06:18,08:18,120,AVAILABLE
BLK-00877,C06,2026-09-04,07:21,07:51,30,AVAILABLE
BLK-00878,C03,2026-09-23,10:10,13:10,180,AVAILABLE
BLK-00879,C17,2026-09-06,10:37,13:07,150,AVAILABLE
BLK-00880,C03,2026-09-27,10:16,12:46,150,AVAILABLE
BLK-00881,C08,2026-09-01,09:21,12:21,180,AVAILABLE
BLK-00882,C10,2026-09-10,13:01,15:01,120,AVAILABLE
BLK-00883,C15,2026-09-18,21:23,23:23,120,AVAILABLE
BLK-00884,C10,2026-09-05,11:11,13:11,120,AVAILABLE
BLK-00885,C14,2026-09-08,10:15,12:15,120,AVAILABLE
BLK-00886,C01,2026-09-25,00:43,01:13,30,AVAILABLE
BLK-00887,C19,2026-09-15,14:19,16:19,120,AVAILABLE
BLK-00888,C20,2026-09-08,08:25,09:25,60,AVAILABLE
BLK-00889,C12,2026-09-01,02:05,03:05,60,AVAILABLE
BLK-00890,C04,2026-09-20,12:25,12:55,30,AVAILABLE
BLK-00891,C03,2026-09-07,21:29,21:59,30,AVAILABLE
BLK-00892,C07,2026-09-01,15:07,18:07,180,AVAILABLE
BLK-00893,C13,2026-09-28,13:19,13:49,30,AVAILABLE
BLK-00894,C16,2026-09-01,13:12,15:42,150,AVAILABLE
BLK-00895,C04,2026-09-13,23:23,01:53,150,AVAILABLE
BLK-00896,C13,2026-09-18,09:08,12:08,180,AVAILABLE
BLK-00897,C14,2026-09-10,23:33,01:33,120,AVAILABLE
BLK-00898,C05,2026-09-26,21:52,22:22,30,AVAILABLE
BLK-00899,C20,2026-09-17,16:40,17:25,45,AVAILABLE
BLK-00900,C17,2026-09-10,17:51,20:51,180,AVAILABLE
BLK-00901,C03,2026-09-17,03:36,05:36,120,AVAILABLE
BLK-00902,C13,2026-09-19,13:25,15:25,120,AVAILABLE
BLK-00903,C05,2026-09-08,09:35,10:35,60,AVAILABLE
BLK-00904,C09,2026-09-02,11:08,12:08,60,AVAILABLE
BLK-00905,C15,2026-09-05,10:33,12:03,90,AVAILABLE
BLK-00906,C15,2026-09-06,02:49,05:49,180,AVAILABLE
BLK-00907,C08,2026-09-25,19:28,20:58,90,AVAILABLE
BLK-00908,C07,2026-09-21,13:46,14:31,45,AVAILABLE
BLK-00909,C01,2026-09-23,19:53,20:23,30,AVAILABLE
BLK-00910,C14,2026-09-01,22:33,23:33,60,AVAILABLE
BLK-00911,C19,2026-09-22,10:03,10:33,30,AVAILABLE
BLK-00912,C16,2026-09-24,23:55,00:40,45,AVAILABLE
BLK-00913,C07,2026-09-03,21:18,21:48,30,AVAILABLE
BLK-00914,C03,2026-09-15,01:54,04:24,150,AVAILABLE
BLK-00915,C13,2026-09-14,17:59,19:29,90,AVAILABLE
BLK-00916,C08,2026-09-27,14:56,15:41,45,AVAILABLE
BLK-00917,C04,2026-09-23,18:37,21:37,180,AVAILABLE
BLK-00918,C12,2026-09-26,18:56,20:56,120,AVAILABLE
BLK-00919,C07,2026-09-27,11:48,13:48,120,AVAILABLE
BLK-00920,C09,2026-09-24,22:21,22:51,30,AVAILABLE
BLK-00921,C10,2026-09-16,01:20,04:20,180,AVAILABLE
BLK-00922,C12,2026-09-23,15:35,16:05,30,AVAILABLE
BLK-00923,C06,2026-09-27,14:13,15:13,60,AVAILABLE
BLK-00924,C13,2026-09-12,13:06,16:06,180,AVAILABLE
BLK-00925,C09,2026-09-04,23:13,00:43,90,AVAILABLE
BLK-00926,C11,2026-09-13,13:18,14:48,90,AVAILABLE
BLK-00927,C15,2026-09-04,11:26,12:56,90,AVAILABLE
BLK-00928,C04,2026-09-03,04:03,04:48,45,AVAILABLE
BLK-00929,C02,2026-09-30,16:52,17:22,30,AVAILABLE
BLK-00930,C04,2026-09-17,23:30,02:00,150,AVAILABLE
BLK-00931,C01,2026-09-23,11:31,14:01,150,AVAILABLE
BLK-00932,C17,2026-09-25,19:20,20:05,45,AVAILABLE
BLK-00933,C12,2026-09-19,14:25,15:55,90,AVAILABLE
BLK-00934,C19,2026-09-26,06:20,09:20,180,AVAILABLE
BLK-00935,C14,2026-09-06,12:20,14:50,150,AVAILABLE
BLK-00936,C11,2026-09-05,11:46,13:16,90,AVAILABLE
BLK-00937,C14,2026-09-03,11:55,12:25,30,AVAILABLE
BLK-00938,C08,2026-09-07,11:51,14:51,180,AVAILABLE
BLK-00939,C20,2026-09-26,21:26,23:26,120,AVAILABLE
BLK-00940,C09,2026-09-18,01:36,04:36,180,AVAILABLE
BLK-00941,C17,2026-09-14,02:14,04:14,120,AVAILABLE
BLK-00942,C14,2026-09-22,22:50,01:20,150,AVAILABLE
BLK-00943,C17,2026-09-24,06:31,09:31,180,AVAILABLE
BLK-00944,C01,2026-09-27,08:37,09:22,45,AVAILABLE
BLK-00945,C09,2026-09-05,05:29,07:29,120,AVAILABLE
BLK-00946,C20,2026-09-28,22:42,01:42,180,AVAILABLE
BLK-00947,C16,2026-09-18,12:45,13:30,45,AVAILABLE
BLK-00948,C05,2026-09-27,04:13,06:43,150,AVAILABLE
BLK-00949,C01,2026-09-03,08:12,08:57,45,AVAILABLE
BLK-00950,C19,2026-09-18,19:17,22:17,180,AVAILABLE
BLK-00951,C07,2026-09-01,19:17,19:47,30,AVAILABLE
BLK-00952,C09,2026-09-01,01:37,02:22,45,AVAILABLE
BLK-00953,C16,2026-09-30,14:20,15:20,60,AVAILABLE
BLK-00954,C18,2026-09-10,22:24,00:24,120,AVAILABLE
BLK-00955,C01,2026-09-04,10:22,10:52,30,AVAILABLE
BLK-00956,C11,2026-09-14,11:21,13:51,150,AVAILABLE
BLK-00957,C01,2026-09-05,12:00,13:30,90,AVAILABLE
BLK-00958,C18,2026-09-16,01:16,03:46,150,AVAILABLE
BLK-00959,C20,2026-09-02,20:50,21:50,60,AVAILABLE
BLK-00960,C20,2026-09-02,04:52,07:22,150,AVAILABLE
BLK-00961,C15,2026-09-24,20:32,22:32,120,AVAILABLE
BLK-00962,C01,2026-09-09,13:20,14:05,45,AVAILABLE
BLK-00963,C13,2026-09-20,02:19,05:19,180,AVAILABLE
BLK-00964,C20,2026-09-25,19:38,20:08,30,AVAILABLE
BLK-00965,C17,2026-09-25,06:35,09:35,180,AVAILABLE
BLK-00966,C17,2026-09-14,09:06,11:06,120,AVAILABLE
BLK-00967,C18,2026-09-07,12:59,13:44,45,AVAILABLE
BLK-00968,C14,2026-09-19,14:09,14:39,30,AVAILABLE
BLK-00969,C14,2026-09-23,06:37,08:07,90,AVAILABLE
BLK-00970,C15,2026-09-22,16:12,16:42,30,AVAILABLE
BLK-00971,C15,2026-09-30,15:37,16:37,60,AVAILABLE
BLK-00972,C06,2026-09-20,14:01,16:31,150,AVAILABLE
BLK-00973,C19,2026-09-23,10:12,12:42,150,AVAILABLE
BLK-00974,C06,2026-09-23,13:07,15:07,120,AVAILABLE
BLK-00975,C04,2026-09-12,09:17,11:47,150,AVAILABLE
BLK-00976,C18,2026-09-21,20:57,22:27,90,AVAILABLE
BLK-00977,C18,2026-09-18,03:00,05:30,150,AVAILABLE
BLK-00978,C09,2026-09-04,23:33,00:18,45,AVAILABLE
BLK-00979,C09,2026-09-11,05:35,08:35,180,AVAILABLE
BLK-00980,C15,2026-09-25,16:07,16:37,30,AVAILABLE
BLK-00981,C12,2026-09-02,18:12,21:12,180,AVAILABLE
BLK-00982,C16,2026-09-11,11:32,12:02,30,AVAILABLE
BLK-00983,C11,2026-09-14,05:33,06:33,60,AVAILABLE
BLK-00984,C10,2026-09-27,18:14,18:44,30,AVAILABLE
BLK-00985,C18,2026-09-24,18:19,20:19,120,AVAILABLE
BLK-00986,C13,2026-09-15,17:37,19:37,120,AVAILABLE
BLK-00987,C12,2026-09-28,00:51,01:21,30,AVAILABLE
BLK-00988,C08,2026-09-29,19:35,20:05,30,AVAILABLE
BLK-00989,C19,2026-09-07,17:56,19:26,90,AVAILABLE
BLK-00990,C02,2026-09-15,09:30,12:30,180,AVAILABLE
BLK-00991,C03,2026-09-10,05:44,06:14,30,AVAILABLE
BLK-00992,C04,2026-09-08,09:26,12:26,180,AVAILABLE
BLK-00993,C20,2026-09-27,22:24,01:24,180,AVAILABLE
BLK-00994,C18,2026-09-28,10:34,11:19,45,AVAILABLE
BLK-00995,C18,2026-09-29,05:57,07:57,120,AVAILABLE
BLK-00996,C03,2026-09-30,10:36,11:06,30,AVAILABLE
BLK-00997,C10,2026-09-13,06:02,07:02,60,AVAILABLE
BLK-00998,C16,2026-09-18,14:55,17:25,150,AVAILABLE
BLK-00999,C07,2026-09-26,12:12,15:12,180,AVAILABLE
BLK-01000,C15,2026-09-30,06:18,07:03,45,AVAILABLE
BLK-01001,C14,2026-09-22,05:32,07:02,90,AVAILABLE
BLK-01002,C08,2026-09-08,01:37,03:37,120,AVAILABLE
BLK-01003,C19,2026-09-01,08:15,09:15,60,AVAILABLE
BLK-01004,C11,2026-09-25,10:07,11:07,60,AVAILABLE
BLK-01005,C13,2026-09-21,17:04,18:04,60,AVAILABLE
BLK-01006,C08,2026-09-25,06:05,09:05,180,AVAILABLE
BLK-01007,C03,2026-09-24,01:26,04:26,180,AVAILABLE
BLK-01008,C20,2026-09-11,10:06,12:06,120,AVAILABLE
BLK-01009,C13,2026-09-18,14:17,14:47,30,AVAILABLE
BLK-01010,C16,2026-09-15,22:42,23:27,45,AVAILABLE
BLK-01011,C02,2026-09-26,16:07,18:07,120,AVAILABLE
BLK-01012,C01,2026-09-19,21:10,21:40,30,AVAILABLE
BLK-01013,C19,2026-09-20,21:52,00:22,150,AVAILABLE
BLK-01014,C17,2026-09-28,09:31,11:01,90,AVAILABLE
BLK-01015,C15,2026-09-14,02:19,03:49,90,AVAILABLE
BLK-01016,C01,2026-09-20,19:36,20:36,60,AVAILABLE
BLK-01017,C04,2026-09-03,01:21,02:06,45,AVAILABLE
BLK-01018,C12,2026-09-13,05:33,06:33,60,AVAILABLE
BLK-01019,C16,2026-09-23,13:34,14:19,45,AVAILABLE
BLK-01020,C03,2026-09-02,21:21,23:21,120,AVAILABLE
BLK-01021,C02,2026-09-05,17:58,18:28,30,AVAILABLE
BLK-01022,C12,2026-09-15,20:09,22:39,150,AVAILABLE
BLK-01023,C11,2026-09-12,00:47,01:17,30,AVAILABLE
BLK-01024,C02,2026-09-25,08:45,09:45,60,AVAILABLE
BLK-01025,C09,2026-09-03,11:45,13:15,90,AVAILABLE
BLK-01026,C13,2026-09-22,08:07,08:37,30,AVAILABLE
BLK-01027,C12,2026-09-24,15:19,16:04,45,AVAILABLE
BLK-01028,C16,2026-09-12,14:48,15:33,45,AVAILABLE
BLK-01029,C06,2026-09-01,05:35,06:05,30,AVAILABLE
BLK-01030,C15,2026-09-11,18:27,20:27,120,AVAILABLE
BLK-01031,C06,2026-09-27,19:09,19:54,45,AVAILABLE
BLK-01032,C19,2026-09-23,00:44,01:44,60,AVAILABLE
BLK-01033,C07,2026-09-15,00:59,01:29,30,AVAILABLE
BLK-01034,C08,2026-09-21,16:19,18:49,150,AVAILABLE
BLK-01035,C13,2026-09-23,00:59,03:29,150,AVAILABLE
BLK-01036,C15,2026-09-06,00:09,02:39,150,AVAILABLE
BLK-01037,C07,2026-09-05,09:31,11:31,120,AVAILABLE
BLK-01038,C20,2026-09-07,04:48,05:33,45,AVAILABLE
BLK-01039,C15,2026-09-29,16:26,17:26,60,AVAILABLE
BLK-01040,C14,2026-09-16,16:14,18:14,120,AVAILABLE
BLK-01041,C09,2026-09-30,12:49,14:19,90,AVAILABLE
BLK-01042,C18,2026-09-11,06:58,09:58,180,AVAILABLE
BLK-01043,C06,2026-09-09,03:59,06:59,180,AVAILABLE
BLK-01044,C10,2026-09-17,09:39,10:24,45,AVAILABLE
BLK-01045,C14,2026-09-21,19:10,21:10,120,AVAILABLE
BLK-01046,C17,2026-09-18,01:12,02:42,90,AVAILABLE
BLK-01047,C15,2026-09-12,16:15,19:15,180,AVAILABLE
BLK-01048,C10,2026-09-14,11:45,13:45,120,AVAILABLE
BLK-01049,C11,2026-09-22,14:59,16:59,120,AVAILABLE
BLK-01050,C12,2026-09-13,10:12,11:12,60,AVAILABLE
BLK-01051,C03,2026-09-25,23:44,01:44,120,AVAILABLE
BLK-01052,C06,2026-09-09,04:41,06:11,90,AVAILABLE
BLK-01053,C19,2026-09-08,09:03,10:33,90,AVAILABLE
BLK-01054,C18,2026-09-22,04:20,07:20,180,AVAILABLE
BLK-01055,C20,2026-09-22,19:05,20:05,60,AVAILABLE
BLK-01056,C03,2026-09-13,11:48,12:33,45,AVAILABLE
BLK-01057,C06,2026-09-22,17:47,19:17,90,AVAILABLE
BLK-01058,C07,2026-09-11,03:40,04:10,30,AVAILABLE
BLK-01059,C18,2026-09-15,16:24,18:24,120,AVAILABLE
BLK-01060,C13,2026-09-08,08:51,11:21,150,AVAILABLE
BLK-01061,C03,2026-09-09,09:42,11:42,120,AVAILABLE
BLK-01062,C16,2026-09-22,16:33,18:03,90,AVAILABLE
BLK-01063,C10,2026-09-15,13:54,16:54,180,AVAILABLE
BLK-01064,C07,2026-09-19,15:12,17:42,150,AVAILABLE
BLK-01065,C03,2026-09-01,06:35,07:05,30,AVAILABLE
BLK-01066,C17,2026-09-18,14:58,17:58,180,AVAILABLE
BLK-01067,C06,2026-09-16,16:36,19:36,180,AVAILABLE
BLK-01068,C19,2026-09-14,01:52,04:52,180,AVAILABLE
BLK-01069,C14,2026-09-22,18:24,20:24,120,AVAILABLE
BLK-01070,C17,2026-09-22,13:02,14:32,90,AVAILABLE
BLK-01071,C10,2026-09-24,05:57,06:27,30,AVAILABLE
BLK-01072,C11,2026-09-22,23:59,00:29,30,AVAILABLE
BLK-01073,C11,2026-09-16,18:15,19:15,60,AVAILABLE
BLK-01074,C13,2026-09-06,04:55,07:55,180,AVAILABLE
BLK-01075,C03,2026-09-13,07:08,08:08,60,AVAILABLE
BLK-01076,C14,2026-09-11,03:09,05:09,120,AVAILABLE
BLK-01077,C13,2026-09-28,10:51,13:51,180,AVAILABLE
BLK-01078,C04,2026-09-12,07:56,08:26,30,AVAILABLE
BLK-01079,C05,2026-09-03,10:00,10:30,30,AVAILABLE
BLK-01080,C08,2026-09-23,17:47,18:32,45,AVAILABLE
BLK-01081,C20,2026-09-17,21:54,00:54,180,AVAILABLE
BLK-01082,C16,2026-09-20,01:36,03:36,120,AVAILABLE
BLK-01083,C14,2026-09-22,17:22,18:52,90,AVAILABLE
BLK-01084,C11,2026-09-26,03:41,06:11,150,AVAILABLE
BLK-01085,C09,2026-09-14,13:59,16:59,180,AVAILABLE
BLK-01086,C02,2026-09-26,03:29,04:59,90,AVAILABLE
BLK-01087,C01,2026-09-26,11:56,13:56,120,AVAILABLE
BLK-01088,C08,2026-09-20,14:09,15:39,90,AVAILABLE
BLK-01089,C02,2026-09-04,23:28,00:28,60,AVAILABLE
BLK-01090,C12,2026-09-23,05:37,06:22,45,AVAILABLE
BLK-01091,C13,2026-09-10,02:39,05:09,150,AVAILABLE
BLK-01092,C05,2026-09-09,13:10,14:10,60,AVAILABLE
BLK-01093,C11,2026-09-05,23:29,01:59,150,AVAILABLE
BLK-01094,C20,2026-09-12,16:35,18:35,120,AVAILABLE
BLK-01095,C15,2026-09-26,06:40,07:40,60,AVAILABLE
BLK-01096,C04,2026-09-13,18:32,19:17,45,AVAILABLE
BLK-01097,C05,2026-09-01,06:08,06:53,45,AVAILABLE
BLK-01098,C15,2026-09-23,04:14,04:44,30,AVAILABLE
BLK-01099,C07,2026-09-21,02:45,04:45,120,AVAILABLE
BLK-01100,C02,2026-09-02,04:53,05:23,30,AVAILABLE
BLK-01101,C09,2026-09-20,17:42,18:12,30,AVAILABLE
BLK-01102,C02,2026-09-24,18:12,19:12,60,AVAILABLE
BLK-01103,C15,2026-09-22,10:45,13:45,180,AVAILABLE
BLK-01104,C11,2026-09-12,15:14,17:44,150,AVAILABLE
BLK-01105,C16,2026-09-08,09:54,12:24,150,AVAILABLE
BLK-01106,C07,2026-09-05,19:07,19:52,45,AVAILABLE
BLK-01107,C08,2026-09-29,20:41,21:11,30,AVAILABLE
BLK-01108,C07,2026-09-05,22:36,01:06,150,AVAILABLE
BLK-01109,C03,2026-09-18,21:39,22:24,45,AVAILABLE
BLK-01110,C14,2026-09-13,19:48,22:48,180,AVAILABLE
BLK-01111,C09,2026-09-20,17:39,18:24,45,AVAILABLE
BLK-01112,C12,2026-09-19,17:30,20:00,150,AVAILABLE
BLK-01113,C01,2026-09-17,09:16,10:46,90,AVAILABLE
BLK-01114,C20,2026-09-17,16:58,17:43,45,AVAILABLE
BLK-01115,C05,2026-09-19,15:28,16:28,60,AVAILABLE
BLK-01116,C17,2026-09-09,11:25,12:55,90,AVAILABLE
BLK-01117,C05,2026-09-16,03:39,06:09,150,AVAILABLE
BLK-01118,C07,2026-09-15,01:49,04:19,150,AVAILABLE
BLK-01119,C05,2026-09-09,10:12,11:42,90,AVAILABLE
BLK-01120,C20,2026-09-17,09:26,10:26,60,AVAILABLE
BLK-01121,C19,2026-09-18,20:58,23:28,150,AVAILABLE
BLK-01122,C01,2026-09-20,02:05,03:35,90,AVAILABLE
BLK-01123,C13,2026-09-30,00:57,02:57,120,AVAILABLE
BLK-01124,C10,2026-09-15,17:54,18:39,45,AVAILABLE
BLK-01125,C02,2026-09-27,14:13,14:58,45,AVAILABLE
BLK-01126,C14,2026-09-10,13:50,16:20,150,AVAILABLE
BLK-01127,C11,2026-09-17,18:09,20:09,120,AVAILABLE
BLK-01128,C19,2026-09-18,17:03,17:48,45,AVAILABLE
BLK-01129,C09,2026-09-09,10:15,11:45,90,AVAILABLE
BLK-01130,C08,2026-09-03,04:51,07:21,150,AVAILABLE
BLK-01131,C17,2026-09-22,09:33,12:33,180,AVAILABLE
BLK-01132,C05,2026-09-22,01:27,03:27,120,AVAILABLE
BLK-01133,C06,2026-09-15,10:26,12:26,120,AVAILABLE
BLK-01134,C08,2026-09-22,19:21,22:21,180,AVAILABLE
BLK-01135,C02,2026-09-19,17:36,18:06,30,AVAILABLE
BLK-01136,C03,2026-09-05,04:43,05:13,30,AVAILABLE
BLK-01137,C06,2026-09-25,02:31,03:31,60,AVAILABLE
BLK-01138,C04,2026-09-05,22:01,00:31,150,AVAILABLE
BLK-01139,C17,2026-09-12,02:40,03:25,45,AVAILABLE
BLK-01140,C13,2026-09-17,09:31,10:01,30,AVAILABLE
BLK-01141,C11,2026-09-10,03:41,06:11,150,AVAILABLE
BLK-01142,C13,2026-09-22,11:19,12:04,45,AVAILABLE
BLK-01143,C08,2026-09-16,00:16,00:46,30,AVAILABLE
BLK-01144,C18,2026-09-28,15:25,16:55,90,AVAILABLE
BLK-01145,C16,2026-09-12,02:38,04:38,120,AVAILABLE
BLK-01146,C02,2026-09-25,01:34,02:19,45,AVAILABLE
BLK-01147,C06,2026-09-06,14:42,15:12,30,AVAILABLE
BLK-01148,C16,2026-09-08,09:47,12:47,180,AVAILABLE
BLK-01149,C15,2026-09-17,09:47,10:32,45,AVAILABLE
BLK-01150,C06,2026-09-14,15:57,16:57,60,AVAILABLE
BLK-01151,C18,2026-09-10,14:24,15:24,60,AVAILABLE
BLK-01152,C08,2026-09-03,02:06,05:06,180,AVAILABLE
BLK-01153,C07,2026-09-05,07:27,08:12,45,AVAILABLE
BLK-01154,C18,2026-09-30,22:39,01:39,180,AVAILABLE
BLK-01155,C12,2026-09-26,08:47,09:32,45,AVAILABLE
BLK-01156,C15,2026-09-23,14:50,16:20,90,AVAILABLE
BLK-01157,C08,2026-09-02,12:08,14:08,120,AVAILABLE
BLK-01158,C11,2026-09-18,05:56,06:26,30,AVAILABLE
BLK-01159,C20,2026-09-14,09:28,12:28,180,AVAILABLE
BLK-01160,C11,2026-09-20,20:54,22:24,90,AVAILABLE
BLK-01161,C18,2026-09-05,04:43,05:43,60,AVAILABLE
BLK-01162,C07,2026-09-03,04:38,07:08,150,AVAILABLE
BLK-01163,C03,2026-09-05,12:08,13:08,60,AVAILABLE
BLK-01164,C17,2026-09-17,20:56,22:56,120,AVAILABLE
BLK-01165,C07,2026-09-24,21:03,21:48,45,AVAILABLE
BLK-01166,C07,2026-09-01,16:17,18:17,120,AVAILABLE
BLK-01167,C04,2026-09-09,03:47,04:32,45,AVAILABLE
BLK-01168,C11,2026-09-15,00:42,03:12,150,AVAILABLE
BLK-01169,C14,2026-09-15,01:59,03:29,90,AVAILABLE
BLK-01170,C16,2026-09-27,21:09,23:39,150,AVAILABLE
BLK-01171,C06,2026-09-27,10:14,11:14,60,AVAILABLE
BLK-01172,C11,2026-09-10,16:00,17:00,60,AVAILABLE
BLK-01173,C20,2026-09-15,02:22,02:52,30,AVAILABLE
BLK-01174,C08,2026-09-27,03:45,04:45,60,AVAILABLE
BLK-01175,C14,2026-09-26,17:58,20:58,180,AVAILABLE
BLK-01176,C16,2026-09-07,03:59,06:29,150,AVAILABLE
BLK-01177,C02,2026-09-05,10:11,10:56,45,AVAILABLE
BLK-01178,C13,2026-09-26,10:05,11:05,60,AVAILABLE
BLK-01179,C20,2026-09-24,14:39,15:24,45,AVAILABLE
BLK-01180,C19,2026-09-09,14:35,16:35,120,AVAILABLE
BLK-01181,C10,2026-09-12,17:31,18:16,45,AVAILABLE
BLK-01182,C04,2026-09-26,00:25,03:25,180,AVAILABLE
BLK-01183,C19,2026-09-01,06:33,09:33,180,AVAILABLE
BLK-01184,C12,2026-09-18,23:11,00:11,60,AVAILABLE
BLK-01185,C17,2026-09-23,16:15,17:00,45,AVAILABLE
BLK-01186,C13,2026-09-07,23:15,00:00,45,AVAILABLE
BLK-01187,C16,2026-09-12,01:10,04:10,180,AVAILABLE
BLK-01188,C06,2026-09-16,21:38,22:08,30,AVAILABLE
BLK-01189,C20,2026-09-05,13:16,14:16,60,AVAILABLE
BLK-01190,C06,2026-09-04,00:13,00:58,45,AVAILABLE
BLK-01191,C08,2026-09-18,14:58,17:58,180,AVAILABLE
BLK-01192,C06,2026-09-30,17:37,20:37,180,AVAILABLE
BLK-01193,C18,2026-09-01,16:40,17:25,45,AVAILABLE
BLK-01194,C14,2026-09-14,21:45,22:45,60,AVAILABLE
BLK-01195,C19,2026-09-16,01:25,02:55,90,AVAILABLE
BLK-01196,C20,2026-09-27,10:40,12:40,120,AVAILABLE
BLK-01197,C20,2026-09-01,23:19,01:49,150,AVAILABLE
BLK-01198,C04,2026-09-19,13:48,16:18,150,AVAILABLE
BLK-01199,C09,2026-09-08,22:35,01:05,150,AVAILABLE
BLK-01200,C08,2026-09-12,14:07,14:52,45,AVAILABLE
BLK-01201,C07,2026-09-19,11:22,14:22,180,AVAILABLE
BLK-01202,C01,2026-09-06,02:29,02:59,30,AVAILABLE
BLK-01203,C04,2026-09-29,17:21,18:51,90,AVAILABLE
BLK-01204,C01,2026-09-22,01:30,02:00,30,AVAILABLE
BLK-01205,C02,2026-09-18,04:46,05:31,45,AVAILABLE
BLK-01206,C05,2026-09-02,12:15,13:00,45,AVAILABLE
BLK-01207,C05,2026-09-24,05:41,06:11,30,AVAILABLE
BLK-01208,C18,2026-09-19,08:01,10:01,120,AVAILABLE
BLK-01209,C12,2026-09-13,01:40,03:40,120,AVAILABLE
BLK-01210,C19,2026-09-17,01:02,02:02,60,AVAILABLE
BLK-01211,C14,2026-09-13,02:25,05:25,180,AVAILABLE
BLK-01212,C15,2026-09-04,00:31,03:31,180,AVAILABLE
BLK-01213,C03,2026-09-10,16:02,19:02,180,AVAILABLE
BLK-01214,C18,2026-09-06,08:59,11:59,180,AVAILABLE
BLK-01215,C15,2026-09-27,12:01,14:01,120,AVAILABLE
BLK-01216,C20,2026-09-24,03:24,06:24,180,AVAILABLE
BLK-01217,C04,2026-09-29,16:37,17:22,45,AVAILABLE
BLK-01218,C19,2026-09-02,13:23,14:53,90,AVAILABLE
BLK-01219,C11,2026-09-02,13:45,15:45,120,AVAILABLE
BLK-01220,C17,2026-09-21,17:09,18:09,60,AVAILABLE
BLK-01221,C15,2026-09-23,14:39,17:39,180,AVAILABLE
BLK-01222,C02,2026-09-06,15:52,16:37,45,AVAILABLE
BLK-01223,C04,2026-09-14,00:40,01:25,45,AVAILABLE
BLK-01224,C12,2026-09-02,05:14,07:44,150,AVAILABLE
BLK-01225,C10,2026-09-29,11:36,12:06,30,AVAILABLE
BLK-01226,C13,2026-09-27,06:48,07:33,45,AVAILABLE
BLK-01227,C15,2026-09-26,02:04,04:34,150,AVAILABLE
BLK-01228,C12,2026-09-05,09:23,09:53,30,AVAILABLE
BLK-01229,C14,2026-09-20,08:46,11:46,180,AVAILABLE
BLK-01230,C11,2026-09-14,10:13,11:43,90,AVAILABLE
BLK-01231,C18,2026-09-14,12:55,14:25,90,AVAILABLE
BLK-01232,C13,2026-09-25,21:41,00:11,150,AVAILABLE
BLK-01233,C09,2026-09-14,20:57,23:57,180,AVAILABLE
BLK-01234,C04,2026-09-09,05:39,08:09,150,AVAILABLE
BLK-01235,C17,2026-09-10,00:17,00:47,30,AVAILABLE
BLK-01236,C01,2026-09-30,00:27,03:27,180,AVAILABLE
BLK-01237,C04,2026-09-07,15:08,16:08,60,AVAILABLE
BLK-01238,C07,2026-09-15,17:25,18:25,60,AVAILABLE
BLK-01239,C16,2026-09-24,03:19,03:49,30,AVAILABLE
BLK-01240,C16,2026-09-08,17:19,20:19,180,AVAILABLE
BLK-01241,C06,2026-09-07,06:09,06:54,45,AVAILABLE
BLK-01242,C11,2026-09-28,22:37,01:07,150,AVAILABLE
BLK-01243,C18,2026-09-23,07:36,08:21,45,AVAILABLE
BLK-01244,C16,2026-09-14,05:36,08:06,150,AVAILABLE
BLK-01245,C05,2026-09-28,07:08,09:38,150,AVAILABLE
BLK-01246,C08,2026-09-09,11:14,11:44,30,AVAILABLE
BLK-01247,C04,2026-09-11,09:25,09:55,30,AVAILABLE
BLK-01248,C16,2026-09-16,13:49,14:49,60,AVAILABLE
BLK-01249,C15,2026-09-18,14:23,17:23,180,AVAILABLE
BLK-01250,C14,2026-09-03,01:26,03:56,150,AVAILABLE
BLK-01251,C02,2026-09-02,00:38,01:38,60,AVAILABLE
BLK-01252,C20,2026-09-03,04:11,06:11,120,AVAILABLE
BLK-01253,C13,2026-09-06,21:59,00:29,150,AVAILABLE
BLK-01254,C09,2026-09-16,20:45,23:45,180,AVAILABLE
BLK-01255,C08,2026-09-20,07:20,09:50,150,AVAILABLE
BLK-01256,C07,2026-09-10,17:20,19:50,150,AVAILABLE
BLK-01257,C19,2026-09-03,09:44,10:14,30,AVAILABLE
BLK-01258,C05,2026-09-13,20:05,22:35,150,AVAILABLE
BLK-01259,C13,2026-09-30,07:41,08:11,30,AVAILABLE
BLK-01260,C11,2026-09-23,11:51,14:21,150,AVAILABLE
BLK-01261,C12,2026-09-22,17:56,18:26,30,AVAILABLE
BLK-01262,C01,2026-09-17,16:24,17:24,60,AVAILABLE
BLK-01263,C16,2026-09-25,11:33,13:03,90,AVAILABLE
BLK-01264,C11,2026-09-04,23:32,00:17,45,AVAILABLE
BLK-01265,C04,2026-09-17,07:37,10:07,150,AVAILABLE
BLK-01266,C18,2026-09-05,06:34,08:04,90,AVAILABLE
BLK-01267,C02,2026-09-22,18:20,19:20,60,AVAILABLE
BLK-01268,C09,2026-09-09,13:14,15:14,120,AVAILABLE
BLK-01269,C11,2026-09-01,03:35,06:05,150,AVAILABLE
BLK-01270,C07,2026-09-21,18:29,18:59,30,AVAILABLE
BLK-01271,C08,2026-09-17,12:31,15:01,150,AVAILABLE
BLK-01272,C10,2026-09-28,03:43,05:43,120,AVAILABLE
BLK-01273,C10,2026-09-06,21:01,21:46,45,AVAILABLE
BLK-01274,C06,2026-09-13,09:33,10:33,60,AVAILABLE
BLK-01275,C15,2026-09-02,02:14,03:44,90,AVAILABLE
BLK-01276,C15,2026-09-08,07:48,10:48,180,AVAILABLE
BLK-01277,C16,2026-09-22,01:17,01:47,30,AVAILABLE
BLK-01278,C02,2026-09-14,12:20,13:05,45,AVAILABLE
BLK-01279,C13,2026-09-02,11:48,12:48,60,AVAILABLE
BLK-01280,C19,2026-09-16,02:49,03:34,45,AVAILABLE
BLK-01281,C16,2026-09-19,07:57,08:27,30,AVAILABLE
BLK-01282,C02,2026-09-18,05:19,06:49,90,AVAILABLE
BLK-01283,C06,2026-09-21,22:07,23:37,90,AVAILABLE
BLK-01284,C15,2026-09-11,14:16,17:16,180,AVAILABLE
BLK-01285,C20,2026-09-20,20:57,23:27,150,AVAILABLE
BLK-01286,C01,2026-09-14,23:43,00:13,30,AVAILABLE
BLK-01287,C10,2026-09-04,17:15,18:45,90,AVAILABLE
BLK-01288,C20,2026-09-27,13:15,13:45,30,AVAILABLE
BLK-01289,C20,2026-09-12,13:06,14:36,90,AVAILABLE
BLK-01290,C04,2026-09-03,18:58,19:43,45,AVAILABLE
BLK-01291,C18,2026-09-19,04:25,07:25,180,AVAILABLE
BLK-01292,C03,2026-09-23,00:35,02:05,90,AVAILABLE
BLK-01293,C11,2026-09-17,14:42,15:42,60,AVAILABLE
BLK-01294,C08,2026-09-12,19:11,22:11,180,AVAILABLE
BLK-01295,C08,2026-09-01,19:58,21:28,90,AVAILABLE
BLK-01296,C11,2026-09-08,06:45,09:15,150,AVAILABLE
BLK-01297,C13,2026-09-07,03:51,04:51,60,AVAILABLE
BLK-01298,C19,2026-09-28,04:35,06:35,120,AVAILABLE
BLK-01299,C19,2026-09-14,19:45,20:15,30,AVAILABLE
BLK-01300,C17,2026-09-22,13:47,14:17,30,AVAILABLE
BLK-01301,C16,2026-09-11,22:04,23:34,90,AVAILABLE
BLK-01302,C18,2026-09-14,07:26,08:26,60,AVAILABLE
BLK-01303,C11,2026-09-22,09:22,12:22,180,AVAILABLE
BLK-01304,C19,2026-09-13,09:32,12:02,150,AVAILABLE
BLK-01305,C06,2026-09-06,00:58,02:28,90,AVAILABLE
BLK-01306,C19,2026-09-29,19:34,22:04,150,AVAILABLE
BLK-01307,C05,2026-09-11,11:42,13:42,120,AVAILABLE
BLK-01308,C08,2026-09-02,00:22,01:07,45,AVAILABLE
BLK-01309,C12,2026-09-18,02:00,04:30,150,AVAILABLE
BLK-01310,C18,2026-09-25,15:42,16:42,60,AVAILABLE
BLK-01311,C13,2026-09-21,08:23,09:23,60,AVAILABLE
BLK-01312,C10,2026-09-20,03:18,05:48,150,AVAILABLE
BLK-01313,C02,2026-09-17,17:40,18:40,60,AVAILABLE
BLK-01314,C08,2026-09-10,19:01,21:01,120,AVAILABLE
BLK-01315,C08,2026-09-30,02:54,04:54,120,AVAILABLE
BLK-01316,C06,2026-09-15,05:35,07:05,90,AVAILABLE
BLK-01317,C15,2026-09-17,07:09,08:09,60,AVAILABLE
BLK-01318,C02,2026-09-16,19:53,22:53,180,AVAILABLE
BLK-01319,C07,2026-09-05,17:07,17:37,30,AVAILABLE
BLK-01320,C18,2026-09-03,13:10,15:40,150,AVAILABLE
BLK-01321,C16,2026-09-03,16:45,18:15,90,AVAILABLE
BLK-01322,C04,2026-09-04,00:13,00:58,45,AVAILABLE
BLK-01323,C10,2026-09-02,05:57,06:27,30,AVAILABLE
BLK-01324,C16,2026-09-28,07:28,08:58,90,AVAILABLE
BLK-01325,C03,2026-09-16,10:36,11:36,60,AVAILABLE
BLK-01326,C15,2026-09-25,08:55,09:25,30,AVAILABLE
BLK-01327,C16,2026-09-21,20:56,21:26,30,AVAILABLE
BLK-01328,C17,2026-09-09,21:48,23:48,120,AVAILABLE
BLK-01329,C01,2026-09-01,02:07,02:37,30,AVAILABLE
BLK-01330,C01,2026-09-29,03:04,03:49,45,AVAILABLE
BLK-01331,C08,2026-09-02,23:27,01:57,150,AVAILABLE
BLK-01332,C06,2026-09-24,04:00,05:00,60,AVAILABLE
BLK-01333,C18,2026-09-19,00:37,01:37,60,AVAILABLE
BLK-01334,C01,2026-09-03,03:11,05:41,150,AVAILABLE
BLK-01335,C08,2026-09-27,21:55,23:55,120,AVAILABLE
BLK-01336,C06,2026-09-04,12:07,14:37,150,AVAILABLE
BLK-01337,C18,2026-09-28,02:39,04:39,120,AVAILABLE
BLK-01338,C05,2026-09-15,16:47,17:32,45,AVAILABLE
BLK-01339,C09,2026-09-10,08:31,11:01,150,AVAILABLE
BLK-01340,C15,2026-09-23,14:21,15:21,60,AVAILABLE
BLK-01341,C11,2026-09-13,02:34,04:34,120,AVAILABLE
BLK-01342,C10,2026-09-14,19:08,21:08,120,AVAILABLE
BLK-01343,C04,2026-09-12,23:29,01:59,150,AVAILABLE
BLK-01344,C18,2026-09-24,06:41,07:26,45,AVAILABLE
BLK-01345,C13,2026-09-11,21:11,00:11,180,AVAILABLE
BLK-01346,C15,2026-09-10,16:38,17:08,30,AVAILABLE
BLK-01347,C19,2026-09-04,09:56,11:56,120,AVAILABLE
BLK-01348,C15,2026-09-24,23:28,23:58,30,AVAILABLE
BLK-01349,C20,2026-09-06,23:48,02:18,150,AVAILABLE
BLK-01350,C20,2026-09-25,00:30,03:30,180,AVAILABLE
BLK-01351,C17,2026-09-26,07:39,08:24,45,AVAILABLE
BLK-01352,C17,2026-09-29,04:28,07:28,180,AVAILABLE
BLK-01353,C13,2026-09-12,14:24,14:54,30,AVAILABLE
BLK-01354,C19,2026-09-16,18:15,20:45,150,AVAILABLE
BLK-01355,C19,2026-09-13,18:32,19:02,30,AVAILABLE
BLK-01356,C05,2026-09-13,13:45,15:15,90,AVAILABLE
BLK-01357,C20,2026-09-19,04:02,05:32,90,AVAILABLE
BLK-01358,C19,2026-09-28,19:20,22:20,180,AVAILABLE
BLK-01359,C06,2026-09-24,15:37,18:37,180,AVAILABLE
BLK-01360,C15,2026-09-22,00:54,03:24,150,AVAILABLE
BLK-01361,C17,2026-09-26,21:38,23:08,90,AVAILABLE
BLK-01362,C13,2026-09-12,15:33,18:33,180,AVAILABLE
BLK-01363,C10,2026-09-30,18:23,20:53,150,AVAILABLE
BLK-01364,C14,2026-09-12,20:22,21:52,90,AVAILABLE
BLK-01365,C15,2026-09-22,10:54,12:54,120,AVAILABLE
BLK-01366,C15,2026-09-16,14:48,16:18,90,AVAILABLE
BLK-01367,C07,2026-09-23,22:42,01:42,180,AVAILABLE
BLK-01368,C17,2026-09-01,01:20,02:50,90,AVAILABLE
BLK-01369,C11,2026-09-02,14:02,16:02,120,AVAILABLE
BLK-01370,C05,2026-09-07,22:22,00:52,150,AVAILABLE
BLK-01371,C08,2026-09-25,16:12,16:57,45,AVAILABLE
BLK-01372,C08,2026-09-19,08:09,09:09,60,AVAILABLE
BLK-01373,C15,2026-09-25,09:38,12:08,150,AVAILABLE
BLK-01374,C03,2026-09-30,22:40,01:10,150,AVAILABLE
BLK-01375,C06,2026-09-14,17:01,19:01,120,AVAILABLE
BLK-01376,C17,2026-09-13,11:31,13:01,90,AVAILABLE
BLK-01377,C02,2026-09-15,08:23,10:53,150,AVAILABLE
BLK-01378,C18,2026-09-29,12:33,13:33,60,AVAILABLE
BLK-01379,C13,2026-09-01,12:16,13:01,45,AVAILABLE
BLK-01380,C03,2026-09-15,07:10,07:55,45,AVAILABLE
BLK-01381,C03,2026-09-08,07:26,07:56,30,AVAILABLE
BLK-01382,C11,2026-09-17,14:58,17:28,150,AVAILABLE
BLK-01383,C18,2026-09-19,05:42,08:42,180,AVAILABLE
BLK-01384,C17,2026-09-17,00:30,01:15,45,AVAILABLE
BLK-01385,C06,2026-09-19,22:24,01:24,180,AVAILABLE
BLK-01386,C12,2026-09-11,17:03,18:33,90,AVAILABLE
BLK-01387,C20,2026-09-25,07:26,07:56,30,AVAILABLE
BLK-01388,C17,2026-09-17,18:20,19:05,45,AVAILABLE
BLK-01389,C16,2026-09-27,23:20,23:50,30,AVAILABLE
BLK-01390,C15,2026-09-20,19:52,22:22,150,AVAILABLE
BLK-01391,C03,2026-09-27,23:43,02:13,150,AVAILABLE
BLK-01392,C20,2026-09-26,00:20,01:50,90,AVAILABLE
BLK-01393,C05,2026-09-07,23:22,01:52,150,AVAILABLE
BLK-01394,C03,2026-09-12,09:37,10:22,45,AVAILABLE
BLK-01395,C10,2026-09-10,21:19,21:49,30,AVAILABLE
BLK-01396,C19,2026-09-27,16:47,17:47,60,AVAILABLE
BLK-01397,C15,2026-09-01,21:46,23:46,120,AVAILABLE
BLK-01398,C10,2026-09-18,13:33,15:03,90,AVAILABLE
BLK-01399,C04,2026-09-04,15:00,18:00,180,AVAILABLE
BLK-01400,C06,2026-09-10,20:48,22:48,120,AVAILABLE
BLK-01401,C11,2026-09-27,19:59,21:29,90,AVAILABLE
BLK-01402,C08,2026-09-09,06:53,08:23,90,AVAILABLE
BLK-01403,C12,2026-09-27,01:36,03:36,120,AVAILABLE
BLK-01404,C09,2026-09-04,14:15,15:00,45,AVAILABLE
BLK-01405,C13,2026-09-15,06:05,07:05,60,AVAILABLE
BLK-01406,C01,2026-09-17,20:42,22:12,90,AVAILABLE
BLK-01407,C06,2026-09-18,22:41,00:11,90,AVAILABLE
BLK-01408,C02,2026-09-03,08:25,09:10,45,AVAILABLE
BLK-01409,C04,2026-09-12,13:35,15:05,90,AVAILABLE
BLK-01410,C15,2026-09-02,02:09,04:39,150,AVAILABLE
BLK-01411,C20,2026-09-03,17:26,18:56,90,AVAILABLE
BLK-01412,C04,2026-09-15,03:47,04:17,30,AVAILABLE
BLK-01413,C09,2026-09-26,11:23,13:53,150,AVAILABLE
BLK-01414,C20,2026-09-19,20:25,21:10,45,AVAILABLE
BLK-01415,C02,2026-09-16,02:40,04:40,120,AVAILABLE
BLK-01416,C20,2026-09-18,22:48,23:18,30,AVAILABLE
BLK-01417,C05,2026-09-06,02:41,03:26,45,AVAILABLE
BLK-01418,C04,2026-09-18,19:53,22:23,150,AVAILABLE
BLK-01419,C13,2026-09-02,10:41,11:11,30,AVAILABLE
BLK-01420,C07,2026-09-30,10:39,12:09,90,AVAILABLE
BLK-01421,C04,2026-09-28,21:38,22:08,30,AVAILABLE
BLK-01422,C16,2026-09-08,10:04,10:34,30,AVAILABLE
BLK-01423,C16,2026-09-29,08:45,09:15,30,AVAILABLE
BLK-01424,C09,2026-09-14,11:47,12:47,60,AVAILABLE
BLK-01425,C10,2026-09-11,02:55,05:55,180,AVAILABLE
BLK-01426,C06,2026-09-08,07:02,08:02,60,AVAILABLE
BLK-01427,C12,2026-09-19,02:33,04:03,90,AVAILABLE
BLK-01428,C10,2026-09-24,21:09,21:39,30,AVAILABLE
BLK-01429,C12,2026-09-21,14:01,15:31,90,AVAILABLE
BLK-01430,C07,2026-09-01,23:33,00:18,45,AVAILABLE
BLK-01431,C13,2026-09-07,07:56,09:56,120,AVAILABLE
BLK-01432,C14,2026-09-23,10:30,12:30,120,AVAILABLE
BLK-01433,C13,2026-09-11,00:39,01:09,30,AVAILABLE
BLK-01434,C15,2026-09-30,10:03,11:03,60,AVAILABLE
BLK-01435,C07,2026-09-11,06:07,09:07,180,AVAILABLE
BLK-01436,C11,2026-09-28,22:14,22:44,30,AVAILABLE
BLK-01437,C03,2026-09-19,02:59,04:29,90,AVAILABLE
BLK-01438,C12,2026-09-08,13:34,14:34,60,AVAILABLE
BLK-01439,C15,2026-09-01,13:24,15:54,150,AVAILABLE
BLK-01440,C14,2026-09-20,14:34,17:34,180,AVAILABLE
BLK-01441,C16,2026-09-16,17:18,19:48,150,AVAILABLE
BLK-01442,C04,2026-09-27,07:05,08:05,60,AVAILABLE
BLK-01443,C03,2026-09-10,11:40,12:25,45,AVAILABLE
BLK-01444,C09,2026-09-28,09:24,11:24,120,AVAILABLE
BLK-01445,C14,2026-09-09,19:55,20:25,30,AVAILABLE
BLK-01446,C11,2026-09-07,11:48,12:18,30,AVAILABLE
BLK-01447,C19,2026-09-01,22:49,23:49,60,AVAILABLE
BLK-01448,C07,2026-09-12,02:35,05:35,180,AVAILABLE
BLK-01449,C17,2026-09-09,01:20,02:50,90,AVAILABLE
BLK-01450,C07,2026-09-20,05:14,07:14,120,AVAILABLE
BLK-01451,C09,2026-09-21,13:47,14:47,60,AVAILABLE
BLK-01452,C04,2026-09-25,06:58,07:43,45,AVAILABLE
BLK-01453,C15,2026-09-03,01:40,02:10,30,AVAILABLE
BLK-01454,C10,2026-09-20,22:22,00:22,120,AVAILABLE
BLK-01455,C04,2026-09-28,05:54,07:24,90,AVAILABLE
BLK-01456,C09,2026-09-25,08:02,10:02,120,AVAILABLE
BLK-01457,C09,2026-09-25,16:06,18:36,150,AVAILABLE
BLK-01458,C01,2026-09-24,20:49,22:49,120,AVAILABLE
BLK-01459,C04,2026-09-19,05:24,07:54,150,AVAILABLE
BLK-01460,C01,2026-09-12,01:39,03:39,120,AVAILABLE
BLK-01461,C04,2026-09-13,07:12,07:57,45,AVAILABLE
BLK-01462,C19,2026-09-22,05:10,07:40,150,AVAILABLE
BLK-01463,C08,2026-09-27,13:20,14:05,45,AVAILABLE
BLK-01464,C11,2026-09-19,07:30,08:15,45,AVAILABLE
BLK-01465,C18,2026-09-14,12:19,13:49,90,AVAILABLE
BLK-01466,C04,2026-09-04,23:42,02:42,180,AVAILABLE
BLK-01467,C20,2026-09-06,10:00,12:00,120,AVAILABLE
BLK-01468,C04,2026-09-05,17:26,20:26,180,AVAILABLE
BLK-01469,C07,2026-09-01,00:54,02:24,90,AVAILABLE
BLK-01470,C06,2026-09-28,08:09,11:09,180,AVAILABLE
BLK-01471,C18,2026-09-04,17:29,18:14,45,AVAILABLE
BLK-01472,C20,2026-09-06,09:09,10:09,60,AVAILABLE
BLK-01473,C04,2026-09-14,16:51,18:51,120,AVAILABLE
BLK-01474,C03,2026-09-16,15:21,16:51,90,AVAILABLE
BLK-01475,C04,2026-09-22,19:33,21:03,90,AVAILABLE
BLK-01476,C01,2026-09-16,21:10,00:10,180,AVAILABLE
BLK-01477,C03,2026-09-04,16:07,16:52,45,AVAILABLE
BLK-01478,C20,2026-09-30,05:05,05:50,45,AVAILABLE
BLK-01479,C08,2026-09-23,11:08,13:08,120,AVAILABLE
BLK-01480,C04,2026-09-08,07:09,08:09,60,AVAILABLE
BLK-01481,C07,2026-09-03,12:44,13:29,45,AVAILABLE
BLK-01482,C12,2026-09-14,05:43,08:13,150,AVAILABLE
BLK-01483,C18,2026-09-28,15:42,18:12,150,AVAILABLE
BLK-01484,C05,2026-09-23,10:37,11:37,60,AVAILABLE
BLK-01485,C01,2026-09-25,09:18,11:48,150,AVAILABLE
BLK-01486,C01,2026-09-19,08:39,09:09,30,AVAILABLE
BLK-01487,C09,2026-09-26,15:14,17:44,150,AVAILABLE
BLK-01488,C16,2026-09-03,14:38,16:38,120,AVAILABLE
BLK-01489,C06,2026-09-18,22:44,00:44,120,AVAILABLE
BLK-01490,C18,2026-09-06,02:38,04:38,120,AVAILABLE
BLK-01491,C05,2026-09-10,09:44,11:14,90,AVAILABLE
BLK-01492,C18,2026-09-06,03:18,04:48,90,AVAILABLE
BLK-01493,C07,2026-09-13,04:26,06:26,120,AVAILABLE
BLK-01494,C16,2026-09-01,07:14,09:14,120,AVAILABLE
BLK-01495,C14,2026-09-28,21:55,22:55,60,AVAILABLE
BLK-01496,C15,2026-09-29,07:52,08:37,45,AVAILABLE
BLK-01497,C06,2026-09-07,04:44,05:29,45,AVAILABLE
BLK-01498,C09,2026-09-06,14:46,15:31,45,AVAILABLE
BLK-01499,C15,2026-09-28,18:59,21:29,150,AVAILABLE
BLK-01500,C07,2026-09-13,17:29,19:59,150,AVAILABLE
BLK-01501,C03,2026-09-06,11:37,12:37,60,AVAILABLE
BLK-01502,C04,2026-09-10,11:41,12:26,45,AVAILABLE
BLK-01503,C17,2026-09-25,16:33,19:33,180,AVAILABLE
BLK-01504,C18,2026-09-09,16:16,17:16,60,AVAILABLE
BLK-01505,C20,2026-09-01,09:28,10:28,60,AVAILABLE
BLK-01506,C15,2026-09-10,23:46,00:16,30,AVAILABLE
BLK-01507,C15,2026-09-14,10:39,11:24,45,AVAILABLE
BLK-01508,C09,2026-09-09,02:39,03:09,30,AVAILABLE
BLK-01509,C12,2026-09-15,20:00,21:00,60,AVAILABLE
BLK-01510,C02,2026-09-13,23:35,00:35,60,AVAILABLE
BLK-01511,C06,2026-09-25,11:56,12:41,45,AVAILABLE
BLK-01512,C06,2026-09-19,08:25,10:55,150,AVAILABLE
BLK-01513,C05,2026-09-09,10:12,13:12,180,AVAILABLE
BLK-01514,C09,2026-09-22,18:21,21:21,180,AVAILABLE
BLK-01515,C08,2026-09-09,12:46,13:16,30,AVAILABLE
BLK-01516,C19,2026-09-19,12:35,13:35,60,AVAILABLE
BLK-01517,C01,2026-09-25,18:46,21:16,150,AVAILABLE
BLK-01518,C20,2026-09-15,16:28,17:28,60,AVAILABLE
BLK-01519,C09,2026-09-16,04:39,07:09,150,AVAILABLE
BLK-01520,C18,2026-09-26,04:07,06:37,150,AVAILABLE
BLK-01521,C11,2026-09-22,15:22,15:52,30,AVAILABLE
BLK-01522,C14,2026-09-14,06:04,07:04,60,AVAILABLE
BLK-01523,C01,2026-09-04,14:38,15:23,45,AVAILABLE
BLK-01524,C06,2026-09-01,10:15,11:00,45,AVAILABLE
BLK-01525,C15,2026-09-15,04:15,05:15,60,AVAILABLE
BLK-01526,C20,2026-09-28,09:44,11:44,120,AVAILABLE
BLK-01527,C16,2026-09-06,09:37,11:37,120,AVAILABLE
BLK-01528,C09,2026-09-19,04:24,05:54,90,AVAILABLE
BLK-01529,C04,2026-09-12,05:52,07:52,120,AVAILABLE
BLK-01530,C08,2026-09-01,11:00,14:00,180,AVAILABLE
BLK-01531,C14,2026-09-18,04:33,07:03,150,AVAILABLE
BLK-01532,C02,2026-09-28,19:06,22:06,180,AVAILABLE
BLK-01533,C02,2026-09-17,05:59,06:29,30,AVAILABLE
BLK-01534,C16,2026-09-21,17:08,20:08,180,AVAILABLE
BLK-01535,C01,2026-09-20,17:07,19:07,120,AVAILABLE
BLK-01536,C06,2026-09-06,01:13,03:13,120,AVAILABLE
BLK-01537,C05,2026-09-12,06:02,08:32,150,AVAILABLE
BLK-01538,C04,2026-09-01,22:04,00:34,150,AVAILABLE
BLK-01539,C19,2026-09-09,04:55,05:40,45,AVAILABLE
BLK-01540,C12,2026-09-22,08:50,10:20,90,AVAILABLE
BLK-01541,C19,2026-09-03,07:13,07:43,30,AVAILABLE
BLK-01542,C06,2026-09-16,19:49,20:34,45,AVAILABLE
BLK-01543,C19,2026-09-28,19:48,20:18,30,AVAILABLE
BLK-01544,C06,2026-09-11,02:57,03:27,30,AVAILABLE
BLK-01545,C01,2026-09-26,22:57,23:42,45,AVAILABLE
BLK-01546,C06,2026-09-16,20:24,22:24,120,AVAILABLE
BLK-01547,C05,2026-09-28,12:19,15:19,180,AVAILABLE
BLK-01548,C15,2026-09-19,19:28,22:28,180,AVAILABLE
BLK-01549,C17,2026-09-29,17:56,18:41,45,AVAILABLE
BLK-01550,C11,2026-09-26,20:54,23:24,150,AVAILABLE
BLK-01551,C09,2026-09-30,07:13,07:58,45,AVAILABLE
BLK-01552,C14,2026-09-26,01:09,01:54,45,AVAILABLE
BLK-01553,C06,2026-09-27,05:49,06:49,60,AVAILABLE
BLK-01554,C02,2026-09-18,00:09,03:09,180,AVAILABLE
BLK-01555,C15,2026-09-16,21:54,22:24,30,AVAILABLE
BLK-01556,C01,2026-09-08,16:25,19:25,180,AVAILABLE
BLK-01557,C18,2026-09-04,16:44,17:14,30,AVAILABLE
BLK-01558,C12,2026-09-02,12:57,14:57,120,AVAILABLE
BLK-01559,C11,2026-09-05,10:01,11:31,90,AVAILABLE
BLK-01560,C01,2026-09-17,17:24,19:24,120,AVAILABLE
BLK-01561,C19,2026-09-12,19:39,20:24,45,AVAILABLE
BLK-01562,C02,2026-09-18,11:08,11:38,30,AVAILABLE
BLK-01563,C12,2026-09-03,06:22,07:07,45,AVAILABLE
BLK-01564,C17,2026-09-14,13:04,13:34,30,AVAILABLE
BLK-01565,C01,2026-09-19,19:54,21:54,120,AVAILABLE
BLK-01566,C15,2026-09-23,09:53,11:53,120,AVAILABLE
BLK-01567,C09,2026-09-30,03:44,04:14,30,AVAILABLE
BLK-01568,C15,2026-09-04,12:44,14:44,120,AVAILABLE
BLK-01569,C02,2026-09-08,13:50,14:50,60,AVAILABLE
BLK-01570,C17,2026-09-24,16:40,17:25,45,AVAILABLE
BLK-01571,C16,2026-09-05,23:47,00:47,60,AVAILABLE
BLK-01572,C20,2026-09-22,22:37,01:37,180,AVAILABLE
BLK-01573,C01,2026-09-25,03:36,04:21,45,AVAILABLE
BLK-01574,C11,2026-09-20,19:39,21:09,90,AVAILABLE
BLK-01575,C17,2026-09-09,17:47,20:17,150,AVAILABLE
BLK-01576,C07,2026-09-09,07:49,10:19,150,AVAILABLE
BLK-01577,C05,2026-09-19,23:23,01:53,150,AVAILABLE
BLK-01578,C15,2026-09-18,22:32,00:02,90,AVAILABLE
BLK-01579,C16,2026-09-03,11:26,12:26,60,AVAILABLE
BLK-01580,C06,2026-09-26,19:21,21:51,150,AVAILABLE
BLK-01581,C11,2026-09-22,21:11,23:11,120,AVAILABLE
BLK-01582,C11,2026-09-26,16:33,17:03,30,AVAILABLE
BLK-01583,C19,2026-09-10,14:59,17:29,150,AVAILABLE
BLK-01584,C16,2026-09-02,01:31,03:01,90,AVAILABLE
BLK-01585,C03,2026-09-20,02:50,05:20,150,AVAILABLE
BLK-01586,C02,2026-09-08,12:30,13:15,45,AVAILABLE
BLK-01587,C08,2026-09-13,07:36,08:36,60,AVAILABLE
BLK-01588,C20,2026-09-05,03:54,06:24,150,AVAILABLE
BLK-01589,C16,2026-09-06,06:53,07:53,60,AVAILABLE
BLK-01590,C01,2026-09-11,21:32,22:02,30,AVAILABLE
BLK-01591,C12,2026-09-11,18:11,20:41,150,AVAILABLE
BLK-01592,C18,2026-09-21,14:48,16:18,90,AVAILABLE
BLK-01593,C08,2026-09-27,03:45,06:15,150,AVAILABLE
BLK-01594,C09,2026-09-22,07:33,09:33,120,AVAILABLE
BLK-01595,C15,2026-09-02,12:48,13:18,30,AVAILABLE
BLK-01596,C03,2026-09-11,10:22,11:07,45,AVAILABLE
BLK-01597,C04,2026-09-04,23:47,01:47,120,AVAILABLE
BLK-01598,C17,2026-09-20,11:32,13:32,120,AVAILABLE
BLK-01599,C09,2026-09-20,03:54,05:54,120,AVAILABLE
BLK-01600,C05,2026-09-24,13:11,14:11,60,AVAILABLE
BLK-01601,C19,2026-09-11,04:00,05:30,90,AVAILABLE
BLK-01602,C07,2026-09-08,13:26,15:56,150,AVAILABLE
BLK-01603,C13,2026-09-14,10:25,12:25,120,AVAILABLE
BLK-01604,C04,2026-09-09,07:36,08:06,30,AVAILABLE
BLK-01605,C07,2026-09-26,15:22,16:22,60,AVAILABLE
BLK-01606,C01,2026-09-25,00:01,02:31,150,AVAILABLE
BLK-01607,C03,2026-09-19,18:39,19:09,30,AVAILABLE
BLK-01608,C04,2026-09-27,03:40,04:10,30,AVAILABLE
BLK-01609,C14,2026-09-08,18:57,19:42,45,AVAILABLE
BLK-01610,C06,2026-09-09,09:15,10:00,45,AVAILABLE
BLK-01611,C06,2026-09-13,11:51,14:51,180,AVAILABLE
BLK-01612,C09,2026-09-30,19:24,22:24,180,AVAILABLE
BLK-01613,C11,2026-09-03,22:44,00:44,120,AVAILABLE
BLK-01614,C20,2026-09-21,22:24,00:24,120,AVAILABLE
BLK-01615,C04,2026-09-21,19:46,21:16,90,AVAILABLE
BLK-01616,C17,2026-09-21,22:39,23:39,60,AVAILABLE
BLK-01617,C11,2026-09-03,15:21,17:21,120,AVAILABLE
BLK-01618,C04,2026-09-12,09:43,12:43,180,AVAILABLE
BLK-01619,C08,2026-09-13,19:46,21:46,120,AVAILABLE
BLK-01620,C02,2026-09-29,21:53,22:38,45,AVAILABLE
BLK-01621,C09,2026-09-12,20:33,23:03,150,AVAILABLE
BLK-01622,C09,2026-09-18,20:17,21:02,45,AVAILABLE
BLK-01623,C01,2026-09-10,21:03,22:03,60,AVAILABLE
BLK-01624,C02,2026-09-17,01:35,03:35,120,AVAILABLE
BLK-01625,C03,2026-09-02,00:11,01:41,90,AVAILABLE
BLK-01626,C19,2026-09-11,13:40,15:40,120,AVAILABLE
BLK-01627,C18,2026-09-03,20:34,22:34,120,AVAILABLE
BLK-01628,C07,2026-09-07,06:30,07:00,30,AVAILABLE
BLK-01629,C13,2026-09-16,20:06,23:06,180,AVAILABLE
BLK-01630,C06,2026-09-13,13:08,14:08,60,AVAILABLE
BLK-01631,C01,2026-09-25,23:53,00:38,45,AVAILABLE
BLK-01632,C02,2026-09-15,11:50,12:20,30,AVAILABLE
BLK-01633,C11,2026-09-19,19:36,21:36,120,AVAILABLE
BLK-01634,C01,2026-09-21,14:41,15:41,60,AVAILABLE
BLK-01635,C01,2026-09-17,03:56,04:26,30,AVAILABLE
BLK-01636,C13,2026-09-15,03:45,04:15,30,AVAILABLE
BLK-01637,C19,2026-09-04,15:04,17:04,120,AVAILABLE
BLK-01638,C13,2026-09-12,03:20,03:50,30,AVAILABLE
BLK-01639,C11,2026-09-20,05:32,08:32,180,AVAILABLE
BLK-01640,C01,2026-09-18,13:03,14:03,60,AVAILABLE
BLK-01641,C07,2026-09-24,17:01,18:01,60,AVAILABLE
BLK-01642,C19,2026-09-09,12:04,14:34,150,AVAILABLE
BLK-01643,C12,2026-09-23,18:11,18:56,45,AVAILABLE
BLK-01644,C20,2026-09-07,02:54,04:54,120,AVAILABLE
BLK-01645,C12,2026-09-28,14:50,16:20,90,AVAILABLE
BLK-01646,C11,2026-09-09,19:16,20:01,45,AVAILABLE
BLK-01647,C09,2026-09-30,15:46,17:46,120,AVAILABLE
BLK-01648,C04,2026-09-26,05:02,08:02,180,AVAILABLE
BLK-01649,C14,2026-09-17,18:42,20:42,120,AVAILABLE
BLK-01650,C04,2026-09-01,16:00,18:30,150,AVAILABLE
BLK-01651,C18,2026-09-28,12:49,15:19,150,AVAILABLE
BLK-01652,C08,2026-09-06,02:00,02:30,30,AVAILABLE
BLK-01653,C20,2026-09-15,01:21,03:51,150,AVAILABLE
BLK-01654,C07,2026-09-01,16:44,19:14,150,AVAILABLE
BLK-01655,C17,2026-09-04,15:50,18:20,150,AVAILABLE
BLK-01656,C14,2026-09-05,08:31,11:01,150,AVAILABLE
BLK-01657,C06,2026-09-11,11:26,13:26,120,AVAILABLE
BLK-01658,C18,2026-09-04,02:53,05:23,150,AVAILABLE
BLK-01659,C20,2026-09-21,03:58,04:43,45,AVAILABLE
BLK-01660,C15,2026-09-15,14:17,14:47,30,AVAILABLE
BLK-01661,C12,2026-09-28,03:15,05:15,120,AVAILABLE
BLK-01662,C01,2026-09-15,17:09,20:09,180,AVAILABLE
BLK-01663,C09,2026-09-10,04:19,05:19,60,AVAILABLE
BLK-01664,C13,2026-09-15,14:50,17:50,180,AVAILABLE
BLK-01665,C01,2026-09-02,08:40,11:40,180,AVAILABLE
BLK-01666,C05,2026-09-26,11:46,13:46,120,AVAILABLE
BLK-01667,C15,2026-09-29,14:02,15:02,60,AVAILABLE
BLK-01668,C16,2026-09-03,06:16,07:16,60,AVAILABLE
BLK-01669,C09,2026-09-10,11:56,13:56,120,AVAILABLE
BLK-01670,C10,2026-09-26,15:02,17:02,120,AVAILABLE
BLK-01671,C12,2026-09-03,20:18,21:48,90,AVAILABLE
BLK-01672,C03,2026-09-09,19:34,22:34,180,AVAILABLE
BLK-01673,C20,2026-09-01,02:16,05:16,180,AVAILABLE
BLK-01674,C09,2026-09-01,23:38,01:38,120,AVAILABLE
BLK-01675,C01,2026-09-11,10:21,12:51,150,AVAILABLE
BLK-01676,C10,2026-09-10,19:30,21:00,90,AVAILABLE
BLK-01677,C06,2026-09-21,12:46,13:31,45,AVAILABLE
BLK-01678,C04,2026-09-14,11:55,12:40,45,AVAILABLE
BLK-01679,C18,2026-09-29,20:59,22:29,90,AVAILABLE
BLK-01680,C07,2026-09-26,19:52,22:52,180,AVAILABLE
BLK-01681,C02,2026-09-15,13:46,15:16,90,AVAILABLE
BLK-01682,C13,2026-09-16,12:10,14:40,150,AVAILABLE
BLK-01683,C05,2026-09-28,08:45,11:15,150,AVAILABLE
BLK-01684,C10,2026-09-06,00:28,03:28,180,AVAILABLE
BLK-01685,C08,2026-09-04,10:56,12:26,90,AVAILABLE
BLK-01686,C19,2026-09-19,16:51,17:21,30,AVAILABLE
BLK-01687,C13,2026-09-30,11:50,14:50,180,AVAILABLE
BLK-01688,C18,2026-09-03,03:29,04:14,45,AVAILABLE
BLK-01689,C09,2026-09-12,01:59,04:59,180,AVAILABLE
BLK-01690,C16,2026-09-15,18:47,19:32,45,AVAILABLE
BLK-01691,C14,2026-09-08,11:10,11:40,30,AVAILABLE
BLK-01692,C20,2026-09-14,17:27,17:57,30,AVAILABLE
BLK-01693,C04,2026-09-19,04:44,05:29,45,AVAILABLE
BLK-01694,C15,2026-09-04,14:16,15:46,90,AVAILABLE
BLK-01695,C06,2026-09-07,20:43,23:13,150,AVAILABLE
BLK-01696,C08,2026-09-12,06:09,07:39,90,AVAILABLE
BLK-01697,C01,2026-09-03,15:44,18:14,150,AVAILABLE
BLK-01698,C15,2026-09-06,14:13,15:13,60,AVAILABLE
BLK-01699,C11,2026-09-17,02:17,05:17,180,AVAILABLE
BLK-01700,C07,2026-09-05,14:50,15:20,30,AVAILABLE
BLK-01701,C07,2026-09-11,22:22,01:22,180,AVAILABLE
BLK-01702,C09,2026-09-05,15:26,18:26,180,AVAILABLE
BLK-01703,C01,2026-09-03,22:55,01:55,180,AVAILABLE
BLK-01704,C18,2026-09-05,07:17,08:02,45,AVAILABLE
BLK-01705,C05,2026-09-21,21:25,21:55,30,AVAILABLE
BLK-01706,C02,2026-09-06,11:04,14:04,180,AVAILABLE
BLK-01707,C08,2026-09-02,09:24,12:24,180,AVAILABLE
BLK-01708,C13,2026-09-16,10:32,11:02,30,AVAILABLE
BLK-01709,C15,2026-09-04,18:35,21:35,180,AVAILABLE
BLK-01710,C12,2026-09-08,07:56,08:26,30,AVAILABLE
BLK-01711,C03,2026-09-11,13:46,14:46,60,AVAILABLE
BLK-01712,C17,2026-09-08,11:03,14:03,180,AVAILABLE
BLK-01713,C14,2026-09-06,18:57,20:27,90,AVAILABLE
BLK-01714,C11,2026-09-07,23:25,23:55,30,AVAILABLE
BLK-01715,C17,2026-09-09,18:31,21:31,180,AVAILABLE
BLK-01716,C08,2026-09-08,12:55,13:55,60,AVAILABLE
BLK-01717,C19,2026-09-05,03:46,04:46,60,AVAILABLE
BLK-01718,C05,2026-09-27,20:02,21:32,90,AVAILABLE
BLK-01719,C09,2026-09-12,17:46,19:16,90,AVAILABLE
BLK-01720,C03,2026-09-13,13:06,13:51,45,AVAILABLE
BLK-01721,C20,2026-09-07,01:36,02:21,45,AVAILABLE
BLK-01722,C05,2026-09-06,03:16,04:46,90,AVAILABLE
BLK-01723,C18,2026-09-23,17:31,18:01,30,AVAILABLE
BLK-01724,C15,2026-09-01,03:15,05:15,120,AVAILABLE
BLK-01725,C05,2026-09-28,02:51,05:51,180,AVAILABLE
BLK-01726,C11,2026-09-11,16:42,17:42,60,AVAILABLE
BLK-01727,C03,2026-09-29,04:34,07:34,180,AVAILABLE
BLK-01728,C12,2026-09-04,06:05,06:35,30,AVAILABLE
BLK-01729,C18,2026-09-18,06:30,09:00,150,AVAILABLE
BLK-01730,C07,2026-09-10,00:31,03:31,180,AVAILABLE
BLK-01731,C03,2026-09-16,19:37,22:07,150,AVAILABLE
BLK-01732,C03,2026-09-19,10:22,11:22,60,AVAILABLE
BLK-01733,C11,2026-09-21,12:28,13:58,90,AVAILABLE
BLK-01734,C14,2026-09-24,13:15,15:15,120,AVAILABLE
BLK-01735,C13,2026-09-05,11:44,12:29,45,AVAILABLE
BLK-01736,C14,2026-09-15,03:31,04:01,30,AVAILABLE
BLK-01737,C16,2026-09-04,04:39,05:09,30,AVAILABLE
BLK-01738,C08,2026-09-10,12:31,15:01,150,AVAILABLE
BLK-01739,C16,2026-09-23,09:09,09:39,30,AVAILABLE
BLK-01740,C15,2026-09-11,12:59,13:59,60,AVAILABLE
BLK-01741,C20,2026-09-24,05:53,06:38,45,AVAILABLE
BLK-01742,C01,2026-09-02,04:27,05:12,45,AVAILABLE
BLK-01743,C10,2026-09-06,04:24,05:09,45,AVAILABLE
BLK-01744,C15,2026-09-03,13:44,15:14,90,AVAILABLE
BLK-01745,C10,2026-09-08,07:24,09:54,150,AVAILABLE
BLK-01746,C07,2026-09-24,23:40,00:40,60,AVAILABLE
BLK-01747,C03,2026-09-26,20:27,22:27,120,AVAILABLE
BLK-01748,C20,2026-09-15,21:23,23:53,150,AVAILABLE
BLK-01749,C06,2026-09-30,02:14,02:44,30,AVAILABLE
BLK-01750,C03,2026-09-11,04:33,06:33,120,AVAILABLE
BLK-01751,C06,2026-09-15,00:17,03:17,180,AVAILABLE
BLK-01752,C20,2026-09-30,23:15,01:15,120,AVAILABLE
BLK-01753,C07,2026-09-24,01:53,03:23,90,AVAILABLE
BLK-01754,C16,2026-09-14,21:31,22:31,60,AVAILABLE
BLK-01755,C05,2026-09-02,21:39,00:09,150,AVAILABLE
BLK-01756,C04,2026-09-24,03:11,04:41,90,AVAILABLE
BLK-01757,C08,2026-09-03,01:22,01:52,30,AVAILABLE
BLK-01758,C02,2026-09-20,03:54,04:24,30,AVAILABLE
BLK-01759,C09,2026-09-13,01:13,01:43,30,AVAILABLE
BLK-01760,C11,2026-09-06,22:07,22:37,30,AVAILABLE
BLK-01761,C10,2026-09-19,11:37,14:37,180,AVAILABLE
BLK-01762,C13,2026-09-29,14:15,16:15,120,AVAILABLE
BLK-01763,C13,2026-09-23,11:49,12:19,30,AVAILABLE
BLK-01764,C01,2026-09-07,18:42,21:42,180,AVAILABLE
BLK-01765,C20,2026-09-12,07:11,08:41,90,AVAILABLE
BLK-01766,C06,2026-09-05,15:40,18:40,180,AVAILABLE
BLK-01767,C17,2026-09-08,19:34,20:19,45,AVAILABLE
BLK-01768,C20,2026-09-01,05:41,06:41,60,AVAILABLE
BLK-01769,C07,2026-09-06,10:29,11:29,60,AVAILABLE
BLK-01770,C17,2026-09-18,18:34,21:34,180,AVAILABLE
BLK-01771,C01,2026-09-16,13:58,15:58,120,AVAILABLE
BLK-01772,C14,2026-09-12,15:47,17:17,90,AVAILABLE
BLK-01773,C13,2026-09-11,10:38,11:23,45,AVAILABLE
BLK-01774,C19,2026-09-12,20:20,21:05,45,AVAILABLE
BLK-01775,C18,2026-09-19,03:24,04:24,60,AVAILABLE
BLK-01776,C14,2026-09-08,02:29,03:14,45,AVAILABLE
BLK-01777,C10,2026-09-11,23:20,00:05,45,AVAILABLE
BLK-01778,C09,2026-09-15,08:55,10:55,120,AVAILABLE
BLK-01779,C03,2026-09-03,13:51,14:21,30,AVAILABLE
BLK-01780,C17,2026-09-09,23:10,02:10,180,AVAILABLE
BLK-01781,C15,2026-09-18,23:14,23:44,30,AVAILABLE
BLK-01782,C18,2026-09-06,04:56,05:41,45,AVAILABLE
BLK-01783,C07,2026-09-21,09:05,11:35,150,AVAILABLE
BLK-01784,C09,2026-09-21,19:33,22:33,180,AVAILABLE
BLK-01785,C10,2026-09-09,15:29,18:29,180,AVAILABLE
BLK-01786,C10,2026-09-18,10:22,12:22,120,AVAILABLE
BLK-01787,C12,2026-09-26,22:41,00:11,90,AVAILABLE
BLK-01788,C20,2026-09-26,10:35,11:35,60,AVAILABLE
BLK-01789,C11,2026-09-03,23:52,00:52,60,AVAILABLE
BLK-01790,C06,2026-09-04,21:28,22:28,60,AVAILABLE
BLK-01791,C15,2026-09-05,21:11,23:41,150,AVAILABLE
BLK-01792,C19,2026-09-03,08:45,09:30,45,AVAILABLE
BLK-01793,C13,2026-09-23,01:53,03:23,90,AVAILABLE
BLK-01794,C03,2026-09-08,06:55,09:55,180,AVAILABLE
BLK-01795,C19,2026-09-03,09:12,09:57,45,AVAILABLE
BLK-01796,C18,2026-09-05,15:02,16:32,90,AVAILABLE
BLK-01797,C10,2026-09-22,13:32,14:02,30,AVAILABLE
BLK-01798,C05,2026-09-07,20:31,21:31,60,AVAILABLE
BLK-01799,C11,2026-09-09,12:31,15:01,150,AVAILABLE
BLK-01800,C05,2026-09-29,11:26,13:56,150,AVAILABLE
BLK-01801,C19,2026-09-25,03:48,06:48,180,AVAILABLE
BLK-01802,C07,2026-09-15,05:53,08:53,180,AVAILABLE
BLK-01803,C01,2026-09-27,14:06,17:06,180,AVAILABLE
BLK-01804,C15,2026-09-15,21:47,00:47,180,AVAILABLE
BLK-01805,C07,2026-09-02,21:10,23:40,150,AVAILABLE
BLK-01806,C15,2026-09-18,00:54,01:39,45,AVAILABLE
BLK-01807,C20,2026-09-20,07:17,08:17,60,AVAILABLE
BLK-01808,C13,2026-09-18,13:29,14:14,45,AVAILABLE
BLK-01809,C02,2026-09-23,16:20,17:20,60,AVAILABLE
BLK-01810,C07,2026-09-19,03:57,06:57,180,AVAILABLE
BLK-01811,C20,2026-09-03,22:30,01:30,180,AVAILABLE
BLK-01812,C19,2026-09-07,18:44,19:29,45,AVAILABLE
BLK-01813,C17,2026-09-30,23:20,01:20,120,AVAILABLE
BLK-01814,C03,2026-09-17,07:11,09:41,150,AVAILABLE
BLK-01815,C11,2026-09-01,15:06,15:51,45,AVAILABLE
BLK-01816,C20,2026-09-17,10:21,12:21,120,AVAILABLE
BLK-01817,C11,2026-09-11,00:22,01:22,60,AVAILABLE
BLK-01818,C02,2026-09-13,17:23,17:53,30,AVAILABLE
BLK-01819,C12,2026-09-04,23:22,23:52,30,AVAILABLE
BLK-01820,C09,2026-09-14,04:32,06:02,90,AVAILABLE
BLK-01821,C17,2026-09-11,13:29,16:29,180,AVAILABLE
BLK-01822,C14,2026-09-06,02:26,03:56,90,AVAILABLE
BLK-01823,C13,2026-09-30,05:31,08:01,150,AVAILABLE
BLK-01824,C15,2026-09-29,06:02,07:02,60,AVAILABLE
BLK-01825,C08,2026-09-27,17:15,20:15,180,AVAILABLE
BLK-01826,C04,2026-09-29,10:24,11:24,60,AVAILABLE
BLK-01827,C12,2026-09-14,11:58,12:28,30,AVAILABLE
BLK-01828,C09,2026-09-19,20:33,22:03,90,AVAILABLE
BLK-01829,C11,2026-09-07,22:11,22:41,30,AVAILABLE
BLK-01830,C03,2026-09-10,08:51,10:21,90,AVAILABLE
BLK-01831,C07,2026-09-08,18:34,19:34,60,AVAILABLE
BLK-01832,C11,2026-09-11,09:41,10:41,60,AVAILABLE
BLK-01833,C01,2026-09-03,04:16,06:46,150,AVAILABLE
BLK-01834,C05,2026-09-05,02:30,04:30,120,AVAILABLE
BLK-01835,C17,2026-09-21,17:09,18:09,60,AVAILABLE
BLK-01836,C18,2026-09-04,06:58,07:28,30,AVAILABLE
BLK-01837,C05,2026-09-02,12:12,14:12,120,AVAILABLE
BLK-01838,C08,2026-09-02,18:53,20:53,120,AVAILABLE
BLK-01839,C17,2026-09-20,07:59,08:29,30,AVAILABLE
BLK-01840,C19,2026-09-23,05:11,07:41,150,AVAILABLE
BLK-01841,C06,2026-09-05,01:21,02:06,45,AVAILABLE
BLK-01842,C10,2026-09-29,02:21,05:21,180,AVAILABLE
BLK-01843,C16,2026-09-14,13:54,16:54,180,AVAILABLE
BLK-01844,C19,2026-09-15,01:33,04:33,180,AVAILABLE
BLK-01845,C13,2026-09-28,18:06,18:51,45,AVAILABLE
BLK-01846,C18,2026-09-06,18:51,19:36,45,AVAILABLE
BLK-01847,C13,2026-09-23,13:57,15:27,90,AVAILABLE
BLK-01848,C10,2026-09-02,23:20,23:50,30,AVAILABLE
BLK-01849,C01,2026-09-20,22:38,00:08,90,AVAILABLE
BLK-01850,C16,2026-09-08,11:11,13:41,150,AVAILABLE
BLK-01851,C10,2026-09-19,22:28,23:58,90,AVAILABLE
BLK-01852,C06,2026-09-12,22:43,01:43,180,AVAILABLE
BLK-01853,C20,2026-09-12,20:10,20:40,30,AVAILABLE
BLK-01854,C04,2026-09-05,03:05,03:50,45,AVAILABLE
BLK-01855,C12,2026-09-11,06:26,06:56,30,AVAILABLE
BLK-01856,C04,2026-09-06,11:32,12:17,45,AVAILABLE
BLK-01857,C09,2026-09-22,06:46,08:16,90,AVAILABLE
BLK-01858,C09,2026-09-13,14:39,16:39,120,AVAILABLE
BLK-01859,C08,2026-09-15,02:06,03:36,90,AVAILABLE
BLK-01860,C16,2026-09-21,11:12,12:42,90,AVAILABLE
BLK-01861,C10,2026-09-10,00:46,01:31,45,AVAILABLE
BLK-01862,C03,2026-09-09,17:34,18:19,45,AVAILABLE
BLK-01863,C06,2026-09-04,02:31,04:31,120,AVAILABLE
BLK-01864,C09,2026-09-30,11:16,14:16,180,AVAILABLE
BLK-01865,C16,2026-09-06,00:38,03:38,180,AVAILABLE
BLK-01866,C12,2026-09-12,10:55,11:40,45,AVAILABLE
BLK-01867,C06,2026-09-04,13:32,16:32,180,AVAILABLE
BLK-01868,C18,2026-09-27,11:04,14:04,180,AVAILABLE
BLK-01869,C12,2026-09-11,00:01,00:46,45,AVAILABLE
BLK-01870,C13,2026-09-27,20:20,21:20,60,AVAILABLE
BLK-01871,C12,2026-09-01,12:02,14:02,120,AVAILABLE
BLK-01872,C07,2026-09-24,13:22,13:52,30,AVAILABLE
BLK-01873,C15,2026-09-06,05:04,07:04,120,AVAILABLE
BLK-01874,C17,2026-09-10,19:44,21:44,120,AVAILABLE
BLK-01875,C07,2026-09-19,05:06,08:06,180,AVAILABLE
BLK-01876,C18,2026-09-21,19:04,21:34,150,AVAILABLE
BLK-01877,C14,2026-09-29,13:14,15:14,120,AVAILABLE
BLK-01878,C19,2026-09-17,00:29,00:59,30,AVAILABLE
BLK-01879,C01,2026-09-13,21:35,00:05,150,AVAILABLE
BLK-01880,C11,2026-09-25,06:08,08:08,120,AVAILABLE
BLK-01881,C12,2026-09-10,10:38,13:08,150,AVAILABLE
BLK-01882,C07,2026-09-02,10:43,11:28,45,AVAILABLE
BLK-01883,C07,2026-09-24,14:30,15:00,30,AVAILABLE
BLK-01884,C09,2026-09-28,03:15,04:45,90,AVAILABLE
BLK-01885,C08,2026-09-21,15:11,15:41,30,AVAILABLE
BLK-01886,C15,2026-09-21,05:31,07:01,90,AVAILABLE
BLK-01887,C09,2026-09-23,04:45,05:15,30,AVAILABLE
BLK-01888,C02,2026-09-28,22:29,01:29,180,AVAILABLE
BLK-01889,C12,2026-09-02,06:15,08:45,150,AVAILABLE
BLK-01890,C20,2026-09-10,00:09,01:39,90,AVAILABLE
BLK-01891,C19,2026-09-20,07:44,09:44,120,AVAILABLE
BLK-01892,C15,2026-09-16,19:08,21:08,120,AVAILABLE
BLK-01893,C03,2026-09-02,08:57,10:57,120,AVAILABLE
BLK-01894,C12,2026-09-19,03:25,04:25,60,AVAILABLE
BLK-01895,C20,2026-09-01,12:14,15:14,180,AVAILABLE
BLK-01896,C09,2026-09-06,10:06,12:06,120,AVAILABLE
BLK-01897,C15,2026-09-17,09:38,12:08,150,AVAILABLE
BLK-01898,C02,2026-09-10,03:34,06:34,180,AVAILABLE
BLK-01899,C10,2026-09-16,03:33,04:33,60,AVAILABLE
BLK-01900,C01,2026-09-22,17:29,20:29,180,AVAILABLE
BLK-01901,C17,2026-09-15,16:39,19:39,180,AVAILABLE
BLK-01902,C19,2026-09-25,11:55,14:55,180,AVAILABLE
BLK-01903,C03,2026-09-11,23:49,01:19,90,AVAILABLE
BLK-01904,C20,2026-09-19,05:28,06:13,45,AVAILABLE
BLK-01905,C19,2026-09-04,22:02,22:47,45,AVAILABLE
BLK-01906,C15,2026-09-21,19:52,20:22,30,AVAILABLE
BLK-01907,C03,2026-09-13,18:55,20:55,120,AVAILABLE
BLK-01908,C10,2026-09-22,00:28,01:28,60,AVAILABLE
BLK-01909,C16,2026-09-28,13:46,16:16,150,AVAILABLE
BLK-01910,C08,2026-09-08,00:23,03:23,180,AVAILABLE
BLK-01911,C20,2026-09-23,19:51,20:51,60,AVAILABLE
BLK-01912,C16,2026-09-25,21:53,23:53,120,AVAILABLE
BLK-01913,C04,2026-09-10,03:29,04:29,60,AVAILABLE
BLK-01914,C19,2026-09-06,17:06,18:06,60,AVAILABLE
BLK-01915,C05,2026-09-15,12:58,14:28,90,AVAILABLE
BLK-01916,C15,2026-09-09,03:29,04:59,90,AVAILABLE
BLK-01917,C11,2026-09-08,15:10,16:10,60,AVAILABLE
BLK-01918,C14,2026-09-24,12:48,15:48,180,AVAILABLE
BLK-01919,C15,2026-09-18,11:43,14:43,180,AVAILABLE
BLK-01920,C14,2026-09-07,23:20,00:50,90,AVAILABLE
BLK-01921,C04,2026-09-13,10:07,10:52,45,AVAILABLE
BLK-01922,C13,2026-09-03,22:17,00:47,150,AVAILABLE
BLK-01923,C04,2026-09-04,13:49,16:49,180,AVAILABLE
BLK-01924,C17,2026-09-12,20:03,23:03,180,AVAILABLE
BLK-01925,C12,2026-09-29,04:43,05:43,60,AVAILABLE
BLK-01926,C03,2026-09-29,16:52,17:22,30,AVAILABLE
BLK-01927,C14,2026-09-17,16:51,17:51,60,AVAILABLE
BLK-01928,C16,2026-09-18,05:35,06:35,60,AVAILABLE
BLK-01929,C14,2026-09-21,08:27,09:27,60,AVAILABLE
BLK-01930,C07,2026-09-06,11:04,11:34,30,AVAILABLE
BLK-01931,C01,2026-09-04,02:47,03:17,30,AVAILABLE
BLK-01932,C06,2026-09-22,19:00,21:00,120,AVAILABLE
BLK-01933,C07,2026-09-23,04:00,07:00,180,AVAILABLE
BLK-01934,C09,2026-09-19,22:45,01:45,180,AVAILABLE
BLK-01935,C03,2026-09-09,02:36,03:06,30,AVAILABLE
BLK-01936,C03,2026-09-03,04:24,04:54,30,AVAILABLE
BLK-01937,C03,2026-09-21,15:28,18:28,180,AVAILABLE
BLK-01938,C10,2026-09-15,08:48,11:18,150,AVAILABLE
BLK-01939,C18,2026-09-03,10:41,13:11,150,AVAILABLE
BLK-01940,C16,2026-09-19,14:53,15:23,30,AVAILABLE
BLK-01941,C19,2026-09-28,09:21,10:06,45,AVAILABLE
BLK-01942,C07,2026-09-25,17:05,17:35,30,AVAILABLE
BLK-01943,C06,2026-09-24,02:18,03:03,45,AVAILABLE
BLK-01944,C09,2026-09-11,23:40,01:40,120,AVAILABLE
BLK-01945,C05,2026-09-09,16:18,18:48,150,AVAILABLE
BLK-01946,C01,2026-09-17,00:51,03:21,150,AVAILABLE
BLK-01947,C16,2026-09-02,19:57,20:42,45,AVAILABLE
BLK-01948,C15,2026-09-17,21:58,00:58,180,AVAILABLE
BLK-01949,C12,2026-09-15,09:11,11:41,150,AVAILABLE
BLK-01950,C07,2026-09-14,23:41,00:41,60,AVAILABLE
BLK-01951,C06,2026-09-11,09:22,10:07,45,AVAILABLE
BLK-01952,C10,2026-09-22,15:45,16:15,30,AVAILABLE
BLK-01953,C06,2026-09-13,21:19,21:49,30,AVAILABLE
BLK-01954,C11,2026-09-27,22:34,23:34,60,AVAILABLE
BLK-01955,C13,2026-09-13,14:53,16:53,120,AVAILABLE
BLK-01956,C05,2026-09-30,00:03,01:33,90,AVAILABLE
BLK-01957,C06,2026-09-19,15:40,16:25,45,AVAILABLE
BLK-01958,C05,2026-09-26,08:02,10:32,150,AVAILABLE
BLK-01959,C04,2026-09-24,17:51,20:21,150,AVAILABLE
BLK-01960,C15,2026-09-01,17:21,18:51,90,AVAILABLE
BLK-01961,C08,2026-09-07,10:19,13:19,180,AVAILABLE
BLK-01962,C09,2026-09-12,07:52,09:52,120,AVAILABLE
BLK-01963,C15,2026-09-12,01:35,03:35,120,AVAILABLE
BLK-01964,C06,2026-09-19,22:19,22:49,30,AVAILABLE
BLK-01965,C07,2026-09-17,10:59,12:29,90,AVAILABLE
BLK-01966,C20,2026-09-17,01:34,02:19,45,AVAILABLE
BLK-01967,C18,2026-09-10,09:30,10:00,30,AVAILABLE
BLK-01968,C05,2026-09-15,17:39,18:24,45,AVAILABLE
BLK-01969,C14,2026-09-23,04:30,07:00,150,AVAILABLE
BLK-01970,C13,2026-09-18,09:25,11:25,120,AVAILABLE
BLK-01971,C10,2026-09-04,23:22,01:52,150,AVAILABLE
BLK-01972,C10,2026-09-26,15:37,17:37,120,AVAILABLE
BLK-01973,C02,2026-09-09,09:46,11:16,90,AVAILABLE
BLK-01974,C11,2026-09-03,11:49,12:34,45,AVAILABLE
BLK-01975,C16,2026-09-21,20:40,21:25,45,AVAILABLE
BLK-01976,C13,2026-09-29,21:46,22:16,30,AVAILABLE
BLK-01977,C14,2026-09-01,18:25,21:25,180,AVAILABLE
BLK-01978,C05,2026-09-08,23:19,01:19,120,AVAILABLE
BLK-01979,C05,2026-09-01,23:18,23:48,30,AVAILABLE
BLK-01980,C01,2026-09-22,21:43,22:28,45,AVAILABLE
BLK-01981,C20,2026-09-16,18:18,18:48,30,AVAILABLE
BLK-01982,C14,2026-09-21,16:26,18:56,150,AVAILABLE
BLK-01983,C18,2026-09-05,21:21,22:21,60,AVAILABLE
BLK-01984,C14,2026-09-11,21:33,22:33,60,AVAILABLE
BLK-01985,C07,2026-09-01,20:48,21:33,45,AVAILABLE
BLK-01986,C05,2026-09-06,05:48,06:18,30,AVAILABLE
BLK-01987,C05,2026-09-17,18:41,19:11,30,AVAILABLE
BLK-01988,C13,2026-09-20,00:42,01:27,45,AVAILABLE
BLK-01989,C11,2026-09-27,18:18,21:18,180,AVAILABLE
BLK-01990,C07,2026-09-25,05:57,08:27,150,AVAILABLE
BLK-01991,C05,2026-09-08,05:40,07:10,90,AVAILABLE
BLK-01992,C05,2026-09-08,10:24,11:24,60,AVAILABLE
BLK-01993,C05,2026-09-09,02:26,05:26,180,AVAILABLE
BLK-01994,C13,2026-09-28,01:58,03:58,120,AVAILABLE
BLK-01995,C07,2026-09-18,17:55,20:25,150,AVAILABLE
BLK-01996,C03,2026-09-09,18:32,20:32,120,AVAILABLE
BLK-01997,C20,2026-09-09,18:29,20:59,150,AVAILABLE
BLK-01998,C06,2026-09-22,05:36,06:21,45,AVAILABLE
BLK-01999,C07,2026-09-05,06:01,08:01,120,AVAILABLE
BLK-02000,C10,2026-09-14,13:29,13:59,30,AVAILABLE
BLK-02001,C20,2026-09-19,19:21,20:51,90,AVAILABLE
BLK-02002,C03,2026-09-02,17:21,19:51,150,AVAILABLE
BLK-02003,C04,2026-09-25,17:22,18:52,90,AVAILABLE
BLK-02004,C07,2026-09-05,03:47,04:32,45,AVAILABLE
BLK-02005,C08,2026-09-15,23:38,00:38,60,AVAILABLE
BLK-02006,C06,2026-09-03,08:52,09:52,60,AVAILABLE
BLK-02007,C12,2026-09-27,10:18,11:18,60,AVAILABLE
BLK-02008,C15,2026-09-05,05:16,06:46,90,AVAILABLE
BLK-02009,C01,2026-09-23,01:45,04:45,180,AVAILABLE
BLK-02010,C09,2026-09-17,20:50,23:20,150,AVAILABLE
BLK-02011,C20,2026-09-16,08:59,11:59,180,AVAILABLE
BLK-02012,C09,2026-09-06,05:58,08:28,150,AVAILABLE
BLK-02013,C11,2026-09-20,23:18,02:18,180,AVAILABLE
BLK-02014,C15,2026-09-07,01:05,01:50,45,AVAILABLE
BLK-02015,C16,2026-09-09,17:34,20:34,180,AVAILABLE
BLK-02016,C12,2026-09-21,01:46,03:46,120,AVAILABLE
BLK-02017,C07,2026-09-26,14:56,17:56,180,AVAILABLE
BLK-02018,C09,2026-09-28,07:35,08:20,45,AVAILABLE
BLK-02019,C02,2026-09-25,01:46,03:16,90,AVAILABLE
BLK-02020,C01,2026-09-27,22:07,01:07,180,AVAILABLE
BLK-02021,C18,2026-09-08,00:04,02:34,150,AVAILABLE
BLK-02022,C15,2026-09-16,08:18,09:48,90,AVAILABLE
BLK-02023,C13,2026-09-16,12:24,14:24,120,AVAILABLE
BLK-02024,C12,2026-09-19,17:42,19:12,90,AVAILABLE
BLK-02025,C16,2026-09-03,10:49,12:19,90,AVAILABLE
BLK-02026,C08,2026-09-08,07:56,08:56,60,AVAILABLE
BLK-02027,C08,2026-09-17,07:13,08:43,90,AVAILABLE
BLK-02028,C19,2026-09-02,06:17,07:02,45,AVAILABLE
BLK-02029,C18,2026-09-24,20:12,21:12,60,AVAILABLE
BLK-02030,C02,2026-09-11,14:54,16:54,120,AVAILABLE
BLK-02031,C10,2026-09-22,15:39,17:09,90,AVAILABLE
BLK-02032,C04,2026-09-20,05:45,07:15,90,AVAILABLE
BLK-02033,C17,2026-09-04,05:14,07:44,150,AVAILABLE
BLK-02034,C02,2026-09-15,20:40,23:10,150,AVAILABLE
BLK-02035,C13,2026-09-05,09:33,11:33,120,AVAILABLE
BLK-02036,C02,2026-09-29,19:36,22:36,180,AVAILABLE
BLK-02037,C20,2026-09-12,05:24,06:09,45,AVAILABLE
BLK-02038,C09,2026-09-22,04:32,07:32,180,AVAILABLE
BLK-02039,C15,2026-09-11,14:33,15:03,30,AVAILABLE
BLK-02040,C15,2026-09-23,08:22,09:52,90,AVAILABLE
BLK-02041,C05,2026-09-02,02:41,04:11,90,AVAILABLE
BLK-02042,C01,2026-09-03,03:50,05:20,90,AVAILABLE
BLK-02043,C11,2026-09-21,11:16,12:16,60,AVAILABLE
BLK-02044,C13,2026-09-15,15:41,18:41,180,AVAILABLE
BLK-02045,C10,2026-09-16,08:27,09:27,60,AVAILABLE
BLK-02046,C04,2026-09-02,14:17,15:47,90,AVAILABLE
BLK-02047,C10,2026-09-28,10:08,11:08,60,AVAILABLE
BLK-02048,C20,2026-09-26,20:40,23:40,180,AVAILABLE
BLK-02049,C17,2026-09-19,01:26,04:26,180,AVAILABLE
BLK-02050,C16,2026-09-04,23:55,01:25,90,AVAILABLE
BLK-02051,C16,2026-09-21,16:46,18:46,120,AVAILABLE
BLK-02052,C17,2026-09-02,08:01,08:31,30,AVAILABLE
BLK-02053,C06,2026-09-10,19:38,22:38,180,AVAILABLE
BLK-02054,C05,2026-09-08,23:01,01:31,150,AVAILABLE
BLK-02055,C01,2026-09-30,00:19,02:19,120,AVAILABLE
BLK-02056,C07,2026-09-08,10:19,10:49,30,AVAILABLE
BLK-02057,C18,2026-09-16,04:06,07:06,180,AVAILABLE
BLK-02058,C11,2026-09-23,10:40,13:40,180,AVAILABLE
BLK-02059,C01,2026-09-26,06:41,08:41,120,AVAILABLE
BLK-02060,C07,2026-09-02,07:50,09:50,120,AVAILABLE
BLK-02061,C01,2026-09-07,12:36,13:36,60,AVAILABLE
BLK-02062,C07,2026-09-04,08:30,10:00,90,AVAILABLE
BLK-02063,C08,2026-09-04,05:09,07:39,150,AVAILABLE
BLK-02064,C19,2026-09-12,23:42,00:12,30,AVAILABLE
BLK-02065,C09,2026-09-18,17:34,20:04,150,AVAILABLE
BLK-02066,C18,2026-09-04,21:02,23:02,120,AVAILABLE
BLK-02067,C16,2026-09-23,12:27,14:27,120,AVAILABLE
BLK-02068,C19,2026-09-15,07:47,08:32,45,AVAILABLE
BLK-02069,C06,2026-09-21,19:54,20:39,45,AVAILABLE
BLK-02070,C16,2026-09-17,01:19,03:19,120,AVAILABLE
BLK-02071,C19,2026-09-05,17:48,18:33,45,AVAILABLE
BLK-02072,C19,2026-09-28,18:24,19:54,90,AVAILABLE
BLK-02073,C07,2026-09-28,19:43,20:13,30,AVAILABLE
BLK-02074,C02,2026-09-14,06:05,06:35,30,AVAILABLE
BLK-02075,C09,2026-09-14,15:42,17:42,120,AVAILABLE
BLK-02076,C14,2026-09-30,06:42,07:12,30,AVAILABLE
BLK-02077,C08,2026-09-18,02:10,05:10,180,AVAILABLE
BLK-02078,C13,2026-09-19,02:18,04:18,120,AVAILABLE
BLK-02079,C09,2026-09-18,13:24,14:54,90,AVAILABLE
BLK-02080,C02,2026-09-15,22:09,23:39,90,AVAILABLE
BLK-02081,C20,2026-09-18,13:53,16:53,180,AVAILABLE
BLK-02082,C09,2026-09-09,09:21,11:21,120,AVAILABLE
BLK-02083,C03,2026-09-04,18:37,19:37,60,AVAILABLE
BLK-02084,C03,2026-09-02,03:36,04:36,60,AVAILABLE
BLK-02085,C09,2026-09-22,05:40,07:10,90,AVAILABLE
BLK-02086,C06,2026-09-11,11:24,12:54,90,AVAILABLE
BLK-02087,C08,2026-09-01,03:29,05:29,120,AVAILABLE
BLK-02088,C02,2026-09-17,16:52,17:37,45,AVAILABLE
BLK-02089,C11,2026-09-17,10:17,11:02,45,AVAILABLE
BLK-02090,C08,2026-09-01,04:28,05:13,45,AVAILABLE
BLK-02091,C16,2026-09-30,06:08,07:38,90,AVAILABLE
BLK-02092,C12,2026-09-06,03:54,06:24,150,AVAILABLE
BLK-02093,C12,2026-09-27,05:44,07:14,90,AVAILABLE
BLK-02094,C05,2026-09-08,02:21,05:21,180,AVAILABLE
BLK-02095,C04,2026-09-23,09:05,09:50,45,AVAILABLE
BLK-02096,C10,2026-09-03,13:10,14:40,90,AVAILABLE
BLK-02097,C08,2026-09-18,05:24,06:54,90,AVAILABLE
BLK-02098,C15,2026-09-15,12:28,15:28,180,AVAILABLE
BLK-02099,C19,2026-09-15,04:30,06:00,90,AVAILABLE
BLK-02100,C15,2026-09-15,03:44,06:14,150,AVAILABLE
BLK-02101,C19,2026-09-17,23:54,00:54,60,AVAILABLE
BLK-02102,C14,2026-09-01,12:01,12:46,45,AVAILABLE
BLK-02103,C10,2026-09-13,11:18,13:48,150,AVAILABLE
BLK-02104,C15,2026-09-10,02:04,04:04,120,AVAILABLE
BLK-02105,C13,2026-09-26,18:22,19:07,45,AVAILABLE
BLK-02106,C09,2026-09-23,22:04,00:04,120,AVAILABLE
BLK-02107,C14,2026-09-26,21:21,23:21,120,AVAILABLE
BLK-02108,C17,2026-09-16,03:12,04:42,90,AVAILABLE
BLK-02109,C10,2026-09-25,13:40,16:40,180,AVAILABLE
BLK-02110,C06,2026-09-20,04:17,06:17,120,AVAILABLE
BLK-02111,C03,2026-09-25,16:58,18:28,90,AVAILABLE
BLK-02112,C07,2026-09-13,00:39,01:39,60,AVAILABLE
BLK-02113,C08,2026-09-25,20:22,20:52,30,AVAILABLE
BLK-02114,C18,2026-09-30,02:11,02:41,30,AVAILABLE
BLK-02115,C01,2026-09-01,01:05,02:35,90,AVAILABLE
BLK-02116,C16,2026-09-18,08:04,08:34,30,AVAILABLE
BLK-02117,C17,2026-09-27,05:20,07:50,150,AVAILABLE
BLK-02118,C14,2026-09-07,16:16,18:46,150,AVAILABLE
BLK-02119,C09,2026-09-03,20:01,22:01,120,AVAILABLE
BLK-02120,C16,2026-09-22,01:37,02:22,45,AVAILABLE
BLK-02121,C06,2026-09-06,10:50,11:20,30,AVAILABLE
BLK-02122,C17,2026-09-03,21:18,22:03,45,AVAILABLE
BLK-02123,C08,2026-09-20,23:00,23:45,45,AVAILABLE
BLK-02124,C06,2026-09-16,08:48,11:18,150,AVAILABLE
BLK-02125,C10,2026-09-28,12:36,13:36,60,AVAILABLE
BLK-02126,C12,2026-09-24,09:40,12:40,180,AVAILABLE
BLK-02127,C10,2026-09-30,16:27,17:12,45,AVAILABLE
BLK-02128,C15,2026-09-17,16:52,19:22,150,AVAILABLE
BLK-02129,C20,2026-09-27,05:57,06:57,60,AVAILABLE
BLK-02130,C10,2026-09-26,14:56,17:56,180,AVAILABLE
BLK-02131,C15,2026-09-30,02:35,04:05,90,AVAILABLE
BLK-02132,C10,2026-09-01,13:55,15:25,90,AVAILABLE
BLK-02133,C18,2026-09-13,15:20,17:20,120,AVAILABLE
BLK-02134,C19,2026-09-24,08:54,09:39,45,AVAILABLE
BLK-02135,C01,2026-09-22,12:49,13:19,30,AVAILABLE
BLK-02136,C07,2026-09-16,14:38,16:38,120,AVAILABLE
BLK-02137,C18,2026-09-28,05:38,06:23,45,AVAILABLE
BLK-02138,C15,2026-09-13,02:54,05:54,180,AVAILABLE
BLK-02139,C18,2026-09-05,10:49,13:19,150,AVAILABLE
BLK-02140,C20,2026-09-28,06:58,07:28,30,AVAILABLE
BLK-02141,C18,2026-09-16,17:40,20:40,180,AVAILABLE
BLK-02142,C16,2026-09-19,00:59,02:59,120,AVAILABLE
BLK-02143,C03,2026-09-06,17:04,17:34,30,AVAILABLE
BLK-02144,C06,2026-09-03,05:30,07:00,90,AVAILABLE
BLK-02145,C07,2026-09-11,18:57,19:27,30,AVAILABLE
BLK-02146,C12,2026-09-14,16:19,16:49,30,AVAILABLE
BLK-02147,C02,2026-09-06,13:16,14:01,45,AVAILABLE
BLK-02148,C06,2026-09-23,11:04,14:04,180,AVAILABLE
BLK-02149,C04,2026-09-20,06:49,07:34,45,AVAILABLE
BLK-02150,C11,2026-09-14,04:27,07:27,180,AVAILABLE
BLK-02151,C17,2026-09-28,09:50,10:50,60,AVAILABLE
BLK-02152,C08,2026-09-16,22:57,23:42,45,AVAILABLE
BLK-02153,C18,2026-09-06,17:04,18:04,60,AVAILABLE
BLK-02154,C01,2026-09-24,03:23,06:23,180,AVAILABLE
BLK-02155,C06,2026-09-12,23:47,00:32,45,AVAILABLE
BLK-02156,C02,2026-09-02,09:03,09:48,45,AVAILABLE
BLK-02157,C06,2026-09-02,19:12,19:42,30,AVAILABLE
BLK-02158,C18,2026-09-06,17:04,20:04,180,AVAILABLE
BLK-02159,C04,2026-09-05,09:57,11:27,90,AVAILABLE
BLK-02160,C20,2026-09-13,22:28,23:58,90,AVAILABLE
BLK-02161,C14,2026-09-30,22:33,00:03,90,AVAILABLE
BLK-02162,C17,2026-09-07,00:53,01:38,45,AVAILABLE
BLK-02163,C04,2026-09-16,05:47,07:47,120,AVAILABLE
BLK-02164,C09,2026-09-02,20:59,22:59,120,AVAILABLE
BLK-02165,C07,2026-09-29,16:13,17:13,60,AVAILABLE
BLK-02166,C03,2026-09-07,16:37,18:07,90,AVAILABLE
BLK-02167,C18,2026-09-26,08:48,10:48,120,AVAILABLE
BLK-02168,C04,2026-09-10,22:17,22:47,30,AVAILABLE
BLK-02169,C20,2026-09-24,12:59,14:29,90,AVAILABLE
BLK-02170,C19,2026-09-20,03:24,05:24,120,AVAILABLE
BLK-02171,C10,2026-09-27,11:08,11:38,30,AVAILABLE
BLK-02172,C20,2026-09-05,00:05,02:05,120,AVAILABLE
BLK-02173,C09,2026-09-20,14:33,15:33,60,AVAILABLE
BLK-02174,C08,2026-09-26,17:30,18:30,60,AVAILABLE
BLK-02175,C03,2026-09-30,19:27,20:27,60,AVAILABLE
BLK-02176,C02,2026-09-12,13:45,15:45,120,AVAILABLE
BLK-02177,C10,2026-09-25,23:19,00:19,60,AVAILABLE
BLK-02178,C19,2026-09-28,07:18,09:48,150,AVAILABLE
BLK-02179,C09,2026-09-02,03:23,03:53,30,AVAILABLE
BLK-02180,C15,2026-09-12,05:57,07:57,120,AVAILABLE
BLK-02181,C15,2026-09-23,20:45,22:45,120,AVAILABLE
BLK-02182,C16,2026-09-06,04:45,07:45,180,AVAILABLE
BLK-02183,C11,2026-09-16,22:28,00:58,150,AVAILABLE
BLK-02184,C11,2026-09-02,04:23,05:08,45,AVAILABLE
BLK-02185,C11,2026-09-20,08:28,10:58,150,AVAILABLE
BLK-02186,C04,2026-09-22,05:20,08:20,180,AVAILABLE
BLK-02187,C06,2026-09-16,05:45,06:45,60,AVAILABLE
BLK-02188,C09,2026-09-29,09:44,12:14,150,AVAILABLE
BLK-02189,C19,2026-09-26,12:29,13:29,60,AVAILABLE
BLK-02190,C01,2026-09-08,23:14,23:44,30,AVAILABLE
BLK-02191,C15,2026-09-19,10:49,12:49,120,AVAILABLE
BLK-02192,C05,2026-09-11,08:34,11:34,180,AVAILABLE
BLK-02193,C14,2026-09-16,15:01,15:46,45,AVAILABLE
BLK-02194,C08,2026-09-20,12:48,14:18,90,AVAILABLE
BLK-02195,C16,2026-09-17,06:31,08:31,120,AVAILABLE
BLK-02196,C01,2026-09-15,10:54,11:24,30,AVAILABLE
BLK-02197,C14,2026-09-07,18:33,19:03,30,AVAILABLE
BLK-02198,C13,2026-09-14,06:10,07:40,90,AVAILABLE
BLK-02199,C16,2026-09-20,10:12,10:42,30,AVAILABLE
BLK-02200,C20,2026-09-23,19:44,22:44,180,AVAILABLE
BLK-02201,C02,2026-09-15,07:07,08:37,90,AVAILABLE
BLK-02202,C05,2026-09-06,21:04,23:34,150,AVAILABLE
BLK-02203,C04,2026-09-16,13:19,14:19,60,AVAILABLE
BLK-02204,C18,2026-09-01,07:25,08:55,90,AVAILABLE
BLK-02205,C03,2026-09-10,21:39,00:09,150,AVAILABLE
BLK-02206,C12,2026-09-10,08:33,09:03,30,AVAILABLE
BLK-02207,C06,2026-09-20,02:43,04:43,120,AVAILABLE
BLK-02208,C12,2026-09-13,11:21,11:51,30,AVAILABLE
BLK-02209,C11,2026-09-24,17:50,18:50,60,AVAILABLE
BLK-02210,C18,2026-09-10,02:25,04:55,150,AVAILABLE
BLK-02211,C09,2026-09-19,06:07,09:07,180,AVAILABLE
BLK-02212,C05,2026-09-18,07:38,10:38,180,AVAILABLE
BLK-02213,C11,2026-09-23,13:42,14:12,30,AVAILABLE
BLK-02214,C05,2026-09-05,20:15,21:00,45,AVAILABLE
BLK-02215,C12,2026-09-29,02:11,02:41,30,AVAILABLE
BLK-02216,C16,2026-09-25,10:14,12:14,120,AVAILABLE
BLK-02217,C13,2026-09-07,14:10,16:10,120,AVAILABLE
BLK-02218,C08,2026-09-30,18:26,20:56,150,AVAILABLE
BLK-02219,C02,2026-09-12,18:23,19:23,60,AVAILABLE
BLK-02220,C13,2026-09-02,16:11,16:41,30,AVAILABLE
BLK-02221,C09,2026-09-08,11:30,14:00,150,AVAILABLE
BLK-02222,C04,2026-09-16,12:47,14:47,120,AVAILABLE
BLK-02223,C07,2026-09-03,14:56,15:41,45,AVAILABLE
BLK-02224,C14,2026-09-30,02:14,02:44,30,AVAILABLE
BLK-02225,C18,2026-09-22,08:58,09:58,60,AVAILABLE
BLK-02226,C13,2026-09-07,22:00,22:30,30,AVAILABLE
BLK-02227,C09,2026-09-15,23:17,01:17,120,AVAILABLE
BLK-02228,C13,2026-09-04,06:07,07:37,90,AVAILABLE
BLK-02229,C11,2026-09-02,18:00,20:00,120,AVAILABLE
BLK-02230,C20,2026-09-20,16:36,17:36,60,AVAILABLE
BLK-02231,C11,2026-09-17,10:55,11:40,45,AVAILABLE
BLK-02232,C16,2026-09-19,20:31,23:01,150,AVAILABLE
BLK-02233,C16,2026-09-18,17:27,20:27,180,AVAILABLE
BLK-02234,C03,2026-09-14,14:18,16:18,120,AVAILABLE
BLK-02235,C02,2026-09-20,13:48,14:48,60,AVAILABLE
BLK-02236,C03,2026-09-04,19:36,21:36,120,AVAILABLE
BLK-02237,C17,2026-09-18,15:12,16:12,60,AVAILABLE
BLK-02238,C10,2026-09-23,16:12,16:57,45,AVAILABLE
BLK-02239,C06,2026-09-03,16:12,18:42,150,AVAILABLE
BLK-02240,C15,2026-09-17,11:01,12:01,60,AVAILABLE
BLK-02241,C11,2026-09-15,09:44,11:14,90,AVAILABLE
BLK-02242,C15,2026-09-01,13:32,14:02,30,AVAILABLE
BLK-02243,C17,2026-09-25,21:46,00:46,180,AVAILABLE
BLK-02244,C11,2026-09-24,11:34,13:34,120,AVAILABLE
BLK-02245,C17,2026-09-22,06:30,07:30,60,AVAILABLE
BLK-02246,C18,2026-09-26,12:44,15:44,180,AVAILABLE
BLK-02247,C14,2026-09-10,07:54,08:39,45,AVAILABLE
BLK-02248,C15,2026-09-23,12:27,13:27,60,AVAILABLE
BLK-02249,C03,2026-09-03,10:58,12:28,90,AVAILABLE
BLK-02250,C12,2026-09-05,16:08,17:38,90,AVAILABLE
BLK-02251,C02,2026-09-30,02:52,05:22,150,AVAILABLE
BLK-02252,C12,2026-09-27,13:04,13:49,45,AVAILABLE
BLK-02253,C13,2026-09-13,21:17,23:17,120,AVAILABLE
BLK-02254,C18,2026-09-03,18:25,18:55,30,AVAILABLE
BLK-02255,C12,2026-09-05,15:22,18:22,180,AVAILABLE
BLK-02256,C19,2026-09-05,00:54,01:24,30,AVAILABLE
BLK-02257,C18,2026-09-11,08:41,10:11,90,AVAILABLE
BLK-02258,C08,2026-09-27,03:28,04:58,90,AVAILABLE
BLK-02259,C09,2026-09-30,13:57,14:27,30,AVAILABLE
BLK-02260,C13,2026-09-22,13:42,16:12,150,AVAILABLE
BLK-02261,C10,2026-09-19,06:51,09:51,180,AVAILABLE
BLK-02262,C06,2026-09-08,16:32,17:32,60,AVAILABLE
BLK-02263,C11,2026-09-23,18:23,19:08,45,AVAILABLE
BLK-02264,C17,2026-09-17,06:52,09:22,150,AVAILABLE
BLK-02265,C08,2026-09-08,22:19,22:49,30,AVAILABLE
BLK-02266,C09,2026-09-19,08:29,10:59,150,AVAILABLE
BLK-02267,C05,2026-09-12,09:44,11:44,120,AVAILABLE
BLK-02268,C11,2026-09-30,19:43,22:13,150,AVAILABLE
BLK-02269,C06,2026-09-17,21:30,22:15,45,AVAILABLE
BLK-02270,C01,2026-09-30,13:26,14:56,90,AVAILABLE
BLK-02271,C14,2026-09-11,07:05,08:05,60,AVAILABLE
BLK-02272,C16,2026-09-20,15:18,17:48,150,AVAILABLE
BLK-02273,C03,2026-09-02,19:22,19:52,30,AVAILABLE
BLK-02274,C01,2026-09-05,18:19,18:49,30,AVAILABLE
BLK-02275,C01,2026-09-02,00:40,01:25,45,AVAILABLE
BLK-02276,C06,2026-09-24,14:16,15:46,90,AVAILABLE
BLK-02277,C14,2026-09-28,03:04,04:34,90,AVAILABLE
BLK-02278,C18,2026-09-01,17:20,19:50,150,AVAILABLE
BLK-02279,C17,2026-09-27,13:51,16:51,180,AVAILABLE
BLK-02280,C09,2026-09-10,23:41,01:41,120,AVAILABLE
BLK-02281,C19,2026-09-29,02:22,03:52,90,AVAILABLE
BLK-02282,C05,2026-09-16,23:42,01:12,90,AVAILABLE
BLK-02283,C14,2026-09-12,00:07,00:52,45,AVAILABLE
BLK-02284,C20,2026-09-25,10:04,13:04,180,AVAILABLE
BLK-02285,C06,2026-09-12,02:07,05:07,180,AVAILABLE
BLK-02286,C03,2026-09-05,04:32,07:32,180,AVAILABLE
BLK-02287,C19,2026-09-04,12:20,13:05,45,AVAILABLE
BLK-02288,C12,2026-09-07,15:34,16:34,60,AVAILABLE
BLK-02289,C19,2026-09-29,05:20,06:50,90,AVAILABLE
BLK-02290,C03,2026-09-19,15:50,18:50,180,AVAILABLE
BLK-02291,C13,2026-09-24,13:27,13:57,30,AVAILABLE
BLK-02292,C13,2026-09-06,09:51,10:36,45,AVAILABLE
BLK-02293,C20,2026-09-25,06:28,07:13,45,AVAILABLE
BLK-02294,C17,2026-09-01,03:44,06:44,180,AVAILABLE
BLK-02295,C02,2026-09-25,16:11,18:41,150,AVAILABLE
BLK-02296,C02,2026-09-04,14:58,16:28,90,AVAILABLE
BLK-02297,C10,2026-09-10,13:31,14:01,30,AVAILABLE
BLK-02298,C18,2026-09-08,10:06,12:06,120,AVAILABLE
BLK-02299,C13,2026-09-09,19:36,20:06,30,AVAILABLE
BLK-02300,C16,2026-09-24,11:02,11:32,30,AVAILABLE
BLK-02301,C15,2026-09-18,06:54,07:24,30,AVAILABLE
BLK-02302,C05,2026-09-07,07:35,08:05,30,AVAILABLE
BLK-02303,C11,2026-09-28,23:17,00:02,45,AVAILABLE
BLK-02304,C09,2026-09-20,17:01,18:31,90,AVAILABLE
BLK-02305,C06,2026-09-04,16:43,17:43,60,AVAILABLE
BLK-02306,C03,2026-09-21,01:01,04:01,180,AVAILABLE
BLK-02307,C08,2026-09-15,11:53,12:23,30,AVAILABLE
BLK-02308,C10,2026-09-04,12:57,13:57,60,AVAILABLE
BLK-02309,C18,2026-09-24,13:56,16:26,150,AVAILABLE
BLK-02310,C13,2026-09-17,23:23,01:23,120,AVAILABLE
BLK-02311,C18,2026-09-06,06:28,08:28,120,AVAILABLE
BLK-02312,C15,2026-09-22,06:34,09:04,150,AVAILABLE
BLK-02313,C05,2026-09-15,18:03,19:33,90,AVAILABLE
BLK-02314,C02,2026-09-06,17:56,18:56,60,AVAILABLE
BLK-02315,C20,2026-09-27,14:06,14:51,45,AVAILABLE
BLK-02316,C12,2026-09-12,12:08,14:38,150,AVAILABLE
BLK-02317,C01,2026-09-03,04:49,05:19,30,AVAILABLE
BLK-02318,C20,2026-09-22,19:20,22:20,180,AVAILABLE
BLK-02319,C03,2026-09-09,23:05,01:05,120,AVAILABLE
BLK-02320,C19,2026-09-12,04:24,05:24,60,AVAILABLE
BLK-02321,C07,2026-09-29,11:29,13:29,120,AVAILABLE
BLK-02322,C12,2026-09-08,00:15,00:45,30,AVAILABLE
BLK-02323,C19,2026-09-13,12:27,13:27,60,AVAILABLE
BLK-02324,C19,2026-09-24,16:39,17:09,30,AVAILABLE
BLK-02325,C11,2026-09-26,21:17,00:17,180,AVAILABLE
BLK-02326,C10,2026-09-09,12:18,14:48,150,AVAILABLE
BLK-02327,C19,2026-09-19,03:25,04:25,60,AVAILABLE
BLK-02328,C11,2026-09-05,02:24,02:54,30,AVAILABLE
BLK-02329,C05,2026-09-02,21:50,00:50,180,AVAILABLE
BLK-02330,C07,2026-09-17,18:36,21:06,150,AVAILABLE
BLK-02331,C16,2026-09-01,21:33,23:03,90,AVAILABLE
BLK-02332,C03,2026-09-08,21:40,23:10,90,AVAILABLE
BLK-02333,C01,2026-09-28,09:49,10:34,45,AVAILABLE
BLK-02334,C03,2026-09-05,03:23,06:23,180,AVAILABLE
BLK-02335,C01,2026-09-02,09:46,11:16,90,AVAILABLE
BLK-02336,C18,2026-09-16,20:46,22:16,90,AVAILABLE
BLK-02337,C12,2026-09-05,02:45,03:15,30,AVAILABLE
BLK-02338,C02,2026-09-17,09:42,11:42,120,AVAILABLE
BLK-02339,C14,2026-09-11,10:13,10:58,45,AVAILABLE
BLK-02340,C12,2026-09-22,11:18,13:48,150,AVAILABLE
BLK-02341,C14,2026-09-23,17:39,19:09,90,AVAILABLE
BLK-02342,C05,2026-09-06,05:38,07:38,120,AVAILABLE
BLK-02343,C02,2026-09-24,21:57,22:57,60,AVAILABLE
BLK-02344,C09,2026-09-10,03:13,04:43,90,AVAILABLE
BLK-02345,C03,2026-09-01,11:51,14:51,180,AVAILABLE
BLK-02346,C13,2026-09-16,07:19,09:19,120,AVAILABLE
BLK-02347,C05,2026-09-20,07:23,09:53,150,AVAILABLE
BLK-02348,C14,2026-09-25,19:34,22:34,180,AVAILABLE
BLK-02349,C02,2026-09-15,00:18,03:18,180,AVAILABLE
BLK-02350,C13,2026-09-09,23:11,01:11,120,AVAILABLE
BLK-02351,C16,2026-09-05,08:12,09:12,60,AVAILABLE
BLK-02352,C17,2026-09-25,06:24,08:24,120,AVAILABLE
BLK-02353,C19,2026-09-22,22:31,23:31,60,AVAILABLE
BLK-02354,C03,2026-09-15,12:26,14:56,150,AVAILABLE
BLK-02355,C05,2026-09-02,10:22,11:52,90,AVAILABLE
BLK-02356,C16,2026-09-01,01:21,02:21,60,AVAILABLE
BLK-02357,C17,2026-09-07,23:48,00:18,30,AVAILABLE
BLK-02358,C15,2026-09-13,04:25,05:55,90,AVAILABLE
BLK-02359,C08,2026-09-29,05:48,06:48,60,AVAILABLE
BLK-02360,C11,2026-09-07,18:38,19:23,45,AVAILABLE
BLK-02361,C15,2026-09-27,10:28,11:13,45,AVAILABLE
BLK-02362,C18,2026-09-08,05:19,07:49,150,AVAILABLE
BLK-02363,C13,2026-09-25,05:30,08:30,180,AVAILABLE
BLK-02364,C05,2026-09-11,01:59,03:29,90,AVAILABLE
BLK-02365,C07,2026-09-10,18:04,18:49,45,AVAILABLE
BLK-02366,C15,2026-09-08,23:12,01:42,150,AVAILABLE
BLK-02367,C05,2026-09-29,07:54,10:54,180,AVAILABLE
BLK-02368,C01,2026-09-03,08:52,10:22,90,AVAILABLE
BLK-02369,C09,2026-09-14,16:28,17:28,60,AVAILABLE
BLK-02370,C01,2026-09-08,18:05,18:35,30,AVAILABLE
BLK-02371,C20,2026-09-11,10:04,10:34,30,AVAILABLE
BLK-02372,C18,2026-09-11,23:43,00:28,45,AVAILABLE
BLK-02373,C02,2026-09-07,19:57,21:27,90,AVAILABLE
BLK-02374,C04,2026-09-28,01:29,04:29,180,AVAILABLE
BLK-02375,C04,2026-09-23,00:40,01:40,60,AVAILABLE
BLK-02376,C09,2026-09-07,07:26,07:56,30,AVAILABLE
BLK-02377,C12,2026-09-25,01:28,03:28,120,AVAILABLE
BLK-02378,C18,2026-09-02,19:49,21:49,120,AVAILABLE
BLK-02379,C08,2026-09-27,08:40,09:10,30,AVAILABLE
BLK-02380,C19,2026-09-27,13:57,16:27,150,AVAILABLE
BLK-02381,C01,2026-09-02,18:03,19:33,90,AVAILABLE
BLK-02382,C13,2026-09-17,09:57,12:27,150,AVAILABLE
BLK-02383,C17,2026-09-13,12:45,13:45,60,AVAILABLE
BLK-02384,C17,2026-09-22,10:20,11:05,45,AVAILABLE
BLK-02385,C06,2026-09-12,06:19,09:19,180,AVAILABLE
BLK-02386,C15,2026-09-15,13:19,15:19,120,AVAILABLE
BLK-02387,C12,2026-09-15,11:27,12:27,60,AVAILABLE
BLK-02388,C14,2026-09-27,10:00,11:00,60,AVAILABLE
BLK-02389,C05,2026-09-19,05:59,07:29,90,AVAILABLE
BLK-02390,C16,2026-09-11,00:47,01:17,30,AVAILABLE
BLK-02391,C20,2026-09-07,04:59,07:59,180,AVAILABLE
BLK-02392,C12,2026-09-05,13:55,16:55,180,AVAILABLE
BLK-02393,C15,2026-09-10,20:48,21:48,60,AVAILABLE
BLK-02394,C05,2026-09-28,06:23,09:23,180,AVAILABLE
BLK-02395,C06,2026-09-03,14:29,15:59,90,AVAILABLE
BLK-02396,C02,2026-09-20,12:07,12:52,45,AVAILABLE
BLK-02397,C07,2026-09-17,03:29,04:29,60,AVAILABLE
BLK-02398,C20,2026-09-18,15:21,15:51,30,AVAILABLE
BLK-02399,C10,2026-09-06,00:44,03:14,150,AVAILABLE
BLK-02400,C08,2026-09-22,10:51,12:21,90,AVAILABLE
BLK-02401,C16,2026-09-15,21:15,22:00,45,AVAILABLE
BLK-02402,C04,2026-09-06,08:39,09:09,30,AVAILABLE
BLK-02403,C10,2026-09-19,08:22,10:22,120,AVAILABLE
BLK-02404,C13,2026-09-23,07:16,08:46,90,AVAILABLE
BLK-02405,C05,2026-09-25,07:49,08:19,30,AVAILABLE
BLK-02406,C16,2026-09-11,21:49,22:49,60,AVAILABLE
BLK-02407,C07,2026-09-07,15:56,16:41,45,AVAILABLE
BLK-02408,C10,2026-09-30,16:29,17:59,90,AVAILABLE
BLK-02409,C14,2026-09-07,02:07,05:07,180,AVAILABLE
BLK-02410,C14,2026-09-11,18:18,19:18,60,AVAILABLE
BLK-02411,C17,2026-09-05,15:29,18:29,180,AVAILABLE
BLK-02412,C14,2026-09-12,10:14,13:14,180,AVAILABLE
BLK-02413,C13,2026-09-28,21:13,23:13,120,AVAILABLE
BLK-02414,C03,2026-09-12,23:04,01:34,150,AVAILABLE
BLK-02415,C18,2026-09-19,16:42,17:27,45,AVAILABLE
BLK-02416,C01,2026-09-21,08:21,10:51,150,AVAILABLE
BLK-02417,C16,2026-09-25,17:24,18:24,60,AVAILABLE
BLK-02418,C17,2026-09-30,03:30,04:30,60,AVAILABLE
BLK-02419,C10,2026-09-21,04:19,06:19,120,AVAILABLE
BLK-02420,C17,2026-09-28,06:48,08:18,90,AVAILABLE
BLK-02421,C18,2026-09-15,13:59,14:29,30,AVAILABLE
BLK-02422,C20,2026-09-01,15:42,16:42,60,AVAILABLE
BLK-02423,C01,2026-09-11,13:30,14:00,30,AVAILABLE
BLK-02424,C04,2026-09-30,11:50,14:50,180,AVAILABLE
BLK-02425,C12,2026-09-12,03:18,03:48,30,AVAILABLE
BLK-02426,C16,2026-09-30,10:12,13:12,180,AVAILABLE
BLK-02427,C20,2026-09-21,18:36,19:06,30,AVAILABLE
BLK-02428,C18,2026-09-17,13:42,16:42,180,AVAILABLE
BLK-02429,C20,2026-09-28,13:00,13:30,30,AVAILABLE
BLK-02430,C03,2026-09-12,18:56,20:56,120,AVAILABLE
BLK-02431,C20,2026-09-01,02:11,03:41,90,AVAILABLE
BLK-02432,C03,2026-09-24,17:09,18:39,90,AVAILABLE
BLK-02433,C05,2026-09-19,15:34,16:04,30,AVAILABLE
BLK-02434,C03,2026-09-24,06:21,07:51,90,AVAILABLE
BLK-02435,C17,2026-09-07,21:54,22:24,30,AVAILABLE
BLK-02436,C12,2026-09-25,13:51,14:36,45,AVAILABLE
BLK-02437,C09,2026-09-06,02:03,03:33,90,AVAILABLE
BLK-02438,C02,2026-09-12,21:48,22:18,30,AVAILABLE
BLK-02439,C04,2026-09-13,21:19,00:19,180,AVAILABLE
BLK-02440,C16,2026-09-14,20:49,21:19,30,AVAILABLE
BLK-02441,C11,2026-09-09,08:25,09:25,60,AVAILABLE
BLK-02442,C05,2026-09-28,13:50,15:50,120,AVAILABLE
BLK-02443,C05,2026-09-24,02:17,04:17,120,AVAILABLE
BLK-02444,C10,2026-09-23,15:16,15:46,30,AVAILABLE
BLK-02445,C19,2026-09-24,00:02,02:32,150,AVAILABLE
BLK-02446,C05,2026-09-22,08:26,09:11,45,AVAILABLE
BLK-02447,C16,2026-09-23,03:35,04:05,30,AVAILABLE
BLK-02448,C16,2026-09-26,08:24,09:09,45,AVAILABLE
BLK-02449,C11,2026-09-15,12:28,14:28,120,AVAILABLE
BLK-02450,C05,2026-09-04,06:10,06:55,45,AVAILABLE
BLK-02451,C02,2026-09-26,06:55,09:55,180,AVAILABLE
BLK-02452,C10,2026-09-17,20:55,22:55,120,AVAILABLE
BLK-02453,C02,2026-09-11,13:59,16:29,150,AVAILABLE
BLK-02454,C09,2026-09-26,06:58,07:28,30,AVAILABLE
BLK-02455,C15,2026-09-05,02:41,05:11,150,AVAILABLE
BLK-02456,C02,2026-09-21,22:19,23:19,60,AVAILABLE
BLK-02457,C13,2026-09-07,02:16,05:16,180,AVAILABLE
BLK-02458,C03,2026-09-17,23:37,01:07,90,AVAILABLE
BLK-02459,C15,2026-09-28,00:33,03:03,150,AVAILABLE
BLK-02460,C03,2026-09-19,18:20,19:50,90,AVAILABLE
BLK-02461,C18,2026-09-28,07:08,08:08,60,AVAILABLE
BLK-02462,C01,2026-09-22,10:54,11:54,60,AVAILABLE
BLK-02463,C10,2026-09-12,21:08,21:53,45,AVAILABLE
BLK-02464,C04,2026-09-18,03:38,04:23,45,AVAILABLE
BLK-02465,C04,2026-09-05,12:15,13:15,60,AVAILABLE
BLK-02466,C15,2026-09-01,19:42,21:42,120,AVAILABLE
BLK-02467,C16,2026-09-07,08:44,11:44,180,AVAILABLE
BLK-02468,C04,2026-09-08,12:12,14:42,150,AVAILABLE
BLK-02469,C01,2026-09-30,11:40,12:40,60,AVAILABLE
BLK-02470,C01,2026-09-15,14:03,15:03,60,AVAILABLE
BLK-02471,C16,2026-09-04,22:10,00:10,120,AVAILABLE
BLK-02472,C13,2026-09-23,04:26,06:56,150,AVAILABLE
BLK-02473,C19,2026-09-09,06:32,08:02,90,AVAILABLE
BLK-02474,C18,2026-09-23,03:46,04:31,45,AVAILABLE
BLK-02475,C03,2026-09-10,11:22,12:07,45,AVAILABLE
BLK-02476,C20,2026-09-10,18:52,21:22,150,AVAILABLE
BLK-02477,C01,2026-09-25,15:59,18:59,180,AVAILABLE
BLK-02478,C05,2026-09-25,00:46,03:46,180,AVAILABLE
BLK-02479,C15,2026-09-25,18:09,21:09,180,AVAILABLE
BLK-02480,C09,2026-09-24,11:50,14:20,150,AVAILABLE
BLK-02481,C17,2026-09-09,11:14,13:14,120,AVAILABLE
BLK-02482,C10,2026-09-02,06:02,06:47,45,AVAILABLE
BLK-02483,C06,2026-09-15,16:30,18:00,90,AVAILABLE
BLK-02484,C01,2026-09-05,03:16,05:16,120,AVAILABLE
BLK-02485,C02,2026-09-14,14:48,17:48,180,AVAILABLE
BLK-02486,C16,2026-09-05,11:27,12:12,45,AVAILABLE
BLK-02487,C15,2026-09-19,06:33,09:33,180,AVAILABLE
BLK-02488,C10,2026-09-09,09:15,10:15,60,AVAILABLE
BLK-02489,C04,2026-09-23,20:05,20:35,30,AVAILABLE
BLK-02490,C13,2026-09-15,16:41,17:41,60,AVAILABLE
BLK-02491,C05,2026-09-03,00:15,03:15,180,AVAILABLE
BLK-02492,C18,2026-09-07,00:30,02:00,90,AVAILABLE
BLK-02493,C07,2026-09-24,09:26,10:26,60,AVAILABLE
BLK-02494,C07,2026-09-27,16:43,17:13,30,AVAILABLE
BLK-02495,C01,2026-09-22,22:52,00:52,120,AVAILABLE
BLK-02496,C09,2026-09-06,11:19,12:49,90,AVAILABLE
BLK-02497,C12,2026-09-09,06:19,09:19,180,AVAILABLE
BLK-02498,C08,2026-09-15,08:08,09:08,60,AVAILABLE
BLK-02499,C07,2026-09-23,08:48,10:48,120,AVAILABLE
BLK-02500,C15,2026-09-05,10:37,12:37,120,AVAILABLE
BLK-02501,C14,2026-09-17,21:07,23:07,120,AVAILABLE
BLK-02502,C07,2026-09-06,05:30,06:30,60,AVAILABLE
BLK-02503,C08,2026-09-11,00:53,01:38,45,AVAILABLE
BLK-02504,C06,2026-09-15,15:13,16:13,60,AVAILABLE
BLK-02505,C13,2026-09-21,19:46,20:16,30,AVAILABLE
BLK-02506,C07,2026-09-08,17:40,18:40,60,AVAILABLE
BLK-02507,C16,2026-09-28,03:46,04:31,45,AVAILABLE
BLK-02508,C16,2026-09-29,00:19,01:19,60,AVAILABLE
BLK-02509,C17,2026-09-29,16:51,19:21,150,AVAILABLE
BLK-02510,C16,2026-09-24,11:26,12:11,45,AVAILABLE
BLK-02511,C06,2026-09-06,02:48,05:48,180,AVAILABLE
BLK-02512,C06,2026-09-24,01:32,02:02,30,AVAILABLE
BLK-02513,C10,2026-09-01,21:38,22:23,45,AVAILABLE
BLK-02514,C07,2026-09-22,09:35,10:20,45,AVAILABLE
BLK-02515,C02,2026-09-07,07:43,10:13,150,AVAILABLE
BLK-02516,C18,2026-09-16,21:51,22:36,45,AVAILABLE
BLK-02517,C18,2026-09-10,12:43,15:43,180,AVAILABLE
BLK-02518,C07,2026-09-12,01:07,04:07,180,AVAILABLE
BLK-02519,C02,2026-09-05,03:18,04:18,60,AVAILABLE
BLK-02520,C14,2026-09-08,18:32,19:17,45,AVAILABLE
BLK-02521,C13,2026-09-13,14:10,16:10,120,AVAILABLE
BLK-02522,C09,2026-09-21,06:26,07:56,90,AVAILABLE
BLK-02523,C11,2026-09-17,12:48,15:18,150,AVAILABLE
BLK-02524,C20,2026-09-30,10:22,12:22,120,AVAILABLE
BLK-02525,C03,2026-09-20,19:41,21:11,90,AVAILABLE
BLK-02526,C18,2026-09-23,10:57,13:57,180,AVAILABLE
BLK-02527,C04,2026-09-27,07:30,10:00,150,AVAILABLE
BLK-02528,C10,2026-09-10,10:45,13:15,150,AVAILABLE
BLK-02529,C11,2026-09-08,23:45,00:30,45,AVAILABLE
BLK-02530,C20,2026-09-13,16:59,18:29,90,AVAILABLE
BLK-02531,C07,2026-09-16,10:45,12:45,120,AVAILABLE
BLK-02532,C10,2026-09-28,05:19,07:19,120,AVAILABLE
BLK-02533,C07,2026-09-03,17:11,19:41,150,AVAILABLE
BLK-02534,C18,2026-09-17,22:26,23:56,90,AVAILABLE
BLK-02535,C04,2026-09-13,14:17,15:47,90,AVAILABLE
BLK-02536,C08,2026-09-08,10:13,10:58,45,AVAILABLE
BLK-02537,C17,2026-09-26,01:11,03:11,120,AVAILABLE
BLK-02538,C03,2026-09-04,11:34,12:34,60,AVAILABLE
BLK-02539,C04,2026-09-13,17:25,18:10,45,AVAILABLE
BLK-02540,C10,2026-09-20,15:51,17:21,90,AVAILABLE
BLK-02541,C01,2026-09-25,12:09,14:39,150,AVAILABLE
BLK-02542,C09,2026-09-22,19:35,20:05,30,AVAILABLE
BLK-02543,C03,2026-09-30,23:01,01:31,150,AVAILABLE
BLK-02544,C09,2026-09-29,01:04,04:04,180,AVAILABLE
BLK-02545,C14,2026-09-12,21:56,22:56,60,AVAILABLE
BLK-02546,C16,2026-09-13,12:03,12:33,30,AVAILABLE
BLK-02547,C06,2026-09-30,14:28,15:58,90,AVAILABLE
BLK-02548,C09,2026-09-20,00:35,02:05,90,AVAILABLE
BLK-02549,C12,2026-09-26,07:42,08:42,60,AVAILABLE
BLK-02550,C04,2026-09-07,17:31,18:16,45,AVAILABLE
BLK-02551,C09,2026-09-30,12:28,13:58,90,AVAILABLE
BLK-02552,C06,2026-09-27,19:17,20:02,45,AVAILABLE
BLK-02553,C08,2026-09-10,22:45,00:45,120,AVAILABLE
BLK-02554,C11,2026-09-14,11:17,11:47,30,AVAILABLE
BLK-02555,C11,2026-09-23,18:09,18:54,45,AVAILABLE
BLK-02556,C05,2026-09-23,07:17,10:17,180,AVAILABLE
BLK-02557,C02,2026-09-20,10:13,11:43,90,AVAILABLE
BLK-02558,C13,2026-09-02,11:40,13:40,120,AVAILABLE
BLK-02559,C14,2026-09-15,13:56,16:26,150,AVAILABLE
BLK-02560,C12,2026-09-22,14:46,15:16,30,AVAILABLE
BLK-02561,C06,2026-09-09,19:16,21:16,120,AVAILABLE
BLK-02562,C07,2026-09-08,10:11,11:11,60,AVAILABLE
BLK-02563,C04,2026-09-10,13:02,14:32,90,AVAILABLE
BLK-02564,C19,2026-09-27,13:07,15:07,120,AVAILABLE
BLK-02565,C07,2026-09-17,20:02,20:47,45,AVAILABLE
BLK-02566,C12,2026-09-22,05:37,08:37,180,AVAILABLE
BLK-02567,C20,2026-09-04,09:46,12:16,150,AVAILABLE
BLK-02568,C20,2026-09-08,16:09,16:54,45,AVAILABLE
BLK-02569,C11,2026-09-21,22:15,00:45,150,AVAILABLE
BLK-02570,C06,2026-09-20,01:37,03:37,120,AVAILABLE
BLK-02571,C08,2026-09-03,02:44,05:14,150,AVAILABLE
BLK-02572,C13,2026-09-23,22:30,00:30,120,AVAILABLE
BLK-02573,C14,2026-09-15,23:32,00:32,60,AVAILABLE
BLK-02574,C09,2026-09-25,15:17,17:17,120,AVAILABLE
BLK-02575,C14,2026-09-27,17:56,19:26,90,AVAILABLE
BLK-02576,C07,2026-09-05,00:06,01:36,90,AVAILABLE
BLK-02577,C03,2026-09-18,02:57,03:27,30,AVAILABLE
BLK-02578,C13,2026-09-20,08:38,09:38,60,AVAILABLE
BLK-02579,C04,2026-09-22,18:43,19:28,45,AVAILABLE
BLK-02580,C13,2026-09-25,20:34,22:04,90,AVAILABLE
BLK-02581,C03,2026-09-17,15:56,18:26,150,AVAILABLE
BLK-02582,C02,2026-09-23,03:53,04:53,60,AVAILABLE
BLK-02583,C08,2026-09-24,19:30,21:30,120,AVAILABLE
BLK-02584,C15,2026-09-09,00:42,01:42,60,AVAILABLE
BLK-02585,C09,2026-09-03,19:43,20:13,30,AVAILABLE
BLK-02586,C19,2026-09-26,19:59,21:59,120,AVAILABLE
BLK-02587,C10,2026-09-23,23:50,01:50,120,AVAILABLE
BLK-02588,C18,2026-09-21,10:52,13:22,150,AVAILABLE
BLK-02589,C04,2026-09-28,04:10,05:40,90,AVAILABLE
BLK-02590,C10,2026-09-06,13:19,13:49,30,AVAILABLE
BLK-02591,C10,2026-09-05,04:50,06:20,90,AVAILABLE
BLK-02592,C10,2026-09-01,10:07,11:07,60,AVAILABLE
BLK-02593,C03,2026-09-06,05:40,07:40,120,AVAILABLE
BLK-02594,C11,2026-09-28,17:06,19:06,120,AVAILABLE
BLK-02595,C07,2026-09-21,15:42,16:12,30,AVAILABLE
BLK-02596,C18,2026-09-04,01:41,04:11,150,AVAILABLE
BLK-02597,C08,2026-09-12,15:27,17:57,150,AVAILABLE
BLK-02598,C09,2026-09-08,02:58,04:58,120,AVAILABLE
BLK-02599,C19,2026-09-04,01:15,01:45,30,AVAILABLE
BLK-02600,C10,2026-09-21,19:52,20:37,45,AVAILABLE
BLK-02601,C09,2026-09-13,01:14,04:14,180,AVAILABLE
BLK-02602,C04,2026-09-29,05:08,07:08,120,AVAILABLE
BLK-02603,C12,2026-09-09,22:47,01:17,150,AVAILABLE
BLK-02604,C19,2026-09-19,21:50,23:20,90,AVAILABLE
BLK-02605,C06,2026-09-13,07:46,08:16,30,AVAILABLE
BLK-02606,C11,2026-09-02,17:28,17:58,30,AVAILABLE
BLK-02607,C01,2026-09-18,14:50,16:20,90,AVAILABLE
BLK-02608,C15,2026-09-27,01:48,02:48,60,AVAILABLE
BLK-02609,C05,2026-09-24,19:44,20:44,60,AVAILABLE
BLK-02610,C15,2026-09-20,00:37,01:22,45,AVAILABLE
BLK-02611,C11,2026-09-09,22:53,23:23,30,AVAILABLE
BLK-02612,C13,2026-09-09,05:06,07:36,150,AVAILABLE
BLK-02613,C17,2026-09-06,07:35,10:35,180,AVAILABLE
BLK-02614,C12,2026-09-19,17:05,18:05,60,AVAILABLE
BLK-02615,C18,2026-09-17,16:33,18:03,90,AVAILABLE
BLK-02616,C20,2026-09-22,02:41,04:41,120,AVAILABLE
BLK-02617,C14,2026-09-10,17:41,20:11,150,AVAILABLE
BLK-02618,C10,2026-09-03,05:59,06:29,30,AVAILABLE
BLK-02619,C05,2026-09-08,09:36,11:36,120,AVAILABLE
BLK-02620,C13,2026-09-02,11:57,13:57,120,AVAILABLE
BLK-02621,C07,2026-09-25,17:03,17:33,30,AVAILABLE
BLK-02622,C13,2026-09-05,15:49,16:34,45,AVAILABLE
BLK-02623,C08,2026-09-11,04:45,06:15,90,AVAILABLE
BLK-02624,C09,2026-09-23,07:09,08:39,90,AVAILABLE
BLK-02625,C03,2026-09-04,08:23,11:23,180,AVAILABLE
BLK-02626,C17,2026-09-26,18:13,19:43,90,AVAILABLE
BLK-02627,C02,2026-09-23,10:56,12:26,90,AVAILABLE
BLK-02628,C04,2026-09-29,14:45,15:30,45,AVAILABLE
BLK-02629,C20,2026-09-17,09:33,11:03,90,AVAILABLE
BLK-02630,C12,2026-09-30,10:19,12:19,120,AVAILABLE
BLK-02631,C16,2026-09-02,01:47,03:47,120,AVAILABLE
BLK-02632,C14,2026-09-09,14:03,14:33,30,AVAILABLE
BLK-02633,C09,2026-09-13,19:34,21:34,120,AVAILABLE
BLK-02634,C09,2026-09-17,08:21,11:21,180,AVAILABLE
BLK-02635,C17,2026-09-28,21:30,22:30,60,AVAILABLE
BLK-02636,C13,2026-09-24,01:30,02:00,30,AVAILABLE
BLK-02637,C14,2026-09-26,14:25,16:25,120,AVAILABLE
BLK-02638,C11,2026-09-18,14:07,15:37,90,AVAILABLE
BLK-02639,C15,2026-09-17,20:35,21:35,60,AVAILABLE
BLK-02640,C08,2026-09-24,04:40,05:40,60,AVAILABLE
BLK-02641,C20,2026-09-15,11:28,14:28,180,AVAILABLE
BLK-02642,C07,2026-09-20,07:08,07:38,30,AVAILABLE
BLK-02643,C08,2026-09-21,13:20,13:50,30,AVAILABLE
BLK-02644,C20,2026-09-19,19:13,19:58,45,AVAILABLE
BLK-02645,C05,2026-09-13,00:44,01:29,45,AVAILABLE
BLK-02646,C18,2026-09-30,23:28,01:58,150,AVAILABLE
BLK-02647,C13,2026-09-04,21:35,22:35,60,AVAILABLE
BLK-02648,C15,2026-09-29,21:55,00:55,180,AVAILABLE
BLK-02649,C10,2026-09-05,06:27,09:27,180,AVAILABLE
BLK-02650,C13,2026-09-18,06:48,08:18,90,AVAILABLE
BLK-02651,C17,2026-09-01,23:01,23:46,45,AVAILABLE
BLK-02652,C15,2026-09-03,15:57,16:27,30,AVAILABLE
BLK-02653,C18,2026-09-14,10:59,12:59,120,AVAILABLE
BLK-02654,C18,2026-09-01,15:34,16:34,60,AVAILABLE
BLK-02655,C13,2026-09-26,03:58,06:28,150,AVAILABLE
BLK-02656,C05,2026-09-02,08:34,11:34,180,AVAILABLE
BLK-02657,C14,2026-09-11,10:19,11:19,60,AVAILABLE
BLK-02658,C13,2026-09-11,14:49,16:19,90,AVAILABLE
BLK-02659,C08,2026-09-23,13:09,15:39,150,AVAILABLE
BLK-02660,C07,2026-09-13,06:39,09:09,150,AVAILABLE
BLK-02661,C18,2026-09-22,03:52,04:37,45,AVAILABLE
BLK-02662,C20,2026-09-05,22:31,01:31,180,AVAILABLE
BLK-02663,C05,2026-09-29,06:00,06:45,45,AVAILABLE
BLK-02664,C02,2026-09-29,09:41,12:41,180,AVAILABLE
BLK-02665,C06,2026-09-04,01:56,02:41,45,AVAILABLE
BLK-02666,C16,2026-09-20,19:28,21:28,120,AVAILABLE
BLK-02667,C06,2026-09-29,01:02,02:02,60,AVAILABLE
BLK-02668,C18,2026-09-15,19:12,21:42,150,AVAILABLE
BLK-02669,C07,2026-09-16,01:34,04:34,180,AVAILABLE
BLK-02670,C03,2026-09-06,07:54,08:39,45,AVAILABLE
BLK-02671,C11,2026-09-25,15:16,18:16,180,AVAILABLE
BLK-02672,C19,2026-09-26,07:25,09:55,150,AVAILABLE
BLK-02673,C16,2026-09-21,16:04,18:34,150,AVAILABLE
BLK-02674,C12,2026-09-20,00:14,00:44,30,AVAILABLE
BLK-02675,C06,2026-09-20,04:25,06:25,120,AVAILABLE
BLK-02676,C20,2026-09-05,21:07,21:52,45,AVAILABLE
BLK-02677,C01,2026-09-03,07:59,08:44,45,AVAILABLE
BLK-02678,C15,2026-09-01,09:45,10:45,60,AVAILABLE
BLK-02679,C16,2026-09-29,09:07,11:37,150,AVAILABLE
BLK-02680,C01,2026-09-22,18:51,19:51,60,AVAILABLE
BLK-02681,C02,2026-09-30,16:07,18:37,150,AVAILABLE
BLK-02682,C10,2026-09-20,21:47,22:17,30,AVAILABLE
BLK-02683,C03,2026-09-08,20:36,21:21,45,AVAILABLE
BLK-02684,C18,2026-09-05,06:42,09:42,180,AVAILABLE
BLK-02685,C14,2026-09-19,14:25,16:55,150,AVAILABLE
BLK-02686,C10,2026-09-20,08:10,10:10,120,AVAILABLE
BLK-02687,C05,2026-09-25,14:46,16:46,120,AVAILABLE
BLK-02688,C08,2026-09-03,08:08,10:08,120,AVAILABLE
BLK-02689,C01,2026-09-23,00:39,03:09,150,AVAILABLE
BLK-02690,C07,2026-09-08,19:11,19:56,45,AVAILABLE
BLK-02691,C08,2026-09-30,14:48,17:18,150,AVAILABLE
BLK-02692,C15,2026-09-24,06:46,09:16,150,AVAILABLE
BLK-02693,C13,2026-09-03,10:12,12:42,150,AVAILABLE
BLK-02694,C02,2026-09-10,17:01,19:31,150,AVAILABLE
BLK-02695,C14,2026-09-03,20:40,21:40,60,AVAILABLE
BLK-02696,C12,2026-09-29,14:21,14:51,30,AVAILABLE
BLK-02697,C11,2026-09-18,03:40,05:40,120,AVAILABLE
BLK-02698,C04,2026-09-21,02:33,03:03,30,AVAILABLE
BLK-02699,C13,2026-09-23,20:48,22:48,120,AVAILABLE
BLK-02700,C10,2026-09-22,05:09,08:09,180,AVAILABLE
BLK-02701,C19,2026-09-06,05:36,06:21,45,AVAILABLE
BLK-02702,C03,2026-09-24,21:10,22:40,90,AVAILABLE
BLK-02703,C17,2026-09-19,11:42,14:12,150,AVAILABLE
BLK-02704,C17,2026-09-19,07:10,09:40,150,AVAILABLE
BLK-02705,C05,2026-09-02,02:11,05:11,180,AVAILABLE
BLK-02706,C02,2026-09-22,19:05,21:05,120,AVAILABLE
BLK-02707,C17,2026-09-23,02:33,03:03,30,AVAILABLE
BLK-02708,C16,2026-09-06,07:50,08:35,45,AVAILABLE
BLK-02709,C05,2026-09-21,22:57,01:57,180,AVAILABLE
BLK-02710,C16,2026-09-10,15:00,17:00,120,AVAILABLE
BLK-02711,C08,2026-09-26,01:10,01:40,30,AVAILABLE
BLK-02712,C20,2026-09-29,10:32,11:32,60,AVAILABLE
BLK-02713,C04,2026-09-01,17:22,19:22,120,AVAILABLE
BLK-02714,C07,2026-09-10,09:11,10:11,60,AVAILABLE
BLK-02715,C05,2026-09-11,08:28,09:58,90,AVAILABLE
BLK-02716,C10,2026-09-05,09:06,11:06,120,AVAILABLE
BLK-02717,C10,2026-09-03,16:55,18:55,120,AVAILABLE
BLK-02718,C11,2026-09-18,08:58,10:28,90,AVAILABLE
BLK-02719,C16,2026-09-02,05:18,06:03,45,AVAILABLE
BLK-02720,C19,2026-09-05,17:18,19:48,150,AVAILABLE
BLK-02721,C07,2026-09-03,01:53,03:53,120,AVAILABLE
BLK-02722,C03,2026-09-12,14:59,15:29,30,AVAILABLE
BLK-02723,C20,2026-09-28,03:11,03:41,30,AVAILABLE
BLK-02724,C10,2026-09-21,08:11,10:41,150,AVAILABLE
BLK-02725,C19,2026-09-15,19:43,22:13,150,AVAILABLE
BLK-02726,C06,2026-09-30,08:11,09:11,60,AVAILABLE
BLK-02727,C03,2026-09-01,22:51,01:21,150,AVAILABLE
BLK-02728,C05,2026-09-28,10:16,11:01,45,AVAILABLE
BLK-02729,C12,2026-09-02,10:59,12:59,120,AVAILABLE
BLK-02730,C13,2026-09-07,03:37,04:07,30,AVAILABLE
BLK-02731,C13,2026-09-25,05:22,06:52,90,AVAILABLE
BLK-02732,C18,2026-09-10,09:36,10:06,30,AVAILABLE
BLK-02733,C18,2026-09-15,15:58,18:58,180,AVAILABLE
BLK-02734,C14,2026-09-27,22:58,00:58,120,AVAILABLE
BLK-02735,C20,2026-09-14,02:59,05:29,150,AVAILABLE
BLK-02736,C16,2026-09-30,14:35,17:05,150,AVAILABLE
BLK-02737,C18,2026-09-15,23:57,00:42,45,AVAILABLE
BLK-02738,C19,2026-09-14,04:16,06:46,150,AVAILABLE
BLK-02739,C01,2026-09-10,05:48,08:48,180,AVAILABLE
BLK-02740,C19,2026-09-16,12:31,15:31,180,AVAILABLE
BLK-02741,C18,2026-09-21,03:00,03:30,30,AVAILABLE
BLK-02742,C03,2026-09-23,10:32,11:02,30,AVAILABLE
BLK-02743,C02,2026-09-24,00:59,02:59,120,AVAILABLE
BLK-02744,C05,2026-09-12,20:13,22:43,150,AVAILABLE
BLK-02745,C06,2026-09-07,01:36,03:06,90,AVAILABLE
BLK-02746,C12,2026-09-04,03:57,05:27,90,AVAILABLE
BLK-02747,C14,2026-09-18,05:29,08:29,180,AVAILABLE
BLK-02748,C11,2026-09-29,04:03,05:03,60,AVAILABLE
BLK-02749,C05,2026-09-29,17:14,19:14,120,AVAILABLE
BLK-02750,C01,2026-09-02,10:34,12:34,120,AVAILABLE
BLK-02751,C14,2026-09-01,12:26,13:26,60,AVAILABLE
BLK-02752,C14,2026-09-19,00:49,01:49,60,AVAILABLE
BLK-02753,C02,2026-09-17,10:15,12:45,150,AVAILABLE
BLK-02754,C19,2026-09-24,11:24,13:54,150,AVAILABLE
BLK-02755,C03,2026-09-16,00:29,01:29,60,AVAILABLE
BLK-02756,C05,2026-09-26,01:41,04:41,180,AVAILABLE
BLK-02757,C10,2026-09-16,07:11,10:11,180,AVAILABLE
BLK-02758,C01,2026-09-29,17:52,20:52,180,AVAILABLE
BLK-02759,C15,2026-09-18,18:32,21:32,180,AVAILABLE
BLK-02760,C15,2026-09-11,04:19,05:49,90,AVAILABLE
BLK-02761,C08,2026-09-06,05:38,08:38,180,AVAILABLE
BLK-02762,C17,2026-09-28,08:40,09:40,60,AVAILABLE
BLK-02763,C04,2026-09-08,07:52,10:22,150,AVAILABLE
BLK-02764,C07,2026-09-11,18:50,21:20,150,AVAILABLE
BLK-02765,C02,2026-09-28,05:58,08:28,150,AVAILABLE
BLK-02766,C03,2026-09-02,07:21,08:51,90,AVAILABLE
BLK-02767,C16,2026-09-01,00:57,01:42,45,AVAILABLE
BLK-02768,C08,2026-09-27,07:19,08:19,60,AVAILABLE
BLK-02769,C18,2026-09-05,06:46,07:46,60,AVAILABLE
BLK-02770,C01,2026-09-14,05:56,07:26,90,AVAILABLE
BLK-02771,C10,2026-09-22,02:49,05:19,150,AVAILABLE
BLK-02772,C12,2026-09-16,01:49,03:49,120,AVAILABLE
BLK-02773,C17,2026-09-07,05:42,07:42,120,AVAILABLE
BLK-02774,C13,2026-09-28,01:13,02:13,60,AVAILABLE
BLK-02775,C04,2026-09-13,03:24,04:24,60,AVAILABLE
BLK-02776,C08,2026-09-11,09:32,10:17,45,AVAILABLE
BLK-02777,C10,2026-09-19,03:49,06:19,150,AVAILABLE
BLK-02778,C17,2026-09-19,05:09,08:09,180,AVAILABLE
BLK-02779,C10,2026-09-27,11:48,14:18,150,AVAILABLE
BLK-02780,C11,2026-09-15,09:46,12:16,150,AVAILABLE
BLK-02781,C14,2026-09-21,10:04,12:34,150,AVAILABLE
BLK-02782,C08,2026-09-07,07:52,08:22,30,AVAILABLE
BLK-02783,C09,2026-09-27,00:32,01:17,45,AVAILABLE
BLK-02784,C02,2026-09-22,22:42,01:42,180,AVAILABLE
BLK-02785,C11,2026-09-18,02:46,04:46,120,AVAILABLE
BLK-02786,C04,2026-09-12,22:37,00:37,120,AVAILABLE
BLK-02787,C12,2026-09-08,11:42,12:12,30,AVAILABLE
BLK-02788,C14,2026-09-05,20:33,21:18,45,AVAILABLE
BLK-02789,C12,2026-09-27,18:16,20:46,150,AVAILABLE
BLK-02790,C02,2026-09-24,20:21,23:21,180,AVAILABLE
BLK-02791,C20,2026-09-09,20:53,21:23,30,AVAILABLE
BLK-02792,C19,2026-09-21,08:35,11:35,180,AVAILABLE
BLK-02793,C08,2026-09-15,06:41,07:26,45,AVAILABLE
BLK-02794,C07,2026-09-03,06:00,09:00,180,AVAILABLE
BLK-02795,C20,2026-09-28,06:59,09:29,150,AVAILABLE
BLK-02796,C17,2026-09-13,12:02,13:02,60,AVAILABLE
BLK-02797,C13,2026-09-25,18:49,19:49,60,AVAILABLE
BLK-02798,C02,2026-09-28,05:20,06:05,45,AVAILABLE
BLK-02799,C01,2026-09-21,18:08,18:38,30,AVAILABLE
BLK-02800,C12,2026-09-07,18:34,21:04,150,AVAILABLE
BLK-02801,C10,2026-09-25,16:55,19:55,180,AVAILABLE
BLK-02802,C19,2026-09-29,23:45,00:30,45,AVAILABLE
BLK-02803,C15,2026-09-20,12:36,13:06,30,AVAILABLE
BLK-02804,C07,2026-09-28,06:17,09:17,180,AVAILABLE
BLK-02805,C09,2026-09-13,11:06,11:36,30,AVAILABLE
BLK-02806,C18,2026-09-07,23:19,00:19,60,AVAILABLE
BLK-02807,C20,2026-09-04,08:42,10:12,90,AVAILABLE
BLK-02808,C04,2026-09-21,05:42,06:12,30,AVAILABLE
BLK-02809,C04,2026-09-24,09:03,09:33,30,AVAILABLE
BLK-02810,C15,2026-09-19,17:17,18:02,45,AVAILABLE
BLK-02811,C09,2026-09-01,00:11,01:41,90,AVAILABLE
BLK-02812,C15,2026-09-26,02:34,05:34,180,AVAILABLE
BLK-02813,C14,2026-09-21,02:02,02:32,30,AVAILABLE
BLK-02814,C01,2026-09-18,07:31,10:31,180,AVAILABLE
BLK-02815,C04,2026-09-28,15:03,18:03,180,AVAILABLE
BLK-02816,C08,2026-09-10,20:42,23:12,150,AVAILABLE
BLK-02817,C19,2026-09-14,06:55,07:40,45,AVAILABLE
BLK-02818,C04,2026-09-12,12:16,13:01,45,AVAILABLE
BLK-02819,C08,2026-09-28,21:02,00:02,180,AVAILABLE
BLK-02820,C15,2026-09-28,10:56,11:41,45,AVAILABLE
BLK-02821,C04,2026-09-16,11:10,11:55,45,AVAILABLE
BLK-02822,C18,2026-09-13,03:24,06:24,180,AVAILABLE
BLK-02823,C06,2026-09-30,22:33,23:18,45,AVAILABLE
BLK-02824,C09,2026-09-01,21:52,00:22,150,AVAILABLE
BLK-02825,C02,2026-09-02,04:35,05:35,60,AVAILABLE
BLK-02826,C19,2026-09-07,16:51,19:51,180,AVAILABLE
BLK-02827,C11,2026-09-28,18:25,18:55,30,AVAILABLE
BLK-02828,C18,2026-09-08,11:43,12:13,30,AVAILABLE
BLK-02829,C02,2026-09-06,04:57,06:57,120,AVAILABLE
BLK-02830,C16,2026-09-24,09:07,09:37,30,AVAILABLE
BLK-02831,C17,2026-09-19,16:45,17:45,60,AVAILABLE
BLK-02832,C16,2026-09-23,17:38,20:08,150,AVAILABLE
BLK-02833,C09,2026-09-28,04:39,05:24,45,AVAILABLE
BLK-02834,C12,2026-09-03,21:26,23:26,120,AVAILABLE
BLK-02835,C02,2026-09-23,05:27,08:27,180,AVAILABLE
BLK-02836,C14,2026-09-10,06:11,06:41,30,AVAILABLE
BLK-02837,C10,2026-09-19,04:45,07:45,180,AVAILABLE
BLK-02838,C18,2026-09-23,17:25,18:25,60,AVAILABLE
BLK-02839,C03,2026-09-13,07:56,10:26,150,AVAILABLE
BLK-02840,C09,2026-09-29,09:44,11:14,90,AVAILABLE
BLK-02841,C15,2026-09-21,20:11,20:56,45,AVAILABLE
BLK-02842,C16,2026-09-21,21:12,22:42,90,AVAILABLE
BLK-02843,C20,2026-09-26,06:47,08:47,120,AVAILABLE
BLK-02844,C05,2026-09-01,11:48,12:48,60,AVAILABLE
BLK-02845,C03,2026-09-27,12:31,15:01,150,AVAILABLE
BLK-02846,C15,2026-09-01,08:34,11:34,180,AVAILABLE
BLK-02847,C12,2026-09-28,06:26,08:56,150,AVAILABLE
BLK-02848,C08,2026-09-01,09:52,10:37,45,AVAILABLE
BLK-02849,C09,2026-09-20,09:17,11:17,120,AVAILABLE
BLK-02850,C04,2026-09-12,19:21,21:21,120,AVAILABLE
BLK-02851,C17,2026-09-27,04:52,07:22,150,AVAILABLE
BLK-02852,C13,2026-09-17,16:03,17:03,60,AVAILABLE
BLK-02853,C10,2026-09-08,08:09,10:39,150,AVAILABLE
BLK-02854,C16,2026-09-30,07:02,07:32,30,AVAILABLE
BLK-02855,C09,2026-09-21,00:23,01:08,45,AVAILABLE
BLK-02856,C20,2026-09-01,07:45,08:15,30,AVAILABLE
BLK-02857,C02,2026-09-18,03:37,06:37,180,AVAILABLE
BLK-02858,C01,2026-09-08,20:43,21:13,30,AVAILABLE
BLK-02859,C03,2026-09-04,21:56,22:56,60,AVAILABLE
BLK-02860,C01,2026-09-16,11:45,12:45,60,AVAILABLE
BLK-02861,C19,2026-09-15,18:20,21:20,180,AVAILABLE
BLK-02862,C14,2026-09-06,02:27,05:27,180,AVAILABLE
BLK-02863,C14,2026-09-30,07:20,08:20,60,AVAILABLE
BLK-02864,C17,2026-09-10,09:49,10:34,45,AVAILABLE
BLK-02865,C02,2026-09-11,07:16,08:16,60,AVAILABLE
BLK-02866,C09,2026-09-30,21:38,23:08,90,AVAILABLE
BLK-02867,C11,2026-09-29,12:06,12:36,30,AVAILABLE
BLK-02868,C17,2026-09-05,07:49,09:49,120,AVAILABLE
BLK-02869,C05,2026-09-17,21:40,23:40,120,AVAILABLE
BLK-02870,C18,2026-09-04,13:27,13:57,30,AVAILABLE
BLK-02871,C08,2026-09-15,22:17,22:47,30,AVAILABLE
BLK-02872,C19,2026-09-29,11:09,13:39,150,AVAILABLE
BLK-02873,C17,2026-09-18,00:59,02:29,90,AVAILABLE
BLK-02874,C08,2026-09-26,04:53,06:23,90,AVAILABLE
BLK-02875,C04,2026-09-10,12:59,13:44,45,AVAILABLE
BLK-02876,C12,2026-09-11,10:02,10:47,45,AVAILABLE
BLK-02877,C18,2026-09-10,14:50,17:50,180,AVAILABLE
BLK-02878,C17,2026-09-27,14:08,14:53,45,AVAILABLE
BLK-02879,C18,2026-09-15,06:02,06:32,30,AVAILABLE
BLK-02880,C07,2026-09-28,05:41,06:26,45,AVAILABLE
BLK-02881,C17,2026-09-08,05:17,08:17,180,AVAILABLE
BLK-02882,C05,2026-09-16,02:04,03:04,60,AVAILABLE
BLK-02883,C20,2026-09-09,08:09,08:54,45,AVAILABLE
BLK-02884,C16,2026-09-23,09:59,10:29,30,AVAILABLE
BLK-02885,C06,2026-09-13,12:02,13:02,60,AVAILABLE
BLK-02886,C18,2026-09-11,21:03,21:48,45,AVAILABLE
BLK-02887,C09,2026-09-12,19:06,19:36,30,AVAILABLE
BLK-02888,C06,2026-09-08,08:27,08:57,30,AVAILABLE
BLK-02889,C01,2026-09-17,03:23,05:23,120,AVAILABLE
BLK-02890,C12,2026-09-21,09:32,12:02,150,AVAILABLE
BLK-02891,C18,2026-09-24,00:48,03:48,180,AVAILABLE
BLK-02892,C11,2026-09-24,23:16,02:16,180,AVAILABLE
BLK-02893,C03,2026-09-09,08:02,10:32,150,AVAILABLE
BLK-02894,C17,2026-09-17,06:00,07:30,90,AVAILABLE
BLK-02895,C08,2026-09-16,21:42,00:42,180,AVAILABLE
BLK-02896,C09,2026-09-29,19:44,20:14,30,AVAILABLE
BLK-02897,C19,2026-09-19,08:50,11:20,150,AVAILABLE
BLK-02898,C09,2026-09-16,03:06,05:06,120,AVAILABLE
BLK-02899,C03,2026-09-24,06:53,09:53,180,AVAILABLE
BLK-02900,C05,2026-09-10,01:18,02:48,90,AVAILABLE
BLK-02901,C05,2026-09-29,02:26,04:56,150,AVAILABLE
BLK-02902,C10,2026-09-14,03:14,03:59,45,AVAILABLE
BLK-02903,C07,2026-09-12,08:53,10:23,90,AVAILABLE
BLK-02904,C07,2026-09-26,08:26,09:56,90,AVAILABLE
BLK-02905,C02,2026-09-06,10:58,11:58,60,AVAILABLE
BLK-02906,C12,2026-09-25,23:32,01:02,90,AVAILABLE
BLK-02907,C07,2026-09-10,21:30,23:30,120,AVAILABLE
BLK-02908,C04,2026-09-29,09:03,09:33,30,AVAILABLE
BLK-02909,C12,2026-09-15,15:30,18:00,150,AVAILABLE
BLK-02910,C04,2026-09-18,01:55,04:25,150,AVAILABLE
BLK-02911,C15,2026-09-30,08:35,10:35,120,AVAILABLE
BLK-02912,C05,2026-09-05,22:35,01:05,150,AVAILABLE
BLK-02913,C07,2026-09-20,14:38,16:08,90,AVAILABLE
BLK-02914,C12,2026-09-05,18:10,20:40,150,AVAILABLE
BLK-02915,C12,2026-09-23,03:35,06:05,150,AVAILABLE
BLK-02916,C09,2026-09-04,20:15,20:45,30,AVAILABLE
BLK-02917,C17,2026-09-25,06:09,09:09,180,AVAILABLE
BLK-02918,C15,2026-09-09,10:49,13:19,150,AVAILABLE
BLK-02919,C15,2026-09-09,12:44,14:14,90,AVAILABLE
BLK-02920,C12,2026-09-28,19:50,22:20,150,AVAILABLE
BLK-02921,C20,2026-09-05,12:40,13:10,30,AVAILABLE
BLK-02922,C16,2026-09-14,06:29,07:14,45,AVAILABLE
BLK-02923,C16,2026-09-27,23:32,02:32,180,AVAILABLE
BLK-02924,C08,2026-09-14,09:50,12:50,180,AVAILABLE
BLK-02925,C07,2026-09-12,07:52,09:22,90,AVAILABLE
BLK-02926,C04,2026-09-06,03:20,04:20,60,AVAILABLE
BLK-02927,C13,2026-09-08,01:48,03:18,90,AVAILABLE
BLK-02928,C02,2026-09-21,01:58,03:58,120,AVAILABLE
BLK-02929,C11,2026-09-17,07:02,10:02,180,AVAILABLE
BLK-02930,C01,2026-09-09,05:51,08:51,180,AVAILABLE
BLK-02931,C18,2026-09-30,13:23,14:08,45,AVAILABLE
BLK-02932,C05,2026-09-08,02:15,02:45,30,AVAILABLE
BLK-02933,C06,2026-09-13,12:15,14:45,150,AVAILABLE
BLK-02934,C11,2026-09-16,09:36,11:06,90,AVAILABLE
BLK-02935,C09,2026-09-22,09:56,11:56,120,AVAILABLE
BLK-02936,C07,2026-09-13,13:25,14:55,90,AVAILABLE
BLK-02937,C08,2026-09-11,04:54,05:24,30,AVAILABLE
BLK-02938,C13,2026-09-01,17:45,18:30,45,AVAILABLE
BLK-02939,C10,2026-09-02,05:41,08:41,180,AVAILABLE
BLK-02940,C17,2026-09-19,15:34,18:34,180,AVAILABLE
BLK-02941,C09,2026-09-25,00:07,02:07,120,AVAILABLE
BLK-02942,C07,2026-09-25,23:25,01:25,120,AVAILABLE
BLK-02943,C07,2026-09-09,20:55,23:25,150,AVAILABLE
BLK-02944,C13,2026-09-09,16:13,19:13,180,AVAILABLE
BLK-02945,C20,2026-09-30,06:42,07:42,60,AVAILABLE
BLK-02946,C08,2026-09-20,11:28,14:28,180,AVAILABLE
BLK-02947,C13,2026-09-06,03:35,06:05,150,AVAILABLE
BLK-02948,C11,2026-09-10,05:06,07:36,150,AVAILABLE
BLK-02949,C14,2026-09-05,14:07,15:37,90,AVAILABLE
BLK-02950,C03,2026-09-17,18:23,20:23,120,AVAILABLE
BLK-02951,C06,2026-09-30,13:58,16:28,150,AVAILABLE
BLK-02952,C16,2026-09-02,03:03,03:48,45,AVAILABLE
BLK-02953,C14,2026-09-03,19:54,20:24,30,AVAILABLE
BLK-02954,C14,2026-09-13,14:59,15:44,45,AVAILABLE
BLK-02955,C06,2026-09-26,04:51,05:21,30,AVAILABLE
BLK-02956,C15,2026-09-21,15:17,16:17,60,AVAILABLE
BLK-02957,C19,2026-09-09,02:17,03:17,60,AVAILABLE
BLK-02958,C09,2026-09-16,16:21,18:51,150,AVAILABLE
BLK-02959,C06,2026-09-01,09:33,10:33,60,AVAILABLE
BLK-02960,C08,2026-09-29,07:38,09:08,90,AVAILABLE
BLK-02961,C13,2026-09-19,15:34,17:34,120,AVAILABLE
BLK-02962,C04,2026-09-23,14:51,15:36,45,AVAILABLE
BLK-02963,C15,2026-09-13,05:07,08:07,180,AVAILABLE
BLK-02964,C09,2026-09-08,19:38,21:08,90,AVAILABLE
BLK-02965,C02,2026-09-25,13:41,14:26,45,AVAILABLE
BLK-02966,C02,2026-09-02,15:53,17:53,120,AVAILABLE
BLK-02967,C17,2026-09-06,07:05,09:35,150,AVAILABLE
BLK-02968,C07,2026-09-21,18:57,20:57,120,AVAILABLE
BLK-02969,C03,2026-09-16,17:04,18:34,90,AVAILABLE
BLK-02970,C07,2026-09-22,21:24,22:24,60,AVAILABLE
BLK-02971,C14,2026-09-08,21:14,21:59,45,AVAILABLE
BLK-02972,C03,2026-09-04,17:11,18:41,90,AVAILABLE
BLK-02973,C18,2026-09-29,03:31,06:01,150,AVAILABLE
BLK-02974,C13,2026-09-05,13:04,15:34,150,AVAILABLE
BLK-02975,C19,2026-09-17,16:17,17:47,90,AVAILABLE
BLK-02976,C08,2026-09-11,22:56,23:26,30,AVAILABLE
BLK-02977,C02,2026-09-12,23:24,02:24,180,AVAILABLE
BLK-02978,C20,2026-09-15,07:14,08:14,60,AVAILABLE
BLK-02979,C10,2026-09-25,14:03,16:03,120,AVAILABLE
BLK-02980,C11,2026-09-26,00:04,00:34,30,AVAILABLE
BLK-02981,C20,2026-09-10,15:18,17:18,120,AVAILABLE
BLK-02982,C09,2026-09-15,22:43,01:43,180,AVAILABLE
BLK-02983,C19,2026-09-06,19:58,20:43,45,AVAILABLE
BLK-02984,C13,2026-09-25,22:13,22:43,30,AVAILABLE
BLK-02985,C13,2026-09-28,14:02,17:02,180,AVAILABLE
BLK-02986,C05,2026-09-30,23:58,01:58,120,AVAILABLE
BLK-02987,C02,2026-09-18,15:11,17:11,120,AVAILABLE
BLK-02988,C05,2026-09-19,13:26,15:26,120,AVAILABLE
BLK-02989,C13,2026-09-08,22:05,01:05,180,AVAILABLE
BLK-02990,C14,2026-09-24,16:43,18:13,90,AVAILABLE
BLK-02991,C14,2026-09-08,21:16,22:46,90,AVAILABLE
BLK-02992,C13,2026-09-08,12:42,13:27,45,AVAILABLE
BLK-02993,C16,2026-09-08,13:45,14:15,30,AVAILABLE
BLK-02994,C01,2026-09-26,15:27,16:27,60,AVAILABLE
BLK-02995,C12,2026-09-01,08:45,09:15,30,AVAILABLE
BLK-02996,C18,2026-09-09,03:53,06:23,150,AVAILABLE
BLK-02997,C07,2026-09-17,07:53,10:53,180,AVAILABLE
BLK-02998,C17,2026-09-19,01:44,02:14,30,AVAILABLE
BLK-02999,C03,2026-09-15,10:49,11:34,45,AVAILABLE
BLK-03000,C18,2026-09-21,04:28,04:58,30,AVAILABLE
