request_id,task_id,department,corridor_id,requested_date,requested_start,requested_end,requested_duration_minutes,block_id,status
REQ-000001,MT-004037,S&T,C08,2026-09-03,14:56,16:17,81,BLK-02223,PENDING
REQ-000002,MT-001304,ENGINEERING,C05,2026-09-02,14:02,14:54,52,BLK-01369,APPROVED
REQ-000003,MT-003175,TRD,C08,2026-09-21,22:19,23:57,98,BLK-02456,PENDING
REQ-000004,MT-000640,TRD,C18,2026-09-08,03:56,05:38,102,BLK-00079,APPROVED
REQ-000005,MT-003072,TRD,C03,2026-09-17,09:31,10:58,87,BLK-01140,PENDING
REQ-000006,MT-002318,ENGINEERING,C10,2026-09-03,10:41,12:00,79,BLK-01939,PENDING
REQ-000007,MT-002732,ENGINEERING,C17,2026-09-20,21:11,23:14,123,BLK-00116,REJECTED
REQ-000008,MT-000486,TRD,C15,2026-09-24,20:32,21:56,84,BLK-00961,APPROVED
REQ-000009,MT-001609,TRD,C07,2026-09-26,03:29,05:19,110,BLK-01086,APPROVED
REQ-000010,MT-001849,TRD,C09,2026-09-01,09:21,10:49,88,BLK-00881,PENDING
REQ-000011,MT-000759,TRD,C12,2026-09-27,14:06,15:41,95,BLK-02315,PENDING
REQ-000012,MT-003947,ENGINEERING,C05,2026-09-16,01:16,03:16,120,BLK-00958,REJECTED
REQ-000013,MT-000357,ENGINEERING,C11,2026-09-30,15:37,16:24,47,BLK-00971,APPROVED
REQ-000014,MT-000674,TRD,C13,2026-09-03,13:10,14:08,58,BLK-01320,PENDING
REQ-000015,MT-002725,S&T,C06,2026-09-16,13:49,16:08,139,BLK-01248,PENDING
REQ-000016,MT-004180,S&T,C09,2026-09-27,17:15,18:58,103,BLK-01825,PENDING
REQ-000017,MT-000467,TRD,C20,2026-09-03,02:06,03:54,108,BLK-01152,APPROVED
REQ-000018,MT-003714,S&T,C04,2026-09-01,21:33,00:33,180,BLK-02331,APPROVED
REQ-000019,MT-004628,ENGINEERING,C10,2026-09-19,19:13,20:32,79,BLK-02644,PENDING
REQ-000020,MT-003059,ENGINEERING,C16,2026-09-14,05:43,07:04,81,BLK-01482,PENDING
REQ-000021,MT-000416,TRD,C09,2026-09-04,06:07,07:28,81,BLK-02228,APPROVED
REQ-000022,MT-003122,TRD,C12,2026-09-09,17:47,20:05,138,BLK-01575,APPROVED
REQ-000023,MT-000255,TRD,C03,2026-09-18,16:36,19:04,148,BLK-00508,PENDING
REQ-000024,MT-000584,TRD,C04,2026-09-04,21:28,22:46,78,BLK-01790,PENDING
REQ-000025,MT-002930,S&T,C03,2026-09-09,05:06,06:28,82,BLK-02612,PENDING
REQ-000026,MT-002218,S&T,C11,2026-09-25,23:53,02:24,151,BLK-01631,REJECTED
REQ-000027,MT-004372,ENGINEERING,C18,2026-09-06,21:04,22:48,104,BLK-02202,APPROVED
REQ-000028,MT-004755,TRD,C11,2026-09-22,17:29,19:55,146,BLK-01900,APPROVED
REQ-000029,MT-002926,TRD,C06,2026-09-22,11:18,12:40,82,BLK-02340,PENDING
REQ-000030,MT-001457,ENGINEERING,C09,2026-09-10,02:08,03:58,110,BLK-00184,APPROVED
REQ-000031,MT-004216,S&T,C09,2026-09-11,23:31,00:31,60,BLK-00585,APPROVED
REQ-000032,MT-000474,TRD,C15,2026-09-28,22:37,00:38,121,BLK-01242,PENDING
REQ-000033,MT-004702,S&T,C11,2026-09-29,06:04,08:26,142,BLK-00852,APPROVED
REQ-000034,MT-001416,S&T,C08,2026-09-05,10:28,12:15,107,BLK-00694,PENDING
REQ-000035,MT-003494,ENGINEERING,C02,2026-09-14,01:52,04:11,139,BLK-01068,APPROVED
REQ-000036,MT-001932,TRD,C15,2026-09-17,03:56,07:02,186,BLK-01635,APPROVED
REQ-000037,MT-003590,TRD,C18,2026-09-15,21:47,23:58,131,BLK-01804,PENDING
REQ-000038,MT-002369,ENGINEERING,C16,2026-09-20,16:36,18:35,119,BLK-02230,PENDING
REQ-000039,MT-004006,TRD,C17,2026-09-25,15:43,18:06,143,BLK-00078,APPROVED
REQ-000040,MT-000006,S&T,C02,2026-09-28,07:08,09:07,119,BLK-01245,PENDING
REQ-000041,MT-002182,ENGINEERING,C20,2026-09-17,09:52,12:12,140,BLK-00462,APPROVED
REQ-000042,MT-000389,S&T,C09,2026-09-13,19:48,22:02,134,BLK-01110,APPROVED
REQ-000043,MT-004834,TRD,C09,2026-09-06,23:48,00:34,46,BLK-01349,APPROVED
REQ-000044,MT-002017,S&T,C17,2026-09-12,16:26,18:13,107,BLK-00503,APPROVED
REQ-000045,MT-004693,ENGINEERING,C16,2026-09-15,15:58,16:52,54,BLK-02733,PENDING
REQ-000046,MT-000042,ENGINEERING,C01,2026-09-03,03:50,05:35,105,BLK-02042,PENDING
REQ-000047,MT-003571,S&T,C11,2026-09-27,16:47,18:56,129,BLK-01396,PENDING
REQ-000048,MT-001090,TRD,C15,2026-09-19,14:25,16:42,137,BLK-02685,PENDING
REQ-000049,MT-002335,ENGINEERING,C03,2026-09-26,02:34,03:29,55,BLK-02812,PENDING
REQ-000050,MT-001571,TRD,C06,2026-09-15,20:09,22:23,134,BLK-01022,REJECTED
REQ-000051,MT-001149,S&T,C05,2026-09-26,12:26,13:52,86,BLK-00419,APPROVED
REQ-000052,MT-002355,S&T,C17,2026-09-02,10:48,12:32,104,BLK-00154,APPROVED
REQ-000053,MT-004226,TRD,C13,2026-09-23,15:35,17:18,103,BLK-00922,PENDING
REQ-000054,MT-000197,S&T,C20,2026-09-13,11:06,12:58,112,BLK-02805,APPROVED
REQ-000055,MT-003110,S&T,C20,2026-09-03,20:01,22:19,138,BLK-02119,APPROVED
REQ-000056,MT-001473,TRD,C14,2026-09-13,13:23,14:50,87,BLK-00149,PENDING
REQ-000057,MT-000781,TRD,C06,2026-09-17,09:47,11:39,112,BLK-01149,APPROVED
REQ-000058,MT-002736,ENGINEERING,C14,2026-09-18,22:41,01:26,165,BLK-01407,APPROVED
REQ-000059,MT-001111,TRD,C13,2026-09-12,04:14,05:32,78,BLK-00522,APPROVED
REQ-000060,MT-003473,ENGINEERING,C04,2026-09-26,20:40,21:54,74,BLK-02048,PENDING
REQ-000061,MT-001593,S&T,C02,2026-09-28,10:16,11:58,102,BLK-02728,APPROVED
REQ-000062,MT-000471,ENGINEERING,C08,2026-09-12,04:04,05:38,94,BLK-00769,PENDING
REQ-000063,MT-003975,S&T,C20,2026-09-24,06:22,07:40,78,BLK-00734,PENDING
REQ-000064,MT-000283,TRD,C01,2026-09-12,23:04,01:04,120,BLK-02414,PENDING
REQ-000065,MT-003436,ENGINEERING,C20,2026-09-05,22:31,01:36,185,BLK-02662,REJECTED
REQ-000066,MT-004814,TRD,C10,2026-09-20,23:18,01:57,159,BLK-02013,PENDING
REQ-000067,MT-004401,TRD,C18,2026-09-07,05:13,06:45,92,BLK-00600,APPROVED
REQ-000068,MT-000354,S&T,C20,2026-09-23,19:37,21:06,89,BLK-00683,PENDING
REQ-000069,MT-003275,ENGINEERING,C18,2026-09-08,00:44,03:32,168,BLK-00520,APPROVED
REQ-000070,MT-003630,ENGINEERING,C12,2026-09-11,13:40,14:52,72,BLK-01626,REJECTED
REQ-000071,MT-003084,S&T,C06,2026-09-02,05:57,08:05,128,BLK-01323,APPROVED
REQ-000072,MT-004077,ENGINEERING,C04,2026-09-18,23:11,01:54,163,BLK-01184,APPROVED
REQ-000073,MT-001264,S&T,C16,2026-09-17,09:26,11:48,142,BLK-01120,PENDING
REQ-000074,MT-002998,S&T,C11,2026-09-17,01:19,02:53,94,BLK-02070,PENDING
REQ-000075,MT-002509,ENGINEERING,C14,2026-09-19,15:28,17:24,116,BLK-01115,APPROVED
REQ-000076,MT-002030,TRD,C17,2026-09-16,00:00,01:45,105,BLK-00740,APPROVED
REQ-000077,MT-002122,ENGINEERING,C10,2026-09-04,22:10,00:18,128,BLK-02471,PENDING
REQ-000078,MT-002068,TRD,C17,2026-09-16,07:15,08:25,70,BLK-00787,PENDING
REQ-000079,MT-001573,ENGINEERING,C16,2026-09-20,15:18,17:20,122,BLK-02272,APPROVED
REQ-000080,MT-001820,S&T,C06,2026-09-12,03:20,05:27,127,BLK-01638,APPROVED
REQ-000081,MT-002524,S&T,C09,2026-09-24,18:19,20:50,151,BLK-00985,PENDING
REQ-000082,MT-004030,TRD,C15,2026-09-16,02:49,05:22,153,BLK-01280,APPROVED
REQ-000083,MT-002829,ENGINEERING,C17,2026-09-15,11:53,14:46,173,BLK-02307,APPROVED
REQ-000084,MT-001568,ENGINEERING,C09,2026-09-21,18:08,20:17,129,BLK-02799,PENDING
REQ-000085,MT-002062,TRD,C17,2026-09-01,09:45,11:45,120,BLK-02678,APPROVED
REQ-000086,MT-004974,ENGINEERING,C11,2026-09-25,23:00,00:39,99,BLK-00854,PENDING
REQ-000087,MT-000038,S&T,C20,2026-09-19,20:25,21:23,58,BLK-01414,PENDING
REQ-000088,MT-000329,S&T,C04,2026-09-27,03:40,05:05,85,BLK-01608,PENDING
REQ-000089,MT-004385,S&T,C02,2026-09-05,10:37,13:04,147,BLK-02500,REJECTED
REQ-000090,MT-003087,TRD,C02,2026-09-06,05:38,07:18,100,BLK-02342,APPROVED
REQ-000091,MT-000793,ENGINEERING,C09,2026-09-12,20:20,23:00,160,BLK-01774,PENDING
REQ-000092,MT-003823,TRD,C03,2026-09-06,15:56,17:09,73,BLK-00545,REJECTED
REQ-000093,MT-000629,ENGINEERING,C04,2026-09-13,21:35,22:39,64,BLK-01879,PENDING
REQ-000094,MT-001376,S&T,C05,2026-09-12,02:51,04:31,100,BLK-00845,PENDING
REQ-000095,MT-003097,TRD,C14,2026-09-22,01:37,02:56,79,BLK-02120,PENDING
REQ-000096,MT-001655,TRD,C15,2026-09-22,11:22,12:52,90,BLK-00568,PENDING
REQ-000097,MT-004286,TRD,C15,2026-09-19,10:41,12:31,110,BLK-00776,APPROVED
REQ-000098,MT-002163,S&T,C09,2026-09-06,08:59,10:59,120,BLK-01214,REJECTED
REQ-000099,MT-004644,S&T,C01,2026-09-30,22:39,23:32,53,BLK-01154,APPROVED
REQ-000100,MT-004141,TRD,C18,2026-09-07,00:17,02:12,115,BLK-00745,APPROVED
REQ-000101,MT-002530,ENGINEERING,C18,2026-09-15,16:41,18:30,109,BLK-02490,REJECTED
REQ-000102,MT-000611,ENGINEERING,C13,2026-09-19,09:23,11:55,152,BLK-00011,REJECTED
REQ-000103,MT-003658,ENGINEERING,C13,2026-09-22,02:45,04:32,107,BLK-00336,PENDING
REQ-000104,MT-003830,S&T,C12,2026-09-13,07:46,09:42,116,BLK-02605,APPROVED
REQ-000105,MT-000859,ENGINEERING,C06,2026-09-19,08:39,10:30,111,BLK-01486,PENDING
REQ-000106,MT-004947,S&T,C11,2026-09-02,12:08,14:21,133,BLK-01157,APPROVED
REQ-000107,MT-004541,TRD,C20,2026-09-28,14:06,16:12,126,BLK-00280,PENDING
REQ-000108,MT-004547,ENGINEERING,C12,2026-09-06,04:24,06:24,120,BLK-01743,PENDING
REQ-000109,MT-000250,TRD,C04,2026-09-29,06:04,08:09,125,BLK-00852,REJECTED
REQ-000110,MT-000413,TRD,C02,2026-09-16,12:10,14:35,145,BLK-01682,PENDING
REQ-000111,MT-003932,TRD,C01,2026-09-27,16:47,19:28,161,BLK-01396,PENDING
REQ-000112,MT-003573,ENGINEERING,C11,2026-09-04,14:15,15:20,65,BLK-01404,APPROVED
REQ-000113,MT-004651,ENGINEERING,C02,2026-09-18,03:40,05:09,89,BLK-02697,APPROVED
REQ-000114,MT-001248,ENGINEERING,C01,2026-09-25,07:03,08:38,95,BLK-00457,PENDING
REQ-000115,MT-000717,ENGINEERING,C16,2026-09-06,20:18,22:18,120,BLK-00510,PENDING
REQ-000116,MT-002403,S&T,C18,2026-09-18,05:35,07:02,87,BLK-01928,APPROVED
REQ-000117,MT-003582,TRD,C19,2026-09-01,19:17,21:29,132,BLK-00951,PENDING
REQ-000118,MT-000027,TRD,C17,2026-09-10,17:01,19:29,148,BLK-02694,PENDING
REQ-000119,MT-004662,TRD,C15,2026-09-03,18:36,21:33,177,BLK-00871,APPROVED
REQ-000120,MT-001079,TRD,C14,2026-09-18,07:38,09:05,87,BLK-02212,REJECTED
REQ-000121,MT-000481,S&T,C09,2026-09-17,10:55,12:37,102,BLK-02231,APPROVED
REQ-000122,MT-002068,TRD,C17,2026-09-16,00:16,01:36,80,BLK-01143,PENDING
REQ-000123,MT-004705,ENGINEERING,C04,2026-09-05,18:36,21:21,165,BLK-00361,REJECTED
REQ-000124,MT-003106,ENGINEERING,C01,2026-09-02,16:25,19:21,176,BLK-00248,PENDING
REQ-000125,MT-002725,S&T,C06,2026-09-20,00:42,02:43,121,BLK-01988,PENDING
REQ-000126,MT-000240,ENGINEERING,C12,2026-09-20,01:36,02:42,66,BLK-01082,APPROVED
REQ-000127,MT-000684,TRD,C17,2026-09-15,11:28,12:46,78,BLK-02641,APPROVED
REQ-000128,MT-002814,TRD,C19,2026-09-01,00:15,02:20,125,BLK-00713,REJECTED
REQ-000129,MT-001196,TRD,C16,2026-09-29,13:14,14:54,100,BLK-01877,PENDING
REQ-000130,MT-000968,TRD,C02,2026-09-12,04:24,05:44,80,BLK-02320,APPROVED
REQ-000131,MT-003037,S&T,C04,2026-09-29,01:02,02:56,114,BLK-02667,APPROVED
REQ-000132,MT-002313,ENGINEERING,C18,2026-09-07,22:22,23:08,46,BLK-01370,APPROVED
REQ-000133,MT-004706,TRD,C03,2026-09-03,04:16,05:47,91,BLK-01833,APPROVED
REQ-000134,MT-001142,TRD,C19,2026-09-08,23:19,02:28,189,BLK-01978,REJECTED
REQ-000135,MT-004999,S&T,C07,2026-09-23,11:08,12:45,97,BLK-01479,PENDING
REQ-000136,MT-001177,S&T,C11,2026-09-09,02:39,04:44,125,BLK-01508,PENDING
REQ-000137,MT-002873,TRD,C03,2026-09-13,07:12,09:26,134,BLK-01461,APPROVED
REQ-000138,MT-002032,ENGINEERING,C16,2026-09-27,09:10,10:22,72,BLK-00648,PENDING
REQ-000139,MT-000004,S&T,C17,2026-09-03,07:59,10:43,164,BLK-02677,APPROVED
REQ-000140,MT-002782,S&T,C15,2026-09-14,17:04,18:02,58,BLK-00849,PENDING
REQ-000141,MT-001357,TRD,C13,2026-09-13,01:40,04:40,180,BLK-01209,APPROVED
REQ-000142,MT-002406,ENGINEERING,C17,2026-09-26,15:27,18:36,189,BLK-02994,APPROVED
REQ-000143,MT-004936,ENGINEERING,C09,2026-09-23,17:31,19:23,112,BLK-01723,PENDING
REQ-000144,MT-004081,TRD,C20,2026-09-21,10:52,12:35,103,BLK-02588,PENDING
REQ-000145,MT-001335,ENGINEERING,C05,2026-09-06,00:09,01:15,66,BLK-01036,PENDING
REQ-000146,MT-000720,TRD,C09,2026-09-09,16:16,18:55,159,BLK-01504,APPROVED
REQ-000147,MT-003289,S&T,C04,2026-09-03,07:13,09:06,113,BLK-01541,PENDING
REQ-000148,MT-003571,S&T,C11,2026-09-17,22:26,00:07,101,BLK-02534,APPROVED
REQ-000149,MT-003439,ENGINEERING,C02,2026-09-13,13:08,15:15,127,BLK-01630,APPROVED
REQ-000150,MT-001837,TRD,C07,2026-09-21,23:51,01:48,117,BLK-00547,APPROVED
REQ-000151,MT-003257,S&T,C19,2026-09-19,13:22,16:10,168,BLK-00632,APPROVED
REQ-000152,MT-001083,ENGINEERING,C06,2026-09-21,22:57,00:25,88,BLK-02709,APPROVED
REQ-000153,MT-001553,ENGINEERING,C01,2026-09-18,01:12,02:40,88,BLK-01046,REJECTED
REQ-000154,MT-002543,TRD,C18,2026-09-05,11:07,12:07,60,BLK-00562,APPROVED
REQ-000155,MT-004939,TRD,C01,2026-09-24,13:13,15:57,164,BLK-00402,PENDING
REQ-000156,MT-002359,S&T,C17,2026-09-02,18:37,20:53,136,BLK-00106,REJECTED
REQ-000157,MT-004087,S&T,C19,2026-09-07,06:33,08:48,135,BLK-00616,PENDING
REQ-000158,MT-001118,ENGINEERING,C10,2026-09-21,22:17,23:12,55,BLK-00724,REJECTED
REQ-000159,MT-001819,S&T,C09,2026-09-23,03:53,04:29,36,BLK-02582,PENDING
REQ-000160,MT-002624,TRD,C20,2026-09-24,06:21,08:08,107,BLK-02434,APPROVED
REQ-000161,MT-000809,TRD,C11,2026-09-15,10:54,13:30,156,BLK-02196,PENDING
REQ-000162,MT-002416,S&T,C03,2026-09-03,08:08,10:02,114,BLK-02688,APPROVED
REQ-000163,MT-004362,TRD,C20,2026-09-14,01:53,03:04,71,BLK-00390,PENDING
REQ-000164,MT-000587,TRD,C18,2026-09-04,06:07,07:06,59,BLK-02228,APPROVED
REQ-000165,MT-001172,S&T,C17,2026-09-17,20:56,22:13,77,BLK-01164,REJECTED
REQ-000166,MT-001423,ENGINEERING,C18,2026-09-17,16:40,18:34,114,BLK-00899,APPROVED
REQ-000167,MT-003780,ENGINEERING,C09,2026-09-28,17:06,19:36,150,BLK-02594,APPROVED
REQ-000168,MT-001382,TRD,C03,2026-09-09,02:58,04:48,110,BLK-00114,PENDING
REQ-000169,MT-000958,TRD,C20,2026-09-16,15:21,17:10,109,BLK-01474,APPROVED
REQ-000170,MT-000814,TRD,C10,2026-09-24,06:53,09:06,133,BLK-02899,REJECTED
REQ-000171,MT-003369,ENGINEERING,C13,2026-09-04,23:42,01:14,92,BLK-01466,APPROVED
REQ-000172,MT-004405,S&T,C02,2026-09-10,01:55,04:05,130,BLK-00366,APPROVED
REQ-000173,MT-003030,ENGINEERING,C09,2026-09-30,06:59,08:16,77,BLK-00657,REJECTED
REQ-000174,MT-004049,S&T,C04,2026-09-01,17:21,18:36,75,BLK-01960,APPROVED
REQ-000175,MT-002341,S&T,C13,2026-09-25,06:58,09:21,143,BLK-01452,PENDING
REQ-000176,MT-003744,TRD,C15,2026-09-08,22:35,00:11,96,BLK-01199,PENDING
REQ-000177,MT-002205,TRD,C02,2026-09-03,22:30,00:08,98,BLK-01811,PENDING
REQ-000178,MT-002332,S&T,C10,2026-09-24,04:50,07:11,141,BLK-00264,PENDING
REQ-000179,MT-002525,TRD,C12,2026-09-21,19:04,21:57,173,BLK-01876,REJECTED
REQ-000180,MT-001780,S&T,C15,2026-09-17,10:15,12:28,133,BLK-02753,APPROVED
REQ-000181,MT-003400,TRD,C02,2026-09-29,16:10,19:08,178,BLK-00497,PENDING
REQ-000182,MT-004000,ENGINEERING,C13,2026-09-06,23:48,02:36,168,BLK-01349,APPROVED
REQ-000183,MT-002064,ENGINEERING,C15,2026-09-06,08:39,10:27,108,BLK-02402,APPROVED
REQ-000184,MT-001816,TRD,C19,2026-09-13,03:24,05:31,127,BLK-02822,PENDING
REQ-000185,MT-000791,S&T,C07,2026-09-26,06:40,08:51,131,BLK-01095,PENDING
REQ-000186,MT-004361,S&T,C14,2026-09-11,23:49,01:11,82,BLK-01903,PENDING
REQ-000187,MT-003870,S&T,C05,2026-09-11,15:35,17:20,105,BLK-00038,PENDING
REQ-000188,MT-003585,S&T,C07,2026-09-07,12:36,13:53,77,BLK-02061,PENDING
REQ-000189,MT-002132,ENGINEERING,C15,2026-09-03,10:28,12:02,94,BLK-00777,PENDING
REQ-000190,MT-003487,TRD,C15,2026-09-09,12:31,13:37,66,BLK-01799,APPROVED
REQ-000191,MT-000918,TRD,C19,2026-09-06,04:56,06:57,121,BLK-01782,PENDING
REQ-000192,MT-003540,TRD,C03,2026-09-13,06:39,09:29,170,BLK-02660,APPROVED
REQ-000193,MT-003436,ENGINEERING,C20,2026-09-20,22:13,00:46,153,BLK-00224,APPROVED
REQ-000194,MT-004480,TRD,C02,2026-09-27,01:36,02:53,77,BLK-01403,REJECTED
REQ-000195,MT-003988,S&T,C20,2026-09-29,19:36,21:11,95,BLK-02036,PENDING
REQ-000196,MT-001016,TRD,C20,2026-09-13,18:32,20:27,115,BLK-01355,PENDING
REQ-000197,MT-004506,ENGINEERING,C05,2026-09-22,15:22,16:52,90,BLK-01521,APPROVED
REQ-000198,MT-003533,TRD,C16,2026-09-29,18:49,21:11,142,BLK-00059,PENDING
REQ-000199,MT-000213,S&T,C20,2026-09-08,11:43,12:43,60,BLK-02828,APPROVED
REQ-000200,MT-003156,S&T,C11,2026-09-07,22:15,00:29,134,BLK-00516,PENDING
REQ-000201,MT-002149,S&T,C12,2026-09-23,14:47,16:49,122,BLK-00037,PENDING
REQ-000202,MT-002499,ENGINEERING,C09,2026-09-08,14:33,17:35,182,BLK-00529,PENDING
REQ-000203,MT-002136,ENGINEERING,C20,2026-09-21,03:58,06:03,125,BLK-01659,PENDING
REQ-000204,MT-000808,ENGINEERING,C10,2026-09-23,16:12,18:45,153,BLK-02238,REJECTED
REQ-000205,MT-001140,S&T,C19,2026-09-08,22:05,00:06,121,BLK-02989,APPROVED
REQ-000206,MT-003479,TRD,C11,2026-09-04,01:53,03:22,89,BLK-00289,APPROVED
REQ-000207,MT-003726,TRD,C19,2026-09-19,10:22,13:01,159,BLK-01732,PENDING
REQ-000208,MT-002344,TRD,C01,2026-09-27,23:32,01:58,146,BLK-02923,REJECTED
REQ-000209,MT-002924,TRD,C10,2026-09-26,10:38,12:35,117,BLK-00518,PENDING
REQ-000210,MT-000863,S&T,C12,2026-09-19,05:28,07:27,119,BLK-01904,PENDING
REQ-000211,MT-004820,S&T,C08,2026-09-24,00:59,01:53,54,BLK-02743,APPROVED
REQ-000212,MT-004587,TRD,C10,2026-09-15,16:24,17:29,65,BLK-01059,APPROVED
REQ-000213,MT-002016,TRD,C18,2026-09-15,22:17,23:50,93,BLK-02871,REJECTED
REQ-000214,MT-001530,ENGINEERING,C17,2026-09-22,22:42,01:01,139,BLK-02784,APPROVED
REQ-000215,MT-002022,TRD,C12,2026-09-04,20:57,00:05,188,BLK-00294,PENDING
REQ-000216,MT-001608,TRD,C14,2026-09-29,18:06,19:47,101,BLK-00433,REJECTED
REQ-000217,MT-001439,ENGINEERING,C02,2026-09-01,20:53,22:28,95,BLK-00413,PENDING
REQ-000218,MT-004604,ENGINEERING,C20,2026-09-22,18:20,20:18,118,BLK-01267,REJECTED
REQ-000219,MT-003520,ENGINEERING,C08,2026-09-27,23:20,01:27,127,BLK-01389,PENDING
REQ-000220,MT-003697,ENGINEERING,C05,2026-09-10,03:33,06:16,163,BLK-00485,APPROVED
REQ-000221,MT-003707,S&T,C16,2026-09-21,22:19,23:48,89,BLK-02456,PENDING
REQ-000222,MT-001758,ENGINEERING,C11,2026-09-28,13:25,15:09,104,BLK-00186,REJECTED
REQ-000223,MT-001899,S&T,C05,2026-09-09,01:21,02:10,49,BLK-00102,PENDING
REQ-000224,MT-000875,ENGINEERING,C16,2026-09-17,18:36,21:32,176,BLK-02330,PENDING
REQ-000225,MT-004973,S&T,C11,2026-09-12,09:37,11:11,94,BLK-01394,PENDING
REQ-000226,MT-002656,ENGINEERING,C11,2026-09-22,04:15,07:11,176,BLK-00610,PENDING
REQ-000227,MT-004646,S&T,C14,2026-09-09,17:34,19:40,126,BLK-02015,PENDING
REQ-000228,MT-002505,TRD,C07,2026-09-14,02:58,05:47,169,BLK-00488,PENDING
REQ-000229,MT-003711,ENGINEERING,C09,2026-09-11,04:48,06:47,119,BLK-00534,PENDING
REQ-000230,MT-000177,TRD,C02,2026-09-17,01:34,04:07,153,BLK-01966,APPROVED
REQ-000231,MT-000962,S&T,C17,2026-09-08,21:14,23:40,146,BLK-02971,PENDING
REQ-000232,MT-000690,TRD,C18,2026-09-03,04:53,07:13,140,BLK-00166,APPROVED
REQ-000233,MT-004178,S&T,C03,2026-09-06,02:41,04:00,79,BLK-01417,PENDING
REQ-000234,MT-003591,ENGINEERING,C12,2026-09-04,07:28,10:14,166,BLK-00412,PENDING
REQ-000235,MT-004414,S&T,C08,2026-09-07,02:57,04:24,87,BLK-00721,APPROVED
REQ-000236,MT-000469,ENGINEERING,C01,2026-09-18,14:07,16:31,144,BLK-02638,APPROVED
REQ-000237,MT-002542,S&T,C20,2026-09-23,02:05,04:08,123,BLK-00317,APPROVED
REQ-000238,MT-003168,S&T,C04,2026-09-19,22:28,00:35,127,BLK-01851,REJECTED
REQ-000239,MT-001410,ENGINEERING,C13,2026-09-22,10:22,12:32,130,BLK-00173,APPROVED
REQ-000240,MT-004842,TRD,C13,2026-09-19,16:58,19:51,173,BLK-00799,PENDING
REQ-000241,MT-000265,TRD,C16,2026-09-24,17:51,19:30,99,BLK-01959,PENDING
REQ-000242,MT-003076,TRD,C10,2026-09-16,15:21,16:54,93,BLK-00411,REJECTED
REQ-000243,MT-003900,TRD,C19,2026-09-18,00:09,01:07,58,BLK-01554,PENDING
REQ-000244,MT-001708,TRD,C01,2026-09-02,00:14,01:35,81,BLK-00055,PENDING
REQ-000245,MT-001556,TRD,C18,2026-09-05,04:32,06:48,136,BLK-02286,APPROVED
REQ-000246,MT-000196,TRD,C10,2026-09-18,02:18,03:06,48,BLK-00282,APPROVED
REQ-000247,MT-002813,S&T,C09,2026-09-08,08:51,11:32,161,BLK-01060,APPROVED
REQ-000248,MT-004369,ENGINEERING,C04,2026-09-09,22:53,00:54,121,BLK-02611,REJECTED
REQ-000249,MT-000831,S&T,C13,2026-09-12,20:22,22:24,122,BLK-01364,PENDING
REQ-000250,MT-000481,S&T,C09,2026-09-02,16:25,17:58,93,BLK-00248,PENDING
REQ-000251,MT-001222,S&T,C06,2026-09-06,17:04,18:04,60,BLK-02158,REJECTED
REQ-000252,MT-002454,TRD,C03,2026-09-11,10:38,13:46,188,BLK-01773,APPROVED
REQ-000253,MT-003130,S&T,C04,2026-09-05,23:29,01:06,97,BLK-01093,PENDING
REQ-000254,MT-004955,S&T,C01,2026-09-08,08:51,10:22,91,BLK-01060,PENDING
REQ-000255,MT-001525,ENGINEERING,C08,2026-09-01,00:11,01:55,104,BLK-02811,PENDING
REQ-000256,MT-001504,ENGINEERING,C16,2026-09-20,08:28,11:08,160,BLK-02185,REJECTED
REQ-000257,MT-001122,ENGINEERING,C20,2026-09-24,06:41,08:22,101,BLK-01344,PENDING
REQ-000258,MT-002824,TRD,C09,2026-09-04,11:08,13:38,150,BLK-00843,REJECTED
REQ-000259,MT-000479,S&T,C06,2026-09-06,03:35,05:24,109,BLK-02947,REJECTED
REQ-000260,MT-003226,TRD,C03,2026-09-10,11:56,14:04,128,BLK-00138,PENDING
REQ-000261,MT-003990,S&T,C19,2026-09-02,13:23,14:21,58,BLK-01218,REJECTED
REQ-000262,MT-004603,ENGINEERING,C17,2026-09-11,00:22,01:31,69,BLK-01817,PENDING
REQ-000263,MT-000749,TRD,C03,2026-09-06,17:04,20:15,191,BLK-02158,APPROVED
REQ-000264,MT-003704,ENGINEERING,C08,2026-09-14,14:47,16:46,119,BLK-00445,PENDING
REQ-000265,MT-000785,S&T,C01,2026-09-02,19:49,21:43,114,BLK-02378,APPROVED
REQ-000266,MT-000786,S&T,C05,2026-09-15,10:26,11:36,70,BLK-01133,APPROVED
REQ-000267,MT-002031,ENGINEERING,C18,2026-09-11,10:22,11:35,73,BLK-01596,REJECTED
REQ-000268,MT-002631,ENGINEERING,C01,2026-09-06,11:29,13:48,139,BLK-00041,APPROVED
REQ-000269,MT-001304,ENGINEERING,C05,2026-09-25,12:09,13:36,87,BLK-02541,APPROVED
REQ-000270,MT-001009,TRD,C02,2026-09-23,12:27,14:39,132,BLK-02067,REJECTED
REQ-000271,MT-000648,ENGINEERING,C17,2026-09-06,05:04,06:35,91,BLK-01873,PENDING
REQ-000272,MT-003784,S&T,C19,2026-09-29,16:37,19:00,143,BLK-01217,APPROVED
REQ-000273,MT-004153,TRD,C15,2026-09-04,07:21,08:23,62,BLK-00471,REJECTED
REQ-000274,MT-000395,S&T,C18,2026-09-26,15:27,17:02,95,BLK-02994,PENDING
REQ-000275,MT-000268,ENGINEERING,C20,2026-09-23,18:09,20:07,118,BLK-02555,PENDING
REQ-000276,MT-000417,ENGINEERING,C04,2026-09-14,22:37,00:15,98,BLK-00276,PENDING
REQ-000277,MT-004263,S&T,C04,2026-09-02,11:48,14:04,136,BLK-01279,PENDING
REQ-000278,MT-004780,ENGINEERING,C16,2026-09-18,04:33,07:06,153,BLK-00192,PENDING
REQ-000279,MT-001696,ENGINEERING,C15,2026-09-20,10:13,12:37,144,BLK-02557,PENDING
REQ-000280,MT-002618,TRD,C03,2026-09-07,03:37,05:09,92,BLK-02730,PENDING
REQ-000281,MT-001412,S&T,C17,2026-09-18,04:33,07:00,147,BLK-00192,APPROVED
REQ-000282,MT-002072,TRD,C02,2026-09-29,03:45,05:37,112,BLK-00466,PENDING
REQ-000283,MT-001063,S&T,C18,2026-09-01,13:55,15:46,111,BLK-02132,REJECTED
REQ-000284,MT-004450,S&T,C15,2026-09-13,03:24,04:51,87,BLK-02775,PENDING
REQ-000285,MT-000442,ENGINEERING,C17,2026-09-08,07:00,08:17,77,BLK-00013,REJECTED
REQ-000286,MT-001025,S&T,C16,2026-09-22,14:46,16:43,117,BLK-02560,APPROVED
REQ-000287,MT-001106,TRD,C16,2026-09-19,14:38,15:57,79,BLK-00108,APPROVED
REQ-000288,MT-001121,TRD,C16,2026-09-29,16:52,19:18,146,BLK-01926,PENDING
REQ-000289,MT-004550,S&T,C08,2026-09-30,09:19,11:11,112,BLK-00470,APPROVED
REQ-000290,MT-000093,TRD,C09,2026-09-02,12:15,14:22,127,BLK-01206,APPROVED
REQ-000291,MT-002174,TRD,C18,2026-09-06,14:46,15:33,47,BLK-01498,APPROVED
REQ-000292,MT-000215,ENGINEERING,C18,2026-09-11,04:19,05:18,59,BLK-02760,PENDING
REQ-000293,MT-003832,TRD,C02,2026-09-18,02:18,04:04,106,BLK-00282,APPROVED
REQ-000294,MT-000210,ENGINEERING,C02,2026-09-13,21:26,23:02,96,BLK-00389,PENDING
REQ-000295,MT-000542,TRD,C17,2026-09-25,21:41,22:43,62,BLK-01232,PENDING
REQ-000296,MT-004809,ENGINEERING,C10,2026-09-21,12:46,14:19,93,BLK-01677,REJECTED
REQ-000297,MT-002751,S&T,C11,2026-09-20,08:38,10:27,109,BLK-02578,APPROVED
REQ-000298,MT-002346,S&T,C15,2026-09-02,10:34,11:55,81,BLK-02750,PENDING
REQ-000299,MT-001523,S&T,C09,2026-09-24,11:02,12:53,111,BLK-02300,APPROVED
REQ-000300,MT-004669,ENGINEERING,C10,2026-09-13,11:31,12:18,47,BLK-01376,PENDING
REQ-000301,MT-001325,ENGINEERING,C05,2026-09-03,01:40,03:30,110,BLK-01453,PENDING
REQ-000302,MT-002891,S&T,C02,2026-09-05,05:29,07:35,126,BLK-00945,PENDING
REQ-000303,MT-004437,TRD,C16,2026-09-18,01:36,04:26,170,BLK-00940,APPROVED
REQ-000304,MT-003230,TRD,C15,2026-09-09,04:41,06:05,84,BLK-01052,PENDING
REQ-000305,MT-004489,TRD,C14,2026-09-03,10:58,12:45,107,BLK-02249,PENDING
REQ-000306,MT-004115,S&T,C04,2026-09-21,13:21,15:36,135,BLK-00385,APPROVED
REQ-000307,MT-000499,ENGINEERING,C10,2026-09-10,17:20,18:51,91,BLK-01256,PENDING
REQ-000308,MT-003069,S&T,C11,2026-09-09,09:15,11:01,106,BLK-02488,PENDING
REQ-000309,MT-000103,S&T,C09,2026-09-03,05:30,07:51,141,BLK-02144,PENDING
REQ-000310,MT-002207,ENGINEERING,C17,2026-09-05,10:01,12:04,123,BLK-01559,APPROVED
REQ-000311,MT-002432,TRD,C20,2026-09-23,11:51,14:05,134,BLK-01260,APPROVED
REQ-000312,MT-002581,S&T,C19,2026-09-23,03:46,05:50,124,BLK-02474,PENDING
REQ-000313,MT-000042,ENGINEERING,C01,2026-09-07,10:19,12:08,109,BLK-01961,REJECTED
REQ-000314,MT-003340,ENGINEERING,C04,2026-09-24,04:48,06:28,100,BLK-00189,APPROVED
REQ-000315,MT-003406,ENGINEERING,C09,2026-09-26,17:30,18:13,43,BLK-02174,APPROVED
REQ-000316,MT-003163,TRD,C11,2026-09-22,08:50,10:21,91,BLK-01540,PENDING
REQ-000317,MT-001860,TRD,C01,2026-09-16,21:28,22:35,67,BLK-00677,PENDING
REQ-000318,MT-002580,TRD,C02,2026-09-21,04:19,06:03,104,BLK-02419,REJECTED
REQ-000319,MT-003296,ENGINEERING,C17,2026-09-22,08:26,10:10,104,BLK-02446,PENDING
REQ-000320,MT-001319,S&T,C08,2026-09-23,04:30,05:55,85,BLK-01969,PENDING
REQ-000321,MT-001767,S&T,C10,2026-09-26,20:54,22:10,76,BLK-01550,PENDING
REQ-000322,MT-004721,ENGINEERING,C17,2026-09-27,07:30,09:19,109,BLK-02527,PENDING
REQ-000323,MT-003193,S&T,C06,2026-09-10,01:18,04:13,175,BLK-02900,APPROVED
REQ-000324,MT-003520,ENGINEERING,C08,2026-09-17,15:56,18:09,133,BLK-02581,PENDING
REQ-000325,MT-000748,ENGINEERING,C01,2026-09-02,03:03,05:01,118,BLK-02952,PENDING
REQ-000326,MT-000758,S&T,C17,2026-09-07,23:20,00:56,96,BLK-01920,PENDING
REQ-000327,MT-000073,TRD,C16,2026-09-19,19:28,20:42,74,BLK-01548,APPROVED
REQ-000328,MT-000042,ENGINEERING,C01,2026-09-08,10:24,11:56,92,BLK-01992,APPROVED
REQ-000329,MT-003908,S&T,C13,2026-09-23,22:42,01:22,160,BLK-01367,APPROVED
REQ-000330,MT-002880,TRD,C03,2026-09-26,10:05,11:56,111,BLK-01178,APPROVED
REQ-000331,MT-000191,TRD,C08,2026-09-06,21:01,22:52,111,BLK-01273,REJECTED
REQ-000332,MT-004869,S&T,C04,2026-09-16,10:32,12:41,129,BLK-01708,APPROVED
REQ-000333,MT-000646,TRD,C11,2026-09-24,00:59,04:03,184,BLK-02743,REJECTED
REQ-000334,MT-002207,ENGINEERING,C17,2026-09-08,00:44,02:24,100,BLK-00520,REJECTED
REQ-000335,MT-001091,ENGINEERING,C01,2026-09-23,11:22,13:05,103,BLK-00429,PENDING
REQ-000336,MT-004883,TRD,C08,2026-09-25,06:05,09:03,178,BLK-01006,PENDING
REQ-000337,MT-003182,S&T,C10,2026-09-08,11:42,13:16,94,BLK-02787,APPROVED
REQ-000338,MT-002069,ENGINEERING,C12,2026-09-18,18:32,19:31,59,BLK-02759,PENDING
REQ-000339,MT-004117,S&T,C11,2026-09-15,06:08,08:01,113,BLK-00709,PENDING
REQ-000340,MT-000590,ENGINEERING,C18,2026-09-28,10:34,12:57,143,BLK-00994,APPROVED
REQ-000341,MT-002772,S&T,C09,2026-09-14,02:17,04:46,149,BLK-00143,APPROVED
REQ-000342,MT-000056,S&T,C03,2026-09-20,12:48,14:36,108,BLK-02194,PENDING
REQ-000343,MT-003267,S&T,C10,2026-09-15,23:54,00:33,39,BLK-00140,PENDING
REQ-000344,MT-000398,ENGINEERING,C20,2026-09-17,20:02,21:18,76,BLK-02565,APPROVED
REQ-000345,MT-002051,ENGINEERING,C11,2026-09-29,10:55,13:35,160,BLK-00839,PENDING
REQ-000346,MT-001519,TRD,C10,2026-09-23,07:56,10:20,144,BLK-00761,REJECTED
REQ-000347,MT-003714,S&T,C04,2026-09-16,16:41,19:31,170,BLK-00076,APPROVED
REQ-000348,MT-000382,TRD,C08,2026-09-15,11:53,13:37,104,BLK-02307,REJECTED
REQ-000349,MT-000054,ENGINEERING,C06,2026-09-30,23:01,01:22,141,BLK-02543,APPROVED
REQ-000350,MT-004992,ENGINEERING,C16,2026-09-18,13:33,14:59,86,BLK-01398,APPROVED
REQ-000351,MT-001415,S&T,C09,2026-09-20,21:47,00:08,141,BLK-02682,PENDING
REQ-000352,MT-002329,ENGINEERING,C10,2026-09-04,08:23,10:59,156,BLK-02625,APPROVED
REQ-000353,MT-004561,TRD,C18,2026-09-26,06:20,08:06,106,BLK-00934,PENDING
REQ-000354,MT-003202,S&T,C11,2026-09-02,11:28,13:34,126,BLK-00381,APPROVED
REQ-000355,MT-004909,ENGINEERING,C09,2026-09-11,07:51,09:17,86,BLK-00712,PENDING
REQ-000356,MT-004842,TRD,C13,2026-09-24,13:13,16:04,171,BLK-00402,PENDING
REQ-000357,MT-003270,TRD,C10,2026-09-12,07:56,09:47,111,BLK-01078,PENDING
REQ-000358,MT-000844,S&T,C17,2026-09-26,11:46,13:00,74,BLK-01666,APPROVED
REQ-000359,MT-004270,TRD,C20,2026-09-21,22:17,00:28,131,BLK-00724,REJECTED
REQ-000360,MT-001265,TRD,C08,2026-09-05,07:27,08:12,45,BLK-01153,PENDING
REQ-000361,MT-004453,TRD,C08,2026-09-27,14:56,17:00,124,BLK-00916,APPROVED
REQ-000362,MT-001831,S&T,C09,2026-09-22,09:35,11:04,89,BLK-02514,PENDING
REQ-000363,MT-002458,S&T,C01,2026-09-22,11:18,12:39,81,BLK-02340,APPROVED
REQ-000364,MT-002002,TRD,C04,2026-09-05,10:37,13:47,190,BLK-02500,REJECTED
REQ-000365,MT-002548,ENGINEERING,C02,2026-09-07,02:16,03:13,57,BLK-02457,APPROVED
REQ-000366,MT-004403,ENGINEERING,C01,2026-09-14,15:42,17:12,90,BLK-02075,APPROVED
REQ-000367,MT-000154,TRD,C05,2026-09-09,05:05,07:46,161,BLK-00481,PENDING
REQ-000368,MT-003797,ENGINEERING,C11,2026-09-12,09:17,12:03,166,BLK-00975,APPROVED
REQ-000369,MT-004197,TRD,C15,2026-09-03,07:59,09:39,100,BLK-02677,APPROVED
REQ-000370,MT-003609,ENGINEERING,C05,2026-09-27,07:44,09:44,120,BLK-00304,APPROVED
REQ-000371,MT-000981,S&T,C15,2026-09-20,22:38,23:55,77,BLK-01849,APPROVED
REQ-000372,MT-004629,ENGINEERING,C09,2026-09-17,00:16,01:54,98,BLK-00305,APPROVED
REQ-000373,MT-004679,TRD,C15,2026-09-15,08:08,10:18,130,BLK-02498,PENDING
REQ-000374,MT-003889,S&T,C11,2026-09-14,23:26,01:02,96,BLK-00307,REJECTED
REQ-000375,MT-003389,S&T,C01,2026-09-16,02:25,04:55,150,BLK-00405,APPROVED
REQ-000376,MT-001271,ENGINEERING,C15,2026-09-16,20:24,21:45,81,BLK-01546,REJECTED
REQ-000377,MT-003620,TRD,C17,2026-09-12,06:19,07:37,78,BLK-02385,PENDING
REQ-000378,MT-002121,ENGINEERING,C16,2026-09-02,18:03,19:56,113,BLK-02381,APPROVED
REQ-000379,MT-001412,S&T,C17,2026-09-19,19:54,22:19,145,BLK-01565,PENDING
REQ-000380,MT-002447,ENGINEERING,C14,2026-09-29,16:26,17:54,88,BLK-01039,REJECTED
REQ-000381,MT-002818,TRD,C05,2026-09-23,17:31,20:41,190,BLK-01723,REJECTED
REQ-000382,MT-002172,ENGINEERING,C02,2026-09-19,11:22,12:50,88,BLK-01201,PENDING
REQ-000383,MT-001200,S&T,C14,2026-09-25,16:58,18:47,109,BLK-02111,APPROVED
REQ-000384,MT-002909,S&T,C05,2026-09-22,03:52,05:09,77,BLK-02661,REJECTED
REQ-000385,MT-000417,ENGINEERING,C04,2026-09-06,02:45,04:34,109,BLK-00407,PENDING
REQ-000386,MT-003810,TRD,C08,2026-09-24,03:11,04:42,91,BLK-01756,APPROVED
REQ-000387,MT-002027,S&T,C19,2026-09-11,08:34,10:13,99,BLK-02192,APPROVED
REQ-000388,MT-003824,ENGINEERING,C06,2026-09-12,21:08,22:30,82,BLK-02463,PENDING
REQ-000389,MT-004255,TRD,C09,2026-09-27,06:48,08:12,84,BLK-01226,APPROVED
REQ-000390,MT-000709,TRD,C08,2026-09-25,12:09,13:53,104,BLK-02541,PENDING
REQ-000391,MT-002455,TRD,C12,2026-09-07,06:09,07:46,97,BLK-01241,REJECTED
REQ-000392,MT-004985,S&T,C20,2026-09-05,21:07,22:08,61,BLK-02676,APPROVED
REQ-000393,MT-004792,TRD,C04,2026-09-20,03:54,05:32,98,BLK-01599,PENDING
REQ-000394,MT-002792,S&T,C15,2026-09-05,13:16,14:48,92,BLK-01189,PENDING
REQ-000395,MT-004457,S&T,C01,2026-09-22,04:15,07:08,173,BLK-00610,APPROVED
REQ-000396,MT-001744,TRD,C04,2026-09-27,17:15,18:59,104,BLK-01825,APPROVED
REQ-000397,MT-002625,S&T,C09,2026-09-21,14:14,15:58,104,BLK-00765,PENDING
REQ-000398,MT-002329,ENGINEERING,C10,2026-09-14,08:30,10:47,137,BLK-00823,REJECTED
REQ-000399,MT-003970,TRD,C14,2026-09-04,09:46,11:43,117,BLK-02567,PENDING
REQ-000400,MT-003041,ENGINEERING,C15,2026-09-27,03:40,04:49,69,BLK-01608,PENDING
REQ-000401,MT-002001,ENGINEERING,C07,2026-09-27,11:49,13:40,111,BLK-00033,PENDING
REQ-000402,MT-000109,TRD,C19,2026-09-08,07:02,09:21,139,BLK-01426,APPROVED
REQ-000403,MT-001114,TRD,C19,2026-09-06,17:04,18:54,110,BLK-02153,PENDING
REQ-000404,MT-004020,S&T,C01,2026-09-09,17:25,19:10,105,BLK-00451,PENDING
REQ-000405,MT-002406,ENGINEERING,C17,2026-09-01,16:17,19:55,218,BLK-01166,PENDING
REQ-000406,MT-001386,TRD,C17,2026-09-20,12:36,15:05,149,BLK-02803,PENDING
REQ-000407,MT-002337,TRD,C18,2026-09-23,21:58,00:51,173,BLK-00199,APPROVED
REQ-000408,MT-004312,ENGINEERING,C02,2026-09-20,14:33,15:41,68,BLK-02173,PENDING
REQ-000409,MT-000994,ENGINEERING,C19,2026-09-08,00:23,02:01,98,BLK-01910,APPROVED
REQ-000410,MT-003201,ENGINEERING,C13,2026-09-11,18:09,19:21,72,BLK-00507,PENDING
REQ-000411,MT-001842,ENGINEERING,C03,2026-09-23,03:35,05:57,142,BLK-02915,APPROVED
REQ-000412,MT-002084,ENGINEERING,C06,2026-09-24,12:44,15:17,153,BLK-00630,APPROVED
REQ-000413,MT-000203,TRD,C15,2026-09-08,02:29,04:04,95,BLK-01776,PENDING
REQ-000414,MT-003897,S&T,C05,2026-09-26,12:29,14:37,128,BLK-02189,APPROVED
REQ-000415,MT-001304,ENGINEERING,C05,2026-09-03,20:21,21:33,72,BLK-00436,APPROVED
REQ-000416,MT-000726,S&T,C18,2026-09-25,17:05,18:56,111,BLK-01942,REJECTED
REQ-000417,MT-004852,TRD,C19,2026-09-25,00:22,01:46,84,BLK-00778,REJECTED
REQ-000418,MT-004715,TRD,C12,2026-09-11,15:35,18:14,159,BLK-00038,APPROVED
REQ-000419,MT-002880,TRD,C03,2026-09-01,21:33,23:24,111,BLK-02331,APPROVED
REQ-000420,MT-001156,ENGINEERING,C18,2026-09-18,22:41,01:27,166,BLK-01407,APPROVED
REQ-000421,MT-003216,S&T,C09,2026-09-08,02:29,04:39,130,BLK-01776,REJECTED
REQ-000422,MT-002363,S&T,C11,2026-09-14,16:28,18:47,139,BLK-02369,PENDING
REQ-000423,MT-000404,S&T,C06,2026-09-07,02:50,04:55,125,BLK-00077,APPROVED
REQ-000424,MT-004055,S&T,C19,2026-09-12,23:04,00:37,93,BLK-02414,APPROVED
REQ-000425,MT-000513,S&T,C11,2026-09-03,15:21,17:21,120,BLK-01617,REJECTED
REQ-000426,MT-003143,ENGINEERING,C10,2026-09-03,11:49,14:30,161,BLK-01974,APPROVED
REQ-000427,MT-000987,ENGINEERING,C01,2026-09-25,17:05,19:22,137,BLK-01942,APPROVED
REQ-000428,MT-004975,S&T,C05,2026-09-29,11:09,12:40,91,BLK-02872,APPROVED
REQ-000429,MT-003700,ENGINEERING,C15,2026-09-23,09:09,12:03,174,BLK-01739,APPROVED
REQ-000430,MT-003878,ENGINEERING,C13,2026-09-06,10:29,11:46,77,BLK-01769,PENDING
REQ-000431,MT-002520,S&T,C02,2026-09-10,12:59,14:42,103,BLK-02875,PENDING
REQ-000432,MT-003707,S&T,C16,2026-09-08,09:26,10:48,82,BLK-00992,PENDING
REQ-000433,MT-001873,S&T,C13,2026-09-20,14:01,15:33,92,BLK-00972,PENDING
REQ-000434,MT-004426,ENGINEERING,C17,2026-09-04,16:43,18:34,111,BLK-02305,PENDING
REQ-000435,MT-000601,ENGINEERING,C08,2026-09-17,01:02,03:06,124,BLK-01210,REJECTED
REQ-000436,MT-004936,ENGINEERING,C09,2026-09-02,01:31,03:36,125,BLK-01584,APPROVED
REQ-000437,MT-003977,ENGINEERING,C12,2026-09-03,20:49,22:21,92,BLK-00467,APPROVED
REQ-000438,MT-002436,TRD,C03,2026-09-20,22:13,00:04,111,BLK-00224,PENDING
REQ-000439,MT-003626,ENGINEERING,C17,2026-09-12,19:11,21:30,139,BLK-01294,PENDING
REQ-000440,MT-004445,ENGINEERING,C08,2026-09-17,07:13,09:46,153,BLK-02027,PENDING
REQ-000441,MT-002729,ENGINEERING,C10,2026-09-19,12:35,14:11,96,BLK-01516,APPROVED
REQ-000442,MT-002101,TRD,C02,2026-09-29,23:45,01:35,110,BLK-02802,REJECTED
REQ-000443,MT-002954,ENGINEERING,C16,2026-09-05,12:32,14:43,131,BLK-00688,PENDING
REQ-000444,MT-000860,ENGINEERING,C05,2026-09-10,16:38,19:08,150,BLK-01346,PENDING
REQ-000445,MT-000993,TRD,C16,2026-09-02,09:46,12:24,158,BLK-02335,PENDING
REQ-000446,MT-002986,S&T,C17,2026-09-25,23:32,01:10,98,BLK-02906,APPROVED
REQ-000447,MT-001091,ENGINEERING,C01,2026-09-05,18:45,19:56,71,BLK-00001,APPROVED
REQ-000448,MT-002656,ENGINEERING,C11,2026-09-19,14:09,16:42,153,BLK-00968,APPROVED
REQ-000449,MT-003661,TRD,C03,2026-09-14,01:53,02:46,53,BLK-00390,PENDING
REQ-000450,MT-000090,S&T,C18,2026-09-05,03:23,05:23,120,BLK-02334,PENDING
REQ-000451,MT-001357,TRD,C13,2026-09-15,14:17,17:15,178,BLK-01660,APPROVED
REQ-000452,MT-001305,S&T,C15,2026-09-14,22:30,23:33,63,BLK-00083,APPROVED
REQ-000453,MT-001085,ENGINEERING,C09,2026-09-01,17:35,20:12,157,BLK-00044,APPROVED
REQ-000454,MT-001253,TRD,C18,2026-09-27,13:20,14:24,64,BLK-01463,PENDING
REQ-000455,MT-000019,ENGINEERING,C08,2026-09-19,07:57,09:05,68,BLK-01281,APPROVED
REQ-000456,MT-003121,ENGINEERING,C13,2026-09-11,00:47,02:53,126,BLK-02390,REJECTED
REQ-000457,MT-003879,S&T,C10,2026-09-24,05:41,06:58,77,BLK-01207,PENDING
REQ-000458,MT-003719,ENGINEERING,C08,2026-09-14,09:50,12:05,135,BLK-02924,APPROVED
REQ-000459,MT-000682,ENGINEERING,C09,2026-09-07,01:13,03:13,120,BLK-00584,REJECTED
REQ-000460,MT-003406,ENGINEERING,C09,2026-09-30,07:02,07:47,45,BLK-02854,PENDING
REQ-000461,MT-003406,ENGINEERING,C09,2026-09-01,01:37,02:37,60,BLK-00952,PENDING
REQ-000462,MT-000905,TRD,C20,2026-09-18,02:57,03:51,54,BLK-02577,APPROVED
REQ-000463,MT-002916,TRD,C18,2026-09-28,09:24,11:12,108,BLK-01444,APPROVED
REQ-000464,MT-001396,S&T,C20,2026-09-09,23:05,00:40,95,BLK-02319,REJECTED
REQ-000465,MT-004244,TRD,C13,2026-09-07,17:56,19:40,104,BLK-00989,REJECTED
REQ-000466,MT-002867,TRD,C03,2026-09-23,10:37,13:02,145,BLK-01484,PENDING
REQ-000467,MT-003057,TRD,C09,2026-09-09,19:55,21:10,75,BLK-01445,APPROVED
REQ-000468,MT-004845,TRD,C17,2026-09-07,07:52,09:51,119,BLK-02782,APPROVED
REQ-000469,MT-002042,S&T,C12,2026-09-29,06:14,08:20,126,BLK-00680,PENDING
REQ-000470,MT-000665,S&T,C08,2026-09-23,19:44,21:59,135,BLK-02200,PENDING
REQ-000471,MT-001544,TRD,C03,2026-09-02,04:53,07:08,135,BLK-01100,PENDING
REQ-000472,MT-000314,ENGINEERING,C06,2026-09-10,16:21,17:44,83,BLK-00110,REJECTED
REQ-000473,MT-001599,ENGINEERING,C13,2026-09-25,07:49,09:37,108,BLK-02405,APPROVED
REQ-000474,MT-003529,ENGINEERING,C11,2026-09-11,07:05,08:46,101,BLK-02271,APPROVED
REQ-000475,MT-003030,ENGINEERING,C09,2026-09-05,21:07,22:26,79,BLK-02676,APPROVED
REQ-000476,MT-000403,TRD,C07,2026-09-29,07:38,10:09,151,BLK-02960,REJECTED
REQ-000477,MT-004413,S&T,C19,2026-09-26,01:11,03:26,135,BLK-02537,REJECTED
REQ-000478,MT-004360,S&T,C01,2026-09-15,05:53,07:21,88,BLK-01802,PENDING
REQ-000479,MT-002550,S&T,C04,2026-09-09,15:11,16:55,104,BLK-00715,APPROVED
REQ-000480,MT-002466,ENGINEERING,C17,2026-09-29,14:22,15:48,86,BLK-00119,PENDING
REQ-000481,MT-004120,S&T,C10,2026-09-11,23:39,00:49,70,BLK-00107,PENDING
REQ-000482,MT-004209,S&T,C12,2026-09-07,10:19,12:57,158,BLK-01961,PENDING
REQ-000483,MT-002845,TRD,C14,2026-09-24,08:28,09:38,70,BLK-00182,PENDING
REQ-000484,MT-004126,S&T,C17,2026-09-28,03:46,05:41,115,BLK-02507,APPROVED
REQ-000485,MT-000024,S&T,C19,2026-09-09,03:47,06:17,150,BLK-01167,PENDING
REQ-000486,MT-003461,S&T,C15,2026-09-25,16:11,18:21,130,BLK-02295,APPROVED
REQ-000487,MT-003783,TRD,C16,2026-09-13,18:52,20:13,81,BLK-00228,PENDING
REQ-000488,MT-004317,TRD,C10,2026-09-08,16:45,19:08,143,BLK-00415,REJECTED
REQ-000489,MT-000864,TRD,C03,2026-09-05,15:22,17:26,124,BLK-02255,REJECTED
REQ-000490,MT-002885,S&T,C04,2026-09-04,01:53,03:35,102,BLK-00289,APPROVED
REQ-000491,MT-001748,TRD,C02,2026-09-03,22:07,00:48,161,BLK-00026,REJECTED
REQ-000492,MT-000557,ENGINEERING,C02,2026-09-29,06:14,07:38,84,BLK-00680,APPROVED
REQ-000493,MT-003290,S&T,C08,2026-09-06,05:30,07:34,124,BLK-02502,APPROVED
REQ-000494,MT-003929,ENGINEERING,C16,2026-09-20,11:32,13:25,113,BLK-01598,APPROVED
REQ-000495,MT-000981,S&T,C15,2026-09-21,19:10,20:33,83,BLK-01045,PENDING
REQ-000496,MT-004926,ENGINEERING,C18,2026-09-22,09:22,10:31,69,BLK-00197,REJECTED
REQ-000497,MT-002747,ENGINEERING,C04,2026-09-21,08:35,10:03,88,BLK-02792,PENDING
REQ-000498,MT-002287,TRD,C13,2026-09-21,00:23,02:17,114,BLK-02855,PENDING
REQ-000499,MT-004545,ENGINEERING,C08,2026-09-21,18:08,20:23,135,BLK-02799,PENDING
REQ-000500,MT-003318,ENGINEERING,C20,2026-09-02,15:07,17:22,135,BLK-00156,PENDING
REQ-000501,MT-003798,S&T,C04,2026-09-13,19:46,21:43,117,BLK-01619,PENDING
REQ-000502,MT-003321,ENGINEERING,C11,2026-09-06,10:06,12:58,172,BLK-01896,APPROVED
REQ-000503,MT-001640,ENGINEERING,C07,2026-09-07,10:19,11:48,89,BLK-01961,APPROVED
REQ-000504,MT-004241,ENGINEERING,C04,2026-09-10,13:50,15:35,105,BLK-01126,REJECTED
REQ-000505,MT-001151,TRD,C17,2026-09-21,08:27,10:11,104,BLK-01929,PENDING
REQ-000506,MT-000122,ENGINEERING,C20,2026-09-26,06:32,08:24,112,BLK-00464,APPROVED
REQ-000507,MT-004187,ENGINEERING,C18,2026-09-06,06:28,08:40,132,BLK-02311,PENDING
REQ-000508,MT-000957,S&T,C10,2026-09-15,13:18,15:37,139,BLK-00802,PENDING
REQ-000509,MT-002738,ENGINEERING,C18,2026-09-24,03:24,05:20,116,BLK-01216,APPROVED
REQ-000510,MT-002946,ENGINEERING,C01,2026-09-12,18:56,21:14,138,BLK-02430,APPROVED
REQ-000511,MT-004732,TRD,C03,2026-09-20,21:47,00:33,166,BLK-02682,PENDING
REQ-000512,MT-000368,ENGINEERING,C18,2026-09-12,23:47,01:36,109,BLK-02155,PENDING
REQ-000513,MT-004530,S&T,C15,2026-09-22,17:29,19:01,92,BLK-01900,REJECTED
REQ-000514,MT-002989,S&T,C15,2026-09-15,19:43,22:34,171,BLK-02725,REJECTED
REQ-000515,MT-002696,TRD,C01,2026-09-12,23:29,00:50,81,BLK-01343,PENDING
REQ-000516,MT-000261,TRD,C05,2026-09-23,17:45,19:05,80,BLK-00830,PENDING
REQ-000517,MT-002864,S&T,C15,2026-09-25,01:34,03:22,108,BLK-01146,APPROVED
REQ-000518,MT-000368,ENGINEERING,C18,2026-09-21,15:17,16:44,87,BLK-02956,APPROVED
REQ-000519,MT-000423,ENGINEERING,C02,2026-09-24,09:07,11:02,115,BLK-02830,PENDING
REQ-000520,MT-001540,ENGINEERING,C20,2026-09-12,11:29,14:40,191,BLK-00640,PENDING
REQ-000521,MT-003263,TRD,C13,2026-09-27,10:40,13:15,155,BLK-01196,REJECTED
REQ-000522,MT-001573,ENGINEERING,C16,2026-09-01,16:00,18:02,122,BLK-01650,PENDING
REQ-000523,MT-000851,ENGINEERING,C20,2026-09-25,15:59,19:04,185,BLK-02477,APPROVED
REQ-000524,MT-002423,TRD,C15,2026-09-06,23:48,01:28,100,BLK-00308,REJECTED
REQ-000525,MT-002292,S&T,C08,2026-09-28,06:58,08:56,118,BLK-02140,REJECTED
REQ-000526,MT-002241,TRD,C06,2026-09-25,06:35,07:43,68,BLK-00965,PENDING
REQ-000527,MT-002673,TRD,C12,2026-09-13,05:07,07:32,145,BLK-02963,APPROVED
REQ-000528,MT-003011,S&T,C19,2026-09-17,03:56,05:35,99,BLK-01635,APPROVED
REQ-000529,MT-004777,ENGINEERING,C03,2026-09-28,00:51,02:25,94,BLK-00987,REJECTED
REQ-000530,MT-003956,ENGINEERING,C11,2026-09-28,14:28,17:31,183,BLK-00214,APPROVED
REQ-000531,MT-003526,TRD,C15,2026-09-01,20:53,22:15,82,BLK-00413,APPROVED
REQ-000532,MT-003637,S&T,C13,2026-09-10,03:13,05:19,126,BLK-02344,APPROVED
REQ-000533,MT-004648,TRD,C17,2026-09-26,06:55,08:20,85,BLK-02451,PENDING
REQ-000534,MT-004409,S&T,C13,2026-09-23,11:08,12:02,54,BLK-01479,REJECTED
REQ-000535,MT-004716,ENGINEERING,C05,2026-09-29,09:44,11:07,83,BLK-02840,APPROVED
REQ-000536,MT-002666,ENGINEERING,C17,2026-09-10,08:31,10:21,110,BLK-01339,APPROVED
REQ-000537,MT-003483,ENGINEERING,C02,2026-09-27,19:59,22:28,149,BLK-01401,APPROVED
REQ-000538,MT-000577,S&T,C03,2026-09-17,01:02,03:30,148,BLK-01210,PENDING
REQ-000539,MT-003573,ENGINEERING,C11,2026-09-23,20:45,21:18,33,BLK-02181,APPROVED
REQ-000540,MT-000088,TRD,C15,2026-09-20,01:36,04:01,145,BLK-01082,REJECTED
REQ-000541,MT-002507,TRD,C16,2026-09-09,02:39,05:10,151,BLK-01508,APPROVED
REQ-000542,MT-004936,ENGINEERING,C09,2026-09-06,20:18,22:41,143,BLK-00510,APPROVED
REQ-000543,MT-001725,S&T,C01,2026-09-10,19:38,21:20,102,BLK-02053,REJECTED
REQ-000544,MT-004358,ENGINEERING,C15,2026-09-23,10:12,11:57,105,BLK-00973,APPROVED
REQ-000545,MT-004357,TRD,C06,2026-09-01,16:40,19:20,160,BLK-01193,REJECTED
REQ-000546,MT-003183,TRD,C05,2026-09-18,19:17,20:54,97,BLK-00950,APPROVED
REQ-000547,MT-004293,S&T,C17,2026-09-28,23:17,01:26,129,BLK-02303,PENDING
REQ-000548,MT-000038,S&T,C20,2026-09-29,22:20,23:47,87,BLK-00836,APPROVED
REQ-000549,MT-002721,S&T,C20,2026-09-23,12:27,13:48,81,BLK-02248,APPROVED
REQ-000550,MT-004335,ENGINEERING,C16,2026-09-09,13:10,14:52,102,BLK-01092,PENDING
REQ-000551,MT-000827,ENGINEERING,C18,2026-09-08,20:41,23:50,189,BLK-00218,APPROVED
REQ-000552,MT-003583,TRD,C09,2026-09-28,08:45,11:24,159,BLK-01683,PENDING
REQ-000553,MT-001205,S&T,C04,2026-09-24,17:27,20:19,172,BLK-00577,PENDING
REQ-000554,MT-004006,TRD,C17,2026-09-04,15:04,17:32,148,BLK-01637,PENDING
REQ-000555,MT-004445,ENGINEERING,C08,2026-09-06,20:17,23:13,176,BLK-00273,REJECTED
REQ-000556,MT-001335,ENGINEERING,C05,2026-09-10,20:13,21:57,104,BLK-00094,PENDING
REQ-000557,MT-004187,ENGINEERING,C18,2026-09-25,09:18,11:49,151,BLK-01485,PENDING
REQ-000558,MT-001060,S&T,C05,2026-09-07,03:59,05:31,92,BLK-01176,PENDING
REQ-000559,MT-000654,TRD,C06,2026-09-15,19:12,21:00,108,BLK-02668,PENDING
REQ-000560,MT-004376,TRD,C16,2026-09-19,15:40,18:10,150,BLK-01957,REJECTED
REQ-000561,MT-001741,S&T,C11,2026-09-03,13:08,15:12,124,BLK-00649,APPROVED
REQ-000562,MT-002792,S&T,C15,2026-09-26,10:38,12:11,93,BLK-00518,APPROVED
REQ-000563,MT-000950,TRD,C10,2026-09-28,10:34,12:48,134,BLK-00994,REJECTED
REQ-000564,MT-004085,S&T,C03,2026-09-13,17:23,19:51,148,BLK-01818,APPROVED
REQ-000565,MT-000411,TRD,C17,2026-09-25,08:45,11:08,143,BLK-01024,PENDING
REQ-000566,MT-002653,TRD,C03,2026-09-22,03:52,06:43,171,BLK-02661,PENDING
REQ-000567,MT-000196,TRD,C10,2026-09-13,09:32,10:16,44,BLK-01304,APPROVED
REQ-000568,MT-004627,TRD,C06,2026-09-01,18:25,20:20,115,BLK-01977,PENDING
REQ-000569,MT-003068,S&T,C15,2026-09-07,06:09,08:34,145,BLK-01241,PENDING
REQ-000570,MT-004829,TRD,C12,2026-09-23,08:48,10:44,116,BLK-02499,REJECTED
REQ-000571,MT-001973,TRD,C15,2026-09-03,21:18,23:21,123,BLK-02122,REJECTED
REQ-000572,MT-002006,TRD,C05,2026-09-21,18:44,21:47,183,BLK-00693,PENDING
REQ-000573,MT-000926,ENGINEERING,C14,2026-09-20,20:54,23:33,159,BLK-01160,APPROVED
REQ-000574,MT-000178,S&T,C11,2026-09-20,09:14,11:37,143,BLK-00564,REJECTED
REQ-000575,MT-004414,S&T,C08,2026-09-17,15:56,17:45,109,BLK-02581,APPROVED
REQ-000576,MT-003018,S&T,C15,2026-09-09,08:33,09:53,80,BLK-00519,REJECTED
REQ-000577,MT-003439,ENGINEERING,C02,2026-09-13,21:26,23:45,139,BLK-00389,APPROVED
REQ-000578,MT-003557,S&T,C15,2026-09-08,00:44,03:08,144,BLK-00520,APPROVED
REQ-000579,MT-000212,ENGINEERING,C05,2026-09-10,11:56,14:26,150,BLK-01669,PENDING
REQ-000580,MT-001894,S&T,C06,2026-09-08,18:49,20:08,79,BLK-00348,REJECTED
REQ-000581,MT-004790,S&T,C07,2026-09-15,12:26,14:59,153,BLK-02354,REJECTED
REQ-000582,MT-004379,TRD,C15,2026-09-17,02:17,04:18,121,BLK-01699,APPROVED
REQ-000583,MT-004887,S&T,C17,2026-09-11,19:58,20:52,54,BLK-00532,APPROVED
REQ-000584,MT-001561,S&T,C18,2026-09-22,09:23,11:08,105,BLK-00128,APPROVED
REQ-000585,MT-003870,S&T,C05,2026-09-07,12:56,14:44,108,BLK-00727,APPROVED
REQ-000586,MT-001932,TRD,C15,2026-09-15,15:13,18:08,175,BLK-02504,PENDING
REQ-000587,MT-002373,ENGINEERING,C05,2026-09-25,20:34,21:31,57,BLK-02580,PENDING
REQ-000588,MT-001353,ENGINEERING,C10,2026-09-09,03:51,05:58,127,BLK-00251,REJECTED
REQ-000589,MT-001292,S&T,C11,2026-09-02,11:57,13:26,89,BLK-02620,REJECTED
REQ-000590,MT-002877,S&T,C17,2026-09-20,09:55,11:46,111,BLK-00719,APPROVED
REQ-000591,MT-000855,S&T,C18,2026-09-05,16:08,18:25,137,BLK-02250,PENDING
REQ-000592,MT-000667,S&T,C04,2026-09-29,12:06,13:53,107,BLK-02867,APPROVED
REQ-000593,MT-000191,TRD,C08,2026-09-08,06:45,08:41,116,BLK-01296,APPROVED
REQ-000594,MT-002324,TRD,C01,2026-09-27,22:58,01:29,151,BLK-02734,PENDING
REQ-000595,MT-000902,ENGINEERING,C18,2026-09-12,04:04,07:23,199,BLK-00769,APPROVED
REQ-000596,MT-004244,TRD,C13,2026-09-04,23:13,01:06,113,BLK-00925,PENDING
REQ-000597,MT-003737,TRD,C08,2026-09-14,11:17,13:15,118,BLK-02554,PENDING
REQ-000598,MT-001808,S&T,C09,2026-09-18,02:00,04:13,133,BLK-01309,REJECTED
REQ-000599,MT-000499,ENGINEERING,C10,2026-09-01,09:21,10:42,81,BLK-00881,PENDING
REQ-000600,MT-004737,ENGINEERING,C09,2026-09-11,12:59,14:39,100,BLK-01740,REJECTED
REQ-000601,MT-004452,ENGINEERING,C04,2026-09-09,18:32,19:54,82,BLK-01996,PENDING
REQ-000602,MT-001465,S&T,C11,2026-09-07,22:22,01:03,161,BLK-01370,PENDING
REQ-000603,MT-000538,TRD,C02,2026-09-25,13:40,15:09,89,BLK-02109,PENDING
REQ-000604,MT-002649,ENGINEERING,C01,2026-09-22,13:42,16:39,177,BLK-02260,APPROVED
REQ-000605,MT-004977,TRD,C08,2026-09-09,03:51,05:39,108,BLK-00251,REJECTED
REQ-000606,MT-004879,S&T,C04,2026-09-14,09:50,11:56,126,BLK-02924,PENDING
REQ-000607,MT-003905,TRD,C02,2026-09-04,21:02,22:48,106,BLK-02066,PENDING
REQ-000608,MT-004429,ENGINEERING,C09,2026-09-03,01:17,03:09,112,BLK-00840,APPROVED
REQ-000609,MT-000076,ENGINEERING,C13,2026-09-22,08:25,11:37,192,BLK-00700,REJECTED
REQ-000610,MT-002168,TRD,C09,2026-09-20,03:24,05:05,101,BLK-02170,PENDING
REQ-000611,MT-000626,TRD,C16,2026-09-27,21:33,23:45,132,BLK-00266,APPROVED
REQ-000612,MT-004800,ENGINEERING,C15,2026-09-30,21:38,23:51,133,BLK-02866,PENDING
REQ-000613,MT-002514,ENGINEERING,C03,2026-09-18,22:11,01:11,180,BLK-00829,PENDING
REQ-000614,MT-002638,S&T,C03,2026-09-10,02:39,05:14,155,BLK-01091,APPROVED
REQ-000615,MT-001726,ENGINEERING,C01,2026-09-23,16:15,18:55,160,BLK-01185,PENDING
REQ-000616,MT-000239,S&T,C18,2026-09-13,20:53,22:29,96,BLK-00335,PENDING
REQ-000617,MT-004604,ENGINEERING,C20,2026-09-29,19:36,21:34,118,BLK-02036,REJECTED
REQ-000618,MT-001462,TRD,C06,2026-09-30,12:24,14:47,143,BLK-00439,APPROVED
REQ-000619,MT-003437,TRD,C17,2026-09-04,19:47,20:47,60,BLK-00269,PENDING
REQ-000620,MT-004148,S&T,C11,2026-09-05,22:36,00:57,141,BLK-01108,APPROVED
REQ-000621,MT-003431,ENGINEERING,C17,2026-09-06,02:48,05:04,136,BLK-02511,APPROVED
REQ-000622,MT-000233,TRD,C02,2026-09-27,14:19,16:40,141,BLK-00326,APPROVED
REQ-000623,MT-002080,TRD,C17,2026-09-15,01:33,04:33,180,BLK-01844,PENDING
REQ-000624,MT-002171,TRD,C20,2026-09-14,17:04,19:17,133,BLK-00849,PENDING
REQ-000625,MT-001887,TRD,C16,2026-09-06,07:50,09:24,94,BLK-02708,APPROVED
REQ-000626,MT-004451,ENGINEERING,C05,2026-09-25,23:53,00:48,55,BLK-01631,REJECTED
REQ-000627,MT-003826,S&T,C08,2026-09-09,18:32,19:32,60,BLK-01996,REJECTED
REQ-000628,MT-002272,ENGINEERING,C16,2026-09-23,05:11,07:36,145,BLK-01840,APPROVED
REQ-000629,MT-001354,ENGINEERING,C07,2026-09-17,16:52,18:39,107,BLK-02128,PENDING
REQ-000630,MT-001691,S&T,C20,2026-09-03,01:22,03:04,102,BLK-01757,APPROVED
REQ-000631,MT-004299,ENGINEERING,C11,2026-09-18,03:00,04:29,89,BLK-00977,PENDING
REQ-000632,MT-000436,ENGINEERING,C16,2026-09-13,18:32,20:19,107,BLK-01355,PENDING
REQ-000633,MT-003571,S&T,C11,2026-09-27,13:20,15:40,140,BLK-01463,APPROVED
REQ-000634,MT-003308,S&T,C04,2026-09-11,15:35,17:58,143,BLK-00038,REJECTED
REQ-000635,MT-004650,TRD,C02,2026-09-01,09:33,11:54,141,BLK-02959,REJECTED
REQ-000636,MT-004356,S&T,C04,2026-09-07,18:44,20:33,109,BLK-01812,REJECTED
REQ-000637,MT-001625,TRD,C04,2026-09-08,17:19,19:35,136,BLK-01240,PENDING
REQ-000638,MT-000789,TRD,C17,2026-09-25,23:25,23:55,30,BLK-02942,REJECTED
REQ-000639,MT-002435,ENGINEERING,C13,2026-09-15,04:51,07:16,145,BLK-00319,APPROVED
REQ-000640,MT-001255,TRD,C08,2026-09-04,12:20,14:01,101,BLK-02287,APPROVED
REQ-000641,MT-001289,TRD,C15,2026-09-23,17:38,20:02,144,BLK-02832,APPROVED
REQ-000642,MT-002805,S&T,C09,2026-09-16,21:10,22:48,98,BLK-01476,PENDING
REQ-000643,MT-000786,S&T,C05,2026-09-01,18:25,19:51,86,BLK-01977,APPROVED
REQ-000644,MT-004977,TRD,C08,2026-09-08,16:25,18:00,95,BLK-01556,PENDING
REQ-000645,MT-000449,ENGINEERING,C01,2026-09-11,06:58,10:20,202,BLK-01042,PENDING
REQ-000646,MT-002035,S&T,C11,2026-09-17,16:52,18:08,76,BLK-02128,PENDING
REQ-000647,MT-003734,ENGINEERING,C16,2026-09-01,13:24,14:55,91,BLK-01439,APPROVED
REQ-000648,MT-001409,S&T,C09,2026-09-20,09:17,11:21,124,BLK-02849,PENDING
REQ-000649,MT-001246,ENGINEERING,C08,2026-09-29,09:44,11:59,135,BLK-02840,APPROVED
REQ-000650,MT-001221,ENGINEERING,C14,2026-09-18,04:46,05:49,63,BLK-01205,APPROVED
REQ-000651,MT-001687,S&T,C19,2026-09-13,11:51,13:41,110,BLK-01611,REJECTED
REQ-000652,MT-004147,ENGINEERING,C06,2026-09-07,23:15,00:56,101,BLK-01186,REJECTED
REQ-000653,MT-002522,TRD,C01,2026-09-24,05:53,07:44,111,BLK-01741,APPROVED
REQ-000654,MT-000666,S&T,C09,2026-09-11,22:56,01:11,135,BLK-02976,PENDING
REQ-000655,MT-003603,ENGINEERING,C11,2026-09-23,20:45,22:20,95,BLK-02181,APPROVED
REQ-000656,MT-000266,TRD,C19,2026-09-01,23:38,02:18,160,BLK-01674,APPROVED
REQ-000657,MT-004026,ENGINEERING,C18,2026-09-11,10:39,13:41,182,BLK-00015,APPROVED
REQ-000658,MT-001904,S&T,C06,2026-09-06,22:04,00:12,128,BLK-00213,APPROVED
REQ-000659,MT-001279,S&T,C02,2026-09-12,19:06,20:40,94,BLK-02887,PENDING
REQ-000660,MT-004053,ENGINEERING,C16,2026-09-05,15:26,18:24,178,BLK-01702,PENDING
REQ-000661,MT-003913,ENGINEERING,C14,2026-09-06,02:29,03:02,33,BLK-01202,APPROVED
REQ-000662,MT-000191,TRD,C08,2026-09-08,19:38,21:23,105,BLK-02964,APPROVED
REQ-000663,MT-004547,ENGINEERING,C12,2026-09-25,03:36,05:32,116,BLK-01573,PENDING
REQ-000664,MT-004310,TRD,C15,2026-09-21,20:57,22:12,75,BLK-00976,PENDING
REQ-000665,MT-002658,S&T,C20,2026-09-18,00:54,02:54,120,BLK-01806,APPROVED
REQ-000666,MT-001433,S&T,C03,2026-09-28,19:06,20:55,109,BLK-01532,PENDING
REQ-000667,MT-001553,ENGINEERING,C01,2026-09-23,22:30,00:04,94,BLK-02572,APPROVED
REQ-000668,MT-001325,ENGINEERING,C05,2026-09-09,02:39,04:43,124,BLK-01508,APPROVED
REQ-000669,MT-002417,TRD,C18,2026-09-07,19:58,22:01,123,BLK-00125,PENDING
REQ-000670,MT-003205,ENGINEERING,C15,2026-09-24,22:21,01:44,203,BLK-00920,APPROVED
REQ-000671,MT-000057,S&T,C03,2026-09-16,14:31,16:27,116,BLK-00498,APPROVED
REQ-000672,MT-001942,S&T,C09,2026-09-29,21:46,00:10,144,BLK-01976,APPROVED
REQ-000673,MT-004020,S&T,C01,2026-09-25,05:30,07:27,117,BLK-02363,APPROVED
REQ-000674,MT-000581,S&T,C09,2026-09-25,06:24,09:01,157,BLK-02352,REJECTED
REQ-000675,MT-000180,TRD,C10,2026-09-25,20:34,22:51,137,BLK-02580,PENDING
REQ-000676,MT-001239,ENGINEERING,C12,2026-09-10,13:50,14:38,48,BLK-01126,PENDING
REQ-000677,MT-001822,TRD,C15,2026-09-20,01:36,03:35,119,BLK-01082,APPROVED
REQ-000678,MT-000955,TRD,C04,2026-09-22,19:35,20:28,53,BLK-02542,PENDING
REQ-000679,MT-000981,S&T,C15,2026-09-21,19:54,21:17,83,BLK-02069,APPROVED
REQ-000680,MT-002290,TRD,C10,2026-09-09,22:53,01:18,145,BLK-02611,REJECTED
REQ-000681,MT-001032,TRD,C13,2026-09-11,13:05,14:59,114,BLK-00368,APPROVED
REQ-000682,MT-002208,ENGINEERING,C18,2026-09-21,15:17,18:13,176,BLK-02956,PENDING
REQ-000683,MT-001069,S&T,C18,2026-09-27,20:09,23:04,175,BLK-00828,PENDING
REQ-000684,MT-001491,ENGINEERING,C15,2026-09-04,06:58,08:58,120,BLK-01836,REJECTED
REQ-000685,MT-000409,S&T,C11,2026-09-18,05:19,07:04,105,BLK-01282,APPROVED
REQ-000686,MT-000628,TRD,C08,2026-09-19,21:50,23:13,83,BLK-02604,REJECTED
REQ-000687,MT-001110,TRD,C19,2026-09-13,13:18,15:59,161,BLK-00926,REJECTED
REQ-000688,MT-000847,TRD,C09,2026-09-28,19:48,21:54,126,BLK-01543,PENDING
REQ-000689,MT-002017,S&T,C17,2026-09-02,23:27,00:56,89,BLK-01331,PENDING
REQ-000690,MT-003451,S&T,C11,2026-09-11,08:28,09:23,55,BLK-02715,PENDING
REQ-000691,MT-000616,S&T,C13,2026-09-04,07:28,09:11,103,BLK-00412,REJECTED
REQ-000692,MT-001338,S&T,C17,2026-09-13,19:34,21:50,136,BLK-02633,APPROVED
REQ-000693,MT-004141,TRD,C18,2026-09-26,14:25,16:23,118,BLK-02637,APPROVED
REQ-000694,MT-002427,S&T,C04,2026-09-20,04:17,05:19,62,BLK-02110,REJECTED
REQ-000695,MT-002288,TRD,C20,2026-09-19,08:01,09:17,76,BLK-01208,APPROVED
REQ-000696,MT-000068,TRD,C17,2026-09-14,14:48,16:57,129,BLK-02485,APPROVED
REQ-000697,MT-002401,S&T,C11,2026-09-15,23:57,01:12,75,BLK-02737,PENDING
REQ-000698,MT-004850,TRD,C19,2026-09-30,06:42,07:31,49,BLK-02076,PENDING
REQ-000699,MT-002714,TRD,C17,2026-09-13,00:39,02:15,96,BLK-02112,APPROVED
REQ-000700,MT-003841,S&T,C09,2026-09-21,22:07,23:36,89,BLK-01283,PENDING
REQ-000701,MT-002151,ENGINEERING,C18,2026-09-28,07:08,09:27,139,BLK-02461,PENDING
REQ-000702,MT-000640,TRD,C18,2026-09-14,07:26,09:20,114,BLK-01302,APPROVED
REQ-000703,MT-001861,S&T,C06,2026-09-06,13:16,16:13,177,BLK-02147,APPROVED
REQ-000704,MT-002243,S&T,C15,2026-09-03,20:18,22:16,118,BLK-01671,PENDING
REQ-000705,MT-003129,S&T,C09,2026-09-05,01:12,02:25,73,BLK-00711,APPROVED
REQ-000706,MT-001923,TRD,C19,2026-09-21,19:52,21:59,127,BLK-02600,PENDING
REQ-000707,MT-001238,S&T,C12,2026-09-08,18:20,19:13,53,BLK-00328,APPROVED
REQ-000708,MT-001971,ENGINEERING,C13,2026-09-09,09:46,11:46,120,BLK-01973,PENDING
REQ-000709,MT-002689,ENGINEERING,C11,2026-09-11,15:35,17:38,123,BLK-00038,PENDING
REQ-000710,MT-000599,S&T,C15,2026-09-20,05:45,08:01,136,BLK-02032,APPROVED
REQ-000711,MT-004532,ENGINEERING,C10,2026-09-18,11:54,12:40,46,BLK-00675,PENDING
REQ-000712,MT-002856,TRD,C08,2026-09-02,03:25,04:59,94,BLK-00851,APPROVED
REQ-000713,MT-002248,S&T,C17,2026-09-13,07:12,08:35,83,BLK-01461,PENDING
REQ-000714,MT-000726,S&T,C18,2026-09-14,12:19,14:34,135,BLK-01465,PENDING
REQ-000715,MT-000746,S&T,C09,2026-09-22,01:30,04:18,168,BLK-01204,REJECTED
REQ-000716,MT-001699,S&T,C07,2026-09-03,03:25,05:12,107,BLK-00717,PENDING
REQ-000717,MT-004714,TRD,C16,2026-09-02,12:57,15:14,137,BLK-01558,APPROVED
REQ-000718,MT-002541,ENGINEERING,C08,2026-09-07,12:56,15:10,134,BLK-00727,PENDING
REQ-000719,MT-000299,TRD,C05,2026-09-13,11:51,14:30,159,BLK-01611,PENDING
REQ-000720,MT-001861,S&T,C06,2026-09-01,21:40,00:48,188,BLK-00804,REJECTED
REQ-000721,MT-003638,TRD,C05,2026-09-19,20:33,21:49,76,BLK-01828,PENDING
REQ-000722,MT-000748,ENGINEERING,C01,2026-09-11,13:40,15:56,136,BLK-01626,REJECTED
REQ-000723,MT-004716,ENGINEERING,C05,2026-09-18,14:17,15:26,69,BLK-01009,APPROVED
REQ-000724,MT-004710,S&T,C10,2026-09-29,03:31,05:23,112,BLK-02973,APPROVED
REQ-000725,MT-003241,ENGINEERING,C13,2026-09-18,15:12,17:21,129,BLK-02237,REJECTED
REQ-000726,MT-001389,S&T,C10,2026-09-18,22:11,00:20,129,BLK-00829,PENDING
REQ-000727,MT-000459,ENGINEERING,C18,2026-09-01,17:31,19:49,138,BLK-00057,APPROVED
REQ-000728,MT-002001,ENGINEERING,C07,2026-09-27,09:47,12:11,144,BLK-00314,PENDING
REQ-000729,MT-000374,ENGINEERING,C20,2026-09-07,23:20,00:13,53,BLK-01920,APPROVED
REQ-000730,MT-000713,TRD,C10,2026-09-12,15:47,18:29,162,BLK-01772,APPROVED
REQ-000731,MT-002026,TRD,C18,2026-09-20,22:22,23:46,84,BLK-01454,REJECTED
REQ-000732,MT-004773,TRD,C04,2026-09-09,03:29,04:53,84,BLK-01916,PENDING
REQ-000733,MT-000714,S&T,C18,2026-09-20,20:54,23:36,162,BLK-01160,PENDING
REQ-000734,MT-002552,S&T,C06,2026-09-15,19:12,20:39,87,BLK-02668,PENDING
REQ-000735,MT-002950,S&T,C09,2026-09-18,03:10,05:16,126,BLK-00090,PENDING
REQ-000736,MT-000994,ENGINEERING,C19,2026-09-15,08:48,09:46,58,BLK-01938,PENDING
REQ-000737,MT-003436,ENGINEERING,C20,2026-09-18,01:12,03:39,147,BLK-01046,APPROVED
REQ-000738,MT-003301,TRD,C13,2026-09-04,05:09,08:06,177,BLK-02063,PENDING
REQ-000739,MT-003080,TRD,C03,2026-09-19,05:06,07:06,120,BLK-01875,PENDING
REQ-000740,MT-003134,ENGINEERING,C07,2026-09-07,19:52,22:07,135,BLK-00597,REJECTED
REQ-000741,MT-001608,TRD,C14,2026-09-13,04:26,05:52,86,BLK-01493,PENDING
REQ-000742,MT-002029,TRD,C03,2026-09-16,02:46,04:38,112,BLK-00061,APPROVED
REQ-000743,MT-003555,TRD,C06,2026-09-14,12:55,14:56,121,BLK-01231,APPROVED
REQ-000744,MT-004200,TRD,C19,2026-09-28,09:21,10:53,92,BLK-01941,PENDING
REQ-000745,MT-002337,TRD,C18,2026-09-15,14:45,17:29,164,BLK-00691,APPROVED
REQ-000746,MT-002870,S&T,C05,2026-09-01,22:33,23:46,73,BLK-00910,APPROVED
REQ-000747,MT-003461,S&T,C15,2026-09-25,14:03,16:33,150,BLK-02979,APPROVED
REQ-000748,MT-004511,TRD,C07,2026-09-05,03:16,05:31,135,BLK-00342,APPROVED
REQ-000749,MT-002885,S&T,C04,2026-09-20,22:13,00:12,119,BLK-00224,PENDING
REQ-000750,MT-003271,TRD,C07,2026-09-23,04:00,06:44,164,BLK-01933,APPROVED
REQ-000751,MT-004873,ENGINEERING,C06,2026-09-23,00:39,03:42,183,BLK-02689,PENDING
REQ-000752,MT-001562,ENGINEERING,C02,2026-09-22,12:15,13:50,95,BLK-00797,PENDING
REQ-000753,MT-002672,S&T,C05,2026-09-03,18:36,21:21,165,BLK-00871,REJECTED
REQ-000754,MT-002674,TRD,C09,2026-09-25,09:32,11:39,127,BLK-00825,APPROVED
REQ-000755,MT-001339,TRD,C07,2026-09-18,06:28,08:04,96,BLK-00369,APPROVED
REQ-000756,MT-000948,ENGINEERING,C10,2026-09-03,05:59,08:41,162,BLK-02618,REJECTED
REQ-000757,MT-004912,ENGINEERING,C04,2026-09-29,02:11,03:47,96,BLK-02215,PENDING
REQ-000758,MT-002026,TRD,C18,2026-09-29,02:11,03:53,102,BLK-02215,PENDING
REQ-000759,MT-003025,S&T,C20,2026-09-08,05:10,06:32,82,BLK-00290,APPROVED
REQ-000760,MT-000336,TRD,C15,2026-09-07,22:11,23:28,77,BLK-01829,PENDING
REQ-000761,MT-003919,ENGINEERING,C04,2026-09-29,10:53,12:40,107,BLK-00329,PENDING
REQ-000762,MT-001033,S&T,C17,2026-09-18,14:17,16:19,122,BLK-01009,REJECTED
REQ-000763,MT-002949,ENGINEERING,C02,2026-09-08,13:47,15:24,97,BLK-00455,PENDING
REQ-000764,MT-002409,TRD,C03,2026-09-28,13:50,16:39,169,BLK-02442,PENDING
REQ-000765,MT-000980,ENGINEERING,C20,2026-09-26,02:56,04:16,80,BLK-00210,APPROVED
REQ-000766,MT-000932,ENGINEERING,C17,2026-09-01,00:57,02:17,80,BLK-02767,PENDING
REQ-000767,MT-002211,S&T,C03,2026-09-19,15:28,17:44,136,BLK-01115,PENDING
REQ-000768,MT-004458,S&T,C11,2026-09-17,23:59,02:24,145,BLK-00815,PENDING
REQ-000769,MT-004487,TRD,C08,2026-09-14,09:47,12:22,155,BLK-00220,APPROVED
REQ-000770,MT-004750,ENGINEERING,C09,2026-09-21,09:32,11:08,96,BLK-02890,PENDING
REQ-000771,MT-002495,ENGINEERING,C07,2026-09-30,13:12,14:36,84,BLK-00548,PENDING
REQ-000772,MT-002982,ENGINEERING,C03,2026-09-14,08:03,09:46,103,BLK-00195,PENDING
REQ-000773,MT-004381,ENGINEERING,C06,2026-09-15,16:30,18:18,108,BLK-02483,PENDING
REQ-000774,MT-000554,ENGINEERING,C15,2026-09-03,23:00,01:06,126,BLK-00832,PENDING
REQ-000775,MT-001228,ENGINEERING,C16,2026-09-05,05:16,06:49,93,BLK-02008,PENDING
REQ-000776,MT-002052,TRD,C20,2026-09-06,05:36,08:05,149,BLK-02701,PENDING
REQ-000777,MT-003307,S&T,C01,2026-09-23,13:34,15:29,115,BLK-01019,PENDING
REQ-000778,MT-000468,ENGINEERING,C13,2026-09-05,12:08,13:21,73,BLK-01163,APPROVED
REQ-000779,MT-003149,TRD,C11,2026-09-10,23:46,01:12,86,BLK-01506,PENDING
REQ-000780,MT-001348,ENGINEERING,C14,2026-09-25,08:45,10:18,93,BLK-01024,REJECTED
REQ-000781,MT-000305,TRD,C08,2026-09-02,12:20,14:26,126,BLK-00286,APPROVED
REQ-000782,MT-001438,S&T,C06,2026-09-07,04:48,06:57,129,BLK-01038,PENDING
REQ-000783,MT-000260,ENGINEERING,C18,2026-09-03,03:29,05:43,134,BLK-01688,PENDING
REQ-000784,MT-000519,ENGINEERING,C09,2026-09-29,02:22,04:12,110,BLK-02281,PENDING
REQ-000785,MT-004450,S&T,C15,2026-09-21,08:35,10:21,106,BLK-02792,PENDING
REQ-000786,MT-000598,TRD,C04,2026-09-03,16:55,19:42,167,BLK-02717,APPROVED
REQ-000787,MT-003904,S&T,C14,2026-09-16,21:38,22:36,58,BLK-01188,PENDING
REQ-000788,MT-004808,TRD,C13,2026-09-13,11:57,13:35,98,BLK-00292,PENDING
REQ-000789,MT-004574,ENGINEERING,C17,2026-09-20,12:07,13:57,110,BLK-02396,PENDING
REQ-000790,MT-001578,ENGINEERING,C20,2026-09-05,11:44,13:40,116,BLK-01735,APPROVED
REQ-000791,MT-001948,TRD,C19,2026-09-02,17:44,19:24,100,BLK-00069,PENDING
REQ-000792,MT-003201,ENGINEERING,C13,2026-09-02,11:08,12:38,90,BLK-00904,PENDING
REQ-000793,MT-004408,TRD,C17,2026-09-20,20:57,23:18,141,BLK-01285,PENDING
REQ-000794,MT-002101,TRD,C02,2026-09-04,13:05,14:58,113,BLK-00086,PENDING
REQ-000795,MT-003170,TRD,C01,2026-09-17,18:38,19:39,61,BLK-00469,REJECTED
REQ-000796,MT-000814,TRD,C10,2026-09-12,04:04,06:45,161,BLK-00769,APPROVED
REQ-000797,MT-002493,ENGINEERING,C12,2026-09-22,16:12,18:14,122,BLK-00970,REJECTED
REQ-000798,MT-000427,TRD,C16,2026-09-17,21:44,23:45,121,BLK-00219,PENDING
REQ-000799,MT-001142,TRD,C19,2026-09-17,18:36,21:28,172,BLK-02330,APPROVED
REQ-000800,MT-000694,S&T,C14,2026-09-14,01:52,03:39,107,BLK-01068,PENDING
REQ-000801,MT-000588,ENGINEERING,C11,2026-09-30,23:28,01:43,135,BLK-02646,REJECTED
REQ-000802,MT-001335,ENGINEERING,C05,2026-09-23,18:09,19:44,95,BLK-02555,APPROVED
REQ-000803,MT-004812,TRD,C02,2026-09-07,06:30,08:26,116,BLK-01628,APPROVED
REQ-000804,MT-004107,ENGINEERING,C09,2026-09-20,11:28,12:52,84,BLK-02946,APPROVED
REQ-000805,MT-000495,S&T,C19,2026-09-03,04:54,07:37,163,BLK-00742,APPROVED
REQ-000806,MT-003630,ENGINEERING,C12,2026-09-02,00:14,01:28,74,BLK-00055,REJECTED
REQ-000807,MT-004081,TRD,C20,2026-09-13,23:23,01:17,114,BLK-00895,PENDING
REQ-000808,MT-002616,ENGINEERING,C15,2026-09-06,06:07,08:58,171,BLK-00596,APPROVED
REQ-000809,MT-002897,TRD,C19,2026-09-05,12:15,14:25,130,BLK-02465,REJECTED
REQ-000810,MT-003556,TRD,C19,2026-09-24,04:48,06:49,121,BLK-00189,PENDING
REQ-000811,MT-000815,ENGINEERING,C08,2026-09-16,16:36,18:38,122,BLK-01067,APPROVED
REQ-000812,MT-002221,ENGINEERING,C11,2026-09-06,13:19,15:15,116,BLK-02590,PENDING
REQ-000813,MT-003130,S&T,C04,2026-09-17,08:21,09:55,94,BLK-02634,APPROVED
REQ-000814,MT-000838,TRD,C08,2026-09-22,19:20,21:52,152,BLK-02318,PENDING
REQ-000815,MT-001616,ENGINEERING,C13,2026-09-25,10:14,11:42,88,BLK-02216,PENDING
REQ-000816,MT-001982,S&T,C15,2026-09-17,10:15,12:46,151,BLK-02753,APPROVED
REQ-000817,MT-003829,S&T,C09,2026-09-12,14:24,15:48,84,BLK-01353,PENDING
REQ-000818,MT-000060,S&T,C05,2026-09-10,20:42,21:57,75,BLK-02816,APPROVED
REQ-000819,MT-004035,ENGINEERING,C06,2026-09-21,12:46,15:08,142,BLK-01677,APPROVED
REQ-000820,MT-000062,TRD,C07,2026-09-03,07:59,09:51,112,BLK-02677,PENDING
REQ-000821,MT-003458,ENGINEERING,C02,2026-09-21,14:41,16:36,115,BLK-01634,PENDING
REQ-000822,MT-004363,TRD,C09,2026-09-17,18:09,20:08,119,BLK-01127,PENDING
REQ-000823,MT-003475,ENGINEERING,C13,2026-09-13,01:14,04:51,217,BLK-02601,APPROVED
REQ-000824,MT-000653,ENGINEERING,C13,2026-09-17,18:20,20:18,118,BLK-01388,PENDING
REQ-000825,MT-004568,ENGINEERING,C17,2026-09-19,08:09,09:24,75,BLK-01372,PENDING
REQ-000826,MT-000996,TRD,C06,2026-09-15,07:47,09:07,80,BLK-02068,APPROVED
REQ-000827,MT-004005,TRD,C20,2026-09-27,09:47,11:53,126,BLK-00314,APPROVED
REQ-000828,MT-003649,TRD,C13,2026-09-20,14:38,16:28,110,BLK-02913,PENDING
REQ-000829,MT-001568,ENGINEERING,C09,2026-09-19,16:42,19:22,160,BLK-02415,PENDING
REQ-000830,MT-004509,TRD,C13,2026-09-08,10:04,11:38,94,BLK-01422,APPROVED
REQ-000831,MT-000316,TRD,C08,2026-09-19,21:10,23:24,134,BLK-01012,APPROVED
REQ-000832,MT-001284,ENGINEERING,C09,2026-09-08,00:23,02:07,104,BLK-01910,APPROVED
REQ-000833,MT-001424,S&T,C04,2026-09-05,04:32,06:19,107,BLK-02286,PENDING
REQ-000834,MT-003314,S&T,C15,2026-09-26,19:59,21:42,103,BLK-02586,APPROVED
REQ-000835,MT-000366,S&T,C12,2026-09-29,19:36,20:32,56,BLK-02036,APPROVED
REQ-000836,MT-004265,S&T,C03,2026-09-02,04:52,06:02,70,BLK-00960,PENDING
REQ-000837,MT-001702,ENGINEERING,C04,2026-09-20,21:27,23:23,116,BLK-00751,PENDING
REQ-000838,MT-002023,ENGINEERING,C11,2026-09-11,07:05,08:18,73,BLK-02271,REJECTED
REQ-000839,MT-001122,ENGINEERING,C20,2026-09-07,22:11,00:05,114,BLK-01829,PENDING
REQ-000840,MT-002000,S&T,C08,2026-09-12,01:07,03:31,144,BLK-02518,REJECTED
REQ-000841,MT-000093,TRD,C09,2026-09-04,11:26,13:19,113,BLK-00927,APPROVED
REQ-000842,MT-004099,ENGINEERING,C20,2026-09-23,00:35,02:16,101,BLK-01292,PENDING
REQ-000843,MT-003779,ENGINEERING,C13,2026-09-16,07:15,09:31,136,BLK-00787,PENDING
REQ-000844,MT-003941,TRD,C05,2026-09-22,19:00,21:01,121,BLK-01932,PENDING
REQ-000845,MT-001133,TRD,C16,2026-09-23,13:57,16:05,128,BLK-01847,PENDING
REQ-000846,MT-001239,ENGINEERING,C12,2026-09-11,17:47,18:36,49,BLK-00663,PENDING
REQ-000847,MT-002357,TRD,C08,2026-09-27,13:20,15:10,110,BLK-01463,PENDING
REQ-000848,MT-004469,TRD,C08,2026-09-13,07:12,10:16,184,BLK-01461,PENDING
REQ-000849,MT-001511,ENGINEERING,C18,2026-09-08,07:26,10:27,181,BLK-01381,REJECTED
REQ-000850,MT-002189,S&T,C14,2026-09-04,02:47,04:57,130,BLK-01931,REJECTED
REQ-000851,MT-000884,S&T,C15,2026-09-12,02:07,04:14,127,BLK-02285,APPROVED
REQ-000852,MT-002509,ENGINEERING,C14,2026-09-15,13:59,16:01,122,BLK-02421,PENDING
REQ-000853,MT-003118,ENGINEERING,C16,2026-09-07,15:34,17:54,140,BLK-02288,PENDING
REQ-000854,MT-003713,ENGINEERING,C15,2026-09-20,03:54,06:02,128,BLK-01758,APPROVED
REQ-000855,MT-003497,ENGINEERING,C01,2026-09-19,04:24,06:15,111,BLK-01528,PENDING
REQ-000856,MT-004085,S&T,C03,2026-09-10,11:56,14:03,127,BLK-01669,APPROVED
REQ-000857,MT-004797,S&T,C07,2026-09-28,07:35,09:09,94,BLK-02018,PENDING
REQ-000858,MT-001790,ENGINEERING,C16,2026-09-28,06:48,07:42,54,BLK-02420,PENDING
REQ-000859,MT-003921,ENGINEERING,C17,2026-09-04,22:07,01:00,173,BLK-00032,REJECTED
REQ-000860,MT-002049,ENGINEERING,C14,2026-09-19,00:59,03:13,134,BLK-02142,APPROVED
REQ-000861,MT-002455,TRD,C12,2026-09-23,17:38,19:21,103,BLK-02832,PENDING
REQ-000862,MT-002149,S&T,C12,2026-09-14,14:47,16:21,94,BLK-00445,APPROVED
REQ-000863,MT-000833,S&T,C02,2026-09-09,19:16,21:28,132,BLK-01646,APPROVED
REQ-000864,MT-003999,S&T,C14,2026-09-07,18:42,20:58,136,BLK-01764,APPROVED
REQ-000865,MT-000368,ENGINEERING,C18,2026-09-11,18:27,19:39,72,BLK-01030,PENDING
REQ-000866,MT-002887,ENGINEERING,C06,2026-09-02,03:03,05:04,121,BLK-02952,REJECTED
REQ-000867,MT-001667,ENGINEERING,C16,2026-09-09,05:05,06:13,68,BLK-00481,REJECTED
REQ-000868,MT-004664,S&T,C01,2026-09-16,12:09,14:20,131,BLK-00574,APPROVED
REQ-000869,MT-001740,ENGINEERING,C10,2026-09-07,19:58,20:46,48,BLK-00125,APPROVED
REQ-000870,MT-002804,TRD,C13,2026-09-28,07:35,09:10,95,BLK-02018,REJECTED
REQ-000871,MT-001976,S&T,C20,2026-09-11,10:14,12:51,157,BLK-00169,REJECTED
REQ-000872,MT-002254,ENGINEERING,C01,2026-09-30,21:29,23:41,132,BLK-00660,APPROVED
REQ-000873,MT-002850,S&T,C05,2026-09-10,03:13,05:09,116,BLK-02344,PENDING
REQ-000874,MT-002012,S&T,C13,2026-09-14,20:49,23:27,158,BLK-02440,PENDING
REQ-000875,MT-000136,ENGINEERING,C17,2026-09-21,10:52,12:24,92,BLK-02588,APPROVED
REQ-000876,MT-000687,TRD,C15,2026-09-20,03:38,05:23,105,BLK-00432,APPROVED
REQ-000877,MT-003843,S&T,C06,2026-09-21,17:09,18:56,107,BLK-01835,PENDING
REQ-000878,MT-003597,TRD,C16,2026-09-26,06:32,08:10,98,BLK-00464,APPROVED
REQ-000879,MT-003830,S&T,C12,2026-09-20,17:42,19:58,136,BLK-01101,APPROVED
REQ-000880,MT-001321,ENGINEERING,C18,2026-09-17,13:42,15:09,87,BLK-02428,PENDING
REQ-000881,MT-004620,S&T,C07,2026-09-08,14:33,15:13,40,BLK-00529,APPROVED
REQ-000882,MT-003884,TRD,C07,2026-09-12,13:06,15:04,118,BLK-01289,PENDING
REQ-000883,MT-000345,ENGINEERING,C07,2026-09-09,19:52,21:25,93,BLK-00506,REJECTED
REQ-000884,MT-002192,ENGINEERING,C03,2026-09-04,08:23,10:05,102,BLK-02625,PENDING
REQ-000885,MT-002357,TRD,C08,2026-09-20,03:18,04:46,88,BLK-01312,APPROVED
REQ-000886,MT-003781,S&T,C01,2026-09-08,01:37,04:02,145,BLK-01002,PENDING
REQ-000887,MT-001658,TRD,C12,2026-09-17,10:59,13:26,147,BLK-01965,PENDING
REQ-000888,MT-001965,ENGINEERING,C15,2026-09-09,03:32,07:05,213,BLK-00179,REJECTED
REQ-000889,MT-002393,TRD,C04,2026-09-19,17:36,18:19,43,BLK-01135,REJECTED
REQ-000890,MT-004034,S&T,C15,2026-09-03,10:49,12:13,84,BLK-02025,APPROVED
REQ-000891,MT-002955,S&T,C02,2026-09-02,12:08,14:11,123,BLK-01157,PENDING
REQ-000892,MT-000141,ENGINEERING,C02,2026-09-17,01:35,03:50,135,BLK-01624,APPROVED
REQ-000893,MT-002528,TRD,C01,2026-09-01,13:24,16:01,157,BLK-01439,APPROVED
REQ-000894,MT-004868,TRD,C08,2026-09-04,21:28,00:21,173,BLK-01790,PENDING
REQ-000895,MT-002499,ENGINEERING,C09,2026-09-20,10:13,13:40,207,BLK-02557,APPROVED
REQ-000896,MT-000095,ENGINEERING,C16,2026-09-22,03:02,05:22,140,BLK-00022,PENDING
REQ-000897,MT-000303,S&T,C17,2026-09-03,15:28,16:35,67,BLK-00687,PENDING
REQ-000898,MT-002816,ENGINEERING,C11,2026-09-09,17:47,20:12,145,BLK-01575,PENDING
REQ-000899,MT-003369,ENGINEERING,C13,2026-09-08,03:56,05:26,90,BLK-00079,PENDING
REQ-000900,MT-003748,S&T,C19,2026-09-17,20:50,22:36,106,BLK-02010,PENDING
REQ-000901,MT-003403,TRD,C15,2026-09-06,07:35,08:51,76,BLK-02613,APPROVED
REQ-000902,MT-001132,TRD,C06,2026-09-13,17:25,19:16,111,BLK-02539,PENDING
REQ-000903,MT-003668,S&T,C01,2026-09-14,09:50,12:44,174,BLK-02924,APPROVED
REQ-000904,MT-001234,ENGINEERING,C09,2026-09-05,10:11,12:55,164,BLK-01177,APPROVED
REQ-000905,MT-004419,ENGINEERING,C07,2026-09-20,17:42,19:52,130,BLK-01101,PENDING
REQ-000906,MT-004388,TRD,C18,2026-09-05,20:15,21:53,98,BLK-02214,APPROVED
REQ-000907,MT-002569,ENGINEERING,C01,2026-09-26,10:38,13:38,180,BLK-00518,PENDING
REQ-000908,MT-003661,TRD,C03,2026-09-18,14:17,15:14,57,BLK-01009,REJECTED
REQ-000909,MT-000789,TRD,C17,2026-09-22,05:32,06:02,30,BLK-01001,PENDING
REQ-000910,MT-003340,ENGINEERING,C04,2026-09-02,07:10,08:42,92,BLK-00571,REJECTED
REQ-000911,MT-000353,S&T,C15,2026-09-20,03:24,04:41,77,BLK-02170,REJECTED
REQ-000912,MT-001760,TRD,C03,2026-09-23,17:38,20:25,167,BLK-02832,APPROVED
REQ-000913,MT-002122,ENGINEERING,C10,2026-09-02,15:07,17:15,128,BLK-00156,APPROVED
REQ-000914,MT-003952,S&T,C10,2026-09-11,18:18,20:20,122,BLK-02410,PENDING
REQ-000915,MT-004517,TRD,C09,2026-09-28,18:25,20:45,140,BLK-02827,APPROVED
REQ-000916,MT-002018,ENGINEERING,C06,2026-09-18,05:29,07:30,121,BLK-02747,PENDING
REQ-000917,MT-000396,TRD,C19,2026-09-25,08:55,09:54,59,BLK-01326,PENDING
REQ-000918,MT-001259,S&T,C13,2026-09-21,19:46,20:50,64,BLK-01615,PENDING
REQ-000919,MT-002864,S&T,C15,2026-09-09,09:15,10:43,88,BLK-02488,PENDING
REQ-000920,MT-001510,TRD,C10,2026-09-05,09:33,12:59,206,BLK-02035,REJECTED
REQ-000921,MT-004093,TRD,C15,2026-09-25,06:08,08:02,114,BLK-01880,APPROVED
REQ-000922,MT-001813,ENGINEERING,C04,2026-09-10,14:59,17:26,147,BLK-01583,PENDING
REQ-000923,MT-004254,ENGINEERING,C16,2026-09-01,18:25,20:08,103,BLK-01977,APPROVED
REQ-000924,MT-004304,ENGINEERING,C14,2026-09-02,11:28,12:34,66,BLK-00381,APPROVED
REQ-000925,MT-003376,ENGINEERING,C16,2026-09-25,18:08,18:58,50,BLK-00421,REJECTED
REQ-000926,MT-002739,S&T,C09,2026-09-25,21:53,00:03,130,BLK-01912,APPROVED
REQ-000927,MT-003155,ENGINEERING,C15,2026-09-25,01:34,03:48,134,BLK-01146,REJECTED
REQ-000928,MT-000235,ENGINEERING,C06,2026-09-12,03:20,04:32,72,BLK-01638,APPROVED
REQ-000929,MT-002986,S&T,C17,2026-09-19,04:24,06:24,120,BLK-01528,APPROVED
REQ-000930,MT-000074,S&T,C18,2026-09-14,02:14,04:45,151,BLK-00941,APPROVED
REQ-000931,MT-002312,ENGINEERING,C20,2026-09-06,05:38,07:44,126,BLK-02342,APPROVED
REQ-000932,MT-000966,S&T,C18,2026-09-07,00:17,01:24,67,BLK-00745,REJECTED
REQ-000933,MT-000404,S&T,C06,2026-09-21,01:14,03:25,131,BLK-00606,APPROVED
REQ-000934,MT-004408,TRD,C17,2026-09-27,22:58,01:18,140,BLK-02734,PENDING
REQ-000935,MT-002646,S&T,C04,2026-09-27,19:12,20:52,100,BLK-00617,APPROVED
REQ-000936,MT-004381,ENGINEERING,C06,2026-09-24,21:09,22:36,87,BLK-01428,APPROVED
REQ-000937,MT-004301,TRD,C07,2026-09-06,06:53,09:21,148,BLK-01589,PENDING
REQ-000938,MT-003070,S&T,C06,2026-09-04,01:15,02:50,95,BLK-02599,REJECTED
REQ-000939,MT-000903,ENGINEERING,C06,2026-09-28,21:02,23:21,139,BLK-02819,PENDING
REQ-000940,MT-002498,S&T,C09,2026-09-21,19:52,21:19,87,BLK-01906,APPROVED
REQ-000941,MT-002588,TRD,C01,2026-09-19,21:10,23:38,148,BLK-01012,PENDING
REQ-000942,MT-000773,TRD,C18,2026-09-05,22:09,23:49,100,BLK-00531,PENDING
REQ-000943,MT-001123,TRD,C06,2026-09-24,08:43,10:56,133,BLK-00591,PENDING
REQ-000944,MT-000938,TRD,C14,2026-09-06,05:04,06:43,99,BLK-01873,REJECTED
REQ-000945,MT-000958,TRD,C20,2026-09-08,09:26,11:01,95,BLK-00992,APPROVED
REQ-000946,MT-002492,ENGINEERING,C06,2026-09-04,02:53,05:15,142,BLK-01658,PENDING
REQ-000947,MT-001235,TRD,C15,2026-09-06,14:23,15:50,87,BLK-00239,PENDING
REQ-000948,MT-001028,S&T,C20,2026-09-04,17:35,18:29,54,BLK-00098,APPROVED
REQ-000949,MT-000740,ENGINEERING,C09,2026-09-04,08:23,11:13,170,BLK-02625,APPROVED
REQ-000950,MT-002350,S&T,C09,2026-09-27,13:00,15:12,132,BLK-00726,REJECTED
REQ-000951,MT-002050,ENGINEERING,C12,2026-09-04,05:09,07:52,163,BLK-02063,APPROVED
REQ-000952,MT-002591,TRD,C07,2026-09-03,16:45,19:22,157,BLK-01321,APPROVED
REQ-000953,MT-004029,S&T,C17,2026-09-09,05:05,07:30,145,BLK-00481,PENDING
REQ-000954,MT-000906,TRD,C18,2026-09-22,10:03,11:50,107,BLK-00911,REJECTED
REQ-000955,MT-000741,ENGINEERING,C12,2026-09-01,12:51,15:22,151,BLK-00270,PENDING
REQ-000956,MT-003116,S&T,C14,2026-09-27,10:16,12:07,111,BLK-00880,PENDING
REQ-000957,MT-003805,S&T,C06,2026-09-01,17:35,18:38,63,BLK-00044,PENDING
REQ-000958,MT-003518,S&T,C19,2026-09-03,18:42,20:16,94,BLK-00374,APPROVED
REQ-000959,MT-000343,TRD,C03,2026-09-02,00:11,01:59,108,BLK-01625,PENDING
REQ-000960,MT-003105,S&T,C08,2026-09-26,19:21,21:03,102,BLK-01580,REJECTED
REQ-000961,MT-001475,S&T,C06,2026-09-04,10:56,13:28,152,BLK-01685,APPROVED
REQ-000962,MT-001062,ENGINEERING,C20,2026-09-02,09:03,11:37,154,BLK-02156,APPROVED
REQ-000963,MT-001175,TRD,C10,2026-09-03,02:33,04:31,118,BLK-00702,APPROVED
REQ-000964,MT-000937,TRD,C13,2026-09-15,16:54,19:36,162,BLK-00656,APPROVED
REQ-000965,MT-004242,S&T,C03,2026-09-22,10:54,13:26,152,BLK-02462,PENDING
REQ-000966,MT-003065,ENGINEERING,C15,2026-09-17,23:30,01:19,109,BLK-00930,REJECTED
REQ-000967,MT-003461,S&T,C15,2026-09-19,19:28,21:37,129,BLK-00209,APPROVED
REQ-000968,MT-004207,TRD,C13,2026-09-26,21:38,23:10,92,BLK-01361,APPROVED
REQ-000969,MT-003976,ENGINEERING,C16,2026-09-18,14:17,16:50,153,BLK-01009,PENDING
REQ-000970,MT-004583,ENGINEERING,C20,2026-09-05,03:05,04:19,74,BLK-01854,APPROVED
REQ-000971,MT-003113,TRD,C20,2026-09-21,16:19,17:45,86,BLK-01034,REJECTED
REQ-000972,MT-000546,ENGINEERING,C08,2026-09-24,18:53,21:10,137,BLK-00795,APPROVED
REQ-000973,MT-003646,TRD,C15,2026-09-26,17:22,18:17,55,BLK-00808,APPROVED
REQ-000974,MT-000855,S&T,C18,2026-09-06,05:38,08:13,155,BLK-02761,APPROVED
REQ-000975,MT-003022,ENGINEERING,C20,2026-09-13,18:55,20:42,107,BLK-01907,APPROVED
REQ-000976,MT-001045,S&T,C08,2026-09-15,13:47,15:10,83,BLK-00278,PENDING
REQ-000977,MT-000284,TRD,C10,2026-09-22,06:30,07:44,74,BLK-02245,PENDING
REQ-000978,MT-003389,S&T,C01,2026-09-26,08:47,10:51,124,BLK-01155,APPROVED
REQ-000979,MT-002670,ENGINEERING,C13,2026-09-11,13:46,15:44,118,BLK-01711,APPROVED
REQ-000980,MT-000363,ENGINEERING,C05,2026-09-23,22:30,00:34,124,BLK-02572,APPROVED
REQ-000981,MT-001546,ENGINEERING,C18,2026-09-29,05:48,07:54,126,BLK-02359,REJECTED
REQ-000982,MT-002521,S&T,C15,2026-09-20,07:17,09:32,135,BLK-01807,PENDING
REQ-000983,MT-002622,ENGINEERING,C15,2026-09-27,14:17,17:08,171,BLK-00774,REJECTED
REQ-000984,MT-003486,TRD,C13,2026-09-11,04:54,06:08,74,BLK-02937,APPROVED
REQ-000985,MT-003381,ENGINEERING,C16,2026-09-16,07:56,09:30,94,BLK-00875,PENDING
REQ-000986,MT-004735,TRD,C18,2026-09-08,14:33,17:05,152,BLK-00529,PENDING
REQ-000987,MT-000862,S&T,C18,2026-09-28,03:46,05:54,128,BLK-02507,APPROVED
REQ-000988,MT-003809,TRD,C09,2026-09-29,07:54,09:06,72,BLK-02367,PENDING
REQ-000989,MT-003766,S&T,C11,2026-09-26,10:05,12:41,156,BLK-01178,REJECTED
REQ-000990,MT-004273,ENGINEERING,C15,2026-09-27,12:31,13:49,78,BLK-02845,PENDING
REQ-000991,MT-001948,TRD,C19,2026-09-21,14:41,16:25,104,BLK-01634,PENDING
REQ-000992,MT-004605,TRD,C20,2026-09-07,19:24,21:43,139,BLK-00052,APPROVED
REQ-000993,MT-002839,S&T,C13,2026-09-02,11:57,13:48,111,BLK-02620,PENDING
REQ-000994,MT-001408,ENGINEERING,C18,2026-09-20,21:22,23:19,117,BLK-00814,PENDING
REQ-000995,MT-002048,ENGINEERING,C01,2026-09-04,10:04,12:49,165,BLK-00604,APPROVED
REQ-000996,MT-004819,S&T,C10,2026-09-02,02:14,04:24,130,BLK-01275,REJECTED
REQ-000997,MT-001819,S&T,C09,2026-09-04,23:22,00:34,72,BLK-01819,APPROVED
REQ-000998,MT-001036,ENGINEERING,C15,2026-09-04,08:30,10:14,104,BLK-02062,APPROVED
REQ-000999,MT-000913,TRD,C19,2026-09-13,04:11,06:36,145,BLK-00695,APPROVED
REQ-001000,MT-004093,TRD,C15,2026-09-01,00:11,01:54,103,BLK-02811,REJECTED
REQ-001001,MT-001253,TRD,C18,2026-09-26,00:04,01:19,75,BLK-02980,PENDING
REQ-001002,MT-003128,TRD,C17,2026-09-22,21:43,00:33,170,BLK-01980,REJECTED
REQ-001003,MT-003829,S&T,C09,2026-09-01,16:00,17:23,83,BLK-01650,APPROVED
REQ-001004,MT-000432,TRD,C14,2026-09-23,19:37,21:29,112,BLK-00683,APPROVED
REQ-001005,MT-003990,S&T,C19,2026-09-20,17:42,18:50,68,BLK-01101,PENDING
REQ-001006,MT-000778,S&T,C09,2026-09-04,00:13,02:23,130,BLK-01190,REJECTED
REQ-001007,MT-003041,ENGINEERING,C15,2026-09-26,04:51,05:27,36,BLK-02955,APPROVED
REQ-001008,MT-002407,ENGINEERING,C12,2026-09-12,07:11,08:24,73,BLK-01765,APPROVED
REQ-001009,MT-001085,ENGINEERING,C09,2026-09-09,06:19,08:49,150,BLK-02497,REJECTED
REQ-001010,MT-004761,ENGINEERING,C13,2026-09-23,19:37,22:39,182,BLK-00683,APPROVED
REQ-001011,MT-000668,TRD,C08,2026-09-04,02:53,05:19,146,BLK-01658,APPROVED
REQ-001012,MT-001458,TRD,C17,2026-09-03,06:22,09:05,163,BLK-01563,APPROVED
REQ-001013,MT-000117,ENGINEERING,C16,2026-09-02,23:27,01:20,113,BLK-01331,APPROVED
REQ-001014,MT-003296,ENGINEERING,C17,2026-09-08,13:26,15:19,113,BLK-01602,APPROVED
REQ-001015,MT-004517,TRD,C09,2026-09-21,17:04,19:07,123,BLK-01005,PENDING
REQ-001016,MT-001878,S&T,C16,2026-09-30,02:11,04:25,134,BLK-02114,APPROVED
REQ-001017,MT-003039,TRD,C03,2026-09-14,16:19,18:07,108,BLK-02146,APPROVED
REQ-001018,MT-000384,TRD,C15,2026-09-07,01:36,03:27,111,BLK-01721,REJECTED
REQ-001019,MT-001054,S&T,C11,2026-09-10,11:40,13:27,107,BLK-01443,APPROVED
REQ-001020,MT-001283,S&T,C10,2026-09-22,22:42,00:35,113,BLK-02784,PENDING
REQ-001021,MT-002668,ENGINEERING,C18,2026-09-07,04:45,06:09,84,BLK-00732,PENDING
REQ-001022,MT-000992,TRD,C02,2026-09-24,06:41,07:14,33,BLK-01344,APPROVED
REQ-001023,MT-001557,ENGINEERING,C16,2026-09-04,13:27,14:22,55,BLK-02870,APPROVED
REQ-001024,MT-002135,TRD,C01,2026-09-17,12:31,14:55,144,BLK-01271,PENDING
REQ-001025,MT-004567,S&T,C08,2026-09-07,11:48,13:48,120,BLK-01446,PENDING
REQ-001026,MT-000857,ENGINEERING,C17,2026-09-05,22:36,01:12,156,BLK-01108,PENDING
REQ-001027,MT-003953,S&T,C02,2026-09-22,10:54,12:44,110,BLK-01365,APPROVED
REQ-001028,MT-001653,TRD,C18,2026-09-11,03:09,05:10,121,BLK-01076,APPROVED
REQ-001029,MT-003551,S&T,C15,2026-09-05,03:05,04:13,68,BLK-01854,PENDING
REQ-001030,MT-001452,S&T,C18,2026-09-07,15:08,17:10,122,BLK-01237,REJECTED
REQ-001031,MT-004727,S&T,C17,2026-09-07,16:37,18:01,84,BLK-02166,APPROVED
REQ-001032,MT-000826,TRD,C02,2026-09-22,04:32,05:52,80,BLK-02038,PENDING
REQ-001033,MT-001582,TRD,C05,2026-09-13,11:21,14:07,166,BLK-02208,APPROVED
REQ-001034,MT-000592,TRD,C05,2026-09-28,09:24,11:20,116,BLK-01444,APPROVED
REQ-001035,MT-004676,S&T,C05,2026-09-16,05:45,07:42,117,BLK-02187,APPROVED
REQ-001036,MT-002373,ENGINEERING,C05,2026-09-24,11:24,12:45,81,BLK-02754,REJECTED
REQ-001037,MT-001163,TRD,C12,2026-09-04,11:15,12:49,94,BLK-00088,PENDING
REQ-001038,MT-004992,ENGINEERING,C16,2026-09-10,05:06,06:48,102,BLK-02948,PENDING
REQ-001039,MT-004774,S&T,C15,2026-09-03,14:29,16:29,120,BLK-02395,APPROVED
REQ-001040,MT-004440,S&T,C13,2026-09-27,05:57,07:49,112,BLK-02129,PENDING
REQ-001041,MT-001932,TRD,C15,2026-09-06,05:36,08:43,187,BLK-02701,APPROVED
REQ-001042,MT-001658,TRD,C12,2026-09-11,04:00,06:03,123,BLK-01601,APPROVED
REQ-001043,MT-004510,TRD,C12,2026-09-27,19:15,19:52,37,BLK-00221,APPROVED
REQ-001044,MT-001145,TRD,C06,2026-09-07,21:54,23:59,125,BLK-02435,APPROVED
REQ-001045,MT-000011,S&T,C03,2026-09-27,10:16,11:25,69,BLK-00880,PENDING
REQ-001046,MT-001473,TRD,C14,2026-09-27,12:42,13:57,75,BLK-00426,PENDING
REQ-001047,MT-000766,ENGINEERING,C07,2026-09-09,02:26,04:18,112,BLK-00500,REJECTED
REQ-001048,MT-004814,TRD,C10,2026-09-11,13:30,15:54,144,BLK-02423,PENDING
REQ-001049,MT-003391,TRD,C16,2026-09-30,05:05,06:15,70,BLK-01478,PENDING
REQ-001050,MT-002654,ENGINEERING,C16,2026-09-25,20:55,23:34,159,BLK-00255,PENDING
REQ-001051,MT-001197,ENGINEERING,C13,2026-09-26,14:56,17:07,131,BLK-02017,APPROVED
REQ-001052,MT-002396,ENGINEERING,C20,2026-09-18,02:18,04:42,144,BLK-00282,REJECTED
REQ-001053,MT-003701,ENGINEERING,C07,2026-09-09,01:59,03:49,110,BLK-00834,APPROVED
REQ-001054,MT-000644,S&T,C02,2026-09-23,09:06,11:13,127,BLK-00682,APPROVED
REQ-001055,MT-001427,S&T,C03,2026-09-12,19:06,21:13,127,BLK-02887,PENDING
REQ-001056,MT-004045,TRD,C10,2026-09-27,07:05,09:05,120,BLK-01442,PENDING
REQ-001057,MT-001270,S&T,C07,2026-09-20,22:03,23:18,75,BLK-00452,REJECTED
REQ-001058,MT-004737,ENGINEERING,C09,2026-09-06,11:32,13:18,106,BLK-01856,APPROVED
REQ-001059,MT-004564,ENGINEERING,C08,2026-09-08,07:02,08:00,58,BLK-01426,PENDING
REQ-001060,MT-004546,S&T,C10,2026-09-09,07:36,09:34,118,BLK-01604,PENDING
REQ-001061,MT-003285,ENGINEERING,C08,2026-09-11,00:22,02:02,100,BLK-01817,PENDING
REQ-001062,MT-002354,S&T,C07,2026-09-27,21:33,23:30,117,BLK-00266,REJECTED
REQ-001063,MT-004888,TRD,C08,2026-09-27,11:48,13:54,126,BLK-00919,REJECTED
REQ-001064,MT-004228,ENGINEERING,C06,2026-09-30,11:25,13:04,99,BLK-00388,PENDING
REQ-001065,MT-000161,TRD,C03,2026-09-05,16:39,17:53,74,BLK-00762,PENDING
REQ-001066,MT-002237,S&T,C15,2026-09-13,04:25,05:36,71,BLK-02358,PENDING
REQ-001067,MT-000357,ENGINEERING,C11,2026-09-22,17:41,18:30,49,BLK-00073,PENDING
REQ-001068,MT-002650,S&T,C07,2026-09-20,12:36,14:36,120,BLK-00352,APPROVED
REQ-001069,MT-002056,TRD,C02,2026-09-30,13:34,15:51,137,BLK-00685,REJECTED
REQ-001070,MT-004780,ENGINEERING,C16,2026-09-28,12:55,15:31,156,BLK-00321,APPROVED
REQ-001071,MT-000993,TRD,C16,2026-09-15,02:49,05:52,183,BLK-00619,APPROVED
REQ-001072,MT-001131,S&T,C10,2026-09-15,08:44,10:25,101,BLK-00123,APPROVED
REQ-001073,MT-000457,TRD,C05,2026-09-21,08:27,10:17,110,BLK-01929,PENDING
REQ-001074,MT-003922,TRD,C18,2026-09-16,01:20,03:21,121,BLK-00921,REJECTED
REQ-001075,MT-002212,ENGINEERING,C10,2026-09-16,12:10,14:54,164,BLK-01682,PENDING
REQ-001076,MT-004034,S&T,C15,2026-09-26,15:22,17:02,100,BLK-01605,REJECTED
REQ-001077,MT-001529,S&T,C09,2026-09-20,01:37,03:10,93,BLK-00523,APPROVED
REQ-001078,MT-000103,S&T,C09,2026-09-25,03:48,05:54,126,BLK-01801,PENDING
REQ-001079,MT-001499,TRD,C03,2026-09-29,01:02,03:18,136,BLK-02667,PENDING
REQ-001080,MT-003385,S&T,C08,2026-09-24,21:09,22:45,96,BLK-01428,PENDING
REQ-001081,MT-004459,ENGINEERING,C16,2026-09-18,08:34,09:39,65,BLK-00487,APPROVED
REQ-001082,MT-002156,ENGINEERING,C02,2026-09-29,17:56,19:59,123,BLK-01549,APPROVED
REQ-001083,MT-002473,ENGINEERING,C05,2026-09-03,14:56,16:56,120,BLK-02223,REJECTED
REQ-001084,MT-002281,ENGINEERING,C18,2026-09-02,02:09,04:18,129,BLK-01410,APPROVED
REQ-001085,MT-001936,TRD,C19,2026-09-22,06:30,08:16,106,BLK-02245,APPROVED
REQ-001086,MT-000438,TRD,C02,2026-09-02,00:14,02:06,112,BLK-00055,PENDING
REQ-001087,MT-001128,ENGINEERING,C02,2026-09-06,10:29,12:40,131,BLK-01769,PENDING
REQ-001088,MT-003714,S&T,C04,2026-09-19,14:09,16:39,150,BLK-00968,PENDING
REQ-001089,MT-001883,S&T,C18,2026-09-07,22:22,23:51,89,BLK-01370,APPROVED
REQ-001090,MT-001121,TRD,C16,2026-09-29,11:26,13:37,131,BLK-01800,APPROVED
REQ-001091,MT-001071,TRD,C02,2026-09-24,18:19,20:27,128,BLK-00985,PENDING
REQ-001092,MT-000840,TRD,C10,2026-09-06,02:03,03:48,105,BLK-02437,PENDING
REQ-001093,MT-000581,S&T,C09,2026-09-08,22:35,00:51,136,BLK-01199,APPROVED
REQ-001094,MT-004720,S&T,C01,2026-09-26,12:26,14:12,106,BLK-00419,PENDING
REQ-001095,MT-001991,ENGINEERING,C18,2026-09-25,10:07,11:12,65,BLK-01004,APPROVED
REQ-001096,MT-004612,ENGINEERING,C13,2026-09-17,03:56,05:27,91,BLK-01635,APPROVED
REQ-001097,MT-001437,S&T,C15,2026-09-15,16:20,17:35,75,BLK-00708,APPROVED
REQ-001098,MT-002988,S&T,C11,2026-09-28,14:06,15:17,71,BLK-00280,APPROVED
REQ-001099,MT-002274,ENGINEERING,C03,2026-09-14,07:26,10:03,157,BLK-01302,APPROVED
REQ-001100,MT-002429,ENGINEERING,C08,2026-09-08,20:36,22:34,118,BLK-02683,PENDING
REQ-001101,MT-004125,S&T,C08,2026-09-03,01:11,03:17,126,BLK-00618,APPROVED
REQ-001102,MT-000627,TRD,C16,2026-09-01,09:52,11:53,121,BLK-02848,PENDING
REQ-001103,MT-000074,S&T,C18,2026-09-05,02:45,05:26,161,BLK-02337,APPROVED
REQ-001104,MT-000883,S&T,C03,2026-09-11,07:51,10:11,140,BLK-00712,REJECTED
REQ-001105,MT-002248,S&T,C17,2026-09-15,20:09,21:48,99,BLK-01022,PENDING
REQ-001106,MT-000902,ENGINEERING,C18,2026-09-17,14:42,17:47,185,BLK-01293,REJECTED
REQ-001107,MT-003358,S&T,C11,2026-09-19,07:01,07:47,46,BLK-00536,PENDING
REQ-001108,MT-004305,S&T,C15,2026-09-01,19:17,20:31,74,BLK-00951,APPROVED
REQ-001109,MT-003477,ENGINEERING,C18,2026-09-18,04:33,07:06,153,BLK-00192,REJECTED
REQ-001110,MT-002125,TRD,C20,2026-09-23,17:25,19:52,147,BLK-02838,APPROVED
REQ-001111,MT-001825,ENGINEERING,C11,2026-09-16,15:29,17:25,116,BLK-00431,APPROVED
REQ-001112,MT-001906,S&T,C04,2026-09-20,07:20,09:28,128,BLK-01255,PENDING
REQ-001113,MT-001101,TRD,C17,2026-09-13,21:01,22:17,76,BLK-00008,APPROVED
REQ-001114,MT-000759,TRD,C12,2026-09-04,02:47,04:31,104,BLK-01931,PENDING
REQ-001115,MT-003849,TRD,C19,2026-09-10,08:43,10:51,128,BLK-00807,PENDING
REQ-001116,MT-001258,ENGINEERING,C10,2026-09-23,17:38,19:03,85,BLK-02832,REJECTED
REQ-001117,MT-000978,S&T,C14,2026-09-01,11:48,13:15,87,BLK-02844,PENDING
REQ-001118,MT-001995,ENGINEERING,C06,2026-09-14,23:26,00:47,81,BLK-00307,PENDING
REQ-001119,MT-001040,TRD,C06,2026-09-14,14:49,16:32,103,BLK-00646,APPROVED
REQ-001120,MT-001013,S&T,C08,2026-09-30,06:42,08:08,86,BLK-02945,PENDING
REQ-001121,MT-003493,S&T,C15,2026-09-12,15:27,17:27,120,BLK-02597,REJECTED
REQ-001122,MT-003614,S&T,C07,2026-09-05,17:26,19:12,106,BLK-01468,PENDING
REQ-001123,MT-001886,TRD,C02,2026-09-21,08:27,11:03,156,BLK-01929,APPROVED
REQ-001124,MT-004356,S&T,C04,2026-09-15,09:14,11:36,142,BLK-00809,PENDING
REQ-001125,MT-002236,S&T,C04,2026-09-17,10:17,12:20,123,BLK-00151,APPROVED
REQ-001126,MT-002295,S&T,C07,2026-09-25,21:41,23:46,125,BLK-01232,APPROVED
REQ-001127,MT-003349,S&T,C09,2026-09-17,01:06,02:49,103,BLK-00609,APPROVED
REQ-001128,MT-003947,ENGINEERING,C05,2026-09-22,03:02,04:25,83,BLK-00022,APPROVED
REQ-001129,MT-003518,S&T,C19,2026-09-06,03:20,04:53,93,BLK-02926,APPROVED
REQ-001130,MT-003267,S&T,C10,2026-09-10,09:15,10:09,54,BLK-00435,PENDING
REQ-001131,MT-002998,S&T,C11,2026-09-25,15:16,16:48,92,BLK-02671,PENDING
REQ-001132,MT-002906,S&T,C04,2026-09-18,14:48,16:52,124,BLK-00262,PENDING
REQ-001133,MT-000432,TRD,C14,2026-09-22,01:30,03:32,122,BLK-01204,PENDING
REQ-001134,MT-002589,S&T,C17,2026-09-01,15:07,16:35,88,BLK-00892,APPROVED
REQ-001135,MT-001197,ENGINEERING,C13,2026-09-04,14:38,17:03,145,BLK-01523,REJECTED
REQ-001136,MT-000463,ENGINEERING,C05,2026-09-21,19:17,21:11,114,BLK-00590,APPROVED
REQ-001137,MT-003487,TRD,C15,2026-09-30,03:30,05:05,95,BLK-02418,PENDING
REQ-001138,MT-004487,TRD,C08,2026-09-28,07:28,10:20,172,BLK-01324,APPROVED
REQ-001139,MT-003363,TRD,C17,2026-09-06,17:06,18:52,106,BLK-01914,APPROVED
REQ-001140,MT-004880,S&T,C15,2026-09-15,04:30,06:04,94,BLK-02099,APPROVED
REQ-001141,MT-003763,ENGINEERING,C05,2026-09-28,08:09,10:31,142,BLK-01470,PENDING
REQ-001142,MT-001199,S&T,C18,2026-09-21,20:40,21:58,78,BLK-01975,PENDING
REQ-001143,MT-000563,ENGINEERING,C09,2026-09-18,12:45,14:48,123,BLK-00947,PENDING
REQ-001144,MT-004311,TRD,C19,2026-09-16,02:04,04:35,151,BLK-02882,PENDING
REQ-001145,MT-001372,ENGINEERING,C10,2026-09-30,15:46,18:14,148,BLK-01647,PENDING
REQ-001146,MT-004569,ENGINEERING,C14,2026-09-20,19:17,20:12,55,BLK-00316,REJECTED
REQ-001147,MT-000811,TRD,C13,2026-09-03,01:12,02:50,98,BLK-00438,PENDING
REQ-001148,MT-001846,ENGINEERING,C05,2026-09-20,02:19,04:40,141,BLK-00963,PENDING
REQ-001149,MT-003138,S&T,C16,2026-09-02,06:30,08:40,130,BLK-00400,APPROVED
REQ-001150,MT-000590,ENGINEERING,C18,2026-09-11,04:48,07:40,172,BLK-00534,APPROVED
REQ-001151,MT-004521,S&T,C04,2026-09-30,12:28,13:46,78,BLK-02551,APPROVED
REQ-001152,MT-004649,TRD,C17,2026-09-08,18:57,20:22,85,BLK-01609,APPROVED
REQ-001153,MT-004255,TRD,C09,2026-09-23,00:33,01:24,51,BLK-00309,PENDING
REQ-001154,MT-000004,S&T,C17,2026-09-05,05:01,07:22,141,BLK-00793,APPROVED
REQ-001155,MT-001854,TRD,C16,2026-09-09,20:53,23:16,143,BLK-02791,PENDING
REQ-001156,MT-000373,TRD,C12,2026-09-24,12:59,15:57,178,BLK-02169,APPROVED
REQ-001157,MT-001427,S&T,C03,2026-09-10,17:51,19:32,101,BLK-00900,PENDING
REQ-001158,MT-002511,ENGINEERING,C12,2026-09-09,03:32,05:37,125,BLK-00179,PENDING
REQ-001159,MT-000444,TRD,C08,2026-09-08,13:01,15:21,140,BLK-00315,REJECTED
REQ-001160,MT-004155,ENGINEERING,C02,2026-09-14,02:59,03:52,53,BLK-02735,APPROVED
REQ-001161,MT-003308,S&T,C04,2026-09-21,02:33,04:50,137,BLK-02698,APPROVED
REQ-001162,MT-002403,S&T,C18,2026-09-19,00:59,01:52,53,BLK-02142,APPROVED
REQ-001163,MT-003985,ENGINEERING,C06,2026-09-28,04:10,07:09,179,BLK-02589,APPROVED
REQ-001164,MT-001792,ENGINEERING,C05,2026-09-13,15:20,16:43,83,BLK-02133,APPROVED
REQ-001165,MT-000826,TRD,C02,2026-09-23,09:09,10:34,85,BLK-01739,APPROVED
REQ-001166,MT-003120,ENGINEERING,C03,2026-09-03,20:49,21:48,59,BLK-00467,REJECTED
REQ-001167,MT-000868,ENGINEERING,C05,2026-09-03,17:09,18:10,61,BLK-00367,APPROVED
REQ-001168,MT-001355,S&T,C14,2026-09-30,10:03,11:16,73,BLK-01434,PENDING
REQ-001169,MT-002691,TRD,C06,2026-09-20,17:07,19:15,128,BLK-01535,REJECTED
REQ-001170,MT-002719,S&T,C04,2026-09-17,10:17,12:12,115,BLK-02089,APPROVED
REQ-001171,MT-001835,ENGINEERING,C19,2026-09-28,08:09,09:12,63,BLK-01470,APPROVED
REQ-001172,MT-000056,S&T,C03,2026-09-21,02:45,04:57,132,BLK-01099,PENDING
REQ-001173,MT-003772,TRD,C11,2026-09-14,12:19,14:10,111,BLK-01465,PENDING
REQ-001174,MT-003859,ENGINEERING,C04,2026-09-19,00:30,02:50,140,BLK-00862,PENDING
REQ-001175,MT-002014,TRD,C11,2026-09-29,16:10,18:07,117,BLK-00497,PENDING
REQ-001176,MT-001339,TRD,C07,2026-09-13,16:59,18:28,89,BLK-02530,PENDING
REQ-001177,MT-004481,S&T,C17,2026-09-05,09:33,10:43,70,BLK-02035,PENDING
REQ-001178,MT-004284,ENGINEERING,C04,2026-09-18,06:28,07:54,86,BLK-00369,APPROVED
REQ-001179,MT-004404,ENGINEERING,C04,2026-09-19,08:22,09:53,91,BLK-02403,APPROVED
REQ-001180,MT-000323,TRD,C12,2026-09-02,17:44,19:34,110,BLK-00069,PENDING
REQ-001181,MT-002483,TRD,C12,2026-09-21,08:35,09:46,71,BLK-02792,REJECTED
REQ-001182,MT-003270,TRD,C10,2026-09-21,17:08,18:37,89,BLK-01534,APPROVED
REQ-001183,MT-003054,TRD,C16,2026-09-15,17:57,20:34,157,BLK-00137,PENDING
REQ-001184,MT-003181,S&T,C09,2026-09-03,22:55,23:49,54,BLK-01703,PENDING
REQ-001185,MT-004749,ENGINEERING,C20,2026-09-03,23:00,01:06,126,BLK-00832,PENDING
REQ-001186,MT-001922,S&T,C04,2026-09-02,11:48,13:16,88,BLK-01279,REJECTED
REQ-001187,MT-004587,TRD,C10,2026-09-11,02:55,04:07,72,BLK-01425,APPROVED
REQ-001188,MT-001609,TRD,C07,2026-09-18,06:54,09:15,141,BLK-02301,PENDING
REQ-001189,MT-004538,TRD,C14,2026-09-26,03:41,06:21,160,BLK-01084,APPROVED
REQ-001190,MT-001235,TRD,C15,2026-09-01,21:52,22:55,63,BLK-02824,PENDING
REQ-001191,MT-002966,TRD,C14,2026-09-11,13:46,15:33,107,BLK-01711,PENDING
REQ-001192,MT-001736,S&T,C19,2026-09-15,17:54,19:20,86,BLK-01124,PENDING
REQ-001193,MT-000047,TRD,C03,2026-09-22,07:33,09:31,118,BLK-01594,PENDING
REQ-001194,MT-002497,ENGINEERING,C01,2026-09-24,04:40,06:49,129,BLK-02640,PENDING
REQ-001195,MT-004919,TRD,C20,2026-09-19,03:16,04:52,96,BLK-00370,PENDING
REQ-001196,MT-004136,TRD,C09,2026-09-24,19:35,20:28,53,BLK-00318,APPROVED
REQ-001197,MT-000450,TRD,C03,2026-09-10,04:19,05:28,69,BLK-01663,APPROVED
REQ-001198,MT-002678,ENGINEERING,C13,2026-09-10,15:18,18:07,169,BLK-02981,REJECTED
REQ-001199,MT-001531,TRD,C04,2026-09-25,02:31,04:19,108,BLK-01137,APPROVED
REQ-001200,MT-000254,TRD,C15,2026-09-13,21:01,23:31,150,BLK-00008,APPROVED
REQ-001201,MT-004008,ENGINEERING,C20,2026-09-28,19:50,20:58,68,BLK-02920,APPROVED
REQ-001202,MT-000836,TRD,C15,2026-09-11,06:58,08:10,72,BLK-00643,PENDING
REQ-001203,MT-002340,ENGINEERING,C10,2026-09-03,13:08,14:16,68,BLK-00649,PENDING
REQ-001204,MT-004812,TRD,C02,2026-09-30,12:28,14:46,138,BLK-02551,PENDING
REQ-001205,MT-002321,S&T,C05,2026-09-27,12:01,13:57,116,BLK-01215,PENDING
REQ-001206,MT-001159,S&T,C02,2026-09-02,14:17,16:22,125,BLK-02046,APPROVED
REQ-001207,MT-002238,ENGINEERING,C18,2026-09-05,18:19,19:52,93,BLK-02274,PENDING
REQ-001208,MT-002864,S&T,C15,2026-09-22,16:14,18:05,111,BLK-00002,PENDING
REQ-001209,MT-003482,TRD,C08,2026-09-26,12:26,14:56,150,BLK-00419,PENDING
REQ-001210,MT-000719,TRD,C20,2026-09-18,03:36,06:17,161,BLK-00063,REJECTED
REQ-001211,MT-003537,TRD,C20,2026-09-24,08:54,11:32,158,BLK-02134,APPROVED
REQ-001212,MT-003421,TRD,C16,2026-09-13,21:35,00:16,161,BLK-01879,PENDING
REQ-001213,MT-001464,S&T,C20,2026-09-16,05:47,08:30,163,BLK-02163,PENDING
REQ-001214,MT-001636,ENGINEERING,C05,2026-09-11,10:22,11:59,97,BLK-01596,APPROVED
REQ-001215,MT-000270,S&T,C12,2026-09-04,16:44,18:22,98,BLK-01557,PENDING
REQ-001216,MT-003558,TRD,C20,2026-09-09,14:35,16:27,112,BLK-01180,PENDING
REQ-001217,MT-003387,TRD,C14,2026-09-04,13:27,15:27,120,BLK-02870,APPROVED
REQ-001218,MT-003294,S&T,C07,2026-09-23,19:08,21:01,113,BLK-00631,APPROVED
REQ-001219,MT-004110,S&T,C15,2026-09-07,07:52,10:06,134,BLK-02782,PENDING
REQ-001220,MT-004853,ENGINEERING,C16,2026-09-12,02:07,03:24,77,BLK-02285,PENDING
REQ-001221,MT-003722,ENGINEERING,C07,2026-09-25,19:34,21:15,101,BLK-02348,APPROVED
REQ-001222,MT-004136,TRD,C09,2026-09-23,17:39,19:12,93,BLK-02341,APPROVED
REQ-001223,MT-003458,ENGINEERING,C02,2026-09-13,21:01,22:52,111,BLK-00008,PENDING
REQ-001224,MT-003597,TRD,C16,2026-09-27,15:26,16:30,64,BLK-00764,REJECTED
REQ-001225,MT-001171,S&T,C20,2026-09-24,03:19,04:58,99,BLK-01239,APPROVED
REQ-001226,MT-004843,S&T,C13,2026-09-05,17:26,18:26,60,BLK-01468,PENDING
REQ-001227,MT-000051,ENGINEERING,C01,2026-09-17,21:44,23:55,131,BLK-00219,APPROVED
REQ-001228,MT-002791,ENGINEERING,C09,2026-09-18,16:36,18:22,106,BLK-00508,REJECTED
REQ-001229,MT-000123,TRD,C13,2026-09-15,16:20,18:06,106,BLK-00708,PENDING
REQ-001230,MT-003195,S&T,C09,2026-09-30,12:24,14:16,112,BLK-00439,PENDING
REQ-001231,MT-000444,TRD,C08,2026-09-03,08:52,11:01,129,BLK-02006,APPROVED
REQ-001232,MT-000438,TRD,C02,2026-09-02,12:17,14:13,116,BLK-00423,APPROVED
REQ-001233,MT-001218,ENGINEERING,C09,2026-09-02,13:23,16:07,164,BLK-01218,APPROVED
REQ-001234,MT-004828,ENGINEERING,C05,2026-09-27,11:04,12:38,94,BLK-01868,PENDING
REQ-001235,MT-004468,TRD,C09,2026-09-18,21:23,00:13,170,BLK-00883,PENDING
REQ-001236,MT-001269,ENGINEERING,C07,2026-09-12,06:19,08:26,127,BLK-02385,APPROVED
REQ-001237,MT-003414,S&T,C18,2026-09-14,02:47,05:10,143,BLK-00045,PENDING
REQ-001238,MT-004955,S&T,C01,2026-09-12,17:31,19:00,89,BLK-01181,REJECTED
REQ-001239,MT-003029,ENGINEERING,C12,2026-09-16,05:47,07:07,80,BLK-02163,PENDING
REQ-001240,MT-002671,ENGINEERING,C17,2026-09-13,16:21,17:53,92,BLK-00758,PENDING
REQ-001241,MT-002652,TRD,C14,2026-09-14,05:36,06:51,75,BLK-01244,PENDING
REQ-001242,MT-003132,TRD,C03,2026-09-10,05:06,06:42,96,BLK-02948,APPROVED
REQ-001243,MT-000767,TRD,C20,2026-09-21,20:11,21:35,84,BLK-02841,PENDING
REQ-001244,MT-003413,TRD,C13,2026-09-19,14:09,15:28,79,BLK-00968,APPROVED
REQ-001245,MT-001921,S&T,C03,2026-09-26,15:14,17:46,152,BLK-01487,APPROVED
REQ-001246,MT-001546,ENGINEERING,C18,2026-09-04,01:41,03:54,133,BLK-02596,REJECTED
REQ-001247,MT-004181,S&T,C14,2026-09-23,17:38,20:00,142,BLK-02832,REJECTED
REQ-001248,MT-000631,S&T,C17,2026-09-18,06:25,08:08,103,BLK-00569,APPROVED
REQ-001249,MT-000967,TRD,C18,2026-09-19,05:06,06:50,104,BLK-01875,PENDING
REQ-001250,MT-000095,ENGINEERING,C16,2026-09-04,13:49,16:02,133,BLK-01923,PENDING
REQ-001251,MT-000299,TRD,C05,2026-09-27,19:59,22:32,153,BLK-01401,APPROVED
REQ-001252,MT-000653,ENGINEERING,C13,2026-09-07,02:16,03:59,103,BLK-02457,APPROVED
REQ-001253,MT-004129,ENGINEERING,C06,2026-09-14,14:27,17:53,206,BLK-00570,PENDING
REQ-001254,MT-003951,S&T,C09,2026-09-11,23:39,01:55,136,BLK-00107,APPROVED
REQ-001255,MT-002295,S&T,C07,2026-09-10,00:04,01:30,86,BLK-00674,APPROVED
REQ-001256,MT-004476,ENGINEERING,C13,2026-09-18,15:11,17:34,143,BLK-02987,PENDING
REQ-001257,MT-002092,ENGINEERING,C13,2026-09-13,04:26,06:01,95,BLK-01493,PENDING
REQ-001258,MT-003063,S&T,C10,2026-09-02,04:52,06:47,115,BLK-00960,REJECTED
REQ-001259,MT-000416,TRD,C09,2026-09-08,17:15,18:37,82,BLK-00256,PENDING
REQ-001260,MT-000274,TRD,C16,2026-09-04,08:58,11:04,126,BLK-00414,APPROVED
REQ-001261,MT-001516,S&T,C10,2026-09-30,08:11,09:33,82,BLK-02726,APPROVED
REQ-001262,MT-002429,ENGINEERING,C08,2026-09-19,08:01,10:03,122,BLK-01208,APPROVED
REQ-001263,MT-001419,ENGINEERING,C14,2026-09-15,08:23,10:02,99,BLK-01377,REJECTED
REQ-001264,MT-002957,ENGINEERING,C13,2026-09-05,01:16,03:46,150,BLK-00333,PENDING
REQ-001265,MT-003112,ENGINEERING,C18,2026-09-25,16:33,19:24,171,BLK-01503,APPROVED
REQ-001266,MT-001783,S&T,C11,2026-09-06,11:04,12:17,73,BLK-01706,PENDING
REQ-001267,MT-003598,TRD,C19,2026-09-27,03:45,06:05,140,BLK-01593,APPROVED
REQ-001268,MT-003372,S&T,C11,2026-09-09,01:21,02:59,98,BLK-00102,REJECTED
REQ-001269,MT-002506,S&T,C15,2026-09-11,21:32,23:13,101,BLK-01590,APPROVED
REQ-001270,MT-001863,TRD,C02,2026-09-26,12:26,14:04,98,BLK-00419,PENDING
REQ-001271,MT-004306,S&T,C12,2026-09-14,08:03,10:25,142,BLK-00195,PENDING
REQ-001272,MT-003475,ENGINEERING,C13,2026-09-05,12:08,15:10,182,BLK-01163,APPROVED
REQ-001273,MT-000649,TRD,C17,2026-09-20,05:45,07:14,89,BLK-02032,PENDING
REQ-001274,MT-001168,TRD,C12,2026-09-01,07:48,10:08,140,BLK-00152,APPROVED
REQ-001275,MT-002326,ENGINEERING,C14,2026-09-23,02:05,03:29,84,BLK-00317,REJECTED
REQ-001276,MT-001992,S&T,C03,2026-09-08,05:47,07:40,113,BLK-00019,REJECTED
REQ-001277,MT-001260,TRD,C16,2026-09-05,22:01,00:26,145,BLK-01138,APPROVED
REQ-001278,MT-003653,ENGINEERING,C07,2026-09-03,04:49,06:23,94,BLK-02317,PENDING
REQ-001279,MT-000981,S&T,C15,2026-09-10,09:11,10:16,65,BLK-02714,REJECTED
REQ-001280,MT-004365,TRD,C20,2026-09-01,12:14,14:20,126,BLK-01895,APPROVED
REQ-001281,MT-004408,TRD,C17,2026-09-07,22:12,00:04,112,BLK-00748,PENDING
REQ-001282,MT-000858,S&T,C10,2026-09-13,02:19,05:14,175,BLK-00170,APPROVED
REQ-001283,MT-000722,TRD,C07,2026-09-03,09:44,11:38,114,BLK-01257,APPROVED
REQ-001284,MT-003036,ENGINEERING,C09,2026-09-19,00:49,03:15,146,BLK-02752,APPROVED
REQ-001285,MT-004378,TRD,C16,2026-09-03,15:57,17:48,111,BLK-02652,PENDING
REQ-001286,MT-001017,S&T,C15,2026-09-11,05:35,06:58,83,BLK-00979,APPROVED
REQ-001287,MT-002430,ENGINEERING,C02,2026-09-22,04:20,06:05,105,BLK-01054,APPROVED
REQ-001288,MT-000046,S&T,C14,2026-09-20,05:14,06:27,73,BLK-01450,PENDING
REQ-001289,MT-004905,S&T,C03,2026-09-25,22:25,23:49,84,BLK-00535,PENDING
REQ-001290,MT-002941,ENGINEERING,C05,2026-09-04,15:00,16:20,80,BLK-01399,PENDING
REQ-001291,MT-003115,ENGINEERING,C16,2026-09-29,17:56,20:10,134,BLK-01549,APPROVED
REQ-001292,MT-000657,ENGINEERING,C09,2026-09-30,19:27,21:46,139,BLK-02175,PENDING
REQ-001293,MT-000677,ENGINEERING,C05,2026-09-08,19:40,21:26,106,BLK-00796,REJECTED
REQ-001294,MT-003494,ENGINEERING,C02,2026-09-28,09:21,11:42,141,BLK-01941,PENDING
REQ-001295,MT-002916,TRD,C18,2026-09-02,03:03,04:48,105,BLK-02952,PENDING
REQ-001296,MT-000910,TRD,C16,2026-09-06,11:30,14:09,159,BLK-00781,APPROVED
REQ-001297,MT-001312,TRD,C08,2026-09-10,19:01,21:21,140,BLK-01314,REJECTED
REQ-001298,MT-004434,ENGINEERING,C17,2026-09-04,20:57,21:56,59,BLK-00294,APPROVED
REQ-001299,MT-002071,ENGINEERING,C18,2026-09-10,01:24,04:02,158,BLK-00356,PENDING
REQ-001300,MT-002064,ENGINEERING,C15,2026-09-23,01:41,03:42,121,BLK-00552,APPROVED
REQ-001301,MT-004327,ENGINEERING,C11,2026-09-25,22:13,01:36,203,BLK-02984,PENDING
REQ-001302,MT-001172,S&T,C17,2026-09-28,18:24,19:20,56,BLK-02072,PENDING
REQ-001303,MT-001848,TRD,C08,2026-09-28,01:58,03:12,74,BLK-01994,PENDING
REQ-001304,MT-001767,S&T,C10,2026-09-01,17:45,19:05,80,BLK-02938,PENDING
REQ-001305,MT-002849,ENGINEERING,C12,2026-09-18,22:48,01:06,138,BLK-01416,PENDING
REQ-001306,MT-000476,S&T,C03,2026-09-17,17:40,20:07,147,BLK-01313,PENDING
REQ-001307,MT-004921,S&T,C07,2026-09-05,01:12,03:38,146,BLK-00711,REJECTED
REQ-001308,MT-001970,S&T,C15,2026-09-27,14:06,15:42,96,BLK-02315,APPROVED
REQ-001309,MT-004533,TRD,C01,2026-09-19,20:33,21:56,83,BLK-00362,PENDING
REQ-001310,MT-002912,ENGINEERING,C18,2026-09-13,13:23,16:56,213,BLK-00149,PENDING
REQ-001311,MT-003398,ENGINEERING,C01,2026-09-21,16:46,19:05,139,BLK-00139,PENDING
REQ-001312,MT-004133,ENGINEERING,C09,2026-09-14,04:27,06:56,149,BLK-02150,APPROVED
REQ-001313,MT-002439,TRD,C19,2026-09-21,15:17,18:09,172,BLK-02956,APPROVED
REQ-001314,MT-002598,TRD,C02,2026-09-22,00:28,01:59,91,BLK-01908,APPROVED
REQ-001315,MT-002701,ENGINEERING,C10,2026-09-25,15:29,17:59,150,BLK-00579,APPROVED
REQ-001316,MT-004718,S&T,C20,2026-09-27,21:33,23:14,101,BLK-00266,PENDING
REQ-001317,MT-004394,TRD,C07,2026-09-11,02:57,06:16,199,BLK-01544,PENDING
REQ-001318,MT-003555,TRD,C06,2026-09-10,06:55,08:56,121,BLK-00755,APPROVED
REQ-001319,MT-004530,S&T,C15,2026-09-29,01:02,02:40,98,BLK-02667,PENDING
REQ-001320,MT-003952,S&T,C10,2026-09-11,13:03,15:29,146,BLK-00714,REJECTED
REQ-001321,MT-003057,TRD,C09,2026-09-27,07:18,08:56,98,BLK-00205,APPROVED
REQ-001322,MT-004352,ENGINEERING,C01,2026-09-08,06:45,08:50,125,BLK-01296,PENDING
REQ-001323,MT-003854,TRD,C12,2026-09-30,08:11,09:28,77,BLK-02726,APPROVED
REQ-001324,MT-003594,S&T,C08,2026-09-23,04:45,05:15,30,BLK-01887,APPROVED
REQ-001325,MT-004313,TRD,C19,2026-09-11,13:05,14:48,103,BLK-00368,REJECTED
REQ-001326,MT-001084,S&T,C18,2026-09-15,23:28,01:39,131,BLK-00039,REJECTED
REQ-001327,MT-004750,ENGINEERING,C09,2026-09-02,22:11,23:42,91,BLK-00489,APPROVED
REQ-001328,MT-000491,S&T,C19,2026-09-08,03:20,04:31,71,BLK-00243,PENDING
REQ-001329,MT-000022,ENGINEERING,C20,2026-09-22,04:15,05:41,86,BLK-00610,PENDING
REQ-001330,MT-004328,S&T,C08,2026-09-01,23:18,00:50,92,BLK-01979,APPROVED
REQ-001331,MT-002007,ENGINEERING,C06,2026-09-02,03:25,05:45,140,BLK-00851,PENDING
REQ-001332,MT-001360,ENGINEERING,C11,2026-09-10,22:45,00:14,89,BLK-02553,APPROVED
REQ-001333,MT-004940,TRD,C12,2026-09-28,05:20,07:04,104,BLK-02798,APPROVED
REQ-001334,MT-004427,ENGINEERING,C05,2026-09-22,13:02,14:40,98,BLK-01070,APPROVED
REQ-001335,MT-003675,ENGINEERING,C18,2026-09-18,09:39,12:40,181,BLK-00772,PENDING
REQ-001336,MT-004179,TRD,C17,2026-09-10,10:28,11:48,80,BLK-00463,PENDING
REQ-001337,MT-003658,ENGINEERING,C13,2026-09-30,04:07,05:48,101,BLK-00857,APPROVED
REQ-001338,MT-001612,S&T,C16,2026-09-03,03:29,05:23,114,BLK-01688,PENDING
REQ-001339,MT-002964,TRD,C01,2026-09-26,10:05,11:52,107,BLK-01178,PENDING
REQ-001340,MT-000216,ENGINEERING,C02,2026-09-26,01:09,03:30,141,BLK-01552,APPROVED
REQ-001341,MT-003076,TRD,C10,2026-09-15,11:50,13:41,111,BLK-01632,APPROVED
REQ-001342,MT-002259,ENGINEERING,C03,2026-09-21,21:25,23:45,140,BLK-01705,PENDING
REQ-001343,MT-000349,ENGINEERING,C02,2026-09-19,19:13,20:24,71,BLK-02644,APPROVED
REQ-001344,MT-001275,S&T,C06,2026-09-15,23:32,00:45,73,BLK-02573,APPROVED
REQ-001345,MT-001156,ENGINEERING,C18,2026-09-07,20:59,23:45,166,BLK-00099,REJECTED
REQ-001346,MT-002729,ENGINEERING,C10,2026-09-05,17:07,18:36,89,BLK-01319,APPROVED
REQ-001347,MT-003287,ENGINEERING,C02,2026-09-17,21:40,00:06,146,BLK-02869,PENDING
REQ-001348,MT-001438,S&T,C06,2026-09-04,08:42,10:55,133,BLK-02807,PENDING
REQ-001349,MT-004610,TRD,C13,2026-09-23,10:56,12:57,121,BLK-02627,APPROVED
REQ-001350,MT-001311,TRD,C03,2026-09-23,17:31,19:05,94,BLK-01723,APPROVED
REQ-001351,MT-001271,ENGINEERING,C15,2026-09-28,14:28,15:34,66,BLK-00214,APPROVED
REQ-001352,MT-003113,TRD,C20,2026-09-15,02:49,04:30,101,BLK-00619,PENDING
REQ-001353,MT-002159,S&T,C11,2026-09-29,07:52,10:34,162,BLK-01496,PENDING
REQ-001354,MT-001287,ENGINEERING,C02,2026-09-01,05:35,08:16,161,BLK-01029,APPROVED
REQ-001355,MT-003371,TRD,C19,2026-09-25,20:22,22:57,155,BLK-02113,PENDING
REQ-001356,MT-004125,S&T,C08,2026-09-14,14:28,16:36,128,BLK-00085,APPROVED
REQ-001357,MT-004436,ENGINEERING,C03,2026-09-29,07:54,09:38,104,BLK-02367,APPROVED
REQ-001358,MT-000748,ENGINEERING,C01,2026-09-01,01:37,04:00,143,BLK-00952,PENDING
REQ-001359,MT-001128,ENGINEERING,C02,2026-09-09,23:05,01:05,120,BLK-02319,APPROVED
REQ-001360,MT-002837,S&T,C11,2026-09-28,00:33,01:23,50,BLK-02459,PENDING
REQ-001361,MT-002474,S&T,C11,2026-09-18,12:45,14:38,113,BLK-00947,APPROVED
REQ-001362,MT-001852,TRD,C15,2026-09-17,16:40,17:44,64,BLK-00899,APPROVED
REQ-001363,MT-004430,TRD,C04,2026-09-30,10:03,11:19,76,BLK-01434,REJECTED
REQ-001364,MT-001703,ENGINEERING,C08,2026-09-17,23:59,01:15,76,BLK-00815,PENDING
REQ-001365,MT-000014,TRD,C03,2026-09-28,22:37,01:00,143,BLK-01242,PENDING
REQ-001366,MT-004482,S&T,C11,2026-09-26,12:05,13:59,114,BLK-00146,PENDING
REQ-001367,MT-001766,S&T,C19,2026-09-24,17:01,19:28,147,BLK-01641,PENDING
REQ-001368,MT-000597,S&T,C11,2026-09-11,18:09,20:14,125,BLK-00507,APPROVED
REQ-001369,MT-004385,S&T,C02,2026-09-19,18:20,20:56,156,BLK-02460,APPROVED
REQ-001370,MT-004516,ENGINEERING,C10,2026-09-17,09:57,12:04,127,BLK-02382,PENDING
REQ-001371,MT-003550,ENGINEERING,C11,2026-09-02,23:20,00:53,93,BLK-01848,APPROVED
REQ-001372,MT-003186,S&T,C13,2026-09-08,01:37,02:43,66,BLK-01002,PENDING
REQ-001373,MT-003279,S&T,C09,2026-09-15,06:41,08:17,96,BLK-02793,PENDING
REQ-001374,MT-000642,ENGINEERING,C18,2026-09-08,08:09,10:45,156,BLK-02853,PENDING
REQ-001375,MT-000185,ENGINEERING,C13,2026-09-10,06:11,08:39,148,BLK-02836,PENDING
REQ-001376,MT-001423,ENGINEERING,C18,2026-09-02,07:21,09:13,112,BLK-02766,REJECTED
REQ-001377,MT-003689,TRD,C16,2026-09-13,23:23,00:36,73,BLK-00895,PENDING
REQ-001378,MT-003174,TRD,C07,2026-09-07,02:57,05:29,152,BLK-00721,APPROVED
REQ-001379,MT-002096,ENGINEERING,C18,2026-09-29,07:14,09:43,149,BLK-00722,APPROVED
REQ-001380,MT-003137,ENGINEERING,C19,2026-09-23,18:09,21:04,175,BLK-02555,APPROVED
REQ-001381,MT-004731,TRD,C09,2026-09-04,13:05,15:05,120,BLK-00086,APPROVED
REQ-001382,MT-000870,ENGINEERING,C09,2026-09-26,21:17,23:39,142,BLK-02325,PENDING
REQ-001383,MT-001717,TRD,C08,2026-09-07,04:48,06:24,96,BLK-01038,PENDING
REQ-001384,MT-003967,S&T,C15,2026-09-03,07:13,08:48,95,BLK-01541,PENDING
REQ-001385,MT-004147,ENGINEERING,C06,2026-09-15,12:58,14:28,90,BLK-01915,APPROVED
REQ-001386,MT-002142,S&T,C04,2026-09-03,21:26,23:12,106,BLK-02834,REJECTED
REQ-001387,MT-000366,S&T,C12,2026-09-07,23:15,00:05,50,BLK-01186,APPROVED
REQ-001388,MT-004532,ENGINEERING,C10,2026-09-24,00:16,01:38,82,BLK-00068,APPROVED
REQ-001389,MT-003505,ENGINEERING,C17,2026-09-30,13:34,15:46,132,BLK-00685,REJECTED
REQ-001390,MT-004402,S&T,C15,2026-09-22,19:20,20:21,61,BLK-02318,REJECTED
REQ-001391,MT-002324,TRD,C01,2026-09-16,10:36,12:49,133,BLK-01325,APPROVED
REQ-001392,MT-001672,S&T,C03,2026-09-28,11:09,14:18,189,BLK-00641,APPROVED
REQ-001393,MT-003430,S&T,C19,2026-09-23,08:15,10:01,106,BLK-00676,PENDING
REQ-001394,MT-000170,TRD,C04,2026-09-16,14:38,15:39,61,BLK-02136,PENDING
REQ-001395,MT-003786,ENGINEERING,C18,2026-09-23,06:37,08:40,123,BLK-00089,APPROVED
REQ-001396,MT-002612,S&T,C18,2026-09-13,13:08,15:11,123,BLK-01630,APPROVED
REQ-001397,MT-002164,S&T,C04,2026-09-22,12:15,13:21,66,BLK-00797,PENDING
REQ-001398,MT-002078,S&T,C04,2026-09-25,13:41,15:12,91,BLK-02965,APPROVED
REQ-001399,MT-001324,TRD,C08,2026-09-18,02:18,05:34,196,BLK-00282,APPROVED
REQ-001400,MT-001370,TRD,C19,2026-09-11,00:53,01:56,63,BLK-02503,REJECTED
REQ-001401,MT-000127,S&T,C06,2026-09-25,11:33,13:11,98,BLK-01263,PENDING
REQ-001402,MT-001214,S&T,C17,2026-09-07,21:29,00:16,167,BLK-00891,APPROVED
REQ-001403,MT-001819,S&T,C09,2026-09-20,00:14,01:12,58,BLK-02674,PENDING
REQ-001404,MT-004462,ENGINEERING,C15,2026-09-05,18:10,18:59,49,BLK-02914,APPROVED
REQ-001405,MT-003834,ENGINEERING,C09,2026-09-09,02:17,03:31,74,BLK-02957,APPROVED
REQ-001406,MT-000305,TRD,C08,2026-09-27,19:59,21:56,117,BLK-01401,APPROVED
REQ-001407,MT-001148,TRD,C05,2026-09-10,17:41,20:42,181,BLK-02617,REJECTED
REQ-001408,MT-002013,S&T,C09,2026-09-03,03:25,05:23,118,BLK-00717,APPROVED
REQ-001409,MT-002113,ENGINEERING,C18,2026-09-24,16:43,18:49,126,BLK-02990,PENDING
REQ-001410,MT-001384,ENGINEERING,C13,2026-09-25,15:17,17:08,111,BLK-02574,REJECTED
REQ-001411,MT-003585,S&T,C07,2026-09-13,17:23,18:41,78,BLK-00861,APPROVED
REQ-001412,MT-001973,TRD,C15,2026-09-18,10:22,12:02,100,BLK-01786,APPROVED
REQ-001413,MT-001931,S&T,C15,2026-09-08,01:48,04:13,145,BLK-02927,APPROVED
REQ-001414,MT-004275,ENGINEERING,C12,2026-09-03,15:28,17:00,92,BLK-00687,PENDING
REQ-001415,MT-004493,S&T,C20,2026-09-01,00:08,02:18,130,BLK-00029,PENDING
REQ-001416,MT-000427,TRD,C16,2026-09-23,06:37,09:09,152,BLK-00089,PENDING
REQ-001417,MT-004688,S&T,C11,2026-09-23,05:37,07:41,124,BLK-01090,PENDING
REQ-001418,MT-004443,S&T,C07,2026-09-09,10:12,11:22,70,BLK-01119,APPROVED
REQ-001419,MT-000174,ENGINEERING,C06,2026-09-11,17:03,19:08,125,BLK-01386,REJECTED
REQ-001420,MT-002398,S&T,C11,2026-09-18,09:25,11:05,100,BLK-01970,APPROVED
REQ-001421,MT-003997,S&T,C17,2026-09-19,23:23,01:53,150,BLK-01577,APPROVED
REQ-001422,MT-003487,TRD,C15,2026-09-08,00:44,01:39,55,BLK-00520,APPROVED
REQ-001423,MT-002513,S&T,C11,2026-09-17,16:04,18:01,117,BLK-00229,APPROVED
REQ-001424,MT-004509,TRD,C13,2026-09-25,17:03,18:27,84,BLK-02621,APPROVED
REQ-001425,MT-000602,TRD,C09,2026-09-30,14:35,16:34,119,BLK-02736,PENDING
REQ-001426,MT-002741,ENGINEERING,C15,2026-09-14,10:39,11:29,50,BLK-01507,APPROVED
REQ-001427,MT-004825,S&T,C02,2026-09-01,06:35,08:02,87,BLK-01065,APPROVED
REQ-001428,MT-003870,S&T,C05,2026-09-15,02:22,04:04,102,BLK-01173,PENDING
REQ-001429,MT-004092,TRD,C17,2026-09-16,15:29,16:56,87,BLK-00431,APPROVED
REQ-001430,MT-003570,S&T,C11,2026-09-24,16:19,17:47,88,BLK-00211,APPROVED
REQ-001431,MT-003706,TRD,C19,2026-09-15,14:02,15:25,83,BLK-00167,APPROVED
REQ-001432,MT-004700,ENGINEERING,C13,2026-09-02,15:53,17:29,96,BLK-02966,APPROVED
REQ-001433,MT-000057,S&T,C03,2026-09-16,01:16,02:42,86,BLK-00958,PENDING
REQ-001434,MT-003646,TRD,C15,2026-09-10,03:13,03:43,30,BLK-02344,APPROVED
REQ-001435,MT-003934,ENGINEERING,C10,2026-09-30,09:19,12:06,167,BLK-00470,PENDING
REQ-001436,MT-001274,S&T,C01,2026-09-02,19:12,20:53,101,BLK-02157,PENDING
REQ-001437,MT-002033,ENGINEERING,C08,2026-09-23,20:32,23:13,161,BLK-00281,PENDING
REQ-001438,MT-002761,TRD,C01,2026-09-06,22:04,00:35,151,BLK-00213,APPROVED
REQ-001439,MT-004442,S&T,C07,2026-09-02,11:57,13:27,90,BLK-02620,APPROVED
REQ-001440,MT-003940,ENGINEERING,C09,2026-09-30,01:25,03:17,112,BLK-00350,PENDING
REQ-001441,MT-003962,S&T,C04,2026-09-19,11:22,13:52,150,BLK-01201,PENDING
REQ-001442,MT-001227,TRD,C12,2026-09-24,16:43,18:10,87,BLK-02990,APPROVED
REQ-001443,MT-003809,TRD,C09,2026-09-14,11:20,12:33,73,BLK-00065,PENDING
REQ-001444,MT-002651,S&T,C08,2026-09-04,14:16,15:18,62,BLK-01694,PENDING
REQ-001445,MT-000668,TRD,C08,2026-09-22,09:23,11:41,138,BLK-00128,APPROVED
REQ-001446,MT-002952,S&T,C04,2026-09-12,18:01,20:10,129,BLK-00372,PENDING
REQ-001447,MT-004074,ENGINEERING,C17,2026-09-14,15:42,18:32,170,BLK-02075,PENDING
REQ-001448,MT-003518,S&T,C19,2026-09-18,13:33,15:14,101,BLK-01398,PENDING
REQ-001449,MT-000683,ENGINEERING,C04,2026-09-29,14:15,15:30,75,BLK-01762,APPROVED
REQ-001450,MT-002113,ENGINEERING,C18,2026-09-27,11:48,13:56,128,BLK-00919,REJECTED
REQ-001451,MT-003688,ENGINEERING,C05,2026-09-17,09:16,11:01,105,BLK-01113,PENDING
REQ-001452,MT-000739,TRD,C06,2026-09-01,08:45,11:41,176,BLK-02995,PENDING
REQ-001453,MT-002038,ENGINEERING,C02,2026-09-02,18:00,20:46,166,BLK-02229,PENDING
REQ-001454,MT-003722,ENGINEERING,C07,2026-09-19,14:53,16:31,98,BLK-01940,PENDING
REQ-001455,MT-002934,ENGINEERING,C15,2026-09-26,21:26,23:28,122,BLK-00939,PENDING
REQ-001456,MT-003719,ENGINEERING,C08,2026-09-06,13:51,16:35,164,BLK-00754,APPROVED
REQ-001457,MT-002221,ENGINEERING,C11,2026-09-03,18:25,20:36,131,BLK-02254,PENDING
REQ-001458,MT-002235,ENGINEERING,C12,2026-09-23,09:09,11:26,137,BLK-01739,REJECTED
REQ-001459,MT-003216,S&T,C09,2026-09-24,11:26,13:16,110,BLK-02510,PENDING
REQ-001460,MT-002053,ENGINEERING,C12,2026-09-28,10:56,13:07,131,BLK-02820,PENDING
REQ-001461,MT-001036,ENGINEERING,C15,2026-09-19,06:51,08:41,110,BLK-02261,APPROVED
REQ-001462,MT-002093,ENGINEERING,C04,2026-09-26,18:56,20:54,118,BLK-00918,APPROVED
REQ-001463,MT-000475,ENGINEERING,C10,2026-09-27,11:48,12:47,59,BLK-00919,APPROVED
REQ-001464,MT-001089,S&T,C14,2026-09-16,16:14,17:51,97,BLK-01040,PENDING
REQ-001465,MT-002772,S&T,C09,2026-09-17,10:17,12:12,115,BLK-02089,PENDING
REQ-001466,MT-001492,TRD,C05,2026-09-13,18:27,21:25,178,BLK-00514,APPROVED
REQ-001467,MT-004692,TRD,C18,2026-09-08,06:00,07:46,106,BLK-00620,PENDING
REQ-001468,MT-004667,S&T,C08,2026-09-19,18:39,20:17,98,BLK-01607,APPROVED
REQ-001469,MT-002100,TRD,C12,2026-09-01,06:35,09:11,156,BLK-01065,PENDING
REQ-001470,MT-002364,TRD,C15,2026-09-04,17:29,19:32,123,BLK-00185,PENDING
REQ-001471,MT-004149,S&T,C09,2026-09-20,00:35,01:56,81,BLK-02548,APPROVED
REQ-001472,MT-002559,ENGINEERING,C03,2026-09-10,00:46,02:37,111,BLK-01861,APPROVED
REQ-001473,MT-000705,ENGINEERING,C02,2026-09-11,09:22,10:55,93,BLK-01951,PENDING
REQ-001474,MT-002259,ENGINEERING,C03,2026-09-10,12:43,14:41,118,BLK-02517,PENDING
REQ-001475,MT-002685,TRD,C14,2026-09-03,03:22,05:01,99,BLK-00141,REJECTED
REQ-001476,MT-003482,TRD,C08,2026-09-03,21:26,23:24,118,BLK-02834,REJECTED
REQ-001477,MT-003148,ENGINEERING,C20,2026-09-02,22:11,00:14,123,BLK-00489,PENDING
REQ-001478,MT-000608,TRD,C13,2026-09-16,20:24,22:49,145,BLK-01546,PENDING
REQ-001479,MT-000074,S&T,C18,2026-09-11,09:22,11:31,129,BLK-01951,PENDING
REQ-001480,MT-001173,ENGINEERING,C16,2026-09-11,19:58,21:35,97,BLK-00532,APPROVED
REQ-001481,MT-001929,TRD,C18,2026-09-06,04:56,07:15,139,BLK-01782,PENDING
REQ-001482,MT-000242,ENGINEERING,C01,2026-09-19,05:06,06:33,87,BLK-01875,PENDING
REQ-001483,MT-001975,S&T,C18,2026-09-01,12:01,13:58,117,BLK-02102,PENDING
REQ-001484,MT-004802,TRD,C17,2026-09-27,22:34,00:31,117,BLK-01954,APPROVED
REQ-001485,MT-004101,S&T,C05,2026-09-14,05:25,06:55,90,BLK-00841,PENDING
REQ-001486,MT-000356,TRD,C10,2026-09-18,03:10,05:06,116,BLK-00090,APPROVED
REQ-001487,MT-004180,S&T,C09,2026-09-03,15:21,17:08,107,BLK-01617,APPROVED
REQ-001488,MT-002583,TRD,C15,2026-09-13,14:10,17:14,184,BLK-02521,PENDING
REQ-001489,MT-004953,S&T,C16,2026-09-14,10:25,12:08,103,BLK-01603,PENDING
REQ-001490,MT-000672,ENGINEERING,C04,2026-09-19,03:16,05:01,105,BLK-00370,APPROVED
REQ-001491,MT-002646,S&T,C04,2026-09-04,20:32,22:24,112,BLK-00397,APPROVED
REQ-001492,MT-002492,ENGINEERING,C06,2026-09-05,12:00,14:08,128,BLK-00957,PENDING
REQ-001493,MT-003674,TRD,C03,2026-09-13,11:51,13:12,81,BLK-01611,APPROVED
REQ-001494,MT-000229,ENGINEERING,C02,2026-09-26,03:58,05:55,117,BLK-02655,APPROVED
REQ-001495,MT-003576,S&T,C11,2026-09-17,21:36,22:21,45,BLK-00869,APPROVED
REQ-001496,MT-001620,ENGINEERING,C17,2026-09-09,03:59,05:38,99,BLK-01043,APPROVED
REQ-001497,MT-000542,TRD,C17,2026-09-07,23:19,00:18,59,BLK-02806,REJECTED
REQ-001498,MT-001930,ENGINEERING,C08,2026-09-30,09:19,12:00,161,BLK-00470,REJECTED
REQ-001499,MT-000005,S&T,C15,2026-09-21,15:17,16:18,61,BLK-02956,PENDING
REQ-001500,MT-000856,S&T,C07,2026-09-03,16:12,17:16,64,BLK-02239,APPROVED
REQ-001501,MT-003058,S&T,C01,2026-09-14,11:17,12:45,88,BLK-02554,PENDING
REQ-001502,MT-003982,ENGINEERING,C17,2026-09-08,05:47,07:34,107,BLK-00019,PENDING
REQ-001503,MT-003887,S&T,C10,2026-09-16,05:47,07:31,104,BLK-02163,APPROVED
REQ-001504,MT-002146,TRD,C17,2026-09-08,17:19,19:50,151,BLK-01240,APPROVED
REQ-001505,MT-002803,ENGINEERING,C09,2026-09-25,21:19,23:50,151,BLK-00669,PENDING
REQ-001506,MT-004824,TRD,C13,2026-09-19,03:49,04:27,38,BLK-02777,PENDING
REQ-001507,MT-004548,ENGINEERING,C07,2026-09-14,16:19,18:28,129,BLK-02146,PENDING
REQ-001508,MT-001258,ENGINEERING,C10,2026-09-02,06:30,08:18,108,BLK-00400,APPROVED
REQ-001509,MT-004014,S&T,C15,2026-09-03,18:58,21:18,140,BLK-01290,APPROVED
REQ-001510,MT-001522,TRD,C10,2026-09-30,21:38,00:08,150,BLK-02866,APPROVED
REQ-001511,MT-002044,S&T,C15,2026-09-06,20:09,21:46,97,BLK-00163,APPROVED
REQ-001512,MT-001211,S&T,C09,2026-09-18,22:41,00:08,87,BLK-01407,REJECTED
REQ-001513,MT-003089,ENGINEERING,C10,2026-09-15,13:54,15:27,93,BLK-01063,PENDING
REQ-001514,MT-000913,TRD,C19,2026-09-04,05:09,07:15,126,BLK-02063,PENDING
REQ-001515,MT-004031,S&T,C08,2026-09-24,11:02,12:54,112,BLK-02300,APPROVED
REQ-001516,MT-001486,TRD,C14,2026-09-11,08:08,09:48,100,BLK-00112,APPROVED
REQ-001517,MT-004905,S&T,C03,2026-09-03,11:55,13:17,82,BLK-00937,APPROVED
REQ-001518,MT-002054,ENGINEERING,C17,2026-09-20,09:17,12:09,172,BLK-02849,PENDING
REQ-001519,MT-002489,S&T,C12,2026-09-21,19:17,21:25,128,BLK-00590,PENDING
REQ-001520,MT-004369,ENGINEERING,C04,2026-09-19,20:31,22:01,90,BLK-02232,APPROVED
REQ-001521,MT-000382,TRD,C08,2026-09-05,08:39,10:12,93,BLK-00686,PENDING
REQ-001522,MT-000836,TRD,C15,2026-09-29,02:26,04:00,94,BLK-02901,APPROVED
REQ-001523,MT-000052,ENGINEERING,C07,2026-09-29,17:52,18:46,54,BLK-02758,PENDING
REQ-001524,MT-004748,ENGINEERING,C16,2026-09-09,17:47,19:11,84,BLK-01575,APPROVED
REQ-001525,MT-002716,S&T,C14,2026-09-06,02:49,04:49,120,BLK-00906,REJECTED
REQ-001526,MT-002059,S&T,C15,2026-09-18,00:54,02:43,109,BLK-01806,PENDING
REQ-001527,MT-002716,S&T,C14,2026-09-30,04:07,06:08,121,BLK-00857,PENDING
REQ-001528,MT-001523,S&T,C09,2026-09-12,13:06,14:56,110,BLK-00924,REJECTED
REQ-001529,MT-000675,S&T,C09,2026-09-27,14:13,15:57,104,BLK-01125,PENDING
REQ-001530,MT-001871,TRD,C02,2026-09-12,13:45,16:42,177,BLK-02176,PENDING
REQ-001531,MT-000129,ENGINEERING,C04,2026-09-07,23:19,00:54,95,BLK-02806,APPROVED
REQ-001532,MT-001395,ENGINEERING,C04,2026-09-27,13:04,15:08,124,BLK-02252,PENDING
REQ-001533,MT-004293,S&T,C17,2026-09-09,19:52,21:45,113,BLK-00506,PENDING
REQ-001534,MT-004099,ENGINEERING,C20,2026-09-25,13:25,15:37,132,BLK-00295,PENDING
REQ-001535,MT-001704,TRD,C11,2026-09-15,04:30,05:54,84,BLK-02099,PENDING
REQ-001536,MT-000318,ENGINEERING,C05,2026-09-24,01:25,03:28,123,BLK-00771,REJECTED
REQ-001537,MT-003724,TRD,C17,2026-09-19,08:25,09:19,54,BLK-01512,APPROVED
REQ-001538,MT-001149,S&T,C05,2026-09-03,22:30,00:05,95,BLK-01811,PENDING
REQ-001539,MT-002330,ENGINEERING,C05,2026-09-27,13:51,15:20,89,BLK-02279,PENDING
REQ-001540,MT-004499,ENGINEERING,C13,2026-09-10,20:13,22:18,125,BLK-00094,REJECTED
REQ-001541,MT-003914,S&T,C04,2026-09-25,03:36,06:11,155,BLK-01573,PENDING
REQ-001542,MT-002349,ENGINEERING,C07,2026-09-03,09:44,11:23,99,BLK-01257,PENDING
REQ-001543,MT-001199,S&T,C18,2026-09-28,07:35,08:51,76,BLK-02018,APPROVED
REQ-001544,MT-000562,ENGINEERING,C06,2026-09-01,22:51,01:46,175,BLK-02727,REJECTED
REQ-001545,MT-000080,TRD,C05,2026-09-03,23:00,01:22,142,BLK-00832,APPROVED
REQ-001546,MT-002669,ENGINEERING,C09,2026-09-10,05:06,07:05,119,BLK-02948,PENDING
REQ-001547,MT-000889,TRD,C17,2026-09-11,14:59,17:45,166,BLK-00478,APPROVED
REQ-001548,MT-004657,S&T,C04,2026-09-02,10:48,13:08,140,BLK-00154,APPROVED
REQ-001549,MT-000924,ENGINEERING,C19,2026-09-14,22:37,00:29,112,BLK-00276,PENDING
REQ-001550,MT-001621,TRD,C10,2026-09-09,05:39,08:42,183,BLK-01234,PENDING
REQ-001551,MT-000263,TRD,C11,2026-09-15,14:19,17:11,172,BLK-00887,REJECTED
REQ-001552,MT-000783,TRD,C10,2026-09-04,11:26,12:48,82,BLK-00927,PENDING
REQ-001553,MT-001407,ENGINEERING,C01,2026-09-14,06:40,07:36,56,BLK-00729,PENDING
REQ-001554,MT-002254,ENGINEERING,C01,2026-09-14,22:30,01:00,150,BLK-00083,PENDING
REQ-001555,MT-003535,TRD,C17,2026-09-04,00:31,03:23,172,BLK-01212,PENDING
REQ-001556,MT-002033,ENGINEERING,C08,2026-09-25,20:34,23:05,151,BLK-02580,REJECTED
REQ-001557,MT-004837,ENGINEERING,C11,2026-09-30,12:28,13:19,51,BLK-02551,APPROVED
REQ-001558,MT-001656,ENGINEERING,C01,2026-09-06,10:06,12:18,132,BLK-01896,APPROVED
REQ-001559,MT-000627,TRD,C16,2026-09-07,19:58,22:17,139,BLK-00125,PENDING
REQ-001560,MT-000521,TRD,C16,2026-09-30,13:23,15:55,152,BLK-02931,APPROVED
REQ-001561,MT-002909,S&T,C05,2026-09-26,06:41,08:00,79,BLK-00417,PENDING
REQ-001562,MT-003212,TRD,C15,2026-09-21,15:42,17:09,87,BLK-02595,APPROVED
REQ-001563,MT-001149,S&T,C05,2026-09-29,11:04,12:31,87,BLK-00233,APPROVED
REQ-001564,MT-003435,S&T,C18,2026-09-28,17:30,18:00,30,BLK-00567,PENDING
REQ-001565,MT-003522,S&T,C06,2026-09-22,18:20,20:01,101,BLK-01267,PENDING
REQ-001566,MT-004067,TRD,C07,2026-09-01,10:15,12:06,111,BLK-01524,APPROVED
REQ-001567,MT-001647,S&T,C07,2026-09-12,20:03,22:43,160,BLK-01924,APPROVED
REQ-001568,MT-003679,ENGINEERING,C16,2026-09-23,18:09,19:41,92,BLK-02555,APPROVED
REQ-001569,MT-004299,ENGINEERING,C11,2026-09-22,12:49,14:10,81,BLK-02135,PENDING
REQ-001570,MT-001772,S&T,C18,2026-09-21,17:09,18:42,93,BLK-01220,APPROVED
REQ-001571,MT-002974,ENGINEERING,C20,2026-09-15,06:02,09:03,181,BLK-02879,PENDING
REQ-001572,MT-002484,S&T,C09,2026-09-02,06:30,09:28,178,BLK-00400,APPROVED
REQ-001573,MT-004964,ENGINEERING,C16,2026-09-05,17:26,18:52,86,BLK-01468,APPROVED
REQ-001574,MT-000994,ENGINEERING,C19,2026-09-27,11:16,12:51,95,BLK-00790,PENDING
REQ-001575,MT-000262,S&T,C07,2026-09-19,14:38,16:26,108,BLK-00108,REJECTED
REQ-001576,MT-003766,S&T,C11,2026-09-15,00:42,03:17,155,BLK-01168,PENDING
REQ-001577,MT-004560,TRD,C08,2026-09-11,08:53,09:59,66,BLK-00483,APPROVED
REQ-001578,MT-004581,S&T,C15,2026-09-05,10:33,12:27,114,BLK-00905,PENDING
REQ-001579,MT-000127,S&T,C06,2026-09-07,14:10,15:57,107,BLK-02217,PENDING
REQ-001580,MT-003975,S&T,C20,2026-09-23,10:30,11:25,55,BLK-01432,PENDING
REQ-001581,MT-001288,TRD,C11,2026-09-19,13:48,14:30,42,BLK-01198,APPROVED
REQ-001582,MT-002185,ENGINEERING,C15,2026-09-11,16:42,18:25,103,BLK-01726,APPROVED
REQ-001583,MT-002257,TRD,C17,2026-09-03,11:49,13:28,99,BLK-01974,PENDING
REQ-001584,MT-001809,ENGINEERING,C17,2026-09-09,12:04,13:37,93,BLK-01642,PENDING
REQ-001585,MT-000640,TRD,C18,2026-09-06,02:45,04:33,108,BLK-00407,APPROVED
REQ-001586,MT-000477,TRD,C08,2026-09-13,16:21,18:09,108,BLK-00758,REJECTED
REQ-001587,MT-003822,ENGINEERING,C12,2026-09-04,07:35,09:39,124,BLK-00236,PENDING
REQ-001588,MT-004995,TRD,C18,2026-09-02,00:14,03:06,172,BLK-00055,APPROVED
REQ-001589,MT-004171,ENGINEERING,C18,2026-09-11,09:22,11:01,99,BLK-01951,PENDING
REQ-001590,MT-002771,S&T,C18,2026-09-08,01:48,04:48,180,BLK-02927,PENDING
REQ-001591,MT-004107,ENGINEERING,C09,2026-09-04,17:29,18:46,77,BLK-01471,APPROVED
REQ-001592,MT-003880,ENGINEERING,C05,2026-09-18,13:24,15:18,114,BLK-02079,PENDING
REQ-001593,MT-004000,ENGINEERING,C13,2026-09-30,11:25,13:54,149,BLK-00388,PENDING
REQ-001594,MT-001034,TRD,C05,2026-09-01,00:54,03:24,150,BLK-01469,PENDING
REQ-001595,MT-000639,S&T,C20,2026-09-24,13:22,14:58,96,BLK-01872,PENDING
REQ-001596,MT-000413,TRD,C02,2026-09-01,06:33,08:38,125,BLK-01183,APPROVED
REQ-001597,MT-004891,S&T,C18,2026-09-11,01:10,01:55,45,BLK-00302,REJECTED
REQ-001598,MT-004658,ENGINEERING,C14,2026-09-16,14:31,16:30,119,BLK-00498,APPROVED
REQ-001599,MT-001968,ENGINEERING,C01,2026-09-05,18:25,19:36,71,BLK-00555,PENDING
REQ-001600,MT-002419,ENGINEERING,C01,2026-09-02,22:54,00:36,102,BLK-00650,APPROVED
REQ-001601,MT-000074,S&T,C18,2026-09-22,22:52,01:08,136,BLK-02495,APPROVED
REQ-001602,MT-003333,TRD,C06,2026-09-04,14:50,17:10,140,BLK-00332,REJECTED
REQ-001603,MT-000223,ENGINEERING,C05,2026-09-07,07:35,08:37,62,BLK-02302,PENDING
REQ-001604,MT-000540,S&T,C07,2026-09-23,08:15,10:10,115,BLK-00676,PENDING
REQ-001605,MT-003248,ENGINEERING,C03,2026-09-25,14:03,16:10,127,BLK-02979,PENDING
REQ-001606,MT-003530,ENGINEERING,C02,2026-09-02,12:49,15:27,158,BLK-00144,PENDING
REQ-001607,MT-001044,TRD,C12,2026-09-07,18:57,20:42,105,BLK-00247,APPROVED
REQ-001608,MT-003061,ENGINEERING,C10,2026-09-20,12:01,13:36,95,BLK-00446,REJECTED
REQ-001609,MT-002435,ENGINEERING,C13,2026-09-21,19:33,21:57,144,BLK-01784,PENDING
REQ-001610,MT-001712,ENGINEERING,C18,2026-09-06,11:32,12:36,64,BLK-01856,APPROVED
REQ-001611,MT-004396,S&T,C01,2026-09-13,18:51,20:34,103,BLK-00420,PENDING
REQ-001612,MT-001796,ENGINEERING,C05,2026-09-11,07:51,09:05,74,BLK-00712,REJECTED
REQ-001613,MT-003401,TRD,C19,2026-09-14,05:56,08:07,131,BLK-02770,APPROVED
REQ-001614,MT-001449,ENGINEERING,C11,2026-09-21,13:21,14:28,67,BLK-00385,APPROVED
REQ-001615,MT-000253,TRD,C05,2026-09-04,01:53,03:13,80,BLK-00289,APPROVED
REQ-001616,MT-004564,ENGINEERING,C08,2026-09-22,04:32,05:29,57,BLK-02038,PENDING
REQ-001617,MT-003707,S&T,C16,2026-09-22,12:49,14:18,89,BLK-02135,PENDING
REQ-001618,MT-004374,TRD,C15,2026-09-28,15:24,16:57,93,BLK-00475,PENDING
REQ-001619,MT-004198,TRD,C05,2026-09-25,15:29,18:13,164,BLK-00579,PENDING
REQ-001620,MT-003354,ENGINEERING,C06,2026-09-10,18:04,19:34,90,BLK-02365,APPROVED
REQ-001621,MT-004673,TRD,C06,2026-09-21,08:11,11:17,186,BLK-02724,PENDING
REQ-001622,MT-000076,ENGINEERING,C13,2026-09-06,03:27,06:00,153,BLK-00666,REJECTED
REQ-001623,MT-001804,TRD,C17,2026-09-25,09:38,11:21,103,BLK-01373,REJECTED
REQ-001624,MT-003098,ENGINEERING,C15,2026-09-10,22:24,01:04,160,BLK-00954,APPROVED
REQ-001625,MT-003949,ENGINEERING,C05,2026-09-17,18:36,20:34,118,BLK-02330,REJECTED
REQ-001626,MT-002895,ENGINEERING,C05,2026-09-24,17:27,20:20,173,BLK-00577,PENDING
REQ-001627,MT-003690,TRD,C15,2026-09-02,02:41,04:08,87,BLK-02041,PENDING
REQ-001628,MT-004709,S&T,C13,2026-09-29,01:02,02:27,85,BLK-02667,PENDING
REQ-001629,MT-002056,TRD,C02,2026-09-05,21:11,00:04,173,BLK-01791,APPROVED
REQ-001630,MT-000449,ENGINEERING,C01,2026-09-06,05:04,08:10,186,BLK-01873,APPROVED
REQ-001631,MT-002637,S&T,C19,2026-09-23,18:11,20:04,113,BLK-01643,APPROVED
REQ-001632,MT-004301,TRD,C07,2026-09-12,08:53,11:10,137,BLK-02903,PENDING
REQ-001633,MT-003239,TRD,C01,2026-09-22,01:27,03:27,120,BLK-01132,PENDING
REQ-001634,MT-002405,ENGINEERING,C13,2026-09-07,16:51,18:56,125,BLK-02826,APPROVED
REQ-001635,MT-004964,ENGINEERING,C16,2026-09-18,02:46,03:46,60,BLK-02785,APPROVED
REQ-001636,MT-001862,TRD,C08,2026-09-10,18:52,20:41,109,BLK-02476,APPROVED
REQ-001637,MT-000621,ENGINEERING,C07,2026-09-17,07:02,09:14,132,BLK-02929,PENDING
REQ-001638,MT-002311,S&T,C15,2026-09-10,05:48,08:02,134,BLK-02739,PENDING
REQ-001639,MT-003285,ENGINEERING,C08,2026-09-12,15:33,16:55,82,BLK-01362,PENDING
REQ-001640,MT-000108,ENGINEERING,C03,2026-09-05,00:06,02:13,127,BLK-02576,APPROVED
REQ-001641,MT-000201,TRD,C03,2026-09-23,20:32,22:52,140,BLK-00281,REJECTED
REQ-001642,MT-004696,TRD,C03,2026-09-08,07:56,10:01,125,BLK-01710,PENDING
REQ-001643,MT-002198,S&T,C02,2026-09-05,18:19,20:15,116,BLK-02274,PENDING
REQ-001644,MT-002899,TRD,C12,2026-09-15,21:23,00:39,196,BLK-01748,PENDING
REQ-001645,MT-000544,ENGINEERING,C11,2026-09-28,10:42,12:40,118,BLK-00442,REJECTED
REQ-001646,MT-003735,S&T,C13,2026-09-11,16:42,18:55,133,BLK-01726,REJECTED
REQ-001647,MT-004813,ENGINEERING,C02,2026-09-16,01:25,03:34,129,BLK-01195,PENDING
REQ-001648,MT-004667,S&T,C08,2026-09-08,23:12,00:50,98,BLK-02366,APPROVED
REQ-001649,MT-001506,ENGINEERING,C06,2026-09-26,04:53,06:05,72,BLK-02874,APPROVED
REQ-001650,MT-001128,ENGINEERING,C02,2026-09-01,02:11,04:03,112,BLK-02431,PENDING
REQ-001651,MT-000736,ENGINEERING,C04,2026-09-02,19:22,21:01,99,BLK-02273,PENDING
REQ-001652,MT-001425,TRD,C17,2026-09-13,21:19,22:42,83,BLK-01953,PENDING
REQ-001653,MT-001521,ENGINEERING,C04,2026-09-17,11:49,13:41,112,BLK-00337,APPROVED
REQ-001654,MT-002985,S&T,C09,2026-09-22,06:46,09:04,138,BLK-01857,PENDING
REQ-001655,MT-002753,ENGINEERING,C05,2026-09-05,08:12,11:05,173,BLK-02351,PENDING
REQ-001656,MT-001174,S&T,C09,2026-09-09,11:25,13:22,117,BLK-01116,PENDING
REQ-001657,MT-001415,S&T,C09,2026-09-06,10:37,12:30,113,BLK-00879,PENDING
REQ-001658,MT-001944,ENGINEERING,C07,2026-09-10,14:59,17:31,152,BLK-01583,APPROVED
REQ-001659,MT-001134,S&T,C18,2026-09-19,00:59,04:07,188,BLK-02142,PENDING
REQ-001660,MT-001945,TRD,C03,2026-09-08,09:54,11:52,118,BLK-01105,PENDING
REQ-001661,MT-002317,ENGINEERING,C18,2026-09-02,05:57,07:30,93,BLK-01323,REJECTED
REQ-001662,MT-001510,TRD,C10,2026-09-25,11:55,15:33,218,BLK-01902,PENDING
REQ-001663,MT-003230,TRD,C15,2026-09-04,20:32,22:23,111,BLK-00397,PENDING
REQ-001664,MT-000586,S&T,C13,2026-09-01,19:17,20:46,89,BLK-00951,PENDING
REQ-001665,MT-002133,S&T,C10,2026-09-08,18:20,19:44,84,BLK-00328,PENDING
REQ-001666,MT-000017,TRD,C16,2026-09-30,22:42,23:55,73,BLK-00172,APPROVED
REQ-001667,MT-003004,ENGINEERING,C14,2026-09-08,09:03,10:37,94,BLK-01053,APPROVED
REQ-001668,MT-002403,S&T,C18,2026-09-03,19:58,21:04,66,BLK-00484,PENDING
REQ-001669,MT-004569,ENGINEERING,C14,2026-09-23,20:32,21:42,70,BLK-00281,APPROVED
REQ-001670,MT-002485,S&T,C20,2026-09-19,03:57,06:11,134,BLK-01810,REJECTED
REQ-001671,MT-002850,S&T,C05,2026-09-30,12:24,14:36,132,BLK-00439,PENDING
REQ-001672,MT-004423,ENGINEERING,C16,2026-09-14,13:59,15:49,110,BLK-01085,PENDING
REQ-001673,MT-000432,TRD,C14,2026-09-18,15:12,17:30,138,BLK-02237,REJECTED
REQ-001674,MT-004040,S&T,C04,2026-09-16,14:48,17:35,167,BLK-01366,REJECTED
REQ-001675,MT-001167,ENGINEERING,C04,2026-09-12,05:24,06:46,82,BLK-02037,PENDING
REQ-001676,MT-004472,ENGINEERING,C19,2026-09-01,06:08,07:43,95,BLK-01097,APPROVED
REQ-001677,MT-004680,ENGINEERING,C10,2026-09-22,19:00,21:19,139,BLK-01932,REJECTED
REQ-001678,MT-000080,TRD,C05,2026-09-20,13:48,16:19,151,BLK-02235,PENDING
REQ-001679,MT-000436,ENGINEERING,C16,2026-09-05,03:23,05:08,105,BLK-02334,REJECTED
REQ-001680,MT-003188,S&T,C11,2026-09-02,15:53,17:44,111,BLK-02966,APPROVED
REQ-001681,MT-003265,TRD,C10,2026-09-08,11:42,13:42,120,BLK-02787,PENDING
REQ-001682,MT-001614,TRD,C10,2026-09-19,11:22,13:56,154,BLK-01201,APPROVED
REQ-001683,MT-001721,TRD,C17,2026-09-02,03:03,05:25,142,BLK-02952,PENDING
REQ-001684,MT-003011,S&T,C19,2026-09-22,17:56,19:30,94,BLK-01261,PENDING
REQ-001685,MT-002902,TRD,C05,2026-09-14,10:25,13:00,155,BLK-01603,PENDING
REQ-001686,MT-002888,S&T,C20,2026-09-01,17:22,19:17,115,BLK-02713,APPROVED
REQ-001687,MT-003728,S&T,C06,2026-09-17,16:03,18:04,121,BLK-02852,PENDING
REQ-001688,MT-004198,TRD,C05,2026-09-20,20:54,23:51,177,BLK-01160,APPROVED
REQ-001689,MT-004976,ENGINEERING,C20,2026-09-15,08:48,09:57,69,BLK-01938,REJECTED
REQ-001690,MT-001193,S&T,C01,2026-09-15,09:46,11:35,109,BLK-02780,REJECTED
REQ-001691,MT-004058,TRD,C09,2026-09-17,10:59,12:45,106,BLK-01965,APPROVED
REQ-001692,MT-001195,TRD,C09,2026-09-29,03:04,05:07,123,BLK-01330,PENDING
REQ-001693,MT-001051,S&T,C17,2026-09-27,13:20,14:48,88,BLK-01463,APPROVED
REQ-001694,MT-003756,S&T,C11,2026-09-08,09:35,11:12,97,BLK-00903,PENDING
REQ-001695,MT-004900,TRD,C13,2026-09-17,16:58,19:21,143,BLK-01114,PENDING
REQ-001696,MT-001129,TRD,C15,2026-09-07,06:09,08:23,134,BLK-01241,PENDING
REQ-001697,MT-000442,ENGINEERING,C17,2026-09-30,00:27,01:14,47,BLK-01236,APPROVED
REQ-001698,MT-003878,ENGINEERING,C13,2026-09-05,22:01,23:22,81,BLK-01138,APPROVED
REQ-001699,MT-004048,S&T,C09,2026-09-23,19:53,21:46,113,BLK-00909,PENDING
REQ-001700,MT-004553,S&T,C20,2026-09-01,20:16,22:20,124,BLK-00375,APPROVED
REQ-001701,MT-001743,S&T,C12,2026-09-28,06:23,08:15,112,BLK-02394,APPROVED
REQ-001702,MT-004654,S&T,C11,2026-09-23,01:45,03:41,116,BLK-02009,APPROVED
REQ-001703,MT-003039,TRD,C03,2026-09-01,01:20,03:16,116,BLK-01368,APPROVED
REQ-001704,MT-004562,TRD,C05,2026-09-14,09:50,11:08,78,BLK-02924,PENDING
REQ-001705,MT-003269,S&T,C15,2026-09-18,17:03,19:28,145,BLK-01128,PENDING
REQ-001706,MT-000853,TRD,C03,2026-09-29,14:45,17:06,141,BLK-02628,APPROVED
REQ-001707,MT-002325,ENGINEERING,C18,2026-09-09,04:41,07:28,167,BLK-01052,REJECTED
REQ-001708,MT-004763,S&T,C14,2026-09-25,10:07,11:13,66,BLK-01004,APPROVED
REQ-001709,MT-003350,ENGINEERING,C20,2026-09-30,18:26,19:49,83,BLK-02218,PENDING
REQ-001710,MT-001215,ENGINEERING,C10,2026-09-19,04:15,06:25,130,BLK-00403,REJECTED
REQ-001711,MT-002239,ENGINEERING,C18,2026-09-28,02:51,04:44,113,BLK-01725,PENDING
REQ-001712,MT-003102,TRD,C17,2026-09-15,22:17,23:49,92,BLK-02871,PENDING
REQ-001713,MT-000960,TRD,C03,2026-09-05,02:30,04:59,149,BLK-01834,PENDING
REQ-001714,MT-000262,S&T,C07,2026-09-17,00:29,01:50,81,BLK-01878,PENDING
REQ-001715,MT-000326,TRD,C16,2026-09-24,04:50,06:34,104,BLK-00264,APPROVED
REQ-001716,MT-001235,TRD,C15,2026-09-18,12:32,13:30,58,BLK-00856,PENDING
REQ-001717,MT-003664,ENGINEERING,C13,2026-09-02,18:21,19:23,62,BLK-00863,PENDING
REQ-001718,MT-003902,TRD,C02,2026-09-27,07:19,09:32,133,BLK-02768,PENDING
REQ-001719,MT-002928,ENGINEERING,C14,2026-09-09,17:47,19:24,97,BLK-01575,REJECTED
REQ-001720,MT-000296,S&T,C08,2026-09-24,09:03,10:48,105,BLK-02809,REJECTED
REQ-001721,MT-003670,TRD,C04,2026-09-12,13:06,14:12,66,BLK-00924,REJECTED
REQ-001722,MT-004138,ENGINEERING,C16,2026-09-24,19:30,20:46,76,BLK-02583,REJECTED
REQ-001723,MT-001383,ENGINEERING,C15,2026-09-21,15:17,17:02,105,BLK-02956,PENDING
REQ-001724,MT-003155,ENGINEERING,C15,2026-09-05,05:01,07:56,175,BLK-00793,APPROVED
REQ-001725,MT-002317,ENGINEERING,C18,2026-09-17,16:33,17:57,84,BLK-02615,PENDING
REQ-001726,MT-003684,S&T,C08,2026-09-10,09:36,11:49,133,BLK-02732,APPROVED
REQ-001727,MT-003282,TRD,C08,2026-09-12,13:06,16:23,197,BLK-00924,APPROVED
REQ-001728,MT-000805,TRD,C20,2026-09-19,06:51,09:24,153,BLK-02261,APPROVED
REQ-001729,MT-001757,S&T,C15,2026-09-23,10:56,12:25,89,BLK-02627,PENDING
REQ-001730,MT-002632,ENGINEERING,C03,2026-09-07,04:48,07:46,178,BLK-01038,PENDING
REQ-001731,MT-003106,ENGINEERING,C01,2026-09-13,13:45,16:11,146,BLK-01356,PENDING
REQ-001732,MT-001300,TRD,C13,2026-09-02,02:11,04:09,118,BLK-02705,REJECTED
REQ-001733,MT-000903,ENGINEERING,C06,2026-09-11,08:34,10:48,134,BLK-02192,PENDING
REQ-001734,MT-001692,ENGINEERING,C07,2026-09-03,04:49,06:36,107,BLK-02317,PENDING
REQ-001735,MT-002563,TRD,C17,2026-09-22,17:22,18:25,63,BLK-01083,PENDING
REQ-001736,MT-002573,TRD,C13,2026-09-09,04:41,06:04,83,BLK-01052,PENDING
REQ-001737,MT-001323,S&T,C04,2026-09-09,02:26,04:27,121,BLK-01993,REJECTED
REQ-001738,MT-001193,S&T,C01,2026-09-19,15:34,17:33,119,BLK-02433,PENDING
REQ-001739,MT-000318,ENGINEERING,C05,2026-09-07,11:51,13:31,100,BLK-00938,PENDING
REQ-001740,MT-004018,S&T,C20,2026-09-25,08:02,10:26,144,BLK-01456,REJECTED
REQ-001741,MT-003545,ENGINEERING,C01,2026-09-29,05:57,07:12,75,BLK-00995,APPROVED
REQ-001742,MT-000146,S&T,C13,2026-09-07,14:10,15:06,56,BLK-02217,APPROVED
REQ-001743,MT-004149,S&T,C09,2026-09-22,01:17,02:12,55,BLK-01277,PENDING
REQ-001744,MT-001563,S&T,C10,2026-09-30,18:23,20:38,135,BLK-01363,PENDING
REQ-001745,MT-001095,TRD,C05,2026-09-05,05:36,07:53,137,BLK-00602,PENDING
REQ-001746,MT-004167,S&T,C11,2026-09-04,17:07,18:09,62,BLK-00135,PENDING
REQ-001747,MT-004622,TRD,C11,2026-09-23,15:35,17:57,142,BLK-00922,PENDING
REQ-001748,MT-000482,TRD,C13,2026-09-07,04:45,05:56,71,BLK-00732,PENDING
REQ-001749,MT-004640,ENGINEERING,C07,2026-09-16,13:58,16:16,138,BLK-01771,APPROVED
REQ-001750,MT-001625,TRD,C04,2026-09-28,17:54,19:56,122,BLK-00066,APPROVED
REQ-001751,MT-000641,ENGINEERING,C15,2026-09-14,10:13,11:45,92,BLK-01230,APPROVED
REQ-001752,MT-002982,ENGINEERING,C03,2026-09-26,10:05,11:18,73,BLK-01178,PENDING
REQ-001753,MT-005000,ENGINEERING,C20,2026-09-16,06:40,08:04,84,BLK-00587,PENDING
REQ-001754,MT-003720,TRD,C03,2026-09-07,07:43,09:05,82,BLK-02515,REJECTED
REQ-001755,MT-003382,ENGINEERING,C05,2026-09-20,13:48,14:43,55,BLK-02235,REJECTED
REQ-001756,MT-000489,ENGINEERING,C09,2026-09-02,12:15,13:39,84,BLK-01206,REJECTED
REQ-001757,MT-004697,TRD,C17,2026-09-19,08:09,10:36,147,BLK-01372,APPROVED
REQ-001758,MT-003515,S&T,C09,2026-09-23,03:46,05:15,89,BLK-02474,PENDING
REQ-001759,MT-000121,S&T,C14,2026-09-21,16:46,18:21,95,BLK-02051,REJECTED
REQ-001760,MT-003006,TRD,C03,2026-09-03,15:21,18:02,161,BLK-01617,APPROVED
REQ-001761,MT-000692,S&T,C03,2026-09-02,20:50,23:21,151,BLK-00959,APPROVED
REQ-001762,MT-000932,ENGINEERING,C17,2026-09-26,14:09,15:25,76,BLK-00679,APPROVED
REQ-001763,MT-002174,TRD,C18,2026-09-27,15:26,15:56,30,BLK-00764,APPROVED
REQ-001764,MT-004299,ENGINEERING,C11,2026-09-07,23:15,00:27,72,BLK-01186,PENDING
REQ-001765,MT-002198,S&T,C02,2026-09-08,08:27,10:05,98,BLK-02888,PENDING
REQ-001766,MT-000810,S&T,C09,2026-09-18,22:44,23:48,64,BLK-01489,PENDING
REQ-001767,MT-000862,S&T,C18,2026-09-14,09:50,12:05,135,BLK-02924,PENDING
REQ-001768,MT-000646,TRD,C11,2026-09-30,22:33,01:28,175,BLK-02161,REJECTED
REQ-001769,MT-002699,ENGINEERING,C10,2026-09-25,21:54,23:39,105,BLK-00365,REJECTED
REQ-001770,MT-001573,ENGINEERING,C16,2026-09-01,06:33,08:43,130,BLK-01183,APPROVED
REQ-001771,MT-003027,TRD,C03,2026-09-11,14:59,17:54,175,BLK-00478,PENDING
REQ-001772,MT-001154,S&T,C12,2026-09-17,00:16,03:27,191,BLK-00305,APPROVED
REQ-001773,MT-000553,TRD,C03,2026-09-01,22:04,23:10,66,BLK-01538,APPROVED
REQ-001774,MT-004943,TRD,C11,2026-09-25,01:28,03:38,130,BLK-02377,APPROVED
REQ-001775,MT-004904,TRD,C15,2026-09-14,10:25,12:43,138,BLK-01603,PENDING
REQ-001776,MT-001309,TRD,C18,2026-09-03,01:26,03:19,113,BLK-01250,PENDING
REQ-001777,MT-004286,TRD,C15,2026-09-28,09:50,12:12,142,BLK-02151,PENDING
REQ-001778,MT-000570,S&T,C11,2026-09-10,11:41,13:49,128,BLK-01502,PENDING
REQ-001779,MT-001508,ENGINEERING,C20,2026-09-05,12:00,14:04,124,BLK-00957,APPROVED
REQ-001780,MT-001351,ENGINEERING,C18,2026-09-24,02:17,03:41,84,BLK-02443,PENDING
REQ-001781,MT-000750,ENGINEERING,C14,2026-09-14,02:14,03:35,81,BLK-00941,PENDING
REQ-001782,MT-001583,TRD,C09,2026-09-06,22:04,23:26,82,BLK-00213,PENDING
REQ-001783,MT-001124,S&T,C09,2026-09-23,04:45,06:29,104,BLK-01887,PENDING
REQ-001784,MT-004445,ENGINEERING,C08,2026-09-13,21:17,00:22,185,BLK-02253,PENDING
REQ-001785,MT-000711,ENGINEERING,C02,2026-09-02,10:22,12:05,103,BLK-02355,PENDING
REQ-001786,MT-001033,S&T,C17,2026-09-26,12:12,14:30,138,BLK-00999,PENDING
REQ-001787,MT-003027,TRD,C03,2026-09-09,07:36,10:24,168,BLK-01604,APPROVED
REQ-001788,MT-000755,TRD,C07,2026-09-27,16:43,17:50,67,BLK-02494,APPROVED
REQ-001789,MT-002365,ENGINEERING,C17,2026-09-17,09:26,12:30,184,BLK-01120,PENDING
REQ-001790,MT-003396,ENGINEERING,C20,2026-09-11,04:00,06:03,123,BLK-01601,PENDING
REQ-001791,MT-003820,TRD,C09,2026-09-05,15:59,17:11,72,BLK-00515,APPROVED
REQ-001792,MT-002458,S&T,C01,2026-09-09,10:12,11:56,104,BLK-01119,PENDING
REQ-001793,MT-004734,TRD,C05,2026-09-13,19:34,20:47,73,BLK-02633,APPROVED
REQ-001794,MT-001106,TRD,C16,2026-09-17,10:15,11:17,62,BLK-02753,PENDING
REQ-001795,MT-000646,TRD,C11,2026-09-03,22:44,02:09,205,BLK-01613,PENDING
REQ-001796,MT-000709,TRD,C08,2026-09-17,15:13,16:38,85,BLK-00257,APPROVED
REQ-001797,MT-004958,ENGINEERING,C10,2026-09-17,16:17,17:50,93,BLK-02975,PENDING
REQ-001798,MT-000199,S&T,C06,2026-09-19,10:41,12:47,126,BLK-00776,REJECTED
REQ-001799,MT-004790,S&T,C07,2026-09-27,18:16,20:18,122,BLK-02789,APPROVED
REQ-001800,MT-002286,TRD,C12,2026-09-23,11:22,12:27,65,BLK-00429,APPROVED
REQ-001801,MT-004664,S&T,C01,2026-09-20,21:27,23:42,135,BLK-00751,PENDING
REQ-001802,MT-001132,TRD,C06,2026-09-27,03:45,05:07,82,BLK-01593,REJECTED
REQ-001803,MT-004452,ENGINEERING,C04,2026-09-01,06:24,07:56,92,BLK-00092,APPROVED
REQ-001804,MT-004418,ENGINEERING,C13,2026-09-19,07:57,09:34,97,BLK-01281,PENDING
REQ-001805,MT-000784,TRD,C08,2026-09-02,06:02,08:50,168,BLK-02482,APPROVED
REQ-001806,MT-004019,S&T,C06,2026-09-13,14:53,16:22,89,BLK-01955,PENDING
REQ-001807,MT-002806,ENGINEERING,C04,2026-09-27,23:43,01:25,102,BLK-01391,PENDING
REQ-001808,MT-003109,TRD,C09,2026-09-25,06:05,09:05,180,BLK-01006,APPROVED
REQ-001809,MT-004751,ENGINEERING,C17,2026-09-22,17:22,19:01,99,BLK-01083,PENDING
REQ-001810,MT-003997,S&T,C17,2026-09-15,14:45,16:55,130,BLK-00691,APPROVED
REQ-001811,MT-002838,S&T,C10,2026-09-18,05:29,07:55,146,BLK-02747,PENDING
REQ-001812,MT-002459,S&T,C06,2026-09-19,12:35,14:47,132,BLK-01516,PENDING
REQ-001813,MT-004917,ENGINEERING,C14,2026-09-24,06:31,08:41,130,BLK-00943,PENDING
REQ-001814,MT-000206,ENGINEERING,C04,2026-09-16,05:45,06:58,73,BLK-02187,PENDING
REQ-001815,MT-004731,TRD,C09,2026-09-27,01:48,04:21,153,BLK-00132,PENDING
REQ-001816,MT-004973,S&T,C11,2026-09-26,01:41,02:57,76,BLK-02756,REJECTED
REQ-001817,MT-001562,ENGINEERING,C02,2026-09-24,23:40,01:39,119,BLK-01746,PENDING
REQ-001818,MT-003141,ENGINEERING,C12,2026-09-11,08:37,10:50,133,BLK-00437,APPROVED
REQ-001819,MT-000367,ENGINEERING,C20,2026-09-16,10:36,11:16,40,BLK-01325,REJECTED
REQ-001820,MT-002324,TRD,C01,2026-09-18,12:33,15:02,149,BLK-00231,APPROVED
REQ-001821,MT-003256,TRD,C16,2026-09-18,17:34,19:14,100,BLK-02065,APPROVED
REQ-001822,MT-004520,TRD,C14,2026-09-12,03:01,05:32,151,BLK-00874,APPROVED
REQ-001823,MT-001690,TRD,C02,2026-09-29,03:04,04:22,78,BLK-01330,APPROVED
REQ-001824,MT-002768,S&T,C11,2026-09-14,12:19,13:36,77,BLK-01465,APPROVED
REQ-001825,MT-001692,ENGINEERING,C07,2026-09-27,07:19,08:49,90,BLK-02768,PENDING
REQ-001826,MT-001213,S&T,C09,2026-09-20,00:42,03:21,159,BLK-01988,APPROVED
REQ-001827,MT-002155,S&T,C15,2026-09-30,03:30,05:38,128,BLK-02418,APPROVED
REQ-001828,MT-002650,S&T,C07,2026-09-26,08:26,10:35,129,BLK-02904,PENDING
REQ-001829,MT-003235,ENGINEERING,C14,2026-09-22,18:24,20:26,122,BLK-01069,PENDING
REQ-001830,MT-000963,TRD,C02,2026-09-29,12:06,14:03,117,BLK-02867,PENDING
REQ-001831,MT-001796,ENGINEERING,C05,2026-09-12,15:14,16:27,73,BLK-01104,PENDING
REQ-001832,MT-001776,S&T,C05,2026-09-02,06:02,08:22,140,BLK-02482,PENDING
REQ-001833,MT-002990,S&T,C15,2026-09-19,06:33,08:39,126,BLK-02487,APPROVED
REQ-001834,MT-002126,ENGINEERING,C01,2026-09-12,19:11,21:19,128,BLK-01294,REJECTED
REQ-001835,MT-001166,TRD,C03,2026-09-05,16:58,18:45,107,BLK-00747,APPROVED
REQ-001836,MT-000871,TRD,C17,2026-09-13,02:19,03:24,65,BLK-00170,APPROVED
REQ-001837,MT-000736,ENGINEERING,C04,2026-09-03,11:49,13:19,90,BLK-01974,PENDING
REQ-001838,MT-003026,ENGINEERING,C07,2026-09-14,10:13,12:31,138,BLK-01230,REJECTED
REQ-001839,MT-003560,S&T,C15,2026-09-06,14:25,16:13,108,BLK-00612,APPROVED
REQ-001840,MT-002534,TRD,C03,2026-09-24,20:21,22:10,109,BLK-02790,APPROVED
REQ-001841,MT-003533,TRD,C16,2026-09-27,05:20,07:51,151,BLK-02117,PENDING
REQ-001842,MT-002358,S&T,C08,2026-09-17,07:11,08:14,63,BLK-01814,PENDING
REQ-001843,MT-001135,S&T,C20,2026-09-14,11:55,14:32,157,BLK-01678,REJECTED
REQ-001844,MT-004425,S&T,C13,2026-09-19,08:22,09:49,87,BLK-02403,PENDING
REQ-001845,MT-002188,TRD,C10,2026-09-18,12:32,14:01,89,BLK-00856,APPROVED
REQ-001846,MT-003969,TRD,C10,2026-09-03,11:45,13:23,98,BLK-01025,APPROVED
REQ-001847,MT-003681,ENGINEERING,C10,2026-09-25,11:16,13:13,117,BLK-00835,APPROVED
REQ-001848,MT-002529,TRD,C15,2026-09-04,07:35,10:13,158,BLK-00236,APPROVED
REQ-001849,MT-004608,TRD,C20,2026-09-30,14:35,16:45,130,BLK-02736,PENDING
REQ-001850,MT-004663,ENGINEERING,C16,2026-09-09,00:42,03:01,139,BLK-02584,REJECTED
REQ-001851,MT-003770,S&T,C02,2026-09-16,12:47,14:34,107,BLK-02222,PENDING
REQ-001852,MT-003504,TRD,C19,2026-09-12,14:48,16:53,125,BLK-01028,APPROVED
REQ-001853,MT-004852,TRD,C19,2026-09-24,02:02,03:37,95,BLK-00325,PENDING
REQ-001854,MT-004096,TRD,C04,2026-09-19,08:25,10:23,118,BLK-01512,PENDING
REQ-001855,MT-003498,TRD,C01,2026-09-19,01:53,03:17,84,BLK-00479,REJECTED
REQ-001856,MT-000329,S&T,C04,2026-09-22,09:33,11:19,106,BLK-01131,APPROVED
REQ-001857,MT-000087,S&T,C01,2026-09-05,04:43,07:22,159,BLK-01161,PENDING
REQ-001858,MT-002161,TRD,C12,2026-09-28,18:24,19:41,77,BLK-02072,REJECTED
REQ-001859,MT-002337,TRD,C18,2026-09-07,00:30,03:24,174,BLK-02492,PENDING
REQ-001860,MT-001774,TRD,C16,2026-09-07,18:34,21:02,148,BLK-02800,REJECTED
REQ-001861,MT-003595,TRD,C05,2026-09-04,02:47,05:19,152,BLK-01931,PENDING
REQ-001862,MT-001101,TRD,C17,2026-09-21,22:24,00:03,99,BLK-01614,APPROVED
REQ-001863,MT-002891,S&T,C02,2026-09-29,09:41,12:28,167,BLK-02664,APPROVED
REQ-001864,MT-001582,TRD,C05,2026-09-20,16:10,19:14,184,BLK-00706,APPROVED
REQ-001865,MT-001261,ENGINEERING,C10,2026-09-07,00:53,01:52,59,BLK-02162,PENDING
REQ-001866,MT-004060,TRD,C08,2026-09-01,12:51,14:27,96,BLK-00270,REJECTED
REQ-001867,MT-002001,ENGINEERING,C07,2026-09-02,09:24,11:19,115,BLK-01707,REJECTED
REQ-001868,MT-002832,TRD,C15,2026-09-08,13:26,16:49,203,BLK-01602,APPROVED
REQ-001869,MT-000783,TRD,C10,2026-09-05,23:47,00:54,67,BLK-01571,REJECTED
REQ-001870,MT-004060,TRD,C08,2026-09-28,20:00,21:51,111,BLK-00174,APPROVED
REQ-001871,MT-002525,TRD,C12,2026-09-12,21:08,23:45,157,BLK-02463,APPROVED
REQ-001872,MT-001657,ENGINEERING,C18,2026-09-08,02:15,04:20,125,BLK-02932,APPROVED
REQ-001873,MT-000749,TRD,C03,2026-09-08,16:45,19:37,172,BLK-00415,PENDING
REQ-001874,MT-002460,S&T,C09,2026-09-10,11:56,13:13,77,BLK-00138,APPROVED
REQ-001875,MT-004660,ENGINEERING,C05,2026-09-22,23:04,01:33,149,BLK-00812,REJECTED
REQ-001876,MT-000538,TRD,C02,2026-09-23,01:45,03:40,115,BLK-02009,APPROVED
REQ-001877,MT-002611,ENGINEERING,C15,2026-09-17,18:09,19:26,77,BLK-01127,PENDING
REQ-001878,MT-001517,TRD,C04,2026-09-05,12:41,14:13,92,BLK-00583,APPROVED
REQ-001879,MT-004135,ENGINEERING,C16,2026-09-29,09:41,10:58,77,BLK-02664,APPROVED
REQ-001880,MT-003591,ENGINEERING,C12,2026-09-22,08:07,10:56,169,BLK-01026,PENDING
REQ-001881,MT-000578,TRD,C08,2026-09-03,23:00,00:37,97,BLK-00832,PENDING
REQ-001882,MT-000500,S&T,C06,2026-09-28,19:20,19:56,36,BLK-01358,PENDING
REQ-001883,MT-002198,S&T,C02,2026-09-06,17:04,18:51,107,BLK-02143,APPROVED
REQ-001884,MT-001151,TRD,C17,2026-09-28,06:17,08:08,111,BLK-02804,REJECTED
REQ-001885,MT-003867,TRD,C10,2026-09-16,21:46,23:22,96,BLK-00526,PENDING
REQ-001886,MT-003641,ENGINEERING,C19,2026-09-17,20:13,21:27,74,BLK-00062,PENDING
REQ-001887,MT-000662,S&T,C18,2026-09-12,02:51,04:17,86,BLK-00845,APPROVED
REQ-001888,MT-002298,TRD,C02,2026-09-08,11:30,13:01,91,BLK-02221,PENDING
REQ-001889,MT-004152,ENGINEERING,C18,2026-09-20,03:54,05:37,103,BLK-01758,PENDING
REQ-001890,MT-003163,TRD,C11,2026-09-08,17:19,18:44,85,BLK-01240,APPROVED
REQ-001891,MT-000370,ENGINEERING,C17,2026-09-06,03:18,05:59,161,BLK-01492,APPROVED
REQ-001892,MT-002302,ENGINEERING,C15,2026-09-07,02:16,03:52,96,BLK-02457,APPROVED
REQ-001893,MT-000489,ENGINEERING,C09,2026-09-30,16:07,17:49,102,BLK-02681,PENDING
REQ-001894,MT-002995,ENGINEERING,C10,2026-09-06,21:04,22:14,70,BLK-02202,PENDING
REQ-001895,MT-003072,TRD,C03,2026-09-07,12:56,14:46,110,BLK-00727,PENDING
REQ-001896,MT-001525,ENGINEERING,C08,2026-09-07,02:54,04:34,100,BLK-01644,APPROVED
REQ-001897,MT-002152,TRD,C14,2026-09-08,10:13,11:33,80,BLK-02536,APPROVED
REQ-001898,MT-002763,S&T,C11,2026-09-22,09:35,11:02,87,BLK-02514,APPROVED
REQ-001899,MT-001652,ENGINEERING,C09,2026-09-10,12:59,15:05,126,BLK-02875,PENDING
REQ-001900,MT-003720,TRD,C03,2026-09-12,17:46,19:35,109,BLK-01719,PENDING
REQ-001901,MT-000293,ENGINEERING,C10,2026-09-17,20:14,21:46,92,BLK-00645,PENDING
REQ-001902,MT-000275,ENGINEERING,C19,2026-09-12,06:02,08:17,135,BLK-01537,PENDING
REQ-001903,MT-004528,ENGINEERING,C17,2026-09-11,05:35,08:14,159,BLK-00979,APPROVED
REQ-001904,MT-002641,ENGINEERING,C03,2026-09-30,18:23,20:28,125,BLK-01363,APPROVED
REQ-001905,MT-001960,TRD,C11,2026-09-18,14:23,16:20,117,BLK-01249,REJECTED
REQ-001906,MT-001075,TRD,C15,2026-09-07,18:42,20:54,132,BLK-01764,PENDING
REQ-001907,MT-004559,TRD,C11,2026-09-11,13:03,14:47,104,BLK-00714,REJECTED
REQ-001908,MT-004924,ENGINEERING,C11,2026-09-24,15:37,18:22,165,BLK-01359,PENDING
REQ-001909,MT-001555,ENGINEERING,C19,2026-09-24,13:01,14:52,111,BLK-00042,PENDING
REQ-001910,MT-002425,ENGINEERING,C07,2026-09-23,08:22,10:39,137,BLK-00018,APPROVED
REQ-001911,MT-000725,ENGINEERING,C10,2026-09-16,02:25,03:57,92,BLK-00405,REJECTED
REQ-001912,MT-001749,TRD,C20,2026-09-09,19:52,21:54,122,BLK-00506,REJECTED
REQ-001913,MT-000880,TRD,C02,2026-09-28,15:42,18:02,140,BLK-01483,REJECTED
REQ-001914,MT-001101,TRD,C17,2026-09-17,06:00,07:32,92,BLK-02894,PENDING
REQ-001915,MT-000266,TRD,C19,2026-09-21,18:08,20:55,167,BLK-02799,PENDING
REQ-001916,MT-000460,ENGINEERING,C05,2026-09-15,08:44,10:08,84,BLK-00123,PENDING
REQ-001917,MT-001659,S&T,C12,2026-09-09,22:47,00:58,131,BLK-02603,PENDING
REQ-001918,MT-004386,ENGINEERING,C16,2026-09-30,08:11,09:24,73,BLK-02726,REJECTED
REQ-001919,MT-004297,ENGINEERING,C10,2026-09-12,16:31,19:04,153,BLK-00202,PENDING
REQ-001920,MT-004486,ENGINEERING,C04,2026-09-03,00:15,03:09,174,BLK-02491,PENDING
REQ-001921,MT-002530,ENGINEERING,C18,2026-09-25,03:36,05:10,94,BLK-01573,APPROVED
REQ-001922,MT-004182,ENGINEERING,C18,2026-09-23,19:44,20:53,69,BLK-02200,APPROVED
REQ-001923,MT-001707,TRD,C17,2026-09-08,06:55,09:11,136,BLK-01794,APPROVED
REQ-001924,MT-001887,TRD,C16,2026-09-11,14:54,16:44,110,BLK-02030,PENDING
REQ-001925,MT-001005,ENGINEERING,C02,2026-09-18,22:32,23:55,83,BLK-01578,APPROVED
REQ-001926,MT-001024,TRD,C10,2026-09-26,19:52,20:59,67,BLK-01680,APPROVED
REQ-001927,MT-000690,TRD,C18,2026-09-03,18:42,20:59,137,BLK-00374,PENDING
REQ-001928,MT-003472,S&T,C11,2026-09-01,20:48,22:13,85,BLK-01985,APPROVED
REQ-001929,MT-000328,ENGINEERING,C06,2026-09-29,04:28,06:23,115,BLK-01352,APPROVED
REQ-001930,MT-004102,ENGINEERING,C07,2026-09-16,18:32,21:02,150,BLK-00267,REJECTED
REQ-001931,MT-002254,ENGINEERING,C01,2026-09-05,03:46,06:07,141,BLK-01717,PENDING
REQ-001932,MT-000907,TRD,C03,2026-09-12,08:12,10:07,115,BLK-00330,PENDING
REQ-001933,MT-003261,S&T,C18,2026-09-02,12:48,14:27,99,BLK-01595,PENDING
REQ-001934,MT-002328,TRD,C06,2026-09-16,11:16,13:21,125,BLK-00004,APPROVED
REQ-001935,MT-002460,S&T,C09,2026-09-19,04:53,06:07,74,BLK-00234,REJECTED
REQ-001936,MT-002320,TRD,C08,2026-09-02,21:10,23:47,157,BLK-01805,PENDING
REQ-001937,MT-003438,TRD,C19,2026-09-01,01:05,02:48,103,BLK-02115,PENDING
REQ-001938,MT-000556,TRD,C08,2026-09-11,03:40,05:26,106,BLK-01058,PENDING
REQ-001939,MT-003097,TRD,C14,2026-09-06,17:04,18:20,76,BLK-02143,PENDING
REQ-001940,MT-003370,S&T,C15,2026-09-24,12:48,14:03,75,BLK-01918,PENDING
REQ-001941,MT-001085,ENGINEERING,C09,2026-09-06,03:27,06:19,172,BLK-00666,APPROVED
REQ-001942,MT-001708,TRD,C01,2026-09-30,03:44,05:29,105,BLK-01567,APPROVED
REQ-001943,MT-001875,TRD,C12,2026-09-04,20:32,21:34,62,BLK-00397,PENDING
REQ-001944,MT-001299,TRD,C17,2026-09-04,01:53,04:14,141,BLK-00289,APPROVED
REQ-001945,MT-001628,ENGINEERING,C16,2026-09-01,23:01,01:46,165,BLK-00051,REJECTED
REQ-001946,MT-004202,ENGINEERING,C17,2026-09-07,10:19,12:00,101,BLK-01961,APPROVED
REQ-001947,MT-000767,TRD,C20,2026-09-27,22:24,23:52,88,BLK-00993,APPROVED
REQ-001948,MT-001213,S&T,C09,2026-09-09,04:55,07:32,157,BLK-01539,PENDING
REQ-001949,MT-003443,ENGINEERING,C14,2026-09-29,04:28,07:39,191,BLK-01352,REJECTED
REQ-001950,MT-001774,TRD,C16,2026-09-05,05:01,07:12,131,BLK-00793,PENDING
REQ-001951,MT-000620,TRD,C03,2026-09-29,16:10,18:28,138,BLK-00497,PENDING
REQ-001952,MT-002123,S&T,C19,2026-09-13,11:48,13:21,93,BLK-01056,REJECTED
REQ-001953,MT-004582,S&T,C10,2026-09-16,02:04,04:40,156,BLK-02882,APPROVED
REQ-001954,MT-003164,S&T,C04,2026-09-10,01:55,04:09,134,BLK-00366,PENDING
REQ-001955,MT-001225,S&T,C11,2026-09-10,14:50,16:08,78,BLK-02877,APPROVED
REQ-001956,MT-002632,ENGINEERING,C03,2026-09-27,14:06,17:09,183,BLK-01803,REJECTED
REQ-001957,MT-001241,S&T,C19,2026-09-26,07:42,09:36,114,BLK-02549,APPROVED
REQ-001958,MT-002404,TRD,C03,2026-09-17,16:17,18:13,116,BLK-02975,APPROVED
REQ-001959,MT-002044,S&T,C15,2026-09-25,05:57,07:49,112,BLK-01990,APPROVED
REQ-001960,MT-000674,TRD,C13,2026-09-13,21:17,22:12,55,BLK-02253,PENDING
REQ-001961,MT-003467,S&T,C09,2026-09-09,02:36,04:40,124,BLK-01935,APPROVED
REQ-001962,MT-002193,TRD,C03,2026-09-10,16:02,18:39,157,BLK-01213,APPROVED
REQ-001963,MT-001239,ENGINEERING,C12,2026-09-16,15:01,16:08,67,BLK-02193,APPROVED
REQ-001964,MT-002757,ENGINEERING,C10,2026-09-10,07:54,09:53,119,BLK-02247,APPROVED
REQ-001965,MT-000361,TRD,C16,2026-09-01,06:35,08:28,113,BLK-01065,PENDING
REQ-001966,MT-000958,TRD,C20,2026-09-07,01:36,02:56,80,BLK-02745,PENDING
REQ-001967,MT-004466,S&T,C18,2026-09-25,00:22,02:01,99,BLK-00778,REJECTED
REQ-001968,MT-002343,S&T,C11,2026-09-16,02:40,04:32,112,BLK-01415,PENDING
REQ-001969,MT-004812,TRD,C02,2026-09-02,10:41,12:45,124,BLK-01419,PENDING
REQ-001970,MT-003961,S&T,C10,2026-09-10,09:11,11:05,114,BLK-02714,PENDING
REQ-001971,MT-000629,ENGINEERING,C04,2026-09-26,07:42,08:40,58,BLK-02549,PENDING
REQ-001972,MT-001206,S&T,C07,2026-09-29,16:09,17:14,65,BLK-00644,PENDING
REQ-001973,MT-004189,ENGINEERING,C09,2026-09-27,12:01,14:18,137,BLK-01215,APPROVED
REQ-001974,MT-001057,TRD,C10,2026-09-24,13:36,14:29,53,BLK-00259,APPROVED
REQ-001975,MT-001604,TRD,C17,2026-09-21,22:57,01:03,126,BLK-02709,APPROVED
REQ-001976,MT-002724,TRD,C09,2026-09-24,23:55,01:34,99,BLK-00912,PENDING
REQ-001977,MT-001293,ENGINEERING,C18,2026-09-03,09:44,11:42,118,BLK-01257,APPROVED
REQ-001978,MT-003279,S&T,C09,2026-09-25,11:16,12:43,87,BLK-00835,REJECTED
REQ-001979,MT-002663,S&T,C15,2026-09-22,21:11,23:35,144,BLK-01581,PENDING
REQ-001980,MT-000208,S&T,C20,2026-09-27,11:16,13:08,112,BLK-00790,APPROVED
REQ-001981,MT-003363,TRD,C17,2026-09-01,00:15,02:30,135,BLK-00713,APPROVED
REQ-001982,MT-002349,ENGINEERING,C07,2026-09-04,14:16,15:50,94,BLK-01694,REJECTED
REQ-001983,MT-002798,TRD,C04,2026-09-30,16:29,18:42,133,BLK-02408,PENDING
REQ-001984,MT-001254,S&T,C15,2026-09-09,04:41,07:02,141,BLK-01052,PENDING
REQ-001985,MT-001176,S&T,C12,2026-09-09,09:21,11:03,102,BLK-02082,APPROVED
REQ-001986,MT-004269,TRD,C03,2026-09-13,04:16,06:21,125,BLK-00016,REJECTED
REQ-001987,MT-004722,ENGINEERING,C07,2026-09-14,19:45,21:43,118,BLK-01299,APPROVED
REQ-001988,MT-001232,ENGINEERING,C18,2026-09-13,07:12,08:28,76,BLK-01461,APPROVED
REQ-001989,MT-002183,ENGINEERING,C06,2026-09-14,16:28,18:58,150,BLK-02369,APPROVED
REQ-001990,MT-000449,ENGINEERING,C01,2026-09-20,03:54,07:08,194,BLK-01599,APPROVED
REQ-001991,MT-002506,S&T,C15,2026-09-15,01:21,03:09,108,BLK-01653,APPROVED
REQ-001992,MT-004954,TRD,C12,2026-09-07,18:38,21:34,176,BLK-02360,APPROVED
REQ-001993,MT-000925,ENGINEERING,C17,2026-09-10,02:25,03:54,89,BLK-02210,APPROVED
REQ-001994,MT-004987,S&T,C10,2026-09-04,22:07,23:58,111,BLK-00032,PENDING
REQ-001995,MT-004244,TRD,C13,2026-09-29,20:59,23:00,121,BLK-00723,PENDING
REQ-001996,MT-003927,S&T,C04,2026-09-13,17:23,18:53,90,BLK-00861,REJECTED
REQ-001997,MT-002263,S&T,C06,2026-09-26,09:29,11:45,136,BLK-00848,PENDING
REQ-001998,MT-000439,ENGINEERING,C03,2026-09-20,02:19,05:24,185,BLK-00963,PENDING
REQ-001999,MT-002360,ENGINEERING,C15,2026-09-06,02:27,04:54,147,BLK-02862,APPROVED
REQ-002000,MT-003143,ENGINEERING,C10,2026-09-02,08:34,11:27,173,BLK-02656,PENDING
REQ-002001,MT-002839,S&T,C13,2026-09-05,15:59,17:54,115,BLK-00515,APPROVED
REQ-002002,MT-003537,TRD,C20,2026-09-03,22:55,01:53,178,BLK-01703,PENDING
REQ-002003,MT-000243,ENGINEERING,C20,2026-09-06,00:38,01:47,69,BLK-01865,APPROVED
REQ-002004,MT-002098,S&T,C12,2026-09-21,11:12,13:44,152,BLK-01860,APPROVED
REQ-002005,MT-000201,TRD,C03,2026-09-07,07:52,09:41,109,BLK-02782,APPROVED
REQ-002006,MT-000254,TRD,C15,2026-09-22,19:05,21:25,140,BLK-01055,PENDING
REQ-002007,MT-003560,S&T,C15,2026-09-13,01:14,02:59,105,BLK-02601,PENDING
REQ-002008,MT-000722,TRD,C07,2026-09-15,10:26,12:32,126,BLK-00380,APPROVED
REQ-002009,MT-001226,ENGINEERING,C05,2026-09-01,15:42,17:04,82,BLK-02422,APPROVED
REQ-002010,MT-001884,TRD,C03,2026-09-04,01:56,03:04,68,BLK-02665,PENDING
REQ-002011,MT-000841,ENGINEERING,C10,2026-09-14,02:01,04:26,145,BLK-00542,PENDING
REQ-002012,MT-002905,ENGINEERING,C10,2026-09-18,19:54,22:32,158,BLK-00868,PENDING
REQ-002013,MT-000844,S&T,C17,2026-09-05,16:08,17:48,100,BLK-02250,APPROVED
REQ-002014,MT-004677,S&T,C10,2026-09-11,10:39,12:34,115,BLK-00015,PENDING
REQ-002015,MT-001124,S&T,C09,2026-09-27,12:40,14:10,90,BLK-00383,PENDING
REQ-002016,MT-002202,TRD,C08,2026-09-19,20:33,21:56,83,BLK-00362,APPROVED
REQ-002017,MT-004866,ENGINEERING,C07,2026-09-19,14:38,16:16,98,BLK-00108,APPROVED
REQ-002018,MT-002590,S&T,C09,2026-09-19,08:25,11:06,161,BLK-01512,APPROVED
REQ-002019,MT-003829,S&T,C09,2026-09-15,08:08,08:53,45,BLK-02498,APPROVED
REQ-002020,MT-004948,ENGINEERING,C10,2026-09-08,05:40,07:44,124,BLK-01991,APPROVED
REQ-002021,MT-000552,ENGINEERING,C06,2026-09-17,20:14,22:22,128,BLK-00645,PENDING
REQ-002022,MT-000066,S&T,C11,2026-09-27,04:13,06:51,158,BLK-00948,APPROVED
REQ-002023,MT-003198,S&T,C15,2026-09-25,06:05,07:24,79,BLK-01006,APPROVED
REQ-002024,MT-000957,S&T,C10,2026-09-23,01:52,03:47,115,BLK-00127,APPROVED
REQ-002025,MT-001858,TRD,C02,2026-09-12,02:38,03:47,69,BLK-01145,PENDING
REQ-002026,MT-003583,TRD,C09,2026-09-22,05:36,08:26,170,BLK-01998,APPROVED
REQ-002027,MT-001736,S&T,C19,2026-09-30,23:15,00:53,98,BLK-01752,APPROVED
REQ-002028,MT-001737,ENGINEERING,C16,2026-09-04,06:06,08:26,140,BLK-00598,APPROVED
REQ-002029,MT-004026,ENGINEERING,C18,2026-09-04,07:28,10:51,203,BLK-00412,PENDING
REQ-002030,MT-003507,S&T,C17,2026-09-25,11:17,12:49,92,BLK-00661,APPROVED
REQ-002031,MT-004036,S&T,C12,2026-09-17,17:20,19:40,140,BLK-00136,PENDING
REQ-002032,MT-001126,S&T,C09,2026-09-23,17:45,19:59,134,BLK-00830,APPROVED
REQ-002033,MT-003192,ENGINEERING,C13,2026-09-29,09:41,11:20,99,BLK-02664,PENDING
REQ-002034,MT-004381,ENGINEERING,C06,2026-09-30,10:39,12:00,81,BLK-01420,APPROVED
REQ-002035,MT-004865,S&T,C04,2026-09-06,02:03,03:57,114,BLK-02437,APPROVED
REQ-002036,MT-001231,S&T,C03,2026-09-03,21:18,22:17,59,BLK-02122,APPROVED
REQ-002037,MT-003042,S&T,C12,2026-09-02,09:38,11:37,119,BLK-00826,PENDING
REQ-002038,MT-003640,TRD,C12,2026-09-07,22:12,23:15,63,BLK-00748,REJECTED
REQ-002039,MT-001830,ENGINEERING,C01,2026-09-18,14:55,16:57,122,BLK-00998,APPROVED
REQ-002040,MT-003239,TRD,C01,2026-09-10,02:04,03:43,99,BLK-02104,APPROVED
REQ-002041,MT-001937,ENGINEERING,C18,2026-09-23,22:42,00:16,94,BLK-01367,APPROVED
REQ-002042,MT-003947,ENGINEERING,C05,2026-09-18,15:11,17:07,116,BLK-02987,PENDING
REQ-002043,MT-000674,TRD,C13,2026-09-24,08:28,09:33,65,BLK-00182,PENDING
REQ-002044,MT-002887,ENGINEERING,C06,2026-09-14,12:31,14:10,99,BLK-00551,PENDING
REQ-002045,MT-001785,ENGINEERING,C03,2026-09-28,15:25,16:07,42,BLK-01144,APPROVED
REQ-002046,MT-002705,ENGINEERING,C05,2026-09-26,20:40,21:38,58,BLK-02048,PENDING
REQ-002047,MT-001261,ENGINEERING,C10,2026-09-07,01:05,02:13,68,BLK-02014,APPROVED
REQ-002048,MT-004611,ENGINEERING,C03,2026-09-03,08:45,10:56,131,BLK-01792,APPROVED
REQ-002049,MT-001887,TRD,C16,2026-09-01,12:26,14:19,113,BLK-02751,APPROVED
REQ-002050,MT-004100,ENGINEERING,C20,2026-09-29,10:24,12:18,114,BLK-01826,APPROVED
REQ-002051,MT-004012,S&T,C19,2026-09-26,14:45,16:39,114,BLK-00589,REJECTED
REQ-002052,MT-000846,ENGINEERING,C05,2026-09-30,07:02,10:27,205,BLK-02854,PENDING
REQ-002053,MT-003732,ENGINEERING,C20,2026-09-04,00:13,01:55,102,BLK-01190,PENDING
REQ-002054,MT-004301,TRD,C07,2026-09-10,18:52,21:02,130,BLK-02476,PENDING
REQ-002055,MT-003918,S&T,C13,2026-09-14,22:30,01:03,153,BLK-00083,REJECTED
REQ-002056,MT-000429,ENGINEERING,C09,2026-09-15,16:41,18:42,121,BLK-02490,PENDING
REQ-002057,MT-002388,S&T,C05,2026-09-20,03:54,06:04,130,BLK-01758,APPROVED
REQ-002058,MT-000193,S&T,C04,2026-09-28,06:17,07:54,97,BLK-02804,PENDING
REQ-002059,MT-003652,S&T,C01,2026-09-17,07:53,09:29,96,BLK-02997,APPROVED
REQ-002060,MT-004052,TRD,C18,2026-09-25,13:51,15:39,108,BLK-02436,APPROVED
REQ-002061,MT-000199,S&T,C06,2026-09-13,09:32,10:59,87,BLK-01304,PENDING
REQ-002062,MT-001748,TRD,C02,2026-09-22,16:14,18:27,133,BLK-00002,PENDING
REQ-002063,MT-001335,ENGINEERING,C05,2026-09-20,20:57,22:02,65,BLK-01285,PENDING
REQ-002064,MT-002433,TRD,C11,2026-09-26,01:10,04:11,181,BLK-02711,APPROVED
REQ-002065,MT-002688,ENGINEERING,C06,2026-09-17,09:52,12:28,156,BLK-00027,PENDING
REQ-002066,MT-004141,TRD,C18,2026-09-09,16:16,18:45,149,BLK-01504,APPROVED
REQ-002067,MT-002456,ENGINEERING,C09,2026-09-05,07:27,10:22,175,BLK-01153,PENDING
REQ-002068,MT-002486,S&T,C08,2026-09-07,23:06,23:55,49,BLK-00060,PENDING
REQ-002069,MT-000969,ENGINEERING,C07,2026-09-30,02:14,03:36,82,BLK-02224,PENDING
REQ-002070,MT-004501,ENGINEERING,C08,2026-09-26,14:56,16:22,86,BLK-02017,PENDING
REQ-002071,MT-000108,ENGINEERING,C03,2026-09-09,22:47,01:04,137,BLK-02603,APPROVED
REQ-002072,MT-000657,ENGINEERING,C09,2026-09-13,20:55,22:56,121,BLK-00494,PENDING
REQ-002073,MT-004751,ENGINEERING,C17,2026-09-06,17:04,18:14,70,BLK-02158,PENDING
REQ-002074,MT-001069,S&T,C18,2026-09-10,03:29,06:20,171,BLK-01913,APPROVED
REQ-002075,MT-001191,TRD,C06,2026-09-23,08:16,09:31,75,BLK-00864,APPROVED
REQ-002076,MT-002002,TRD,C04,2026-09-02,05:41,08:32,171,BLK-02939,PENDING
REQ-002077,MT-001507,S&T,C09,2026-09-20,20:54,22:58,124,BLK-01160,APPROVED
REQ-002078,MT-003230,TRD,C15,2026-09-17,21:07,22:39,92,BLK-02501,APPROVED
REQ-002079,MT-001714,ENGINEERING,C15,2026-09-07,19:58,22:04,126,BLK-00125,APPROVED
REQ-002080,MT-000440,ENGINEERING,C17,2026-09-17,09:47,11:20,93,BLK-01149,APPROVED
REQ-002081,MT-002308,S&T,C10,2026-09-04,15:50,17:50,120,BLK-01655,REJECTED
REQ-002082,MT-003940,ENGINEERING,C09,2026-09-20,13:16,15:06,110,BLK-00253,PENDING
REQ-002083,MT-000385,ENGINEERING,C14,2026-09-16,14:31,16:00,89,BLK-00498,APPROVED
REQ-002084,MT-004910,TRD,C10,2026-09-28,00:51,02:17,86,BLK-00987,PENDING
REQ-002085,MT-002768,S&T,C11,2026-09-07,12:56,14:44,108,BLK-00727,APPROVED
REQ-002086,MT-002971,S&T,C08,2026-09-08,17:15,19:53,158,BLK-00256,PENDING
REQ-002087,MT-000935,S&T,C19,2026-09-03,09:44,12:07,143,BLK-01257,APPROVED
REQ-002088,MT-002141,TRD,C08,2026-09-14,21:31,23:55,144,BLK-01754,REJECTED
REQ-002089,MT-004022,TRD,C08,2026-09-09,19:16,20:47,91,BLK-02561,PENDING
REQ-002090,MT-000325,ENGINEERING,C18,2026-09-01,20:45,23:23,158,BLK-00698,PENDING
REQ-002091,MT-003181,S&T,C09,2026-09-23,10:30,11:23,53,BLK-01432,APPROVED
REQ-002092,MT-004734,TRD,C05,2026-09-19,03:57,05:03,66,BLK-01810,PENDING
REQ-002093,MT-002961,TRD,C20,2026-09-13,06:39,07:51,72,BLK-02660,PENDING
REQ-002094,MT-002438,TRD,C12,2026-09-29,07:25,09:17,112,BLK-00642,APPROVED
REQ-002095,MT-002534,TRD,C03,2026-09-06,19:58,21:48,110,BLK-02983,PENDING
REQ-002096,MT-002852,S&T,C16,2026-09-22,05:10,07:11,121,BLK-01462,PENDING
REQ-002097,MT-004364,ENGINEERING,C13,2026-09-30,18:54,22:25,211,BLK-00422,PENDING
REQ-002098,MT-000676,ENGINEERING,C08,2026-09-21,17:09,19:14,125,BLK-01835,PENDING
REQ-002099,MT-002642,ENGINEERING,C10,2026-09-14,12:55,14:12,77,BLK-01231,APPROVED
REQ-002100,MT-003003,ENGINEERING,C05,2026-09-21,12:43,14:05,82,BLK-00393,APPROVED
REQ-002101,MT-002975,S&T,C07,2026-09-28,09:50,10:50,60,BLK-02151,APPROVED
REQ-002102,MT-003408,TRD,C08,2026-09-19,07:01,09:00,119,BLK-00536,PENDING
REQ-002103,MT-001307,S&T,C07,2026-09-03,15:57,17:43,106,BLK-02652,PENDING
REQ-002104,MT-002930,S&T,C03,2026-09-02,18:00,19:22,82,BLK-02229,REJECTED
REQ-002105,MT-001213,S&T,C09,2026-09-19,23:52,03:00,188,BLK-00396,PENDING
REQ-002106,MT-003922,TRD,C18,2026-09-18,13:03,15:09,126,BLK-01640,APPROVED
REQ-002107,MT-003437,TRD,C17,2026-09-28,05:49,07:26,97,BLK-00827,PENDING
REQ-002108,MT-003267,S&T,C10,2026-09-05,03:16,04:34,78,BLK-00342,APPROVED
REQ-002109,MT-000088,TRD,C15,2026-09-21,03:51,06:33,162,BLK-00357,REJECTED
REQ-002110,MT-002670,ENGINEERING,C13,2026-09-20,17:42,19:01,79,BLK-01101,APPROVED
REQ-002111,MT-003567,S&T,C06,2026-09-15,12:07,14:43,156,BLK-00565,APPROVED
REQ-002112,MT-000914,ENGINEERING,C12,2026-09-23,11:22,13:42,140,BLK-00429,APPROVED
REQ-002113,MT-004473,S&T,C09,2026-09-10,20:13,21:53,100,BLK-00094,PENDING
REQ-002114,MT-000320,ENGINEERING,C10,2026-09-14,22:37,00:48,131,BLK-00276,PENDING
REQ-002115,MT-003059,ENGINEERING,C16,2026-09-03,15:28,17:13,105,BLK-00687,APPROVED
REQ-002116,MT-002947,ENGINEERING,C01,2026-09-09,05:39,07:31,112,BLK-01234,PENDING
REQ-002117,MT-000422,ENGINEERING,C15,2026-09-18,02:57,04:51,114,BLK-02577,APPROVED
REQ-002118,MT-004436,ENGINEERING,C03,2026-09-10,22:17,23:53,96,BLK-02168,REJECTED
REQ-002119,MT-003184,TRD,C03,2026-09-18,19:54,21:19,85,BLK-00868,APPROVED
REQ-002120,MT-002600,ENGINEERING,C04,2026-09-09,14:03,17:07,184,BLK-02632,PENDING
REQ-002121,MT-003848,TRD,C17,2026-09-22,08:26,09:49,83,BLK-02446,PENDING
REQ-002122,MT-002083,TRD,C03,2026-09-27,05:22,06:36,74,BLK-00775,PENDING
REQ-002123,MT-002495,ENGINEERING,C07,2026-09-07,15:56,17:09,73,BLK-02407,PENDING
REQ-002124,MT-003063,S&T,C10,2026-09-17,10:17,12:17,120,BLK-00151,APPROVED
REQ-002125,MT-001169,S&T,C15,2026-09-12,05:52,07:49,117,BLK-01529,APPROVED
REQ-002126,MT-002045,TRD,C12,2026-09-25,23:19,00:25,66,BLK-02177,APPROVED
REQ-002127,MT-004986,ENGINEERING,C13,2026-09-09,03:29,05:32,123,BLK-01916,APPROVED
REQ-002128,MT-000363,ENGINEERING,C05,2026-09-28,13:19,15:21,122,BLK-00893,PENDING
REQ-002129,MT-003295,S&T,C20,2026-09-28,22:29,01:13,164,BLK-01888,PENDING
REQ-002130,MT-003654,TRD,C05,2026-09-19,06:33,07:32,59,BLK-02487,PENDING
REQ-002131,MT-003594,S&T,C08,2026-09-03,10:28,11:28,60,BLK-00777,APPROVED
REQ-002132,MT-002295,S&T,C07,2026-09-12,14:57,16:56,119,BLK-00737,PENDING
REQ-002133,MT-003380,TRD,C04,2026-09-26,10:35,12:24,109,BLK-01788,APPROVED
REQ-002134,MT-003488,TRD,C03,2026-09-28,03:15,06:00,165,BLK-01661,APPROVED
REQ-002135,MT-004528,ENGINEERING,C17,2026-09-03,01:12,04:15,183,BLK-00438,APPROVED
REQ-002136,MT-004447,ENGINEERING,C13,2026-09-04,06:07,07:35,88,BLK-02228,PENDING
REQ-002137,MT-002944,TRD,C13,2026-09-11,06:07,07:15,68,BLK-01435,PENDING
REQ-002138,MT-002177,TRD,C09,2026-09-13,01:54,02:32,38,BLK-00040,REJECTED
REQ-002139,MT-003652,S&T,C01,2026-09-15,11:50,13:49,119,BLK-01632,APPROVED
REQ-002140,MT-004595,S&T,C13,2026-09-09,15:59,17:17,78,BLK-00870,PENDING
REQ-002141,MT-003355,ENGINEERING,C09,2026-09-18,02:46,05:24,158,BLK-02785,PENDING
REQ-002142,MT-002115,S&T,C12,2026-09-02,10:34,12:35,121,BLK-02750,APPROVED
REQ-002143,MT-000948,ENGINEERING,C10,2026-09-02,22:40,00:46,126,BLK-00594,APPROVED
REQ-002144,MT-003872,S&T,C16,2026-09-07,20:43,22:22,99,BLK-01695,APPROVED
REQ-002145,MT-000704,S&T,C09,2026-09-26,14:56,16:30,94,BLK-02130,PENDING
REQ-002146,MT-002365,ENGINEERING,C17,2026-09-18,02:02,04:58,176,BLK-00456,PENDING
REQ-002147,MT-003253,ENGINEERING,C17,2026-09-30,02:11,04:37,146,BLK-02114,APPROVED
REQ-002148,MT-000876,TRD,C10,2026-09-24,14:39,15:42,63,BLK-01179,APPROVED
REQ-002149,MT-001866,ENGINEERING,C20,2026-09-20,10:12,12:48,156,BLK-02199,APPROVED
REQ-002150,MT-002367,TRD,C12,2026-09-16,02:49,05:57,188,BLK-01280,PENDING
REQ-002151,MT-004327,ENGINEERING,C11,2026-09-04,04:39,08:26,227,BLK-01737,PENDING
REQ-002152,MT-001776,S&T,C05,2026-09-16,14:57,17:09,132,BLK-00246,APPROVED
REQ-002153,MT-001418,S&T,C14,2026-09-27,09:10,10:56,106,BLK-00648,APPROVED
REQ-002154,MT-000078,TRD,C05,2026-09-08,01:37,02:35,58,BLK-01002,PENDING
REQ-002155,MT-001636,ENGINEERING,C05,2026-09-29,17:52,19:34,102,BLK-02758,APPROVED
REQ-002156,MT-004022,TRD,C08,2026-09-24,15:09,16:19,70,BLK-00279,PENDING
REQ-002157,MT-004444,ENGINEERING,C04,2026-09-18,13:29,14:36,67,BLK-01808,REJECTED
REQ-002158,MT-004227,TRD,C10,2026-09-30,02:35,03:34,59,BLK-02131,PENDING
REQ-002159,MT-000442,ENGINEERING,C17,2026-09-03,14:29,15:09,40,BLK-02395,PENDING
REQ-002160,MT-003783,TRD,C16,2026-09-30,08:11,09:33,82,BLK-02726,APPROVED
REQ-002161,MT-002738,ENGINEERING,C18,2026-09-22,15:22,17:16,114,BLK-01521,APPROVED
REQ-002162,MT-002204,ENGINEERING,C10,2026-09-17,11:49,13:46,117,BLK-00337,APPROVED
REQ-002163,MT-000380,ENGINEERING,C18,2026-09-27,17:27,19:14,107,BLK-00392,APPROVED
REQ-002164,MT-003390,TRD,C05,2026-09-26,21:21,23:41,140,BLK-02107,APPROVED
REQ-002165,MT-003188,S&T,C11,2026-09-15,06:02,07:55,113,BLK-02879,REJECTED
REQ-002166,MT-003887,S&T,C10,2026-09-23,10:12,12:12,120,BLK-00973,PENDING
REQ-002167,MT-002358,S&T,C08,2026-09-10,22:45,23:44,59,BLK-02553,APPROVED
REQ-002168,MT-003567,S&T,C06,2026-09-01,03:44,06:27,163,BLK-02294,REJECTED
REQ-002169,MT-004721,ENGINEERING,C17,2026-09-07,00:53,02:41,108,BLK-02162,REJECTED
REQ-002170,MT-004431,ENGINEERING,C06,2026-09-09,14:35,16:35,120,BLK-01180,APPROVED
REQ-002171,MT-002731,S&T,C15,2026-09-09,13:10,14:35,85,BLK-01092,APPROVED
REQ-002172,MT-001010,ENGINEERING,C18,2026-09-04,05:09,07:10,121,BLK-02063,PENDING
REQ-002173,MT-002074,S&T,C19,2026-09-26,06:59,08:56,117,BLK-00794,PENDING
REQ-002174,MT-002711,TRD,C08,2026-09-18,08:58,11:30,152,BLK-02718,REJECTED
REQ-002175,MT-003240,ENGINEERING,C05,2026-09-21,19:54,21:11,77,BLK-02069,APPROVED
REQ-002176,MT-004351,S&T,C15,2026-09-15,12:04,14:25,141,BLK-00007,PENDING
REQ-002177,MT-001985,ENGINEERING,C12,2026-09-28,05:54,09:08,194,BLK-01455,REJECTED
REQ-002178,MT-002701,ENGINEERING,C10,2026-09-13,18:52,20:59,127,BLK-00228,REJECTED
REQ-002179,MT-000931,ENGINEERING,C03,2026-09-16,21:42,23:58,136,BLK-02895,PENDING
REQ-002180,MT-003865,TRD,C12,2026-09-06,13:19,14:46,87,BLK-02590,PENDING
REQ-002181,MT-001483,ENGINEERING,C18,2026-09-04,23:42,01:59,137,BLK-01466,PENDING
REQ-002182,MT-000706,ENGINEERING,C02,2026-09-19,19:21,20:06,45,BLK-02001,APPROVED
REQ-002183,MT-001962,TRD,C13,2026-09-12,02:35,05:05,150,BLK-01448,APPROVED
REQ-002184,MT-002194,TRD,C03,2026-09-27,14:06,16:33,147,BLK-00752,APPROVED
REQ-002185,MT-000838,TRD,C08,2026-09-01,13:24,16:26,182,BLK-01439,PENDING
REQ-002186,MT-003509,S&T,C04,2026-09-13,05:07,06:29,82,BLK-02963,APPROVED
REQ-002187,MT-002459,S&T,C06,2026-09-19,06:51,08:47,116,BLK-02261,APPROVED
REQ-002188,MT-000338,ENGINEERING,C16,2026-09-21,22:07,23:24,77,BLK-01283,PENDING
REQ-002189,MT-000100,S&T,C01,2026-09-06,00:58,03:03,125,BLK-01305,PENDING
REQ-002190,MT-003178,TRD,C19,2026-09-25,21:01,23:55,174,BLK-00628,PENDING
REQ-002191,MT-002589,S&T,C17,2026-09-15,18:03,19:28,85,BLK-02313,PENDING
REQ-002192,MT-004143,ENGINEERING,C17,2026-09-04,08:58,10:29,91,BLK-00414,PENDING
REQ-002193,MT-000388,TRD,C17,2026-09-16,01:25,03:33,128,BLK-01195,APPROVED
REQ-002194,MT-002563,TRD,C17,2026-09-16,22:57,00:44,107,BLK-02152,APPROVED
REQ-002195,MT-004670,S&T,C08,2026-09-04,06:10,08:26,136,BLK-02450,PENDING
REQ-002196,MT-001171,S&T,C20,2026-09-09,08:02,09:25,83,BLK-02893,PENDING
REQ-002197,MT-004362,TRD,C20,2026-09-28,04:06,05:42,96,BLK-00171,APPROVED
REQ-002198,MT-004770,ENGINEERING,C06,2026-09-30,05:31,07:35,124,BLK-01823,PENDING
REQ-002199,MT-004176,TRD,C18,2026-09-08,00:15,01:24,69,BLK-02322,PENDING
REQ-002200,MT-000529,ENGINEERING,C13,2026-09-03,01:26,04:22,176,BLK-01250,PENDING
REQ-002201,MT-001521,ENGINEERING,C04,2026-09-23,18:11,20:09,118,BLK-01643,PENDING
REQ-002202,MT-004372,ENGINEERING,C18,2026-09-01,12:26,13:54,88,BLK-02751,REJECTED
REQ-002203,MT-001484,ENGINEERING,C18,2026-09-24,08:28,09:51,83,BLK-00182,PENDING
REQ-002204,MT-000473,TRD,C02,2026-09-09,05:29,07:40,131,BLK-00664,REJECTED
REQ-002205,MT-003923,TRD,C08,2026-09-23,13:57,16:13,136,BLK-01847,REJECTED
REQ-002206,MT-002656,ENGINEERING,C11,2026-09-03,13:51,16:28,157,BLK-01779,PENDING
REQ-002207,MT-001427,S&T,C03,2026-09-11,04:33,06:21,108,BLK-01750,PENDING
REQ-002208,MT-000268,ENGINEERING,C20,2026-09-10,16:00,18:01,121,BLK-01172,PENDING
REQ-002209,MT-004437,TRD,C16,2026-09-21,19:52,23:09,197,BLK-02600,APPROVED
REQ-002210,MT-000163,S&T,C08,2026-09-12,07:52,10:06,134,BLK-02925,PENDING
REQ-002211,MT-000936,TRD,C09,2026-09-18,09:25,11:20,115,BLK-01970,REJECTED
REQ-002212,MT-000894,TRD,C17,2026-09-24,21:57,23:24,87,BLK-02343,PENDING
REQ-002213,MT-001991,ENGINEERING,C18,2026-09-01,21:33,22:37,64,BLK-02331,PENDING
REQ-002214,MT-004198,TRD,C05,2026-09-01,16:44,19:55,191,BLK-01654,PENDING
REQ-002215,MT-003577,TRD,C16,2026-09-15,05:12,05:42,30,BLK-00753,PENDING
REQ-002216,MT-004107,ENGINEERING,C09,2026-09-20,07:44,08:46,62,BLK-01891,REJECTED
REQ-002217,MT-003397,S&T,C16,2026-09-15,02:22,04:29,127,BLK-00377,PENDING
REQ-002218,MT-003812,ENGINEERING,C01,2026-09-06,00:44,02:09,85,BLK-02399,REJECTED
REQ-002219,MT-004010,TRD,C16,2026-09-23,05:07,07:50,163,BLK-00773,APPROVED
REQ-002220,MT-003173,ENGINEERING,C07,2026-09-25,22:25,00:32,127,BLK-00535,REJECTED
REQ-002221,MT-004851,ENGINEERING,C01,2026-09-05,14:07,16:52,165,BLK-02949,APPROVED
REQ-002222,MT-002447,ENGINEERING,C14,2026-09-23,04:26,06:19,113,BLK-02472,PENDING
REQ-002223,MT-004504,TRD,C06,2026-09-17,21:07,23:36,149,BLK-02501,PENDING
REQ-002224,MT-000891,S&T,C12,2026-09-24,04:40,06:30,110,BLK-02640,REJECTED
REQ-002225,MT-002539,S&T,C19,2026-09-18,19:54,22:19,145,BLK-00868,APPROVED
REQ-002226,MT-004069,ENGINEERING,C12,2026-09-22,02:41,04:10,89,BLK-02616,PENDING
REQ-002227,MT-004409,S&T,C13,2026-09-16,01:34,02:47,73,BLK-02669,APPROVED
REQ-002228,MT-002556,ENGINEERING,C20,2026-09-10,03:33,05:48,135,BLK-00485,APPROVED
REQ-002229,MT-003234,S&T,C14,2026-09-12,11:29,12:55,86,BLK-00640,APPROVED
REQ-002230,MT-003122,TRD,C12,2026-09-21,03:51,05:58,127,BLK-00357,APPROVED
REQ-002231,MT-003343,S&T,C09,2026-09-17,20:56,22:47,111,BLK-01164,APPROVED
REQ-002232,MT-000265,TRD,C16,2026-09-21,10:05,11:42,97,BLK-00096,PENDING
REQ-002233,MT-001099,S&T,C15,2026-09-16,01:20,03:53,153,BLK-00921,REJECTED
REQ-002234,MT-003084,S&T,C06,2026-09-27,14:06,16:16,130,BLK-01803,PENDING
REQ-002235,MT-004892,ENGINEERING,C12,2026-09-11,21:33,23:03,90,BLK-01984,PENDING
REQ-002236,MT-001878,S&T,C16,2026-09-03,20:18,22:56,158,BLK-01671,PENDING
REQ-002237,MT-004812,TRD,C02,2026-09-09,03:32,05:54,142,BLK-00179,APPROVED
REQ-002238,MT-000052,ENGINEERING,C07,2026-09-20,14:34,15:34,60,BLK-01440,PENDING
REQ-002239,MT-003515,S&T,C09,2026-09-23,12:27,14:04,97,BLK-02248,APPROVED
REQ-002240,MT-002062,TRD,C17,2026-09-01,09:33,11:36,123,BLK-02959,APPROVED
REQ-002241,MT-003778,ENGINEERING,C15,2026-09-24,16:39,19:21,162,BLK-02324,PENDING
REQ-002242,MT-002608,ENGINEERING,C18,2026-09-15,17:54,19:42,108,BLK-01124,PENDING
REQ-002243,MT-000075,ENGINEERING,C06,2026-09-17,09:39,10:50,71,BLK-01044,PENDING
REQ-002244,MT-001740,ENGINEERING,C10,2026-09-11,10:02,11:12,70,BLK-02876,REJECTED
REQ-002245,MT-001376,S&T,C05,2026-09-21,19:10,21:28,138,BLK-01045,APPROVED
REQ-002246,MT-003725,TRD,C12,2026-09-18,20:58,23:33,155,BLK-01121,PENDING
REQ-002247,MT-001090,TRD,C15,2026-09-01,00:08,02:00,112,BLK-00029,APPROVED
REQ-002248,MT-003279,S&T,C09,2026-09-08,16:59,18:44,105,BLK-00444,PENDING
REQ-002249,MT-004332,S&T,C03,2026-09-06,08:34,10:57,143,BLK-00406,PENDING
REQ-002250,MT-000303,S&T,C17,2026-09-05,05:29,06:55,86,BLK-00945,REJECTED
REQ-002251,MT-002897,TRD,C19,2026-09-22,04:20,06:53,153,BLK-01054,REJECTED
REQ-002252,MT-000694,S&T,C14,2026-09-14,13:29,14:56,87,BLK-02000,APPROVED
REQ-002253,MT-000262,S&T,C07,2026-09-02,07:20,09:22,122,BLK-00180,PENDING
REQ-002254,MT-003424,S&T,C11,2026-09-24,21:10,23:08,118,BLK-02702,REJECTED
REQ-002255,MT-002240,S&T,C15,2026-09-19,17:05,18:57,112,BLK-02614,APPROVED
REQ-002256,MT-004772,TRD,C13,2026-09-02,06:17,09:03,166,BLK-02028,APPROVED
REQ-002257,MT-003859,ENGINEERING,C04,2026-09-23,14:51,17:13,142,BLK-02962,PENDING
REQ-002258,MT-001009,TRD,C02,2026-09-20,16:10,18:23,133,BLK-00706,PENDING
REQ-002259,MT-004641,ENGINEERING,C13,2026-09-15,11:27,12:15,48,BLK-02387,PENDING
REQ-002260,MT-001846,ENGINEERING,C05,2026-09-21,22:24,00:13,109,BLK-01614,PENDING
REQ-002261,MT-003776,TRD,C03,2026-09-21,13:46,15:53,127,BLK-00908,APPROVED
REQ-002262,MT-003752,ENGINEERING,C10,2026-09-10,13:31,15:56,145,BLK-02297,REJECTED
REQ-002263,MT-003583,TRD,C09,2026-09-17,15:07,17:57,170,BLK-00418,APPROVED
REQ-002264,MT-000172,ENGINEERING,C19,2026-09-08,10:13,11:52,99,BLK-02536,APPROVED
REQ-002265,MT-002575,TRD,C17,2026-09-17,01:35,03:19,104,BLK-01624,PENDING
REQ-002266,MT-001035,ENGINEERING,C11,2026-09-24,09:26,11:19,113,BLK-02493,PENDING
REQ-002267,MT-000525,S&T,C05,2026-09-25,21:01,22:47,106,BLK-00628,APPROVED
REQ-002268,MT-003250,S&T,C04,2026-09-12,23:04,00:34,90,BLK-02414,APPROVED
REQ-002269,MT-003336,ENGINEERING,C14,2026-09-10,03:34,05:29,115,BLK-01898,PENDING
REQ-002270,MT-004990,ENGINEERING,C05,2026-09-17,10:21,12:16,115,BLK-01816,PENDING
REQ-002271,MT-003218,S&T,C08,2026-09-23,10:57,13:49,172,BLK-02526,REJECTED
REQ-002272,MT-004037,S&T,C08,2026-09-09,02:58,04:20,82,BLK-00114,PENDING
REQ-002273,MT-001336,ENGINEERING,C05,2026-09-18,12:33,13:46,73,BLK-00231,PENDING
REQ-002274,MT-003744,TRD,C15,2026-09-05,22:57,00:40,103,BLK-00387,APPROVED
REQ-002275,MT-002830,ENGINEERING,C16,2026-09-23,10:12,12:41,149,BLK-00973,PENDING
REQ-002276,MT-004871,ENGINEERING,C17,2026-09-16,20:46,23:16,150,BLK-02336,REJECTED
REQ-002277,MT-003978,ENGINEERING,C15,2026-09-12,20:13,21:23,70,BLK-02744,REJECTED
REQ-002278,MT-004404,ENGINEERING,C04,2026-09-28,05:41,07:01,80,BLK-02880,PENDING
REQ-002279,MT-004180,S&T,C09,2026-09-18,08:11,09:47,96,BLK-00738,PENDING
REQ-002280,MT-000175,ENGINEERING,C13,2026-09-09,14:03,16:42,159,BLK-02632,APPROVED
REQ-002281,MT-001298,TRD,C08,2026-09-16,11:16,14:05,169,BLK-00004,PENDING
REQ-002282,MT-003221,S&T,C05,2026-09-05,23:47,01:36,109,BLK-01571,APPROVED
REQ-002283,MT-004871,ENGINEERING,C17,2026-09-13,12:45,15:05,140,BLK-02383,APPROVED
REQ-002284,MT-003076,TRD,C10,2026-09-15,18:20,20:11,111,BLK-02861,PENDING
REQ-002285,MT-002507,TRD,C16,2026-09-27,21:35,00:02,147,BLK-00408,REJECTED
REQ-002286,MT-003260,ENGINEERING,C20,2026-09-23,10:40,13:29,169,BLK-02058,PENDING
REQ-002287,MT-001793,TRD,C20,2026-09-19,16:58,18:45,107,BLK-00799,REJECTED
REQ-002288,MT-004386,ENGINEERING,C16,2026-09-17,10:17,11:35,78,BLK-00151,PENDING
REQ-002289,MT-000504,TRD,C13,2026-09-03,04:38,07:35,177,BLK-01162,REJECTED
REQ-002290,MT-002189,S&T,C14,2026-09-09,19:36,21:25,109,BLK-02299,PENDING
REQ-002291,MT-001320,TRD,C06,2026-09-04,06:58,08:18,80,BLK-01836,PENDING
REQ-002292,MT-003704,ENGINEERING,C08,2026-09-16,12:24,14:20,116,BLK-02023,REJECTED
REQ-002293,MT-000983,ENGINEERING,C17,2026-09-09,05:05,06:35,90,BLK-00481,APPROVED
REQ-002294,MT-004105,ENGINEERING,C19,2026-09-17,03:29,06:22,173,BLK-02397,REJECTED
REQ-002295,MT-004116,TRD,C10,2026-09-16,02:04,05:05,181,BLK-02882,APPROVED
REQ-002296,MT-001241,S&T,C19,2026-09-06,23:48,01:18,90,BLK-00308,PENDING
REQ-002297,MT-003963,S&T,C18,2026-09-24,18:53,20:29,96,BLK-00795,APPROVED
REQ-002298,MT-004771,S&T,C18,2026-09-10,09:49,10:58,69,BLK-02864,REJECTED
REQ-002299,MT-004947,S&T,C11,2026-09-26,11:17,13:46,149,BLK-00153,APPROVED
REQ-002300,MT-001016,TRD,C20,2026-09-07,18:33,20:03,90,BLK-02197,APPROVED
REQ-002301,MT-004790,S&T,C07,2026-09-25,19:28,21:56,148,BLK-00907,PENDING
REQ-002302,MT-002073,S&T,C01,2026-09-29,04:34,06:56,142,BLK-01727,APPROVED
REQ-002303,MT-004219,S&T,C09,2026-09-17,09:38,10:37,59,BLK-01897,PENDING
REQ-002304,MT-003886,TRD,C02,2026-09-29,11:36,13:24,108,BLK-01225,APPROVED
REQ-002305,MT-003680,TRD,C17,2026-09-18,12:33,14:10,97,BLK-00231,APPROVED
REQ-002306,MT-002661,S&T,C04,2026-09-16,14:48,16:46,118,BLK-01366,REJECTED
REQ-002307,MT-001766,S&T,C19,2026-09-28,22:37,01:11,154,BLK-01242,APPROVED
REQ-002308,MT-004486,ENGINEERING,C04,2026-09-18,09:08,11:52,164,BLK-00896,PENDING
REQ-002309,MT-000241,ENGINEERING,C09,2026-09-03,18:58,22:14,196,BLK-01290,REJECTED
REQ-002310,MT-002435,ENGINEERING,C13,2026-09-13,21:01,22:53,112,BLK-00008,APPROVED
REQ-002311,MT-001505,S&T,C20,2026-09-06,11:19,12:37,78,BLK-02496,APPROVED
REQ-002312,MT-003640,TRD,C12,2026-09-06,00:38,02:06,88,BLK-01865,APPROVED
REQ-002313,MT-004744,ENGINEERING,C10,2026-09-20,10:13,13:03,170,BLK-02557,PENDING
REQ-002314,MT-001371,TRD,C02,2026-09-27,13:57,15:39,102,BLK-02380,APPROVED
REQ-002315,MT-003120,ENGINEERING,C03,2026-09-03,17:09,18:11,62,BLK-00367,APPROVED
REQ-002316,MT-002471,ENGINEERING,C08,2026-09-14,21:31,00:33,182,BLK-01754,PENDING
REQ-002317,MT-000451,S&T,C17,2026-09-18,22:11,00:29,138,BLK-00829,PENDING
REQ-002318,MT-002799,ENGINEERING,C07,2026-09-15,12:58,14:32,94,BLK-01915,APPROVED
REQ-002319,MT-002927,ENGINEERING,C04,2026-09-22,04:54,06:31,97,BLK-00658,REJECTED
REQ-002320,MT-003815,S&T,C11,2026-09-16,22:28,00:23,115,BLK-02183,PENDING
REQ-002321,MT-001364,S&T,C05,2026-09-17,10:55,13:13,138,BLK-02231,REJECTED
REQ-002322,MT-004074,ENGINEERING,C17,2026-09-19,08:50,11:25,155,BLK-02897,APPROVED
REQ-002323,MT-004888,TRD,C08,2026-09-05,16:39,18:15,96,BLK-00762,APPROVED
REQ-002324,MT-003494,ENGINEERING,C02,2026-09-15,08:55,11:11,136,BLK-01778,PENDING
REQ-002325,MT-000323,TRD,C12,2026-09-21,06:26,08:09,103,BLK-02522,APPROVED
REQ-002326,MT-003205,ENGINEERING,C15,2026-09-19,10:22,13:23,181,BLK-01732,APPROVED
REQ-002327,MT-003468,ENGINEERING,C02,2026-09-20,14:38,17:35,177,BLK-02913,APPROVED
REQ-002328,MT-002829,ENGINEERING,C17,2026-09-19,04:15,07:03,168,BLK-00403,PENDING
REQ-002329,MT-001765,TRD,C08,2026-09-15,07:47,09:28,101,BLK-02068,APPROVED
REQ-002330,MT-001861,S&T,C06,2026-09-04,21:35,23:59,144,BLK-02647,PENDING
REQ-002331,MT-004223,TRD,C01,2026-09-12,03:20,05:27,127,BLK-01638,PENDING
REQ-002332,MT-004980,S&T,C06,2026-09-02,08:34,10:00,86,BLK-02656,PENDING
REQ-002333,MT-003894,S&T,C17,2026-09-13,13:06,14:04,58,BLK-01720,PENDING
REQ-002334,MT-004972,ENGINEERING,C13,2026-09-13,15:20,17:55,155,BLK-02133,PENDING
REQ-002335,MT-001411,TRD,C16,2026-09-03,15:28,18:06,158,BLK-00687,PENDING
REQ-002336,MT-000176,ENGINEERING,C17,2026-09-22,22:42,00:33,111,BLK-02784,REJECTED
REQ-002337,MT-004371,S&T,C15,2026-09-11,22:04,23:29,85,BLK-01301,PENDING
REQ-002338,MT-003132,TRD,C03,2026-09-20,19:39,21:01,82,BLK-01574,PENDING
REQ-002339,MT-000726,S&T,C18,2026-09-07,04:45,06:30,105,BLK-00732,PENDING
REQ-002340,MT-002501,S&T,C19,2026-09-06,16:25,18:18,113,BLK-00201,PENDING
REQ-002341,MT-002435,ENGINEERING,C13,2026-09-21,14:01,16:06,125,BLK-01429,PENDING
REQ-002342,MT-000695,S&T,C09,2026-09-22,01:17,02:55,98,BLK-01277,APPROVED
REQ-002343,MT-004290,TRD,C03,2026-09-21,22:57,00:45,108,BLK-02709,APPROVED
REQ-002344,MT-004412,ENGINEERING,C03,2026-09-02,12:08,13:28,80,BLK-01157,PENDING
REQ-002345,MT-003686,TRD,C13,2026-09-13,18:27,20:07,100,BLK-00514,APPROVED
REQ-002346,MT-001011,ENGINEERING,C13,2026-09-24,19:35,21:16,101,BLK-00318,REJECTED
REQ-002347,MT-004780,ENGINEERING,C16,2026-09-12,00:47,03:36,169,BLK-01023,REJECTED
REQ-002348,MT-000238,ENGINEERING,C12,2026-09-13,01:45,04:32,167,BLK-00707,REJECTED
REQ-002349,MT-000735,TRD,C09,2026-09-22,17:47,19:36,109,BLK-01057,PENDING
REQ-002350,MT-002455,TRD,C12,2026-09-12,08:12,09:47,95,BLK-00330,PENDING
REQ-002351,MT-004428,S&T,C05,2026-09-16,06:40,08:57,137,BLK-00587,APPROVED
REQ-002352,MT-001283,S&T,C10,2026-09-20,12:48,14:00,72,BLK-02194,PENDING
REQ-002353,MT-004956,S&T,C12,2026-09-20,01:04,02:42,98,BLK-00517,APPROVED
REQ-002354,MT-001241,S&T,C19,2026-09-02,05:57,08:02,125,BLK-01323,APPROVED
REQ-002355,MT-000921,TRD,C03,2026-09-02,04:53,07:40,167,BLK-01100,REJECTED
REQ-002356,MT-000953,S&T,C15,2026-09-05,09:20,10:57,97,BLK-00196,APPROVED
REQ-002357,MT-001944,ENGINEERING,C07,2026-09-12,14:59,17:11,132,BLK-02722,PENDING
REQ-002358,MT-004039,ENGINEERING,C01,2026-09-09,06:53,09:32,159,BLK-01402,PENDING
REQ-002359,MT-003084,S&T,C06,2026-09-06,13:16,15:41,145,BLK-02147,REJECTED
REQ-002360,MT-003790,TRD,C01,2026-09-15,04:51,07:03,132,BLK-00319,APPROVED
REQ-002361,MT-002447,ENGINEERING,C14,2026-09-27,13:51,15:08,77,BLK-02279,APPROVED
REQ-002362,MT-001753,ENGINEERING,C15,2026-09-08,06:45,08:16,91,BLK-01296,APPROVED
REQ-002363,MT-004516,ENGINEERING,C10,2026-09-08,13:33,15:43,130,BLK-00005,APPROVED
REQ-002364,MT-004198,TRD,C05,2026-09-23,02:05,05:29,204,BLK-00317,PENDING
REQ-002365,MT-002133,S&T,C10,2026-09-11,04:41,06:23,102,BLK-00622,PENDING
REQ-002366,MT-001695,TRD,C02,2026-09-20,19:19,20:28,69,BLK-00633,PENDING
REQ-002367,MT-002383,ENGINEERING,C19,2026-09-05,15:02,18:27,205,BLK-01796,APPROVED
REQ-002368,MT-001078,ENGINEERING,C20,2026-09-25,16:33,19:10,157,BLK-01503,APPROVED
REQ-002369,MT-001100,ENGINEERING,C01,2026-09-15,03:31,05:21,110,BLK-01736,REJECTED
REQ-002370,MT-004485,S&T,C02,2026-09-21,01:46,02:43,57,BLK-02016,PENDING
REQ-002371,MT-004244,TRD,C13,2026-09-22,17:56,19:21,85,BLK-01261,PENDING
REQ-002372,MT-001333,ENGINEERING,C15,2026-09-28,04:06,07:01,175,BLK-00171,APPROVED
REQ-002373,MT-002018,ENGINEERING,C06,2026-09-06,05:40,08:13,153,BLK-02593,APPROVED
REQ-002374,MT-002322,S&T,C14,2026-09-07,21:29,23:19,110,BLK-00891,APPROVED
REQ-002375,MT-000681,S&T,C16,2026-09-26,17:22,20:06,164,BLK-00808,REJECTED
REQ-002376,MT-002949,ENGINEERING,C02,2026-09-29,07:59,09:40,101,BLK-00788,APPROVED
REQ-002377,MT-004384,ENGINEERING,C07,2026-09-19,14:49,17:13,144,BLK-00541,APPROVED
REQ-002378,MT-001746,TRD,C09,2026-09-27,07:30,09:42,132,BLK-02527,REJECTED
REQ-002379,MT-004222,S&T,C15,2026-09-17,16:52,19:07,135,BLK-02128,APPROVED
REQ-002380,MT-003304,TRD,C07,2026-09-26,01:09,01:39,30,BLK-01552,APPROVED
REQ-002381,MT-000412,TRD,C16,2026-09-24,02:02,03:14,72,BLK-00325,APPROVED
REQ-002382,MT-002800,S&T,C16,2026-09-29,19:17,21:23,126,BLK-00363,PENDING
REQ-002383,MT-004879,S&T,C04,2026-09-08,11:42,13:30,108,BLK-02787,REJECTED
REQ-002384,MT-000758,S&T,C17,2026-09-16,01:16,03:10,114,BLK-00958,APPROVED
REQ-002385,MT-000409,S&T,C11,2026-09-10,14:24,16:52,148,BLK-01151,APPROVED
REQ-002386,MT-003949,ENGINEERING,C05,2026-09-09,16:13,17:44,91,BLK-02944,PENDING
REQ-002387,MT-001748,TRD,C02,2026-09-24,08:28,10:59,151,BLK-00182,APPROVED
REQ-002388,MT-000698,S&T,C19,2026-09-27,18:16,19:54,98,BLK-02789,PENDING
REQ-002389,MT-001303,ENGINEERING,C02,2026-09-26,10:05,12:20,135,BLK-01178,APPROVED
REQ-002390,MT-004993,ENGINEERING,C13,2026-09-23,16:15,17:54,99,BLK-01185,PENDING
REQ-002391,MT-004970,ENGINEERING,C06,2026-09-15,20:54,22:48,114,BLK-00735,PENDING
REQ-002392,MT-002723,S&T,C01,2026-09-04,15:00,17:03,123,BLK-01399,APPROVED
REQ-002393,MT-002478,TRD,C09,2026-09-27,02:06,03:21,75,BLK-00543,APPROVED
REQ-002394,MT-000593,ENGINEERING,C09,2026-09-06,13:19,14:57,98,BLK-02590,PENDING
REQ-002395,MT-003473,ENGINEERING,C04,2026-09-16,12:47,14:08,81,BLK-02222,PENDING
REQ-002396,MT-001349,S&T,C07,2026-09-18,09:13,11:31,138,BLK-00162,PENDING
REQ-002397,MT-002884,ENGINEERING,C09,2026-09-11,02:57,04:18,81,BLK-01544,REJECTED
REQ-002398,MT-004166,TRD,C16,2026-09-05,15:40,17:11,91,BLK-01766,PENDING
REQ-002399,MT-004346,S&T,C19,2026-09-28,09:49,11:07,78,BLK-02333,PENDING
REQ-002400,MT-002328,TRD,C06,2026-09-24,12:44,14:40,116,BLK-00630,PENDING
REQ-002401,MT-004771,S&T,C18,2026-09-18,18:53,20:23,90,BLK-00441,APPROVED
REQ-002402,MT-003549,TRD,C08,2026-09-29,11:36,12:56,80,BLK-01225,PENDING
REQ-002403,MT-001486,TRD,C14,2026-09-05,18:36,20:42,126,BLK-00361,APPROVED
REQ-002404,MT-002264,S&T,C08,2026-09-22,08:50,10:29,99,BLK-01540,APPROVED
REQ-002405,MT-003140,TRD,C09,2026-09-10,22:45,00:48,123,BLK-02553,PENDING
REQ-002406,MT-001024,TRD,C10,2026-09-24,00:48,02:08,80,BLK-02891,PENDING
REQ-002407,MT-002200,S&T,C17,2026-09-19,09:23,11:31,128,BLK-00011,PENDING
REQ-002408,MT-000635,S&T,C08,2026-09-25,09:32,11:14,102,BLK-00825,PENDING
REQ-002409,MT-002293,ENGINEERING,C01,2026-09-06,03:20,04:39,79,BLK-02926,APPROVED
REQ-002410,MT-001881,S&T,C14,2026-09-21,14:14,15:42,88,BLK-00765,APPROVED
REQ-002411,MT-000786,S&T,C05,2026-09-02,01:47,03:11,84,BLK-02631,APPROVED
REQ-002412,MT-001395,ENGINEERING,C04,2026-09-09,03:47,05:21,94,BLK-01167,APPROVED
REQ-002413,MT-003917,ENGINEERING,C10,2026-09-18,22:11,00:15,124,BLK-00829,PENDING
REQ-002414,MT-004543,TRD,C04,2026-09-05,22:01,22:52,51,BLK-01138,PENDING
REQ-002415,MT-000534,TRD,C16,2026-09-28,21:38,00:18,160,BLK-01421,PENDING
REQ-002416,MT-003925,ENGINEERING,C16,2026-09-27,18:16,20:42,146,BLK-02789,REJECTED
REQ-002417,MT-001619,ENGINEERING,C17,2026-09-16,12:31,13:22,51,BLK-00230,PENDING
REQ-002418,MT-003068,S&T,C15,2026-09-09,16:18,18:35,137,BLK-01945,APPROVED
REQ-002419,MT-000714,S&T,C18,2026-09-26,21:10,23:20,130,BLK-00025,APPROVED
REQ-002420,MT-000577,S&T,C03,2026-09-18,00:59,03:26,147,BLK-02873,PENDING
REQ-002421,MT-001807,TRD,C06,2026-09-04,15:04,17:40,156,BLK-01637,PENDING
REQ-002422,MT-002466,ENGINEERING,C17,2026-09-28,21:30,22:33,63,BLK-02635,APPROVED
REQ-002423,MT-000186,TRD,C11,2026-09-01,08:45,10:41,116,BLK-02995,PENDING
REQ-002424,MT-000791,S&T,C07,2026-09-12,20:10,22:51,161,BLK-01853,REJECTED
REQ-002425,MT-001133,TRD,C16,2026-09-25,19:38,22:11,153,BLK-00964,PENDING
REQ-002426,MT-003157,ENGINEERING,C08,2026-09-11,07:05,08:44,99,BLK-02271,APPROVED
REQ-002427,MT-000823,S&T,C19,2026-09-01,11:00,12:52,112,BLK-01530,APPROVED
REQ-002428,MT-004658,ENGINEERING,C14,2026-09-18,07:31,09:19,108,BLK-02814,PENDING
REQ-002429,MT-003465,S&T,C12,2026-09-27,10:28,12:00,92,BLK-02361,APPROVED
REQ-002430,MT-000747,TRD,C17,2026-09-12,06:09,07:48,99,BLK-01696,APPROVED
REQ-002431,MT-000034,S&T,C08,2026-09-05,01:21,03:49,148,BLK-01841,PENDING
REQ-002432,MT-002805,S&T,C09,2026-09-02,11:48,13:11,83,BLK-01279,APPROVED
REQ-002433,MT-001725,S&T,C01,2026-09-03,11:55,13:25,90,BLK-00937,PENDING
REQ-002434,MT-001387,S&T,C08,2026-09-15,13:18,15:14,116,BLK-00802,APPROVED
REQ-002435,MT-000741,ENGINEERING,C12,2026-09-07,20:31,23:02,151,BLK-01798,APPROVED
REQ-002436,MT-003914,S&T,C04,2026-09-08,07:02,09:17,135,BLK-01426,PENDING
REQ-002437,MT-000293,ENGINEERING,C10,2026-09-28,03:15,04:39,84,BLK-01884,PENDING
REQ-002438,MT-004549,ENGINEERING,C04,2026-09-21,04:32,06:13,101,BLK-00603,PENDING
REQ-002439,MT-004739,S&T,C04,2026-09-26,18:13,19:42,89,BLK-02626,APPROVED
REQ-002440,MT-004882,ENGINEERING,C09,2026-09-17,21:02,22:10,68,BLK-00046,PENDING
REQ-002441,MT-003708,TRD,C09,2026-09-21,04:19,06:15,116,BLK-02419,APPROVED
REQ-002442,MT-001236,S&T,C09,2026-09-07,04:44,05:25,41,BLK-01497,REJECTED
REQ-002443,MT-002509,ENGINEERING,C14,2026-09-15,01:49,03:39,110,BLK-01118,PENDING
REQ-002444,MT-002304,S&T,C15,2026-09-21,17:09,18:40,91,BLK-01220,APPROVED
REQ-002445,MT-001313,TRD,C06,2026-09-06,14:46,16:52,126,BLK-01498,PENDING
REQ-002446,MT-004460,TRD,C09,2026-09-10,16:38,19:18,160,BLK-01346,PENDING
REQ-002447,MT-001468,S&T,C06,2026-09-08,07:56,09:34,98,BLK-01710,APPROVED
REQ-002448,MT-003969,TRD,C10,2026-09-11,19:58,21:06,68,BLK-00532,APPROVED
REQ-002449,MT-004661,S&T,C04,2026-09-09,01:20,03:26,126,BLK-01449,APPROVED
REQ-002450,MT-000135,S&T,C03,2026-09-20,17:28,19:08,100,BLK-00599,REJECTED
REQ-002451,MT-002784,ENGINEERING,C15,2026-09-27,14:06,16:36,150,BLK-02315,PENDING
REQ-002452,MT-002438,TRD,C12,2026-09-02,20:59,22:50,111,BLK-02164,APPROVED
REQ-002453,MT-002789,ENGINEERING,C13,2026-09-12,16:14,17:40,86,BLK-00592,REJECTED
REQ-002454,MT-002422,TRD,C07,2026-09-12,23:24,01:56,152,BLK-02977,APPROVED
REQ-002455,MT-002583,TRD,C15,2026-09-13,12:15,14:42,147,BLK-02933,APPROVED
REQ-002456,MT-003975,S&T,C20,2026-09-17,08:21,09:19,58,BLK-02634,APPROVED
REQ-002457,MT-000346,TRD,C07,2026-09-07,12:59,14:39,100,BLK-00967,PENDING
REQ-002458,MT-004399,TRD,C03,2026-09-05,22:35,01:03,148,BLK-02912,PENDING
REQ-002459,MT-003527,S&T,C18,2026-09-01,20:53,22:54,121,BLK-00413,PENDING
REQ-002460,MT-000975,ENGINEERING,C08,2026-09-22,19:35,22:35,180,BLK-02542,APPROVED
REQ-002461,MT-002377,TRD,C19,2026-09-19,18:39,20:01,82,BLK-01607,PENDING
REQ-002462,MT-003458,ENGINEERING,C02,2026-09-23,04:00,06:14,134,BLK-01933,APPROVED
REQ-002463,MT-000976,ENGINEERING,C14,2026-09-28,05:49,07:08,79,BLK-00827,APPROVED
REQ-002464,MT-000541,S&T,C16,2026-09-30,15:15,16:57,102,BLK-00346,REJECTED
REQ-002465,MT-000936,TRD,C09,2026-09-12,14:48,16:21,93,BLK-01028,APPROVED
REQ-002466,MT-003080,TRD,C03,2026-09-24,01:30,03:28,118,BLK-02636,REJECTED
REQ-002467,MT-003936,TRD,C15,2026-09-28,06:58,09:20,142,BLK-02140,APPROVED
REQ-002468,MT-003034,TRD,C05,2026-09-13,12:02,13:18,76,BLK-02796,APPROVED
REQ-002469,MT-004122,ENGINEERING,C14,2026-09-23,19:53,22:19,146,BLK-00909,PENDING
REQ-002470,MT-001952,S&T,C09,2026-09-11,17:47,20:00,133,BLK-00663,APPROVED
REQ-002471,MT-003269,S&T,C15,2026-09-08,14:33,17:27,174,BLK-00529,PENDING
REQ-002472,MT-002301,ENGINEERING,C10,2026-09-13,21:19,00:03,164,BLK-02439,APPROVED
REQ-002473,MT-003620,TRD,C17,2026-09-03,23:07,00:44,97,BLK-00459,APPROVED
REQ-002474,MT-003421,TRD,C16,2026-09-22,08:07,10:32,145,BLK-01026,PENDING
REQ-002475,MT-001577,S&T,C11,2026-09-17,20:13,21:19,66,BLK-00062,APPROVED
REQ-002476,MT-003962,S&T,C04,2026-09-25,08:41,11:29,168,BLK-00048,PENDING
REQ-002477,MT-001351,ENGINEERING,C18,2026-09-17,00:30,02:00,90,BLK-01384,PENDING
REQ-002478,MT-004839,ENGINEERING,C10,2026-09-02,02:11,04:15,124,BLK-02705,PENDING
REQ-002479,MT-003612,TRD,C12,2026-09-23,05:27,06:06,39,BLK-02835,PENDING
REQ-002480,MT-002826,S&T,C19,2026-09-14,12:31,14:35,124,BLK-00551,PENDING
REQ-002481,MT-002818,TRD,C05,2026-09-28,17:54,21:06,192,BLK-00066,PENDING
REQ-002482,MT-001157,TRD,C15,2026-09-30,03:44,06:01,137,BLK-01567,APPROVED
REQ-002483,MT-002229,ENGINEERING,C07,2026-09-13,01:54,03:41,107,BLK-00040,APPROVED
REQ-002484,MT-004505,ENGINEERING,C01,2026-09-27,12:42,13:54,72,BLK-00426,PENDING
REQ-002485,MT-000545,TRD,C02,2026-09-07,15:08,17:56,168,BLK-01237,PENDING
REQ-002486,MT-004129,ENGINEERING,C06,2026-09-25,10:07,13:02,175,BLK-01004,PENDING
REQ-002487,MT-000353,S&T,C15,2026-09-05,13:55,15:05,70,BLK-02392,PENDING
REQ-002488,MT-004032,ENGINEERING,C08,2026-09-01,21:07,22:54,107,BLK-00499,REJECTED
REQ-002489,MT-000322,TRD,C17,2026-09-03,03:22,04:31,69,BLK-00141,APPROVED
REQ-002490,MT-000469,ENGINEERING,C01,2026-09-09,19:52,22:41,169,BLK-00506,PENDING
REQ-002491,MT-003931,S&T,C10,2026-09-14,13:04,15:19,135,BLK-01564,APPROVED
REQ-002492,MT-002696,TRD,C01,2026-09-17,10:17,12:01,104,BLK-00151,APPROVED
REQ-002493,MT-002645,S&T,C09,2026-09-21,16:04,18:40,156,BLK-02673,REJECTED
REQ-002494,MT-000820,TRD,C02,2026-09-22,22:28,00:13,105,BLK-00540,REJECTED
REQ-002495,MT-004496,S&T,C17,2026-09-09,17:25,19:32,127,BLK-00451,PENDING
REQ-002496,MT-003856,S&T,C10,2026-09-22,13:32,15:46,134,BLK-01797,PENDING
REQ-002497,MT-004174,TRD,C08,2026-09-06,10:00,12:36,156,BLK-01467,PENDING
REQ-002498,MT-003030,ENGINEERING,C09,2026-09-19,05:24,06:49,85,BLK-01459,APPROVED
REQ-002499,MT-000379,TRD,C02,2026-09-12,06:19,07:02,43,BLK-02385,APPROVED
REQ-002500,MT-004103,ENGINEERING,C04,2026-09-20,02:50,04:28,98,BLK-01585,PENDING
REQ-002501,MT-001095,TRD,C05,2026-09-28,06:48,09:44,176,BLK-02420,REJECTED
REQ-002502,MT-003494,ENGINEERING,C02,2026-09-16,12:24,15:03,159,BLK-02023,PENDING
REQ-002503,MT-004346,S&T,C19,2026-09-04,22:02,23:34,92,BLK-01905,APPROVED
REQ-002504,MT-000574,S&T,C11,2026-09-03,01:40,02:45,65,BLK-01453,PENDING
REQ-002505,MT-002891,S&T,C02,2026-09-16,08:18,10:28,130,BLK-02022,REJECTED
REQ-002506,MT-003910,ENGINEERING,C20,2026-09-08,17:19,18:56,97,BLK-01240,PENDING
REQ-002507,MT-000536,TRD,C01,2026-09-23,08:43,10:35,112,BLK-00736,APPROVED
REQ-002508,MT-000180,TRD,C10,2026-09-04,21:35,00:01,146,BLK-02647,PENDING
REQ-002509,MT-004216,S&T,C09,2026-09-13,07:46,08:44,58,BLK-02605,PENDING
REQ-002510,MT-001541,TRD,C13,2026-09-06,17:04,19:54,170,BLK-02143,APPROVED
REQ-002511,MT-001539,TRD,C16,2026-09-24,02:02,04:58,176,BLK-00325,APPROVED
REQ-002512,MT-000586,S&T,C13,2026-09-22,16:12,17:25,73,BLK-00970,APPROVED
REQ-002513,MT-002366,S&T,C03,2026-09-11,13:59,15:30,91,BLK-02453,REJECTED
REQ-002514,MT-000409,S&T,C11,2026-09-17,21:40,23:50,130,BLK-02869,PENDING
REQ-002515,MT-001336,ENGINEERING,C05,2026-09-26,10:18,12:06,108,BLK-00673,REJECTED
REQ-002516,MT-004141,TRD,C18,2026-09-04,23:28,01:48,140,BLK-01089,PENDING
REQ-002517,MT-004594,ENGINEERING,C12,2026-09-28,06:23,08:44,141,BLK-02394,APPROVED
REQ-002518,MT-003592,TRD,C09,2026-09-04,20:57,23:19,142,BLK-00294,PENDING
REQ-002519,MT-000283,TRD,C01,2026-09-13,23:23,00:50,87,BLK-00895,PENDING
REQ-002520,MT-004193,S&T,C16,2026-09-17,16:51,18:15,84,BLK-01927,PENDING
REQ-002521,MT-004833,S&T,C20,2026-09-03,20:49,23:31,162,BLK-00467,PENDING
REQ-002522,MT-000149,TRD,C12,2026-09-24,17:01,20:12,191,BLK-01641,APPROVED
REQ-002523,MT-001049,TRD,C04,2026-09-28,21:55,23:24,89,BLK-01495,REJECTED
REQ-002524,MT-004593,ENGINEERING,C12,2026-09-04,14:50,17:01,131,BLK-00332,APPROVED
REQ-002525,MT-000002,TRD,C10,2026-09-14,23:31,02:23,172,BLK-00161,REJECTED
REQ-002526,MT-004807,TRD,C08,2026-09-08,11:30,13:57,147,BLK-02221,PENDING
REQ-002527,MT-004213,TRD,C09,2026-09-13,13:23,15:47,144,BLK-00149,APPROVED
REQ-002528,MT-004105,ENGINEERING,C19,2026-09-24,03:49,06:34,165,BLK-00126,PENDING
REQ-002529,MT-002474,S&T,C11,2026-09-25,09:18,11:09,111,BLK-01485,PENDING
REQ-002530,MT-004315,TRD,C07,2026-09-17,07:53,10:01,128,BLK-02997,APPROVED
REQ-002531,MT-001488,S&T,C03,2026-09-11,09:41,10:44,63,BLK-01832,PENDING
REQ-002532,MT-002345,TRD,C04,2026-09-25,19:20,21:44,144,BLK-00932,PENDING
REQ-002533,MT-000171,TRD,C13,2026-09-12,02:40,04:15,95,BLK-01139,APPROVED
REQ-002534,MT-001952,S&T,C09,2026-09-14,10:13,12:15,122,BLK-01230,REJECTED
REQ-002535,MT-000878,S&T,C09,2026-09-15,13:47,15:20,93,BLK-00278,APPROVED
REQ-002536,MT-003960,ENGINEERING,C08,2026-09-21,19:54,22:44,170,BLK-02069,PENDING
REQ-002537,MT-003915,ENGINEERING,C20,2026-09-28,21:38,22:35,57,BLK-01421,APPROVED
REQ-002538,MT-002673,TRD,C12,2026-09-02,09:46,11:55,129,BLK-02335,REJECTED
REQ-002539,MT-000879,S&T,C07,2026-09-13,22:55,01:51,176,BLK-00521,PENDING
REQ-002540,MT-000811,TRD,C13,2026-09-12,20:20,21:43,83,BLK-01774,PENDING
REQ-002541,MT-002509,ENGINEERING,C14,2026-09-15,05:53,07:34,101,BLK-01802,REJECTED
REQ-002542,MT-003351,ENGINEERING,C06,2026-09-09,03:47,07:23,216,BLK-01167,APPROVED
REQ-002543,MT-001526,TRD,C19,2026-09-17,09:33,11:05,92,BLK-02629,APPROVED
REQ-002544,MT-002036,S&T,C01,2026-09-30,18:23,20:02,99,BLK-01363,PENDING
REQ-002545,MT-004744,ENGINEERING,C10,2026-09-27,14:06,17:08,182,BLK-01803,REJECTED
REQ-002546,MT-004140,S&T,C19,2026-09-23,17:47,19:07,80,BLK-01080,APPROVED
REQ-002547,MT-001584,TRD,C13,2026-09-13,03:24,06:22,178,BLK-02822,PENDING
REQ-002548,MT-003416,S&T,C17,2026-09-05,11:07,14:01,174,BLK-00562,PENDING
REQ-002549,MT-004707,ENGINEERING,C15,2026-09-23,01:45,04:00,135,BLK-02009,APPROVED
REQ-002550,MT-001618,S&T,C06,2026-09-23,03:35,05:20,105,BLK-02915,PENDING
REQ-002551,MT-002076,ENGINEERING,C09,2026-09-12,14:57,15:53,56,BLK-00737,APPROVED
REQ-002552,MT-000571,TRD,C10,2026-09-24,12:21,14:54,153,BLK-00067,APPROVED
REQ-002553,MT-004958,ENGINEERING,C10,2026-09-17,20:14,22:06,112,BLK-00645,PENDING
REQ-002554,MT-004287,S&T,C18,2026-09-26,08:02,10:15,133,BLK-01958,PENDING
REQ-002555,MT-002139,S&T,C15,2026-09-23,10:40,13:04,144,BLK-02058,PENDING
REQ-002556,MT-000465,ENGINEERING,C03,2026-09-15,07:14,10:16,182,BLK-02978,REJECTED
REQ-002557,MT-002459,S&T,C06,2026-09-13,07:36,09:43,127,BLK-01587,APPROVED
REQ-002558,MT-000759,TRD,C12,2026-09-07,16:37,18:18,101,BLK-02166,PENDING
REQ-002559,MT-000669,ENGINEERING,C03,2026-09-04,12:05,14:18,133,BLK-00621,APPROVED
REQ-002560,MT-001472,ENGINEERING,C05,2026-09-26,10:38,12:28,110,BLK-00518,APPROVED
REQ-002561,MT-002822,ENGINEERING,C04,2026-09-07,06:33,07:51,78,BLK-00616,PENDING
REQ-002562,MT-001162,TRD,C08,2026-09-14,10:13,12:23,130,BLK-01230,PENDING
REQ-002563,MT-000350,TRD,C17,2026-09-18,17:34,20:36,182,BLK-02065,PENDING
REQ-002564,MT-003427,S&T,C19,2026-09-07,07:56,10:24,148,BLK-01431,PENDING
REQ-002565,MT-002014,TRD,C11,2026-09-13,18:44,20:40,116,BLK-00509,APPROVED
REQ-002566,MT-003491,ENGINEERING,C12,2026-09-24,06:21,07:30,69,BLK-02434,PENDING
REQ-002567,MT-000990,TRD,C04,2026-09-15,17:25,20:33,188,BLK-01238,APPROVED
REQ-002568,MT-000194,S&T,C06,2026-09-09,07:36,09:40,124,BLK-01604,PENDING
REQ-002569,MT-004221,ENGINEERING,C13,2026-09-15,01:49,04:16,147,BLK-01118,REJECTED
REQ-002570,MT-000190,ENGINEERING,C09,2026-09-14,23:41,02:27,166,BLK-01950,APPROVED
REQ-002571,MT-002503,TRD,C16,2026-09-26,01:41,04:10,149,BLK-02756,REJECTED
REQ-002572,MT-000085,S&T,C10,2026-09-15,14:19,15:54,95,BLK-00887,APPROVED
REQ-002573,MT-002177,TRD,C09,2026-09-28,05:41,06:31,50,BLK-02880,APPROVED
REQ-002574,MT-003857,S&T,C06,2026-09-04,15:00,16:44,104,BLK-01399,REJECTED
REQ-002575,MT-003808,TRD,C18,2026-09-12,22:51,00:45,114,BLK-00434,APPROVED
REQ-002576,MT-002853,S&T,C15,2026-09-08,02:47,04:37,110,BLK-00865,PENDING
REQ-002577,MT-004243,S&T,C05,2026-09-28,10:08,11:41,93,BLK-02047,PENDING
REQ-002578,MT-000215,ENGINEERING,C18,2026-09-06,07:35,08:48,73,BLK-02613,PENDING
REQ-002579,MT-000821,TRD,C17,2026-09-12,23:46,02:33,167,BLK-00206,APPROVED
REQ-002580,MT-002582,TRD,C12,2026-09-18,14:58,17:08,130,BLK-01191,APPROVED
REQ-002581,MT-002851,TRD,C13,2026-09-14,09:06,11:04,118,BLK-00966,APPROVED
REQ-002582,MT-002705,ENGINEERING,C05,2026-09-07,06:33,07:22,49,BLK-00616,PENDING
REQ-002583,MT-001919,ENGINEERING,C06,2026-09-03,19:54,22:20,146,BLK-02953,PENDING
REQ-002584,MT-003139,S&T,C08,2026-09-24,15:09,18:12,183,BLK-00279,APPROVED
REQ-002585,MT-000536,TRD,C01,2026-09-27,14:13,16:44,151,BLK-01125,APPROVED
REQ-002586,MT-001178,TRD,C20,2026-09-06,15:52,17:41,109,BLK-01222,PENDING
REQ-002587,MT-003641,ENGINEERING,C19,2026-09-27,21:33,22:50,77,BLK-00266,PENDING
REQ-002588,MT-001717,TRD,C08,2026-09-05,04:50,06:01,71,BLK-02591,PENDING
REQ-002589,MT-003542,S&T,C12,2026-09-21,22:17,23:30,73,BLK-00724,REJECTED
REQ-002590,MT-003772,TRD,C11,2026-09-05,03:23,05:12,109,BLK-02334,REJECTED
REQ-002591,MT-004348,S&T,C10,2026-09-25,17:19,18:54,95,BLK-00204,PENDING
REQ-002592,MT-001761,TRD,C09,2026-09-12,15:27,17:20,113,BLK-02597,PENDING
REQ-002593,MT-000597,S&T,C11,2026-09-21,19:46,22:01,135,BLK-01615,APPROVED
REQ-002594,MT-003389,S&T,C01,2026-09-08,00:29,03:00,151,BLK-00627,REJECTED
REQ-002595,MT-004280,S&T,C08,2026-09-27,02:06,03:28,82,BLK-00543,APPROVED
REQ-002596,MT-004221,ENGINEERING,C13,2026-09-01,19:17,21:19,122,BLK-00951,PENDING
REQ-002597,MT-000986,TRD,C20,2026-09-28,13:46,16:19,153,BLK-01909,PENDING
REQ-002598,MT-000107,ENGINEERING,C07,2026-09-08,07:24,10:19,175,BLK-01745,PENDING
REQ-002599,MT-001374,ENGINEERING,C15,2026-09-22,21:11,00:08,177,BLK-01581,REJECTED
REQ-002600,MT-000866,ENGINEERING,C10,2026-09-09,10:52,13:32,160,BLK-00340,APPROVED
REQ-002601,MT-003459,S&T,C15,2026-09-12,07:52,09:35,103,BLK-02925,PENDING
REQ-002602,MT-003648,S&T,C17,2026-09-19,21:50,23:29,99,BLK-02604,PENDING
REQ-002603,MT-001611,S&T,C15,2026-09-13,09:33,12:10,157,BLK-01274,APPROVED
REQ-002604,MT-002793,TRD,C06,2026-09-17,10:17,12:12,115,BLK-00151,APPROVED
REQ-002605,MT-002968,ENGINEERING,C04,2026-09-23,00:59,03:29,150,BLK-01035,PENDING
REQ-002606,MT-002696,TRD,C01,2026-09-08,16:09,17:56,107,BLK-02568,PENDING
REQ-002607,MT-002304,S&T,C15,2026-09-30,19:43,21:24,101,BLK-02268,PENDING
REQ-002608,MT-001465,S&T,C11,2026-09-03,20:49,23:35,166,BLK-00467,PENDING
REQ-002609,MT-001050,ENGINEERING,C15,2026-09-09,02:17,05:07,170,BLK-02957,PENDING
REQ-002610,MT-001025,S&T,C16,2026-09-26,19:52,21:59,127,BLK-01680,APPROVED
REQ-002611,MT-004077,ENGINEERING,C04,2026-09-28,03:04,05:28,144,BLK-02277,APPROVED
REQ-002612,MT-001246,ENGINEERING,C08,2026-09-27,10:45,13:04,139,BLK-00242,PENDING
REQ-002613,MT-000519,ENGINEERING,C09,2026-09-03,01:17,02:52,95,BLK-00840,PENDING
REQ-002614,MT-001517,TRD,C04,2026-09-10,00:04,01:03,59,BLK-00674,APPROVED
REQ-002615,MT-003438,TRD,C19,2026-09-17,22:26,00:06,100,BLK-02534,APPROVED
REQ-002616,MT-000951,TRD,C08,2026-09-18,03:10,05:36,146,BLK-00090,PENDING
REQ-002617,MT-002071,ENGINEERING,C18,2026-09-22,21:54,00:28,154,BLK-00009,APPROVED
REQ-002618,MT-001855,S&T,C11,2026-09-17,16:52,18:17,85,BLK-02088,APPROVED
REQ-002619,MT-004394,TRD,C07,2026-09-22,22:52,02:06,194,BLK-02495,PENDING
REQ-002620,MT-001695,TRD,C02,2026-09-13,01:40,02:38,58,BLK-01209,APPROVED
REQ-002621,MT-003629,ENGINEERING,C09,2026-09-16,04:39,06:19,100,BLK-01519,REJECTED
REQ-002622,MT-001761,TRD,C09,2026-09-24,21:09,23:17,128,BLK-01428,REJECTED
REQ-002623,MT-002507,TRD,C16,2026-09-03,10:55,13:04,129,BLK-00014,APPROVED
REQ-002624,MT-000933,ENGINEERING,C04,2026-09-24,03:49,05:33,104,BLK-00126,PENDING
REQ-002625,MT-002234,ENGINEERING,C13,2026-09-06,08:34,10:56,142,BLK-00406,PENDING
REQ-002626,MT-004951,TRD,C03,2026-09-22,22:28,01:35,187,BLK-00540,REJECTED
REQ-002627,MT-004975,S&T,C05,2026-09-28,07:08,08:13,65,BLK-00537,PENDING
REQ-002628,MT-000119,TRD,C10,2026-09-21,13:21,14:19,58,BLK-00385,APPROVED
REQ-002629,MT-002066,S&T,C04,2026-09-13,05:28,07:10,102,BLK-00454,PENDING
REQ-002630,MT-002216,TRD,C04,2026-09-09,16:13,18:13,120,BLK-02944,PENDING
REQ-002631,MT-000209,S&T,C04,2026-09-22,22:52,00:20,88,BLK-02495,APPROVED
REQ-002632,MT-001090,TRD,C15,2026-09-19,08:09,09:58,109,BLK-01372,APPROVED
REQ-002633,MT-001814,S&T,C09,2026-09-26,18:11,19:33,82,BLK-00647,PENDING
REQ-002634,MT-003419,ENGINEERING,C16,2026-09-24,18:53,21:37,164,BLK-00795,PENDING
REQ-002635,MT-002654,ENGINEERING,C16,2026-09-08,00:23,02:41,138,BLK-01910,REJECTED
REQ-002636,MT-003665,TRD,C09,2026-09-09,03:47,05:34,107,BLK-01167,REJECTED
REQ-002637,MT-000953,S&T,C15,2026-09-12,01:35,03:32,117,BLK-01963,PENDING
REQ-002638,MT-002851,TRD,C13,2026-09-23,02:33,04:16,103,BLK-02707,REJECTED
REQ-002639,MT-004822,ENGINEERING,C11,2026-09-13,13:06,15:32,146,BLK-01720,APPROVED
REQ-002640,MT-004017,TRD,C16,2026-09-27,02:06,04:44,158,BLK-00543,APPROVED
REQ-002641,MT-002547,S&T,C19,2026-09-23,03:35,06:05,150,BLK-02447,REJECTED
REQ-002642,MT-003260,ENGINEERING,C20,2026-09-24,18:53,22:02,189,BLK-00795,PENDING
REQ-002643,MT-004736,ENGINEERING,C10,2026-09-27,05:49,07:48,119,BLK-01553,PENDING
REQ-002644,MT-002969,ENGINEERING,C07,2026-09-05,08:31,10:21,110,BLK-01656,PENDING
REQ-002645,MT-000590,ENGINEERING,C18,2026-09-12,04:14,06:37,143,BLK-00522,PENDING
REQ-002646,MT-002004,ENGINEERING,C18,2026-09-17,10:17,13:36,199,BLK-02089,APPROVED
REQ-002647,MT-003659,S&T,C08,2026-09-16,20:36,22:57,141,BLK-00064,APPROVED
REQ-002648,MT-004221,ENGINEERING,C13,2026-09-29,13:14,15:13,119,BLK-01877,REJECTED
REQ-002649,MT-002409,TRD,C03,2026-09-19,11:22,14:02,160,BLK-01201,APPROVED
REQ-002650,MT-001701,TRD,C17,2026-09-25,17:05,18:56,111,BLK-01942,REJECTED
REQ-002651,MT-000977,ENGINEERING,C08,2026-09-27,07:30,10:18,168,BLK-02527,REJECTED
REQ-002652,MT-002710,ENGINEERING,C16,2026-09-13,14:17,16:52,155,BLK-02535,PENDING
REQ-002653,MT-001051,S&T,C17,2026-09-17,07:11,08:25,74,BLK-01814,PENDING
REQ-002654,MT-001745,S&T,C19,2026-09-23,06:37,08:15,98,BLK-00969,PENDING
REQ-002655,MT-000778,S&T,C09,2026-09-03,07:59,10:39,160,BLK-02677,PENDING
REQ-002656,MT-004994,ENGINEERING,C16,2026-09-29,19:44,21:54,130,BLK-02896,PENDING
REQ-002657,MT-002761,TRD,C01,2026-09-14,20:49,23:37,168,BLK-02440,PENDING
REQ-002658,MT-004898,ENGINEERING,C12,2026-09-13,11:48,14:02,134,BLK-01056,APPROVED
REQ-002659,MT-000945,S&T,C09,2026-09-06,17:04,17:51,47,BLK-02153,PENDING
REQ-002660,MT-004084,ENGINEERING,C09,2026-09-16,11:16,13:09,113,BLK-00004,PENDING
REQ-002661,MT-001586,ENGINEERING,C10,2026-09-14,03:52,05:06,74,BLK-00460,REJECTED
REQ-002662,MT-000451,S&T,C17,2026-09-11,09:22,11:19,117,BLK-01951,REJECTED
REQ-002663,MT-002127,TRD,C11,2026-09-07,17:56,19:25,89,BLK-00989,APPROVED
REQ-002664,MT-001271,ENGINEERING,C15,2026-09-28,19:58,20:45,47,BLK-00338,PENDING
REQ-002665,MT-003127,TRD,C08,2026-09-20,23:00,01:10,130,BLK-02123,APPROVED
REQ-002666,MT-004570,ENGINEERING,C13,2026-09-20,20:57,22:46,109,BLK-01285,PENDING
REQ-002667,MT-000645,ENGINEERING,C03,2026-09-19,07:30,09:42,132,BLK-01464,APPROVED
REQ-002668,MT-003563,TRD,C13,2026-09-10,17:34,20:11,157,BLK-00053,PENDING
REQ-002669,MT-000065,ENGINEERING,C05,2026-09-04,23:22,02:11,169,BLK-01819,REJECTED
REQ-002670,MT-001845,S&T,C13,2026-09-28,06:26,08:20,114,BLK-02847,PENDING
REQ-002671,MT-001394,TRD,C09,2026-09-10,17:01,18:21,80,BLK-02694,REJECTED
REQ-002672,MT-002518,TRD,C04,2026-09-01,16:00,19:21,201,BLK-01650,APPROVED
REQ-002673,MT-003988,S&T,C20,2026-09-19,14:38,16:15,97,BLK-00108,PENDING
REQ-002674,MT-002512,TRD,C02,2026-09-24,05:57,06:59,62,BLK-01071,APPROVED
REQ-002675,MT-002143,TRD,C13,2026-09-06,04:45,06:08,83,BLK-02182,APPROVED
REQ-002676,MT-003945,S&T,C15,2026-09-21,13:20,15:30,130,BLK-02643,APPROVED
REQ-002677,MT-003319,TRD,C08,2026-09-12,14:25,17:04,159,BLK-00770,REJECTED
REQ-002678,MT-000735,TRD,C09,2026-09-25,03:36,05:04,88,BLK-01573,APPROVED
REQ-002679,MT-000229,ENGINEERING,C02,2026-09-27,14:06,16:14,128,BLK-01803,APPROVED
REQ-002680,MT-003304,TRD,C07,2026-09-07,11:30,12:18,48,BLK-00158,APPROVED
REQ-002681,MT-002899,TRD,C12,2026-09-06,05:38,08:54,196,BLK-02342,PENDING
REQ-002682,MT-004198,TRD,C05,2026-09-28,19:43,23:06,203,BLK-02073,REJECTED
REQ-002683,MT-004885,ENGINEERING,C05,2026-09-11,00:01,01:28,87,BLK-01869,APPROVED
REQ-002684,MT-004139,S&T,C20,2026-09-03,04:02,05:56,114,BLK-00847,REJECTED
REQ-002685,MT-002270,TRD,C15,2026-09-30,22:33,23:46,73,BLK-02161,PENDING
REQ-002686,MT-001418,S&T,C14,2026-09-16,18:32,20:24,112,BLK-00267,PENDING
REQ-002687,MT-003972,ENGINEERING,C08,2026-09-15,12:58,14:32,94,BLK-01915,PENDING
REQ-002688,MT-004503,ENGINEERING,C14,2026-09-20,22:30,00:52,142,BLK-00188,PENDING
REQ-002689,MT-003312,S&T,C18,2026-09-29,04:03,05:32,89,BLK-02748,APPROVED
REQ-002690,MT-002779,TRD,C01,2026-09-26,13:55,15:48,113,BLK-00806,PENDING
REQ-002691,MT-001787,ENGINEERING,C04,2026-09-26,15:14,17:59,165,BLK-01487,PENDING
REQ-002692,MT-003802,TRD,C19,2026-09-07,18:38,20:14,96,BLK-02360,APPROVED
REQ-002693,MT-004751,ENGINEERING,C17,2026-09-27,03:45,05:23,98,BLK-01174,PENDING
REQ-002694,MT-002370,TRD,C08,2026-09-11,19:58,21:10,72,BLK-00532,PENDING
REQ-002695,MT-004152,ENGINEERING,C18,2026-09-08,18:34,20:20,106,BLK-01831,APPROVED
REQ-002696,MT-003580,ENGINEERING,C13,2026-09-07,03:51,05:55,124,BLK-01297,PENDING
REQ-002697,MT-004417,ENGINEERING,C15,2026-09-04,21:28,23:40,132,BLK-01790,APPROVED
REQ-002698,MT-004685,S&T,C04,2026-09-14,04:44,06:19,95,BLK-00668,PENDING
REQ-002699,MT-004398,S&T,C11,2026-09-09,06:19,08:00,101,BLK-02497,PENDING
REQ-002700,MT-003101,ENGINEERING,C13,2026-09-22,04:15,05:57,102,BLK-00610,REJECTED
REQ-002701,MT-002411,TRD,C01,2026-09-15,23:17,01:12,115,BLK-02227,PENDING
REQ-002702,MT-001658,TRD,C12,2026-09-01,03:39,05:40,121,BLK-00746,PENDING
REQ-002703,MT-000323,TRD,C12,2026-09-22,05:40,07:07,87,BLK-02085,APPROVED
REQ-002704,MT-003413,TRD,C13,2026-09-28,19:50,21:31,101,BLK-02920,PENDING
REQ-002705,MT-001705,S&T,C11,2026-09-28,21:55,22:57,62,BLK-01495,APPROVED
REQ-002706,MT-000197,S&T,C20,2026-09-09,19:16,21:18,122,BLK-01646,PENDING
REQ-002707,MT-003817,ENGINEERING,C03,2026-09-08,05:40,07:35,115,BLK-01991,APPROVED
REQ-002708,MT-000088,TRD,C15,2026-09-08,13:45,16:05,140,BLK-02993,PENDING
REQ-002709,MT-000982,S&T,C18,2026-09-20,01:37,03:47,130,BLK-00523,APPROVED
REQ-002710,MT-004160,S&T,C11,2026-09-19,02:18,04:22,124,BLK-02078,APPROVED
REQ-002711,MT-004691,TRD,C13,2026-09-11,11:26,13:12,106,BLK-01657,PENDING
REQ-002712,MT-004885,ENGINEERING,C05,2026-09-13,18:27,19:43,76,BLK-00514,APPROVED
REQ-002713,MT-000936,TRD,C09,2026-09-02,12:15,13:43,88,BLK-01206,REJECTED
REQ-002714,MT-000176,ENGINEERING,C17,2026-09-15,02:22,04:19,117,BLK-00377,APPROVED
REQ-002715,MT-000269,S&T,C17,2026-09-23,08:43,11:16,153,BLK-00736,APPROVED
REQ-002716,MT-002847,S&T,C11,2026-09-14,09:50,12:00,130,BLK-02924,PENDING
REQ-002717,MT-000085,S&T,C10,2026-09-30,15:15,16:50,95,BLK-00346,APPROVED
REQ-002718,MT-001225,S&T,C11,2026-09-11,06:58,08:55,117,BLK-00643,APPROVED
REQ-002719,MT-004531,TRD,C17,2026-09-25,00:46,02:31,105,BLK-02478,APPROVED
REQ-002720,MT-003849,TRD,C19,2026-09-24,20:32,22:33,121,BLK-00961,APPROVED
REQ-002721,MT-004771,S&T,C18,2026-09-29,01:04,02:41,97,BLK-02544,APPROVED
REQ-002722,MT-003730,TRD,C07,2026-09-30,18:13,20:27,134,BLK-00844,APPROVED
REQ-002723,MT-002499,ENGINEERING,C09,2026-09-04,12:57,15:51,174,BLK-02308,REJECTED
REQ-002724,MT-001363,TRD,C05,2026-09-28,09:21,10:45,84,BLK-01941,APPROVED
REQ-002725,MT-001546,ENGINEERING,C18,2026-09-10,12:59,15:34,155,BLK-02875,REJECTED
REQ-002726,MT-001272,TRD,C12,2026-09-01,08:15,10:16,121,BLK-01003,APPROVED
REQ-002727,MT-002475,ENGINEERING,C19,2026-09-09,09:15,12:26,191,BLK-01610,PENDING
REQ-002728,MT-000027,TRD,C17,2026-09-20,12:48,14:43,115,BLK-02194,APPROVED
REQ-002729,MT-003162,TRD,C03,2026-09-25,13:25,14:44,79,BLK-00295,APPROVED
REQ-002730,MT-004865,S&T,C04,2026-09-03,06:09,07:40,91,BLK-00050,APPROVED
REQ-002731,MT-000826,TRD,C02,2026-09-08,13:45,15:24,99,BLK-02993,PENDING
REQ-002732,MT-004212,S&T,C05,2026-09-19,19:28,19:59,31,BLK-01548,REJECTED
REQ-002733,MT-002946,ENGINEERING,C01,2026-09-27,13:20,15:47,147,BLK-01463,REJECTED
REQ-002734,MT-001973,TRD,C15,2026-09-02,00:14,01:44,90,BLK-00055,PENDING
REQ-002735,MT-001373,S&T,C15,2026-09-20,17:42,19:32,110,BLK-01101,APPROVED
REQ-002736,MT-004786,TRD,C16,2026-09-11,11:42,15:10,208,BLK-01307,PENDING
REQ-002737,MT-002610,TRD,C10,2026-09-22,08:26,11:33,187,BLK-02446,APPROVED
REQ-002738,MT-002992,S&T,C08,2026-09-04,16:07,18:13,126,BLK-01477,APPROVED
REQ-002739,MT-001854,TRD,C16,2026-09-30,10:36,13:28,172,BLK-00996,PENDING
REQ-002740,MT-004327,ENGINEERING,C11,2026-09-22,04:32,08:24,232,BLK-02038,APPROVED
REQ-002741,MT-001617,TRD,C10,2026-09-17,18:38,20:21,103,BLK-00469,PENDING
REQ-002742,MT-002258,ENGINEERING,C10,2026-09-13,21:19,23:07,108,BLK-02439,PENDING
REQ-002743,MT-001076,ENGINEERING,C01,2026-09-29,11:36,14:25,169,BLK-01225,REJECTED
REQ-002744,MT-002344,TRD,C01,2026-09-24,18:19,20:52,153,BLK-00985,APPROVED
REQ-002745,MT-000140,S&T,C01,2026-09-23,05:11,08:11,180,BLK-01840,APPROVED
REQ-002746,MT-004382,S&T,C11,2026-09-15,18:20,20:19,119,BLK-02861,PENDING
REQ-002747,MT-003001,ENGINEERING,C16,2026-09-01,19:42,21:28,106,BLK-02466,PENDING
REQ-002748,MT-001885,S&T,C04,2026-09-07,18:33,19:40,67,BLK-02197,APPROVED
REQ-002749,MT-004832,S&T,C13,2026-09-28,10:16,11:55,99,BLK-02728,REJECTED
REQ-002750,MT-004540,TRD,C13,2026-09-16,12:10,13:54,104,BLK-01682,PENDING
REQ-002751,MT-002649,ENGINEERING,C01,2026-09-29,19:24,22:04,160,BLK-00285,PENDING
REQ-002752,MT-001067,ENGINEERING,C04,2026-09-20,21:11,23:06,115,BLK-00116,PENDING
REQ-002753,MT-004645,S&T,C05,2026-09-06,13:19,14:49,90,BLK-02590,REJECTED
REQ-002754,MT-003982,ENGINEERING,C17,2026-09-16,10:45,13:04,139,BLK-02531,APPROVED
REQ-002755,MT-004232,TRD,C16,2026-09-15,20:00,21:36,96,BLK-01509,REJECTED
REQ-002756,MT-000416,TRD,C09,2026-09-11,06:58,07:40,42,BLK-00643,PENDING
REQ-002757,MT-004941,TRD,C14,2026-09-28,04:06,06:04,118,BLK-00171,REJECTED
REQ-002758,MT-001982,S&T,C15,2026-09-08,17:40,19:43,123,BLK-02506,PENDING
REQ-002759,MT-002521,S&T,C15,2026-09-16,20:06,22:08,122,BLK-01629,PENDING
REQ-002760,MT-000375,S&T,C11,2026-09-05,07:49,08:28,39,BLK-02868,APPROVED
REQ-002761,MT-000302,S&T,C15,2026-09-19,16:42,17:49,67,BLK-02415,APPROVED
REQ-002762,MT-003454,TRD,C09,2026-09-09,01:59,04:47,168,BLK-00834,APPROVED
REQ-002763,MT-001137,ENGINEERING,C16,2026-09-13,09:32,12:13,161,BLK-01304,REJECTED
REQ-002764,MT-004531,TRD,C17,2026-09-19,09:23,11:09,106,BLK-00011,PENDING
REQ-002765,MT-004901,ENGINEERING,C02,2026-09-30,02:14,03:27,73,BLK-02224,PENDING
REQ-002766,MT-001640,ENGINEERING,C07,2026-09-26,17:58,19:53,115,BLK-01175,PENDING
REQ-002767,MT-003818,ENGINEERING,C01,2026-09-10,11:56,13:08,72,BLK-01669,APPROVED
REQ-002768,MT-004080,S&T,C01,2026-09-19,23:23,00:47,84,BLK-01577,APPROVED
REQ-002769,MT-002439,TRD,C19,2026-09-03,15:28,18:18,170,BLK-00687,APPROVED
REQ-002770,MT-004271,TRD,C19,2026-09-22,04:32,05:57,85,BLK-02038,PENDING
REQ-002771,MT-004531,TRD,C17,2026-09-16,19:08,20:16,68,BLK-01892,PENDING
REQ-002772,MT-004132,S&T,C14,2026-09-17,10:55,11:50,55,BLK-02231,PENDING
REQ-002773,MT-002260,TRD,C09,2026-09-07,10:32,12:03,91,BLK-00416,PENDING
REQ-002774,MT-001701,TRD,C17,2026-09-23,17:25,19:16,111,BLK-02838,PENDING
REQ-002775,MT-002957,ENGINEERING,C13,2026-09-22,10:03,12:44,161,BLK-00911,APPROVED
REQ-002776,MT-004897,ENGINEERING,C02,2026-09-27,14:06,15:54,108,BLK-02315,PENDING
REQ-002777,MT-003624,TRD,C10,2026-09-25,14:03,17:24,201,BLK-02979,PENDING
REQ-002778,MT-001934,TRD,C20,2026-09-22,06:46,09:03,137,BLK-01857,PENDING
REQ-002779,MT-003945,S&T,C15,2026-09-04,23:28,01:42,134,BLK-01089,REJECTED
REQ-002780,MT-003483,ENGINEERING,C02,2026-09-29,13:14,15:14,120,BLK-01877,APPROVED
REQ-002781,MT-002834,TRD,C12,2026-09-16,23:31,02:08,157,BLK-00492,REJECTED
REQ-002782,MT-003670,TRD,C04,2026-09-15,02:22,04:03,101,BLK-00377,APPROVED
REQ-002783,MT-002166,ENGINEERING,C11,2026-09-10,02:08,03:52,104,BLK-00184,APPROVED
REQ-002784,MT-002580,TRD,C02,2026-09-23,08:15,09:57,102,BLK-00676,PENDING
REQ-002785,MT-000247,TRD,C09,2026-09-09,22:47,01:11,144,BLK-02603,APPROVED
REQ-002786,MT-002116,ENGINEERING,C03,2026-09-17,09:31,11:39,128,BLK-01140,PENDING
REQ-002787,MT-000606,ENGINEERING,C16,2026-09-23,09:59,11:37,98,BLK-02884,APPROVED
REQ-002788,MT-002858,TRD,C12,2026-09-29,07:14,08:38,84,BLK-00722,PENDING
REQ-002789,MT-000627,TRD,C16,2026-09-07,12:36,14:21,105,BLK-02061,REJECTED
REQ-002790,MT-003564,ENGINEERING,C04,2026-09-17,06:31,08:10,99,BLK-02195,APPROVED
REQ-002791,MT-001763,ENGINEERING,C01,2026-09-21,04:32,05:43,71,BLK-00603,APPROVED
REQ-002792,MT-003987,S&T,C09,2026-09-05,04:32,06:28,116,BLK-02286,APPROVED
REQ-002793,MT-000966,S&T,C18,2026-09-30,14:35,15:39,64,BLK-02736,PENDING
REQ-002794,MT-003157,ENGINEERING,C08,2026-09-13,09:32,10:53,81,BLK-01304,APPROVED
REQ-002795,MT-001354,ENGINEERING,C07,2026-09-21,14:48,16:47,119,BLK-01592,APPROVED
REQ-002796,MT-001849,TRD,C09,2026-09-30,06:18,07:51,93,BLK-01000,PENDING
REQ-002797,MT-001137,ENGINEERING,C16,2026-09-12,08:12,11:24,192,BLK-00330,REJECTED
REQ-002798,MT-001983,S&T,C07,2026-09-30,13:30,15:28,118,BLK-00440,PENDING
REQ-002799,MT-004061,TRD,C02,2026-09-20,08:20,10:36,136,BLK-00254,APPROVED
REQ-002800,MT-000508,S&T,C04,2026-09-17,06:31,09:21,170,BLK-02195,REJECTED
REQ-002801,MT-003030,ENGINEERING,C09,2026-09-03,05:59,07:27,88,BLK-02618,APPROVED
REQ-002802,MT-003430,S&T,C19,2026-09-25,11:33,13:38,125,BLK-01263,REJECTED
REQ-002803,MT-003336,ENGINEERING,C14,2026-09-11,10:14,11:57,103,BLK-00169,PENDING
REQ-002804,MT-001282,TRD,C15,2026-09-19,23:23,01:59,156,BLK-01577,REJECTED
REQ-002805,MT-002774,S&T,C05,2026-09-18,05:28,07:30,122,BLK-00468,APPROVED
REQ-002806,MT-004716,ENGINEERING,C05,2026-09-04,21:02,22:05,63,BLK-02066,PENDING
REQ-002807,MT-001323,S&T,C04,2026-09-25,23:00,00:35,95,BLK-00854,REJECTED
REQ-002808,MT-004549,ENGINEERING,C04,2026-09-02,06:02,07:34,92,BLK-02482,PENDING
REQ-002809,MT-002622,ENGINEERING,C15,2026-09-02,12:49,15:24,155,BLK-00144,PENDING
REQ-002810,MT-004576,ENGINEERING,C07,2026-09-03,21:18,22:20,62,BLK-02122,REJECTED
REQ-002811,MT-001219,S&T,C07,2026-09-14,02:47,03:56,69,BLK-00045,APPROVED
REQ-002812,MT-003525,S&T,C04,2026-09-13,05:07,05:53,46,BLK-02963,PENDING
REQ-002813,MT-004705,ENGINEERING,C04,2026-09-18,22:11,00:39,148,BLK-00829,REJECTED
REQ-002814,MT-002103,TRD,C03,2026-09-03,12:44,14:26,102,BLK-01481,PENDING
REQ-002815,MT-000813,ENGINEERING,C05,2026-09-16,20:24,22:07,103,BLK-01546,APPROVED
REQ-002816,MT-000018,ENGINEERING,C10,2026-09-22,08:58,11:03,125,BLK-02225,APPROVED
REQ-002817,MT-003458,ENGINEERING,C02,2026-09-09,22:47,01:02,135,BLK-02603,APPROVED
REQ-002818,MT-002847,S&T,C11,2026-09-21,19:54,22:06,132,BLK-02069,APPROVED
REQ-002819,MT-002626,S&T,C12,2026-09-04,12:44,14:11,87,BLK-01568,PENDING
REQ-002820,MT-003246,ENGINEERING,C11,2026-09-11,19:58,22:56,178,BLK-00532,PENDING
REQ-002821,MT-000223,ENGINEERING,C05,2026-09-10,17:34,18:37,63,BLK-00053,REJECTED
REQ-002822,MT-000050,S&T,C10,2026-09-17,11:01,13:57,176,BLK-02240,REJECTED
REQ-002823,MT-003347,TRD,C05,2026-09-02,12:08,14:25,137,BLK-01157,PENDING
REQ-002824,MT-004342,S&T,C06,2026-09-24,13:36,16:07,151,BLK-00259,REJECTED
REQ-002825,MT-001263,TRD,C02,2026-09-25,00:01,02:19,138,BLK-01606,APPROVED
REQ-002826,MT-004455,S&T,C11,2026-09-29,02:21,04:48,147,BLK-01842,PENDING
REQ-002827,MT-003215,ENGINEERING,C17,2026-09-14,12:31,13:43,72,BLK-00551,APPROVED
REQ-002828,MT-003777,S&T,C03,2026-09-18,00:54,02:43,109,BLK-01806,REJECTED
REQ-002829,MT-004205,S&T,C07,2026-09-13,10:12,12:32,140,BLK-01050,PENDING
REQ-002830,MT-004977,TRD,C08,2026-09-04,12:05,14:02,117,BLK-00621,APPROVED
REQ-002831,MT-001467,S&T,C09,2026-09-04,20:34,23:01,147,BLK-00766,APPROVED
REQ-002832,MT-000646,TRD,C11,2026-09-04,06:29,09:51,202,BLK-00850,APPROVED
REQ-002833,MT-000796,ENGINEERING,C20,2026-09-29,07:20,09:04,104,BLK-00625,APPROVED
REQ-002834,MT-003144,S&T,C01,2026-09-21,05:42,07:48,126,BLK-02808,PENDING
REQ-002835,MT-000940,S&T,C13,2026-09-16,05:47,07:56,129,BLK-02163,PENDING
REQ-002836,MT-002280,ENGINEERING,C10,2026-09-02,17:21,18:46,85,BLK-02002,REJECTED
REQ-002837,MT-004147,ENGINEERING,C06,2026-09-17,01:02,02:54,112,BLK-01210,PENDING
REQ-002838,MT-001850,TRD,C02,2026-09-13,07:46,08:55,69,BLK-02605,PENDING
REQ-002839,MT-001773,TRD,C08,2026-09-09,22:53,00:47,114,BLK-02611,PENDING
REQ-002840,MT-000563,ENGINEERING,C09,2026-09-19,13:48,16:27,159,BLK-01198,REJECTED
REQ-002841,MT-003346,S&T,C15,2026-09-05,12:08,15:04,176,BLK-01163,APPROVED
REQ-002842,MT-004179,TRD,C17,2026-09-10,01:18,02:08,50,BLK-02900,PENDING
REQ-002843,MT-002351,TRD,C20,2026-09-01,06:33,09:04,151,BLK-01183,PENDING
REQ-002844,MT-000161,TRD,C03,2026-09-02,00:22,02:09,107,BLK-01308,APPROVED
REQ-002845,MT-003960,ENGINEERING,C08,2026-09-23,13:09,15:40,151,BLK-02659,PENDING
REQ-002846,MT-003587,S&T,C11,2026-09-30,06:42,08:28,106,BLK-02076,PENDING
REQ-002847,MT-000131,S&T,C04,2026-09-22,12:18,13:37,79,BLK-00458,PENDING
REQ-002848,MT-000008,S&T,C01,2026-09-11,04:19,05:15,56,BLK-02760,APPROVED
REQ-002849,MT-002482,ENGINEERING,C20,2026-09-05,16:39,18:55,136,BLK-00762,PENDING
REQ-002850,MT-000330,S&T,C20,2026-09-04,04:39,06:21,102,BLK-01737,APPROVED
REQ-002851,MT-003633,TRD,C13,2026-09-23,00:44,02:17,93,BLK-01032,APPROVED
REQ-002852,MT-000630,ENGINEERING,C02,2026-09-17,14:58,17:17,139,BLK-01382,PENDING
REQ-002853,MT-000296,S&T,C08,2026-09-25,23:00,00:35,95,BLK-00854,APPROVED
REQ-002854,MT-002174,TRD,C18,2026-09-01,15:34,16:12,38,BLK-02654,APPROVED
REQ-002855,MT-002929,ENGINEERING,C12,2026-09-07,00:30,03:33,183,BLK-02492,PENDING
REQ-002856,MT-004658,ENGINEERING,C14,2026-09-24,16:43,18:56,133,BLK-02990,APPROVED
REQ-002857,MT-001166,TRD,C03,2026-09-23,06:38,08:15,97,BLK-00760,APPROVED
REQ-002858,MT-001782,TRD,C16,2026-09-30,13:12,14:43,91,BLK-00548,APPROVED
REQ-002859,MT-004376,TRD,C16,2026-09-12,05:52,08:41,169,BLK-01529,APPROVED
REQ-002860,MT-001664,ENGINEERING,C20,2026-09-01,16:44,18:36,112,BLK-01654,PENDING
REQ-002861,MT-002190,S&T,C10,2026-09-16,14:48,16:27,99,BLK-01366,REJECTED
REQ-002862,MT-000891,S&T,C12,2026-09-16,08:48,10:24,96,BLK-02124,PENDING
REQ-002863,MT-000085,S&T,C10,2026-09-17,18:36,20:26,110,BLK-02330,APPROVED
REQ-002864,MT-000192,TRD,C09,2026-09-16,08:27,09:57,90,BLK-02045,REJECTED
REQ-002865,MT-003083,ENGINEERING,C10,2026-09-23,10:57,12:16,79,BLK-02526,APPROVED
REQ-002866,MT-001138,S&T,C13,2026-09-22,18:51,20:37,106,BLK-02680,APPROVED
REQ-002867,MT-001430,ENGINEERING,C01,2026-09-23,02:05,04:01,116,BLK-00317,PENDING
REQ-002868,MT-000294,S&T,C15,2026-09-25,12:09,13:36,87,BLK-02541,PENDING
REQ-002869,MT-000654,TRD,C06,2026-09-04,06:04,08:11,127,BLK-00208,APPROVED
REQ-002870,MT-002872,ENGINEERING,C03,2026-09-29,21:46,23:03,77,BLK-01976,APPROVED
REQ-002871,MT-000061,S&T,C17,2026-09-17,16:24,17:46,82,BLK-01262,APPROVED
REQ-002872,MT-000202,ENGINEERING,C04,2026-09-16,12:10,14:53,163,BLK-01682,APPROVED
REQ-002873,MT-003113,TRD,C20,2026-09-23,11:04,12:44,100,BLK-02148,APPROVED
REQ-002874,MT-001665,TRD,C04,2026-09-15,17:09,18:39,90,BLK-01662,APPROVED
REQ-002875,MT-000306,ENGINEERING,C17,2026-09-07,23:48,02:15,147,BLK-02357,APPROVED
REQ-002876,MT-001007,ENGINEERING,C12,2026-09-24,15:19,18:03,164,BLK-01027,APPROVED
REQ-002877,MT-004140,S&T,C19,2026-09-17,16:40,18:11,91,BLK-00899,REJECTED
REQ-002878,MT-001633,TRD,C06,2026-09-08,07:39,08:55,76,BLK-00573,APPROVED
REQ-002879,MT-003852,S&T,C09,2026-09-03,18:36,20:27,111,BLK-00871,PENDING
REQ-002880,MT-004587,TRD,C10,2026-09-24,18:46,20:21,95,BLK-00763,PENDING
REQ-002881,MT-004054,TRD,C01,2026-09-18,11:08,13:01,113,BLK-01562,PENDING
REQ-002882,MT-003170,TRD,C01,2026-09-04,23:22,00:39,77,BLK-01971,APPROVED
REQ-002883,MT-003761,TRD,C16,2026-09-25,00:46,02:48,122,BLK-02478,REJECTED
REQ-002884,MT-000210,ENGINEERING,C02,2026-09-07,01:13,03:06,113,BLK-00584,PENDING
REQ-002885,MT-001217,S&T,C13,2026-09-22,00:54,03:02,128,BLK-01360,PENDING
REQ-002886,MT-004639,TRD,C02,2026-09-26,00:25,03:00,155,BLK-01182,APPROVED
REQ-002887,MT-000838,TRD,C08,2026-09-19,19:28,22:17,169,BLK-00209,PENDING
REQ-002888,MT-000084,S&T,C01,2026-09-12,19:11,20:35,84,BLK-01294,PENDING
REQ-002889,MT-000335,TRD,C19,2026-09-09,06:32,09:32,180,BLK-02473,PENDING
REQ-002890,MT-000623,ENGINEERING,C06,2026-09-10,12:59,14:52,113,BLK-02875,APPROVED
REQ-002891,MT-003785,TRD,C19,2026-09-13,11:21,13:23,122,BLK-02208,PENDING
REQ-002892,MT-000405,ENGINEERING,C13,2026-09-11,08:34,11:00,146,BLK-02192,APPROVED
REQ-002893,MT-003742,TRD,C12,2026-09-20,10:12,11:55,103,BLK-02199,APPROVED
REQ-002894,MT-004953,S&T,C16,2026-09-15,17:39,18:51,72,BLK-01968,PENDING
REQ-002895,MT-001917,TRD,C19,2026-09-06,16:25,18:00,95,BLK-00201,APPROVED
REQ-002896,MT-001927,TRD,C03,2026-09-29,06:04,07:32,88,BLK-00852,APPROVED
REQ-002897,MT-000056,S&T,C03,2026-09-13,05:07,07:23,136,BLK-02963,PENDING
REQ-002898,MT-002972,TRD,C08,2026-09-14,06:05,08:50,165,BLK-02074,PENDING
REQ-002899,MT-000518,TRD,C08,2026-09-06,02:30,03:55,85,BLK-00576,PENDING
REQ-002900,MT-003790,TRD,C01,2026-09-23,02:33,04:33,120,BLK-02707,REJECTED
REQ-002901,MT-003116,S&T,C14,2026-09-26,22:41,01:01,140,BLK-01787,PENDING
REQ-002902,MT-001778,TRD,C15,2026-09-01,03:39,05:10,91,BLK-00746,APPROVED
REQ-002903,MT-002069,ENGINEERING,C12,2026-09-10,20:29,21:38,69,BLK-00159,REJECTED
REQ-002904,MT-001073,S&T,C01,2026-09-15,03:44,05:33,109,BLK-02100,PENDING
REQ-002905,MT-002097,ENGINEERING,C01,2026-09-08,18:20,20:42,142,BLK-00328,REJECTED
REQ-002906,MT-003953,S&T,C02,2026-09-18,23:39,01:05,86,BLK-00582,PENDING
REQ-002907,MT-002041,S&T,C17,2026-09-23,12:27,14:07,100,BLK-02067,PENDING
REQ-002908,MT-003982,ENGINEERING,C17,2026-09-30,13:26,15:20,114,BLK-02270,APPROVED
REQ-002909,MT-000718,ENGINEERING,C20,2026-09-13,10:12,11:31,79,BLK-01050,PENDING
REQ-002910,MT-003159,TRD,C13,2026-09-22,11:18,12:35,77,BLK-02340,APPROVED
REQ-002911,MT-001648,TRD,C14,2026-09-28,09:49,11:41,112,BLK-02333,PENDING
REQ-002912,MT-000627,TRD,C16,2026-09-14,07:26,09:26,120,BLK-01302,PENDING
REQ-002913,MT-000448,S&T,C06,2026-09-17,09:33,11:09,96,BLK-02629,PENDING
REQ-002914,MT-003071,ENGINEERING,C09,2026-09-24,01:53,03:37,104,BLK-01753,REJECTED
REQ-002915,MT-001159,S&T,C02,2026-09-30,22:33,00:20,107,BLK-02161,APPROVED
REQ-002916,MT-000284,TRD,C10,2026-09-17,21:44,23:24,100,BLK-00219,PENDING
REQ-002917,MT-003740,TRD,C06,2026-09-20,09:17,11:54,157,BLK-02849,APPROVED
REQ-002918,MT-000170,TRD,C04,2026-09-27,03:40,04:52,72,BLK-01608,APPROVED
REQ-002919,MT-000355,S&T,C12,2026-09-29,16:09,17:52,103,BLK-00644,PENDING
REQ-002920,MT-001361,ENGINEERING,C18,2026-09-18,15:12,16:11,59,BLK-02237,PENDING
REQ-002921,MT-003265,TRD,C10,2026-09-14,01:53,03:36,103,BLK-00390,APPROVED
REQ-002922,MT-004747,S&T,C03,2026-09-11,23:40,01:16,96,BLK-01944,PENDING
REQ-002923,MT-003450,ENGINEERING,C18,2026-09-21,06:26,06:59,33,BLK-02522,APPROVED
REQ-002924,MT-004364,ENGINEERING,C13,2026-09-17,17:40,21:11,211,BLK-01313,APPROVED
REQ-002925,MT-004413,S&T,C19,2026-09-03,20:18,22:42,144,BLK-01671,PENDING
REQ-002926,MT-003243,ENGINEERING,C16,2026-09-07,01:05,02:33,88,BLK-02014,PENDING
REQ-002927,MT-000090,S&T,C18,2026-09-05,12:08,14:05,117,BLK-01163,APPROVED
REQ-002928,MT-000827,ENGINEERING,C18,2026-09-16,20:06,23:02,176,BLK-01629,PENDING
REQ-002929,MT-002319,TRD,C15,2026-09-23,05:11,07:38,147,BLK-01840,PENDING
REQ-002930,MT-000773,TRD,C18,2026-09-04,23:33,01:43,130,BLK-00978,APPROVED
REQ-002931,MT-002982,ENGINEERING,C03,2026-09-07,11:31,12:55,84,BLK-00614,PENDING
REQ-002932,MT-004974,ENGINEERING,C11,2026-09-18,00:59,02:41,102,BLK-02873,PENDING
REQ-002933,MT-001173,ENGINEERING,C16,2026-09-10,23:04,00:58,114,BLK-00578,PENDING
REQ-002934,MT-003929,ENGINEERING,C16,2026-09-30,12:55,14:30,95,BLK-00263,APPROVED
REQ-002935,MT-004856,TRD,C08,2026-09-02,15:07,16:46,99,BLK-00156,REJECTED
REQ-002936,MT-004263,S&T,C04,2026-09-05,05:16,07:55,159,BLK-02008,PENDING
REQ-002937,MT-003184,TRD,C03,2026-09-15,08:44,10:45,121,BLK-00123,PENDING
REQ-002938,MT-000746,S&T,C09,2026-09-15,18:03,20:48,165,BLK-02313,PENDING
REQ-002939,MT-004430,TRD,C04,2026-09-07,22:12,23:25,73,BLK-00748,PENDING
REQ-002940,MT-004187,ENGINEERING,C18,2026-09-24,03:19,05:44,145,BLK-01239,APPROVED
REQ-002941,MT-001587,ENGINEERING,C06,2026-09-29,21:25,23:19,114,BLK-00635,PENDING
REQ-002942,MT-004680,ENGINEERING,C10,2026-09-25,09:32,12:04,152,BLK-00825,REJECTED
REQ-002943,MT-002387,TRD,C15,2026-09-20,14:38,16:43,125,BLK-02913,APPROVED
REQ-002944,MT-001343,TRD,C15,2026-09-21,05:31,07:56,145,BLK-01886,PENDING
REQ-002945,MT-002872,ENGINEERING,C03,2026-09-14,12:55,13:57,62,BLK-01231,PENDING
REQ-002946,MT-001540,ENGINEERING,C20,2026-09-26,10:35,13:28,173,BLK-01788,REJECTED
REQ-002947,MT-002211,S&T,C03,2026-09-27,22:34,00:49,135,BLK-01954,PENDING
REQ-002948,MT-002376,ENGINEERING,C18,2026-09-15,16:47,18:51,124,BLK-01338,PENDING
REQ-002949,MT-002013,S&T,C09,2026-09-19,18:20,20:27,127,BLK-02460,PENDING
REQ-002950,MT-002581,S&T,C19,2026-09-23,12:27,14:06,99,BLK-02067,APPROVED
REQ-002951,MT-000885,S&T,C01,2026-09-18,15:02,17:14,132,BLK-00608,PENDING
REQ-002952,MT-003361,TRD,C09,2026-09-07,12:59,14:18,79,BLK-00967,APPROVED
REQ-002953,MT-001049,TRD,C04,2026-09-08,16:32,17:40,68,BLK-02262,APPROVED
REQ-002954,MT-002569,ENGINEERING,C01,2026-09-18,00:09,03:12,183,BLK-01554,PENDING
REQ-002955,MT-001955,S&T,C10,2026-09-19,01:53,03:56,123,BLK-00479,REJECTED
REQ-002956,MT-000312,TRD,C15,2026-09-21,05:15,07:17,122,BLK-00792,REJECTED
REQ-002957,MT-002856,TRD,C08,2026-09-17,20:42,22:10,88,BLK-01406,PENDING
REQ-002958,MT-000297,TRD,C08,2026-09-02,17:44,18:55,71,BLK-00069,PENDING
REQ-002959,MT-000888,ENGINEERING,C16,2026-09-16,03:12,04:34,82,BLK-02108,PENDING
REQ-002960,MT-001655,TRD,C15,2026-09-18,21:23,22:52,89,BLK-00883,APPROVED
REQ-002961,MT-001410,ENGINEERING,C13,2026-09-20,02:43,04:40,117,BLK-02207,PENDING
REQ-002962,MT-001639,ENGINEERING,C12,2026-09-09,10:49,12:41,112,BLK-02918,PENDING
REQ-002963,MT-001658,TRD,C12,2026-09-20,12:25,14:40,135,BLK-00890,PENDING
REQ-002964,MT-001577,S&T,C11,2026-09-01,00:57,01:54,57,BLK-02767,PENDING
REQ-002965,MT-001079,TRD,C14,2026-09-28,13:00,14:33,93,BLK-02429,PENDING
REQ-002966,MT-001534,ENGINEERING,C02,2026-09-23,04:14,06:34,140,BLK-01098,APPROVED
REQ-002967,MT-004160,S&T,C11,2026-09-21,00:23,03:03,160,BLK-00212,PENDING
REQ-002968,MT-000148,ENGINEERING,C15,2026-09-18,06:25,08:10,105,BLK-00569,APPROVED
REQ-002969,MT-002283,TRD,C08,2026-09-29,17:14,18:43,89,BLK-02749,PENDING
REQ-002970,MT-002051,ENGINEERING,C11,2026-09-30,11:16,14:25,189,BLK-01864,PENDING
REQ-002971,MT-000707,S&T,C14,2026-09-19,23:23,00:38,75,BLK-01577,APPROVED
REQ-002972,MT-003659,S&T,C08,2026-09-13,12:02,14:19,137,BLK-02796,REJECTED
REQ-002973,MT-002618,TRD,C03,2026-09-19,17:42,19:15,93,BLK-02024,PENDING
REQ-002974,MT-002505,TRD,C07,2026-09-02,19:12,22:11,179,BLK-02157,APPROVED
REQ-002975,MT-004720,S&T,C01,2026-09-29,05:20,07:15,115,BLK-02289,REJECTED
REQ-002976,MT-002811,S&T,C15,2026-09-21,04:28,06:26,118,BLK-03000,PENDING
REQ-002977,MT-004385,S&T,C02,2026-09-09,05:05,07:20,135,BLK-00481,APPROVED
REQ-002978,MT-000241,ENGINEERING,C09,2026-09-03,16:45,19:58,193,BLK-01321,REJECTED
REQ-002979,MT-000119,TRD,C10,2026-09-23,00:39,01:56,77,BLK-02689,APPROVED
REQ-002980,MT-000219,ENGINEERING,C18,2026-09-11,04:00,04:40,40,BLK-01601,PENDING
REQ-002981,MT-001143,ENGINEERING,C18,2026-09-16,11:10,12:54,104,BLK-02821,APPROVED
REQ-002982,MT-000102,ENGINEERING,C14,2026-09-27,13:03,14:52,109,BLK-00866,PENDING
REQ-002983,MT-004714,TRD,C16,2026-09-02,19:12,20:54,102,BLK-02157,PENDING
REQ-002984,MT-003515,S&T,C09,2026-09-24,23:55,01:33,98,BLK-00912,APPROVED
REQ-002985,MT-002759,ENGINEERING,C16,2026-09-11,18:57,21:23,146,BLK-02145,PENDING
REQ-002986,MT-002492,ENGINEERING,C06,2026-09-19,08:50,10:48,118,BLK-02897,PENDING
REQ-002987,MT-001384,ENGINEERING,C13,2026-09-03,06:16,07:50,94,BLK-00786,PENDING
REQ-002988,MT-003034,TRD,C05,2026-09-13,07:12,08:26,74,BLK-01461,APPROVED
REQ-002989,MT-001306,S&T,C19,2026-09-30,22:39,00:49,130,BLK-01154,PENDING
REQ-002990,MT-002723,S&T,C01,2026-09-09,09:21,11:06,105,BLK-02082,PENDING
REQ-002991,MT-004339,TRD,C15,2026-09-07,04:45,06:10,85,BLK-00732,APPROVED
REQ-002992,MT-004078,S&T,C18,2026-09-12,16:31,17:34,63,BLK-00202,APPROVED
REQ-002993,MT-000215,ENGINEERING,C18,2026-09-29,06:57,08:30,93,BLK-00705,PENDING
REQ-002994,MT-004603,ENGINEERING,C17,2026-09-23,07:56,09:07,71,BLK-00761,PENDING
REQ-002995,MT-000861,ENGINEERING,C06,2026-09-17,02:17,04:59,162,BLK-01699,APPROVED
REQ-002996,MT-000234,S&T,C03,2026-09-03,01:26,03:51,145,BLK-01250,APPROVED
REQ-002997,MT-002200,S&T,C17,2026-09-12,12:08,14:08,120,BLK-02316,PENDING
REQ-002998,MT-003440,TRD,C15,2026-09-06,09:51,11:40,109,BLK-02292,PENDING
REQ-002999,MT-000543,TRD,C04,2026-09-21,18:36,21:22,166,BLK-02427,PENDING
REQ-003000,MT-002579,ENGINEERING,C02,2026-09-23,14:47,17:34,167,BLK-00037,REJECTED
REQ-003001,MT-004557,S&T,C04,2026-09-30,08:35,10:28,113,BLK-02911,PENDING
REQ-003002,MT-004050,S&T,C14,2026-09-11,18:11,19:59,108,BLK-01591,APPROVED
REQ-003003,MT-001908,ENGINEERING,C06,2026-09-09,05:39,08:07,148,BLK-01234,PENDING
REQ-003004,MT-001650,TRD,C03,2026-09-12,19:39,22:27,168,BLK-01561,APPROVED
REQ-003005,MT-004932,ENGINEERING,C03,2026-09-28,00:13,02:28,135,BLK-00334,APPROVED
REQ-003006,MT-002664,ENGINEERING,C09,2026-09-18,12:32,13:57,85,BLK-00856,PENDING
REQ-003007,MT-003812,ENGINEERING,C01,2026-09-23,19:53,21:45,112,BLK-00909,APPROVED
REQ-003008,MT-004107,ENGINEERING,C09,2026-09-06,03:20,04:25,65,BLK-02926,PENDING
REQ-003009,MT-003596,ENGINEERING,C08,2026-09-12,23:24,00:44,80,BLK-02977,PENDING
REQ-003010,MT-001883,S&T,C18,2026-09-20,00:14,01:30,76,BLK-02674,PENDING
REQ-003011,MT-002493,ENGINEERING,C12,2026-09-30,03:30,05:35,125,BLK-02418,PENDING
REQ-003012,MT-004221,ENGINEERING,C13,2026-09-10,00:09,02:36,147,BLK-01890,APPROVED
REQ-003013,MT-003416,S&T,C17,2026-09-06,02:26,05:28,182,BLK-01822,APPROVED
REQ-003014,MT-003015,ENGINEERING,C14,2026-09-11,04:00,04:45,45,BLK-01601,APPROVED
REQ-003015,MT-004274,TRD,C19,2026-09-10,19:01,21:58,177,BLK-01314,APPROVED
REQ-003016,MT-001019,S&T,C07,2026-09-18,12:32,14:08,96,BLK-00856,APPROVED
REQ-003017,MT-002038,ENGINEERING,C02,2026-09-24,15:19,18:31,192,BLK-01027,REJECTED
REQ-003018,MT-004592,ENGINEERING,C09,2026-09-05,18:52,21:11,139,BLK-00303,PENDING
REQ-003019,MT-000274,TRD,C16,2026-09-23,17:47,20:17,150,BLK-01080,APPROVED
REQ-003020,MT-001729,TRD,C03,2026-09-10,11:56,14:15,139,BLK-00138,PENDING
REQ-003021,MT-004708,TRD,C11,2026-09-22,10:54,13:48,174,BLK-02462,PENDING
REQ-003022,MT-004324,TRD,C20,2026-09-04,11:26,12:49,83,BLK-00927,APPROVED
REQ-003023,MT-003380,TRD,C04,2026-09-20,05:32,06:53,81,BLK-01639,APPROVED
REQ-003024,MT-001451,ENGINEERING,C05,2026-09-04,16:44,19:39,175,BLK-01557,PENDING
REQ-003025,MT-002939,TRD,C05,2026-09-29,09:03,10:15,72,BLK-02908,REJECTED
REQ-003026,MT-001050,ENGINEERING,C15,2026-09-23,09:16,11:35,139,BLK-00225,PENDING
REQ-003027,MT-004789,TRD,C06,2026-09-16,07:11,08:26,75,BLK-02757,PENDING
REQ-003028,MT-002908,TRD,C16,2026-09-13,13:08,13:49,41,BLK-01630,APPROVED
REQ-003029,MT-003890,ENGINEERING,C20,2026-09-15,05:53,08:00,127,BLK-01802,PENDING
REQ-003030,MT-003476,TRD,C02,2026-09-28,10:16,11:59,103,BLK-02728,PENDING
REQ-003031,MT-003007,TRD,C10,2026-09-18,05:56,07:25,89,BLK-01158,APPROVED
REQ-003032,MT-001347,S&T,C12,2026-09-25,19:34,21:27,113,BLK-02348,REJECTED
REQ-003033,MT-004018,S&T,C20,2026-09-07,10:12,11:56,104,BLK-00183,APPROVED
REQ-003034,MT-004582,S&T,C10,2026-09-25,23:25,01:57,152,BLK-02942,APPROVED
REQ-003035,MT-002631,ENGINEERING,C01,2026-09-12,07:52,10:17,145,BLK-02925,APPROVED
REQ-003036,MT-001582,TRD,C05,2026-09-08,23:14,02:03,169,BLK-02190,PENDING
REQ-003037,MT-004960,ENGINEERING,C13,2026-09-14,12:31,13:53,82,BLK-00551,APPROVED
REQ-003038,MT-001528,S&T,C11,2026-09-23,17:45,18:51,66,BLK-00830,APPROVED
REQ-003039,MT-004889,S&T,C03,2026-09-25,19:34,21:55,141,BLK-02348,PENDING
REQ-003040,MT-004423,ENGINEERING,C16,2026-09-03,00:15,02:07,112,BLK-02491,APPROVED
REQ-003041,MT-001080,ENGINEERING,C02,2026-09-26,18:56,21:55,179,BLK-00918,PENDING
REQ-003042,MT-004520,TRD,C14,2026-09-25,08:41,10:50,129,BLK-00048,APPROVED
REQ-003043,MT-000714,S&T,C18,2026-09-19,15:34,17:44,130,BLK-02433,APPROVED
REQ-003044,MT-004703,TRD,C07,2026-09-13,02:25,04:10,105,BLK-01211,PENDING
REQ-003045,MT-004555,ENGINEERING,C12,2026-09-30,23:28,02:20,172,BLK-02646,PENDING
REQ-003046,MT-004468,TRD,C09,2026-09-24,23:55,02:32,157,BLK-00912,APPROVED
REQ-003047,MT-001059,S&T,C17,2026-09-24,18:19,20:24,125,BLK-00985,REJECTED
REQ-003048,MT-003508,TRD,C12,2026-09-23,03:35,04:38,63,BLK-02915,APPROVED
REQ-003049,MT-001187,ENGINEERING,C15,2026-09-24,16:40,17:43,63,BLK-01570,APPROVED
REQ-003050,MT-001950,TRD,C06,2026-09-21,22:24,00:53,149,BLK-01614,APPROVED
REQ-003051,MT-001468,S&T,C06,2026-09-07,18:34,19:52,78,BLK-02800,APPROVED
REQ-003052,MT-002575,TRD,C17,2026-09-12,01:10,03:20,130,BLK-01187,PENDING
REQ-003053,MT-003773,TRD,C18,2026-09-17,09:39,11:03,84,BLK-01044,APPROVED
REQ-003054,MT-002388,S&T,C05,2026-09-13,04:11,06:26,135,BLK-00695,APPROVED
REQ-003055,MT-003675,ENGINEERING,C18,2026-09-19,05:28,08:46,198,BLK-01904,PENDING
REQ-003056,MT-004998,S&T,C03,2026-09-30,18:54,20:24,90,BLK-00422,PENDING
REQ-003057,MT-000528,S&T,C17,2026-09-26,06:59,08:37,98,BLK-00794,APPROVED
REQ-003058,MT-002276,TRD,C12,2026-09-17,08:51,10:21,90,BLK-00557,PENDING
REQ-003059,MT-002789,ENGINEERING,C13,2026-09-03,17:09,18:40,91,BLK-00367,PENDING
REQ-003060,MT-002335,ENGINEERING,C03,2026-09-16,01:16,02:03,47,BLK-00958,PENDING
REQ-003061,MT-002867,TRD,C03,2026-09-03,01:12,03:45,153,BLK-00438,APPROVED
REQ-003062,MT-001882,TRD,C02,2026-09-03,02:44,04:49,125,BLK-02571,REJECTED
REQ-003063,MT-001216,S&T,C15,2026-09-13,01:54,04:02,128,BLK-00040,APPROVED
REQ-003064,MT-001110,TRD,C19,2026-09-21,21:12,23:39,147,BLK-02842,APPROVED
REQ-003065,MT-003839,S&T,C11,2026-09-23,19:51,21:55,124,BLK-01911,REJECTED
REQ-003066,MT-002422,TRD,C07,2026-09-08,02:21,05:04,163,BLK-02094,REJECTED
REQ-003067,MT-002954,ENGINEERING,C16,2026-09-05,12:41,14:53,132,BLK-00583,PENDING
REQ-003068,MT-001521,ENGINEERING,C04,2026-09-04,03:57,05:29,92,BLK-02746,APPROVED
REQ-003069,MT-002014,TRD,C11,2026-09-11,02:55,04:16,81,BLK-01425,APPROVED
REQ-003070,MT-000130,TRD,C08,2026-09-14,02:17,04:02,105,BLK-00143,APPROVED
REQ-003071,MT-001377,ENGINEERING,C20,2026-09-06,13:51,14:56,65,BLK-00754,APPROVED
REQ-003072,MT-000751,TRD,C16,2026-09-22,05:36,08:39,183,BLK-01998,REJECTED
REQ-003073,MT-001138,S&T,C13,2026-09-23,01:52,03:51,119,BLK-00127,PENDING
REQ-003074,MT-001354,ENGINEERING,C07,2026-09-01,09:28,11:31,123,BLK-01505,APPROVED
REQ-003075,MT-003109,TRD,C09,2026-09-28,09:24,11:51,147,BLK-01444,APPROVED
REQ-003076,MT-001401,TRD,C18,2026-09-15,20:09,22:37,148,BLK-01022,REJECTED
REQ-003077,MT-004833,S&T,C20,2026-09-15,13:18,15:56,158,BLK-00802,APPROVED
REQ-003078,MT-001755,S&T,C15,2026-09-27,08:40,11:02,142,BLK-02379,REJECTED
REQ-003079,MT-000891,S&T,C12,2026-09-12,23:46,01:40,114,BLK-00206,APPROVED
REQ-003080,MT-004354,TRD,C03,2026-09-27,13:03,15:15,132,BLK-00117,PENDING
REQ-003081,MT-001694,S&T,C05,2026-09-19,18:20,19:43,83,BLK-02460,PENDING
REQ-003082,MT-000988,ENGINEERING,C18,2026-09-13,12:03,14:02,119,BLK-02546,PENDING
REQ-003083,MT-003202,S&T,C11,2026-09-18,09:20,10:59,99,BLK-00293,PENDING
REQ-003084,MT-001773,TRD,C08,2026-09-22,10:12,12:25,133,BLK-00504,APPROVED
REQ-003085,MT-001948,TRD,C19,2026-09-19,03:57,05:29,92,BLK-01810,APPROVED
REQ-003086,MT-002105,S&T,C05,2026-09-23,13:09,15:30,141,BLK-02659,PENDING
REQ-003087,MT-000380,ENGINEERING,C18,2026-09-15,00:17,01:44,87,BLK-01751,APPROVED
REQ-003088,MT-001721,TRD,C17,2026-09-02,15:53,17:47,114,BLK-02966,REJECTED
REQ-003089,MT-001315,ENGINEERING,C18,2026-09-28,21:30,22:14,44,BLK-02635,REJECTED
REQ-003090,MT-002066,S&T,C04,2026-09-25,08:41,10:12,91,BLK-00048,PENDING
REQ-003091,MT-004461,ENGINEERING,C15,2026-09-17,16:24,19:03,159,BLK-01262,PENDING
REQ-003092,MT-000598,TRD,C04,2026-09-01,21:46,00:47,181,BLK-01397,APPROVED
REQ-003093,MT-001588,TRD,C15,2026-09-10,19:44,22:09,145,BLK-01874,PENDING
REQ-003094,MT-001574,TRD,C18,2026-09-07,22:12,00:25,133,BLK-00748,PENDING
REQ-003095,MT-003968,ENGINEERING,C19,2026-09-10,00:30,01:54,84,BLK-00473,REJECTED
REQ-003096,MT-001527,ENGINEERING,C20,2026-09-16,19:49,21:35,106,BLK-01542,REJECTED
REQ-003097,MT-000538,TRD,C02,2026-09-03,04:53,06:41,108,BLK-00166,APPROVED
REQ-003098,MT-001092,S&T,C05,2026-09-07,23:25,01:49,144,BLK-01714,PENDING
REQ-003099,MT-002153,ENGINEERING,C04,2026-09-09,02:26,04:17,111,BLK-00500,APPROVED
REQ-003100,MT-001645,TRD,C17,2026-09-12,11:29,13:32,123,BLK-00640,APPROVED
REQ-003101,MT-002887,ENGINEERING,C06,2026-09-12,12:16,14:39,143,BLK-02818,REJECTED
REQ-003102,MT-003310,S&T,C20,2026-09-04,02:53,05:20,147,BLK-01658,PENDING
REQ-003103,MT-003723,ENGINEERING,C10,2026-09-12,01:35,03:22,107,BLK-01963,PENDING
REQ-003104,MT-003936,TRD,C15,2026-09-21,05:42,08:17,155,BLK-02808,PENDING
REQ-003105,MT-001682,ENGINEERING,C16,2026-09-01,17:22,19:22,120,BLK-02713,REJECTED
REQ-003106,MT-004099,ENGINEERING,C20,2026-09-09,05:51,07:29,98,BLK-02930,PENDING
REQ-003107,MT-003257,S&T,C19,2026-09-16,12:10,15:20,190,BLK-01682,PENDING
REQ-003108,MT-001914,TRD,C09,2026-09-15,03:31,05:38,127,BLK-01736,PENDING
REQ-003109,MT-001715,S&T,C19,2026-09-18,04:33,06:53,140,BLK-00192,REJECTED
REQ-003110,MT-001822,TRD,C15,2026-09-21,16:46,19:10,144,BLK-00139,APPROVED
REQ-003111,MT-004900,TRD,C13,2026-09-02,04:52,07:01,129,BLK-00960,APPROVED
REQ-003112,MT-000941,TRD,C04,2026-09-25,08:55,10:24,89,BLK-01326,PENDING
REQ-003113,MT-003095,TRD,C10,2026-09-10,21:30,22:52,82,BLK-02907,APPROVED
REQ-003114,MT-004267,TRD,C15,2026-09-28,02:39,04:03,84,BLK-01337,APPROVED
REQ-003115,MT-000296,S&T,C08,2026-09-01,10:07,11:39,92,BLK-02592,APPROVED
REQ-003116,MT-004614,S&T,C11,2026-09-16,18:15,20:14,119,BLK-01073,APPROVED
REQ-003117,MT-003290,S&T,C08,2026-09-01,23:01,01:13,132,BLK-00051,APPROVED
REQ-003118,MT-004494,ENGINEERING,C13,2026-09-25,14:46,17:04,138,BLK-02687,REJECTED
REQ-003119,MT-003045,TRD,C05,2026-09-08,19:40,21:30,110,BLK-00796,PENDING
REQ-003120,MT-003722,ENGINEERING,C07,2026-09-05,02:41,04:18,97,BLK-02455,APPROVED
REQ-003121,MT-004072,S&T,C12,2026-09-09,19:16,21:53,157,BLK-01646,APPROVED
REQ-003122,MT-003396,ENGINEERING,C20,2026-09-06,21:04,23:16,132,BLK-02202,PENDING
REQ-003123,MT-000314,ENGINEERING,C06,2026-09-13,18:44,20:26,102,BLK-00509,APPROVED
REQ-003124,MT-004938,TRD,C02,2026-09-19,19:36,21:09,93,BLK-01633,PENDING
REQ-003125,MT-004883,TRD,C08,2026-09-19,13:26,16:45,199,BLK-02988,APPROVED
REQ-003126,MT-004025,ENGINEERING,C11,2026-09-20,13:16,15:23,127,BLK-00253,PENDING
REQ-003127,MT-000092,ENGINEERING,C12,2026-09-06,04:56,08:09,193,BLK-01782,PENDING
REQ-003128,MT-003718,S&T,C09,2026-09-27,23:32,01:47,135,BLK-02923,REJECTED
REQ-003129,MT-003949,ENGINEERING,C05,2026-09-16,07:15,08:55,100,BLK-00787,APPROVED
REQ-003130,MT-000196,TRD,C10,2026-09-22,08:07,09:19,72,BLK-01026,REJECTED
REQ-003131,MT-004179,TRD,C17,2026-09-16,12:31,13:44,73,BLK-00230,PENDING
REQ-003132,MT-000984,TRD,C10,2026-09-17,10:17,11:51,94,BLK-02089,APPROVED
REQ-003133,MT-000278,ENGINEERING,C13,2026-09-20,02:19,03:43,84,BLK-00963,PENDING
REQ-003134,MT-002414,TRD,C06,2026-09-02,10:59,12:55,116,BLK-02729,PENDING
REQ-003135,MT-003711,ENGINEERING,C09,2026-09-22,02:41,04:40,119,BLK-02616,PENDING
REQ-003136,MT-004077,ENGINEERING,C04,2026-09-17,23:59,02:09,130,BLK-00815,PENDING
REQ-003137,MT-001275,S&T,C06,2026-09-18,00:09,01:41,92,BLK-01554,APPROVED
REQ-003138,MT-003374,ENGINEERING,C20,2026-09-29,01:02,02:37,95,BLK-02667,REJECTED
REQ-003139,MT-002479,TRD,C17,2026-09-10,05:06,07:37,151,BLK-02948,PENDING
REQ-003140,MT-001045,S&T,C08,2026-09-24,07:37,08:56,79,BLK-00312,REJECTED
REQ-003141,MT-002995,ENGINEERING,C10,2026-09-10,02:08,02:57,49,BLK-00184,REJECTED
REQ-003142,MT-004645,S&T,C05,2026-09-17,20:14,21:52,98,BLK-00645,APPROVED
REQ-003143,MT-000338,ENGINEERING,C16,2026-09-20,22:30,23:53,83,BLK-00188,APPROVED
REQ-003144,MT-003968,ENGINEERING,C19,2026-09-09,16:18,18:22,124,BLK-01945,APPROVED
REQ-003145,MT-000062,TRD,C07,2026-09-10,13:02,14:58,116,BLK-02563,REJECTED
REQ-003146,MT-003823,TRD,C03,2026-09-11,09:25,10:51,86,BLK-01247,APPROVED
REQ-003147,MT-003869,TRD,C07,2026-09-17,10:15,12:15,120,BLK-02753,APPROVED
REQ-003148,MT-001187,ENGINEERING,C15,2026-09-17,01:35,02:57,82,BLK-01624,APPROVED
REQ-003149,MT-003068,S&T,C15,2026-09-08,05:40,08:03,143,BLK-01991,REJECTED
REQ-003150,MT-000579,ENGINEERING,C09,2026-09-22,13:47,16:04,137,BLK-01300,PENDING
REQ-003151,MT-002747,ENGINEERING,C04,2026-09-29,19:11,21:03,112,BLK-00561,APPROVED
REQ-003152,MT-000174,ENGINEERING,C06,2026-09-08,19:38,21:25,107,BLK-02964,PENDING
REQ-003153,MT-000311,ENGINEERING,C15,2026-09-24,04:10,05:20,70,BLK-00020,REJECTED
REQ-003154,MT-004995,TRD,C18,2026-09-27,18:16,20:52,156,BLK-02789,PENDING
REQ-003155,MT-001192,ENGINEERING,C13,2026-09-18,15:02,16:25,83,BLK-00608,PENDING
REQ-003156,MT-002509,ENGINEERING,C14,2026-09-04,23:13,01:15,122,BLK-00925,PENDING
REQ-003157,MT-000279,TRD,C18,2026-09-29,12:33,14:09,96,BLK-01378,PENDING
REQ-003158,MT-003938,TRD,C12,2026-09-21,22:15,00:40,145,BLK-02569,APPROVED
REQ-003159,MT-002961,TRD,C20,2026-09-03,00:15,01:11,56,BLK-02491,PENDING
REQ-003160,MT-001083,ENGINEERING,C06,2026-09-26,09:29,11:37,128,BLK-00848,PENDING
REQ-003161,MT-004675,TRD,C14,2026-09-05,09:31,11:41,130,BLK-01037,APPROVED
REQ-003162,MT-004216,S&T,C09,2026-09-10,17:20,18:31,71,BLK-01256,PENDING
REQ-003163,MT-000918,TRD,C19,2026-09-06,09:01,10:24,83,BLK-00298,PENDING
REQ-003164,MT-004671,TRD,C08,2026-09-05,23:47,01:43,116,BLK-01571,APPROVED
REQ-003165,MT-004230,S&T,C11,2026-09-13,15:02,17:43,161,BLK-00122,APPROVED
REQ-003166,MT-000581,S&T,C09,2026-09-29,11:36,13:41,125,BLK-01225,APPROVED
REQ-003167,MT-003853,TRD,C05,2026-09-10,06:11,08:21,130,BLK-02836,PENDING
REQ-003168,MT-001301,ENGINEERING,C05,2026-09-11,01:28,03:19,111,BLK-00783,REJECTED
REQ-003169,MT-004481,S&T,C17,2026-09-29,06:00,07:40,100,BLK-02663,APPROVED
REQ-003170,MT-002249,TRD,C07,2026-09-19,22:28,01:27,179,BLK-01851,REJECTED
REQ-003171,MT-002244,S&T,C12,2026-09-09,16:16,17:17,61,BLK-01504,PENDING
REQ-003172,MT-000809,TRD,C11,2026-09-03,10:41,13:54,193,BLK-01939,PENDING
REQ-003173,MT-004613,TRD,C18,2026-09-29,17:56,19:58,122,BLK-01549,PENDING
REQ-003174,MT-001627,ENGINEERING,C05,2026-09-03,10:58,12:07,69,BLK-02249,PENDING
REQ-003175,MT-004281,TRD,C15,2026-09-30,23:28,01:09,101,BLK-02646,PENDING
REQ-003176,MT-001710,TRD,C12,2026-09-18,02:18,03:23,65,BLK-00282,PENDING
REQ-003177,MT-003358,S&T,C11,2026-09-20,12:01,12:55,54,BLK-00446,APPROVED
REQ-003178,MT-004777,ENGINEERING,C03,2026-09-09,16:13,17:54,101,BLK-02944,APPROVED
REQ-003179,MT-004225,ENGINEERING,C10,2026-09-29,21:46,00:10,144,BLK-01976,PENDING
REQ-003180,MT-004645,S&T,C05,2026-09-07,04:59,06:52,113,BLK-02391,APPROVED
REQ-003181,MT-001614,TRD,C10,2026-09-08,08:27,11:05,158,BLK-02888,APPROVED
REQ-003182,MT-000453,S&T,C18,2026-09-23,20:05,22:06,121,BLK-02489,PENDING
REQ-003183,MT-001685,S&T,C09,2026-09-07,06:09,07:29,80,BLK-01241,REJECTED
REQ-003184,MT-000462,TRD,C19,2026-09-25,16:33,17:42,69,BLK-01503,APPROVED
REQ-003185,MT-002303,ENGINEERING,C13,2026-09-20,03:54,05:04,70,BLK-01758,PENDING
REQ-003186,MT-003796,ENGINEERING,C05,2026-09-10,19:30,20:46,76,BLK-01676,APPROVED
REQ-003187,MT-004046,S&T,C01,2026-09-30,03:44,05:14,90,BLK-01567,APPROVED
REQ-003188,MT-000191,TRD,C08,2026-09-04,03:57,05:43,106,BLK-02746,PENDING
REQ-003189,MT-000126,ENGINEERING,C13,2026-09-22,09:23,10:56,93,BLK-00128,APPROVED
REQ-003190,MT-001209,S&T,C15,2026-09-18,09:39,11:20,101,BLK-00772,APPROVED
REQ-003191,MT-002537,S&T,C19,2026-09-02,05:57,07:06,69,BLK-01323,PENDING
REQ-003192,MT-002946,ENGINEERING,C01,2026-09-19,07:30,09:44,134,BLK-01464,APPROVED
REQ-003193,MT-002040,S&T,C11,2026-09-01,02:07,03:53,106,BLK-01329,APPROVED
REQ-003194,MT-003915,ENGINEERING,C20,2026-09-12,10:55,12:03,68,BLK-01866,PENDING
REQ-003195,MT-003920,ENGINEERING,C04,2026-09-14,11:15,14:09,174,BLK-00394,REJECTED
REQ-003196,MT-003518,S&T,C19,2026-09-02,15:53,17:36,103,BLK-02966,APPROVED
REQ-003197,MT-000305,TRD,C08,2026-09-30,07:02,08:59,117,BLK-02854,PENDING
REQ-003198,MT-001430,ENGINEERING,C01,2026-09-02,04:27,06:03,96,BLK-01742,APPROVED
REQ-003199,MT-001594,S&T,C09,2026-09-29,07:52,09:14,82,BLK-01496,PENDING
REQ-003200,MT-002051,ENGINEERING,C11,2026-09-13,20:55,23:47,172,BLK-00494,PENDING
REQ-003201,MT-002795,TRD,C07,2026-09-20,17:39,19:54,135,BLK-01111,PENDING
REQ-003202,MT-000293,ENGINEERING,C10,2026-09-12,03:18,04:49,91,BLK-02425,APPROVED
REQ-003203,MT-002041,S&T,C17,2026-09-18,05:28,07:08,100,BLK-00468,PENDING
REQ-003204,MT-001906,S&T,C04,2026-09-25,05:30,07:44,134,BLK-02363,PENDING
REQ-003205,MT-000805,TRD,C20,2026-09-20,04:17,06:29,132,BLK-02110,PENDING
REQ-003206,MT-004338,TRD,C17,2026-09-02,17:44,19:17,93,BLK-00069,APPROVED
REQ-003207,MT-004271,TRD,C19,2026-09-14,11:15,12:56,101,BLK-00394,APPROVED
REQ-003208,MT-002964,TRD,C01,2026-09-19,17:42,19:25,103,BLK-02024,APPROVED
REQ-003209,MT-001063,S&T,C18,2026-09-17,20:42,22:38,116,BLK-01406,PENDING
REQ-003210,MT-004309,TRD,C12,2026-09-25,22:59,01:29,150,BLK-00410,PENDING
REQ-003211,MT-001714,ENGINEERING,C15,2026-09-13,18:55,21:25,150,BLK-01907,PENDING
REQ-003212,MT-003842,TRD,C19,2026-09-24,17:01,19:15,134,BLK-01641,REJECTED
REQ-003213,MT-003086,TRD,C09,2026-09-19,08:39,10:11,92,BLK-01486,REJECTED
REQ-003214,MT-002876,TRD,C15,2026-09-28,19:58,21:20,82,BLK-00338,APPROVED
REQ-003215,MT-000539,ENGINEERING,C06,2026-09-19,19:36,21:43,127,BLK-01633,PENDING
REQ-003216,MT-003372,S&T,C11,2026-09-05,10:28,12:42,134,BLK-00694,PENDING
REQ-003217,MT-002601,ENGINEERING,C01,2026-09-17,02:42,04:43,121,BLK-00817,APPROVED
REQ-003218,MT-004843,S&T,C13,2026-09-14,16:19,17:33,74,BLK-02146,APPROVED
REQ-003219,MT-003906,S&T,C20,2026-09-14,04:32,06:08,96,BLK-01820,APPROVED
REQ-003220,MT-003632,TRD,C08,2026-09-20,17:07,18:52,105,BLK-01535,PENDING
REQ-003221,MT-000920,TRD,C12,2026-09-16,07:56,10:21,145,BLK-00875,PENDING
REQ-003222,MT-000288,S&T,C17,2026-09-11,08:37,09:39,62,BLK-00437,REJECTED
REQ-003223,MT-003348,S&T,C09,2026-09-14,12:31,14:11,100,BLK-00551,REJECTED
REQ-003224,MT-001379,ENGINEERING,C11,2026-09-30,03:09,05:46,157,BLK-00427,PENDING
REQ-003225,MT-004530,S&T,C15,2026-09-08,20:36,22:30,114,BLK-02683,PENDING
REQ-003226,MT-004819,S&T,C10,2026-09-25,00:43,02:11,88,BLK-00886,PENDING
REQ-003227,MT-002059,S&T,C15,2026-09-01,12:14,13:46,92,BLK-01895,APPROVED
REQ-003228,MT-002759,ENGINEERING,C16,2026-09-06,17:04,18:48,104,BLK-02143,REJECTED
REQ-003229,MT-000515,TRD,C13,2026-09-03,19:58,21:16,78,BLK-00484,PENDING
REQ-003230,MT-004111,TRD,C01,2026-09-12,09:37,12:19,162,BLK-01394,REJECTED
REQ-003231,MT-003158,ENGINEERING,C14,2026-09-22,01:37,03:44,127,BLK-02120,APPROVED
REQ-003232,MT-004550,S&T,C08,2026-09-08,19:09,20:52,103,BLK-00449,APPROVED
REQ-003233,MT-000008,S&T,C01,2026-09-02,13:25,14:34,69,BLK-00017,PENDING
REQ-003234,MT-002913,ENGINEERING,C14,2026-09-09,09:36,11:13,97,BLK-00448,PENDING
REQ-003235,MT-002872,ENGINEERING,C03,2026-09-20,19:39,21:06,87,BLK-01574,APPROVED
REQ-003236,MT-003627,TRD,C17,2026-09-19,20:25,22:54,149,BLK-01414,APPROVED
REQ-003237,MT-004035,ENGINEERING,C06,2026-09-14,02:59,05:37,158,BLK-02735,PENDING
REQ-003238,MT-004348,S&T,C10,2026-09-03,01:40,02:52,72,BLK-01453,REJECTED
REQ-003239,MT-004668,TRD,C04,2026-09-01,23:38,00:46,68,BLK-01674,APPROVED
REQ-003240,MT-004750,ENGINEERING,C09,2026-09-27,22:07,23:38,91,BLK-02020,REJECTED
REQ-003241,MT-001391,ENGINEERING,C02,2026-09-06,02:26,04:01,95,BLK-01822,APPROVED
REQ-003242,MT-001185,S&T,C04,2026-09-02,07:20,08:36,76,BLK-00180,APPROVED
REQ-003243,MT-003229,ENGINEERING,C14,2026-09-22,21:54,23:40,106,BLK-00009,APPROVED
REQ-003244,MT-001608,TRD,C14,2026-09-05,10:49,11:51,62,BLK-02139,PENDING
REQ-003245,MT-000808,ENGINEERING,C10,2026-09-01,03:44,05:48,124,BLK-02294,APPROVED
REQ-003246,MT-004921,S&T,C07,2026-09-06,10:37,12:49,132,BLK-00879,REJECTED
REQ-003247,MT-001648,TRD,C14,2026-09-16,12:47,14:28,101,BLK-00313,PENDING
REQ-003248,MT-004435,TRD,C20,2026-09-20,16:36,17:55,79,BLK-02230,APPROVED
REQ-003249,MT-001831,S&T,C09,2026-09-19,20:33,22:39,126,BLK-00362,APPROVED
REQ-003250,MT-003554,ENGINEERING,C20,2026-09-30,15:37,18:25,168,BLK-00971,APPROVED
REQ-003251,MT-000180,TRD,C10,2026-09-29,01:04,04:03,179,BLK-02544,APPROVED
REQ-003252,MT-001356,TRD,C10,2026-09-22,02:49,04:16,87,BLK-02771,APPROVED
REQ-003253,MT-002169,S&T,C02,2026-09-13,07:56,09:53,117,BLK-02839,PENDING
REQ-003254,MT-004074,ENGINEERING,C17,2026-09-04,22:07,00:55,168,BLK-00032,PENDING
REQ-003255,MT-004177,ENGINEERING,C18,2026-09-24,11:26,13:53,147,BLK-02510,APPROVED
REQ-003256,MT-004166,TRD,C16,2026-09-19,21:50,23:53,123,BLK-02604,PENDING
REQ-003257,MT-001520,S&T,C12,2026-09-04,05:14,06:01,47,BLK-02033,APPROVED
REQ-003258,MT-000732,TRD,C14,2026-09-29,06:28,09:18,170,BLK-00538,APPROVED
REQ-003259,MT-000778,S&T,C09,2026-09-01,07:14,09:33,139,BLK-01494,PENDING
REQ-003260,MT-004897,ENGINEERING,C02,2026-09-23,18:45,20:13,88,BLK-00821,APPROVED
REQ-003261,MT-002006,TRD,C05,2026-09-13,20:53,00:39,226,BLK-00335,APPROVED
REQ-003262,MT-003384,ENGINEERING,C02,2026-09-18,06:28,09:12,164,BLK-00369,REJECTED
REQ-003263,MT-004266,ENGINEERING,C04,2026-09-04,23:33,00:51,78,BLK-00978,PENDING
REQ-003264,MT-002928,ENGINEERING,C14,2026-09-17,17:20,18:46,86,BLK-00136,PENDING
REQ-003265,MT-003347,TRD,C05,2026-09-02,08:57,11:32,155,BLK-00371,APPROVED
REQ-003266,MT-001349,S&T,C07,2026-09-05,15:59,18:24,145,BLK-00515,REJECTED
REQ-003267,MT-001787,ENGINEERING,C04,2026-09-19,20:33,23:34,181,BLK-01828,PENDING
REQ-003268,MT-002644,ENGINEERING,C01,2026-09-14,10:13,12:15,122,BLK-01230,PENDING
REQ-003269,MT-001178,TRD,C20,2026-09-09,12:04,13:39,95,BLK-01642,APPROVED
REQ-003270,MT-003512,S&T,C09,2026-09-28,00:33,02:26,113,BLK-02459,APPROVED
REQ-003271,MT-004084,ENGINEERING,C09,2026-09-04,11:34,12:47,73,BLK-02538,APPROVED
REQ-003272,MT-004916,TRD,C14,2026-09-16,13:49,15:14,85,BLK-01248,PENDING
REQ-003273,MT-001156,ENGINEERING,C18,2026-09-20,00:42,03:31,169,BLK-01988,REJECTED
REQ-003274,MT-004019,S&T,C06,2026-09-08,00:29,01:24,55,BLK-00627,PENDING
REQ-003275,MT-001146,ENGINEERING,C17,2026-09-14,04:44,06:43,119,BLK-00668,APPROVED
REQ-003276,MT-004241,ENGINEERING,C04,2026-09-11,14:49,16:04,75,BLK-02658,PENDING
REQ-003277,MT-002044,S&T,C15,2026-09-13,21:35,23:23,108,BLK-01879,REJECTED
REQ-003278,MT-000417,ENGINEERING,C04,2026-09-18,05:28,07:38,130,BLK-00468,PENDING
REQ-003279,MT-004506,ENGINEERING,C05,2026-09-03,07:13,09:05,112,BLK-01541,PENDING
REQ-003280,MT-001174,S&T,C09,2026-09-27,11:48,13:23,95,BLK-02779,PENDING
REQ-003281,MT-002693,S&T,C13,2026-09-12,07:11,09:04,113,BLK-01765,REJECTED
REQ-003282,MT-000644,S&T,C02,2026-09-06,06:17,08:26,129,BLK-00450,PENDING
REQ-003283,MT-000132,S&T,C20,2026-09-12,06:02,07:49,107,BLK-01537,PENDING
REQ-003284,MT-002076,ENGINEERING,C09,2026-09-29,10:24,11:48,84,BLK-01826,PENDING
REQ-003285,MT-002895,ENGINEERING,C05,2026-09-22,05:20,08:18,178,BLK-02186,APPROVED
REQ-003286,MT-003858,TRD,C05,2026-09-25,11:56,12:37,41,BLK-01511,PENDING
REQ-003287,MT-003168,S&T,C04,2026-09-22,22:52,00:58,126,BLK-02495,APPROVED
REQ-003288,MT-002325,ENGINEERING,C18,2026-09-09,01:27,03:36,129,BLK-00287,PENDING
REQ-003289,MT-003685,ENGINEERING,C01,2026-09-06,04:55,06:55,120,BLK-01074,PENDING
REQ-003290,MT-001619,ENGINEERING,C17,2026-09-14,02:14,03:35,81,BLK-00941,REJECTED
REQ-003291,MT-002744,ENGINEERING,C08,2026-09-04,14:38,15:48,70,BLK-01523,PENDING
REQ-003292,MT-001119,TRD,C16,2026-09-30,10:36,12:32,116,BLK-00996,APPROVED
REQ-003293,MT-003353,S&T,C06,2026-09-15,13:56,15:49,113,BLK-02559,PENDING
REQ-003294,MT-004153,TRD,C15,2026-09-19,08:22,09:40,78,BLK-02403,APPROVED
REQ-003295,MT-000254,TRD,C15,2026-09-26,06:55,09:09,134,BLK-02451,PENDING
REQ-003296,MT-001126,S&T,C09,2026-09-27,23:32,01:35,123,BLK-02923,REJECTED
REQ-003297,MT-002909,S&T,C05,2026-09-03,06:09,07:02,53,BLK-00050,PENDING
REQ-003298,MT-000932,ENGINEERING,C17,2026-09-04,04:20,05:42,82,BLK-00100,APPROVED
REQ-003299,MT-001097,ENGINEERING,C11,2026-09-10,14:24,17:21,177,BLK-01151,PENDING
REQ-003300,MT-000968,TRD,C02,2026-09-22,01:27,03:13,106,BLK-01132,PENDING
REQ-003301,MT-003038,TRD,C09,2026-09-13,14:39,16:48,129,BLK-01858,PENDING
REQ-003302,MT-000434,ENGINEERING,C20,2026-09-19,21:10,00:18,188,BLK-01012,APPROVED
REQ-003303,MT-004497,TRD,C09,2026-09-01,11:51,14:29,158,BLK-02345,APPROVED
REQ-003304,MT-004230,S&T,C11,2026-09-22,22:50,01:34,164,BLK-00942,REJECTED
REQ-003305,MT-004134,S&T,C11,2026-09-15,08:48,10:48,120,BLK-01938,PENDING
REQ-003306,MT-002542,S&T,C20,2026-09-20,07:59,09:54,115,BLK-01839,PENDING
REQ-003307,MT-002234,ENGINEERING,C13,2026-09-19,03:25,05:14,109,BLK-01894,APPROVED
REQ-003308,MT-002629,TRD,C18,2026-09-14,08:03,10:51,168,BLK-00195,APPROVED
REQ-003309,MT-003482,TRD,C08,2026-09-11,14:59,17:03,124,BLK-00478,PENDING
REQ-003310,MT-004069,ENGINEERING,C12,2026-09-08,07:48,09:21,93,BLK-01276,APPROVED
REQ-003311,MT-003682,S&T,C20,2026-09-03,04:53,06:41,108,BLK-00166,REJECTED
REQ-003312,MT-000035,TRD,C12,2026-09-22,05:10,06:08,58,BLK-01462,REJECTED
REQ-003313,MT-000881,ENGINEERING,C07,2026-09-28,08:09,09:43,94,BLK-01470,APPROVED
REQ-003314,MT-002814,TRD,C19,2026-09-09,19:16,21:16,120,BLK-02561,APPROVED
REQ-003315,MT-003361,TRD,C09,2026-09-04,00:31,01:56,85,BLK-01212,PENDING
REQ-003316,MT-003585,S&T,C07,2026-09-18,06:30,07:48,78,BLK-01729,REJECTED
REQ-003317,MT-001055,ENGINEERING,C12,2026-09-16,07:19,09:59,160,BLK-02346,REJECTED
REQ-003318,MT-002758,S&T,C19,2026-09-27,16:47,18:08,81,BLK-01396,APPROVED
REQ-003319,MT-002835,ENGINEERING,C14,2026-09-02,20:59,22:48,109,BLK-02164,PENDING
REQ-003320,MT-001527,ENGINEERING,C20,2026-09-03,04:11,06:21,130,BLK-01252,PENDING
REQ-003321,MT-004077,ENGINEERING,C04,2026-09-26,21:26,23:33,127,BLK-00939,REJECTED
REQ-003322,MT-004023,ENGINEERING,C10,2026-09-26,21:38,00:25,167,BLK-01361,PENDING
REQ-003323,MT-002738,ENGINEERING,C18,2026-09-16,14:31,16:10,99,BLK-00498,REJECTED
REQ-003324,MT-001921,S&T,C03,2026-09-29,16:26,19:01,155,BLK-01039,PENDING
REQ-003325,MT-003117,ENGINEERING,C01,2026-09-23,17:45,20:30,165,BLK-00830,REJECTED
REQ-003326,MT-000167,TRD,C18,2026-09-13,22:09,23:51,102,BLK-00331,APPROVED
REQ-003327,MT-003483,ENGINEERING,C02,2026-09-18,03:36,05:48,132,BLK-00063,REJECTED
REQ-003328,MT-000466,S&T,C11,2026-09-20,17:07,19:43,156,BLK-01535,APPROVED
REQ-003329,MT-002727,TRD,C08,2026-09-06,05:04,07:42,158,BLK-01873,APPROVED
REQ-003330,MT-004628,ENGINEERING,C10,2026-09-03,01:53,03:30,97,BLK-02721,APPROVED
REQ-003331,MT-003626,ENGINEERING,C17,2026-09-21,09:32,11:42,130,BLK-02890,APPROVED
REQ-003332,MT-003618,TRD,C12,2026-09-09,19:55,22:57,182,BLK-01445,REJECTED
REQ-003333,MT-004122,ENGINEERING,C14,2026-09-15,15:41,18:14,153,BLK-02044,PENDING
REQ-003334,MT-000711,ENGINEERING,C02,2026-09-26,13:32,15:21,109,BLK-00301,APPROVED
REQ-003335,MT-003914,S&T,C04,2026-09-25,12:09,14:31,142,BLK-02541,PENDING
REQ-003336,MT-002995,ENGINEERING,C10,2026-09-18,05:19,06:36,77,BLK-01282,APPROVED
REQ-003337,MT-002547,S&T,C19,2026-09-14,02:47,05:01,134,BLK-00045,APPROVED
REQ-003338,MT-003260,ENGINEERING,C20,2026-09-19,04:53,07:36,163,BLK-00234,PENDING
REQ-003339,MT-004228,ENGINEERING,C06,2026-09-09,01:59,03:27,88,BLK-00834,APPROVED
REQ-003340,MT-000687,TRD,C15,2026-09-03,11:49,13:18,89,BLK-01974,PENDING
REQ-003341,MT-003993,ENGINEERING,C13,2026-09-28,03:46,05:47,121,BLK-02507,APPROVED
REQ-003342,MT-001564,TRD,C13,2026-09-25,22:13,01:03,170,BLK-02984,PENDING
REQ-003343,MT-002220,S&T,C10,2026-09-18,14:36,16:06,90,BLK-00376,PENDING
REQ-003344,MT-003808,TRD,C18,2026-09-01,00:57,02:26,89,BLK-02767,REJECTED
REQ-003345,MT-000735,TRD,C09,2026-09-01,03:29,05:10,101,BLK-02087,APPROVED
REQ-003346,MT-002617,S&T,C14,2026-09-28,04:39,06:33,114,BLK-02833,PENDING
REQ-003347,MT-003261,S&T,C18,2026-09-18,12:45,14:04,79,BLK-00947,APPROVED
REQ-003348,MT-002276,TRD,C12,2026-09-03,06:22,07:42,80,BLK-01563,APPROVED
REQ-003349,MT-001134,S&T,C18,2026-09-05,07:40,10:20,160,BLK-00382,PENDING
REQ-003350,MT-002973,ENGINEERING,C02,2026-09-19,11:42,14:50,188,BLK-02703,APPROVED
REQ-003351,MT-003325,ENGINEERING,C05,2026-09-10,06:55,08:55,120,BLK-00755,APPROVED
REQ-003352,MT-002618,TRD,C03,2026-09-05,03:16,05:10,114,BLK-02484,APPROVED
REQ-003353,MT-003441,S&T,C13,2026-09-27,06:30,08:34,124,BLK-00358,REJECTED
REQ-003354,MT-000776,TRD,C17,2026-09-24,15:37,18:33,176,BLK-01359,PENDING
REQ-003355,MT-002154,TRD,C15,2026-09-15,21:15,23:08,113,BLK-02401,PENDING
REQ-003356,MT-004046,S&T,C01,2026-09-06,02:29,04:13,104,BLK-01202,APPROVED
REQ-003357,MT-002900,S&T,C12,2026-09-26,19:21,20:48,87,BLK-01580,APPROVED
REQ-003358,MT-004032,ENGINEERING,C08,2026-09-09,21:48,23:40,112,BLK-01328,PENDING
REQ-003359,MT-001336,ENGINEERING,C05,2026-09-06,11:48,13:27,99,BLK-00237,APPROVED
REQ-003360,MT-003015,ENGINEERING,C14,2026-09-26,19:59,21:14,75,BLK-02586,PENDING
REQ-003361,MT-004047,ENGINEERING,C18,2026-09-10,13:01,14:45,104,BLK-00882,APPROVED
REQ-003362,MT-003056,TRD,C10,2026-09-23,06:38,09:16,158,BLK-00760,PENDING
REQ-003363,MT-002354,S&T,C07,2026-09-14,05:25,07:22,117,BLK-00841,APPROVED
REQ-003364,MT-003576,S&T,C11,2026-09-27,10:00,11:16,76,BLK-02388,APPROVED
REQ-003365,MT-000360,S&T,C12,2026-09-28,22:42,00:05,83,BLK-00946,PENDING
REQ-003366,MT-004570,ENGINEERING,C13,2026-09-12,16:15,17:44,89,BLK-01047,APPROVED
REQ-003367,MT-002010,ENGINEERING,C01,2026-09-27,07:05,08:49,104,BLK-01442,APPROVED
REQ-003368,MT-002776,S&T,C12,2026-09-02,19:49,21:32,103,BLK-02378,PENDING
REQ-003369,MT-003861,ENGINEERING,C04,2026-09-02,22:11,00:23,132,BLK-00489,PENDING
REQ-003370,MT-000240,ENGINEERING,C12,2026-09-07,23:48,01:11,83,BLK-02357,APPROVED
REQ-003371,MT-004171,ENGINEERING,C18,2026-09-01,20:16,21:52,96,BLK-00375,APPROVED
REQ-003372,MT-001995,ENGINEERING,C06,2026-09-08,09:26,10:47,81,BLK-00992,REJECTED
REQ-003373,MT-002176,S&T,C05,2026-09-09,23:05,01:32,147,BLK-02319,REJECTED
REQ-003374,MT-001452,S&T,C18,2026-09-29,17:45,19:52,127,BLK-00513,PENDING
REQ-003375,MT-000154,TRD,C05,2026-09-20,06:49,09:14,145,BLK-02149,APPROVED
REQ-003376,MT-004887,S&T,C17,2026-09-21,12:46,13:49,63,BLK-01677,APPROVED
REQ-003377,MT-002211,S&T,C03,2026-09-05,15:26,17:55,149,BLK-01702,PENDING
REQ-003378,MT-004175,TRD,C03,2026-09-22,08:25,09:37,72,BLK-00700,PENDING
REQ-003379,MT-001845,S&T,C13,2026-09-14,17:27,18:43,76,BLK-01692,PENDING
REQ-003380,MT-004893,ENGINEERING,C06,2026-09-20,16:36,18:29,113,BLK-02230,PENDING
REQ-003381,MT-002385,TRD,C17,2026-09-22,10:12,11:51,99,BLK-00504,APPROVED
REQ-003382,MT-004700,ENGINEERING,C13,2026-09-26,07:42,09:15,93,BLK-02549,APPROVED
REQ-003383,MT-003901,TRD,C15,2026-09-25,10:14,11:30,76,BLK-02216,PENDING
REQ-003384,MT-001566,ENGINEERING,C01,2026-09-25,05:30,08:41,191,BLK-02363,APPROVED
REQ-003385,MT-001545,TRD,C13,2026-09-28,09:21,11:45,144,BLK-01941,PENDING
REQ-003386,MT-003424,S&T,C11,2026-09-03,04:24,06:49,145,BLK-01936,PENDING
REQ-003387,MT-000175,ENGINEERING,C13,2026-09-17,16:52,19:20,148,BLK-02128,APPROVED
REQ-003388,MT-000990,TRD,C04,2026-09-23,14:50,17:56,186,BLK-01156,APPROVED
REQ-003389,MT-000014,TRD,C03,2026-09-08,06:55,09:37,162,BLK-01794,APPROVED
REQ-003390,MT-004612,ENGINEERING,C13,2026-09-25,00:07,01:55,108,BLK-02941,APPROVED
REQ-003391,MT-003694,ENGINEERING,C09,2026-09-30,00:57,03:48,171,BLK-01123,PENDING
REQ-003392,MT-002720,S&T,C08,2026-09-28,03:11,04:49,98,BLK-02723,PENDING
REQ-003393,MT-001399,S&T,C10,2026-09-01,22:49,00:16,87,BLK-01447,APPROVED
REQ-003394,MT-001504,ENGINEERING,C16,2026-09-04,07:21,10:09,168,BLK-00877,APPROVED
REQ-003395,MT-001046,TRD,C10,2026-09-13,18:51,20:55,124,BLK-00420,APPROVED
REQ-003396,MT-001240,TRD,C13,2026-09-20,13:16,14:32,76,BLK-00253,APPROVED
REQ-003397,MT-001199,S&T,C18,2026-09-02,16:11,17:54,103,BLK-02220,APPROVED
REQ-003398,MT-000693,S&T,C05,2026-09-25,21:19,22:35,76,BLK-00669,PENDING
REQ-003399,MT-003424,S&T,C11,2026-09-30,23:58,02:06,128,BLK-02986,REJECTED
REQ-003400,MT-000547,ENGINEERING,C08,2026-09-23,23:15,02:00,165,BLK-00472,REJECTED
REQ-003401,MT-001402,ENGINEERING,C13,2026-09-06,21:04,23:44,160,BLK-02202,APPROVED
REQ-003402,MT-000371,TRD,C08,2026-09-15,12:26,15:08,162,BLK-02354,PENDING
REQ-003403,MT-003177,ENGINEERING,C02,2026-09-17,01:34,04:18,164,BLK-01966,PENDING
REQ-003404,MT-002500,S&T,C08,2026-09-14,20:50,21:42,52,BLK-00615,REJECTED
REQ-003405,MT-001552,TRD,C10,2026-09-19,04:15,05:53,98,BLK-00403,REJECTED
REQ-003406,MT-003719,ENGINEERING,C08,2026-09-19,08:22,10:46,144,BLK-02403,APPROVED
REQ-003407,MT-000837,TRD,C09,2026-09-25,00:43,02:28,105,BLK-00886,PENDING
REQ-003408,MT-001402,ENGINEERING,C13,2026-09-11,18:09,20:48,159,BLK-00507,REJECTED
REQ-003409,MT-000196,TRD,C10,2026-09-22,05:40,06:32,52,BLK-02085,PENDING
REQ-003410,MT-002264,S&T,C08,2026-09-29,05:08,06:58,110,BLK-02602,PENDING
REQ-003411,MT-003695,TRD,C03,2026-09-23,04:00,05:27,87,BLK-01933,REJECTED
REQ-003412,MT-001017,S&T,C15,2026-09-01,15:06,16:24,78,BLK-01815,PENDING
REQ-003413,MT-004023,ENGINEERING,C10,2026-09-27,10:40,13:23,163,BLK-01196,APPROVED
REQ-003414,MT-004940,TRD,C12,2026-09-18,23:11,01:00,109,BLK-01184,REJECTED
REQ-003415,MT-000748,ENGINEERING,C01,2026-09-08,11:43,14:18,155,BLK-02828,PENDING
REQ-003416,MT-003908,S&T,C13,2026-09-11,05:35,07:52,137,BLK-00979,PENDING
REQ-003417,MT-001255,TRD,C08,2026-09-19,08:09,09:26,77,BLK-01372,APPROVED
REQ-003418,MT-004804,TRD,C13,2026-09-18,05:28,08:25,177,BLK-00468,PENDING
REQ-003419,MT-001543,S&T,C15,2026-09-27,13:03,15:01,118,BLK-00866,PENDING
REQ-003420,MT-002940,TRD,C07,2026-09-28,19:20,21:33,133,BLK-01358,APPROVED
REQ-003421,MT-002184,ENGINEERING,C10,2026-09-29,16:10,17:06,56,BLK-00497,PENDING
REQ-003422,MT-001590,TRD,C03,2026-09-08,11:31,12:48,77,BLK-00860,PENDING
REQ-003423,MT-004466,S&T,C18,2026-09-06,17:25,19:00,95,BLK-00074,APPROVED
REQ-003424,MT-004930,TRD,C16,2026-09-14,04:44,07:04,140,BLK-00668,APPROVED
REQ-003425,MT-004796,ENGINEERING,C10,2026-09-27,13:03,14:59,116,BLK-00117,PENDING
REQ-003426,MT-003708,TRD,C09,2026-09-20,08:38,11:07,149,BLK-02578,APPROVED
REQ-003427,MT-000025,TRD,C03,2026-09-02,19:57,21:30,93,BLK-01947,REJECTED
REQ-003428,MT-000614,TRD,C12,2026-09-08,10:04,11:26,82,BLK-01422,APPROVED
REQ-003429,MT-000680,ENGINEERING,C03,2026-09-22,21:43,23:57,134,BLK-01980,APPROVED
REQ-003430,MT-004994,ENGINEERING,C16,2026-09-13,11:51,13:57,126,BLK-01611,APPROVED
REQ-003431,MT-000494,TRD,C01,2026-09-09,19:16,21:39,143,BLK-02561,PENDING
REQ-003432,MT-003551,S&T,C15,2026-09-22,18:24,19:25,61,BLK-01069,PENDING
REQ-003433,MT-002885,S&T,C04,2026-09-03,15:28,17:31,123,BLK-00687,PENDING
REQ-003434,MT-000502,S&T,C11,2026-09-03,06:00,07:43,103,BLK-02794,REJECTED
REQ-003435,MT-000416,TRD,C09,2026-09-06,08:39,09:44,65,BLK-02402,PENDING
REQ-003436,MT-000594,TRD,C16,2026-09-27,04:52,07:00,128,BLK-02851,PENDING
REQ-003437,MT-003715,ENGINEERING,C01,2026-09-17,17:58,19:16,78,BLK-00580,PENDING
REQ-003438,MT-003482,TRD,C08,2026-09-26,02:34,05:01,147,BLK-02812,PENDING
REQ-003439,MT-004020,S&T,C01,2026-09-24,06:46,08:29,103,BLK-02692,REJECTED
REQ-003440,MT-002792,S&T,C15,2026-09-13,01:45,03:35,110,BLK-00707,APPROVED
REQ-003441,MT-000088,TRD,C15,2026-09-18,12:45,15:00,135,BLK-00947,APPROVED
REQ-003442,MT-003975,S&T,C20,2026-09-20,12:25,13:42,77,BLK-00890,PENDING
REQ-003443,MT-001889,TRD,C13,2026-09-19,19:36,21:30,114,BLK-01633,PENDING
REQ-003444,MT-003855,TRD,C10,2026-09-04,19:26,20:30,64,BLK-00634,APPROVED
REQ-003445,MT-001025,S&T,C16,2026-09-01,07:14,08:54,100,BLK-01494,PENDING
REQ-003446,MT-001215,ENGINEERING,C10,2026-09-10,22:17,00:31,134,BLK-02168,APPROVED
REQ-003447,MT-000293,ENGINEERING,C10,2026-09-05,00:06,02:03,117,BLK-02576,PENDING
REQ-003448,MT-002620,TRD,C12,2026-09-21,19:04,19:49,45,BLK-01876,APPROVED
REQ-003449,MT-000605,S&T,C09,2026-09-19,10:49,12:41,112,BLK-02191,APPROVED
REQ-003450,MT-002525,TRD,C12,2026-09-21,21:25,23:58,153,BLK-01705,APPROVED
REQ-003451,MT-000891,S&T,C12,2026-09-03,20:49,22:53,124,BLK-00467,APPROVED
REQ-003452,MT-000723,TRD,C03,2026-09-24,06:31,08:01,90,BLK-00943,PENDING
REQ-003453,MT-004540,TRD,C13,2026-09-26,00:04,01:57,113,BLK-02980,PENDING
REQ-003454,MT-004472,ENGINEERING,C19,2026-09-11,04:54,06:24,90,BLK-02937,PENDING
REQ-003455,MT-003941,TRD,C05,2026-09-05,15:59,17:56,117,BLK-00515,REJECTED
REQ-003456,MT-000015,S&T,C19,2026-09-14,01:48,03:49,121,BLK-00160,PENDING
REQ-003457,MT-001512,TRD,C02,2026-09-26,18:11,19:20,69,BLK-00647,PENDING
REQ-003458,MT-000796,ENGINEERING,C20,2026-09-29,04:34,06:29,115,BLK-01727,REJECTED
REQ-003459,MT-004826,ENGINEERING,C06,2026-09-27,11:04,13:48,164,BLK-01868,APPROVED
REQ-003460,MT-003082,ENGINEERING,C12,2026-09-17,20:56,22:41,105,BLK-01164,APPROVED
REQ-003461,MT-000446,ENGINEERING,C20,2026-09-25,10:07,11:15,68,BLK-01004,PENDING
REQ-003462,MT-001397,TRD,C05,2026-09-12,01:39,03:37,118,BLK-01460,PENDING
REQ-003463,MT-004656,TRD,C18,2026-09-24,06:41,08:11,90,BLK-01344,APPROVED
REQ-003464,MT-000922,TRD,C12,2026-09-07,18:44,19:48,64,BLK-01812,REJECTED
REQ-003465,MT-004372,ENGINEERING,C18,2026-09-04,06:58,08:51,113,BLK-01836,APPROVED
REQ-003466,MT-004016,TRD,C03,2026-09-15,00:18,02:39,141,BLK-02349,PENDING
REQ-003467,MT-002302,ENGINEERING,C15,2026-09-02,06:30,07:54,84,BLK-00400,APPROVED
REQ-003468,MT-004479,ENGINEERING,C17,2026-09-03,07:59,09:44,105,BLK-02677,PENDING
REQ-003469,MT-000862,S&T,C18,2026-09-27,09:10,10:51,101,BLK-00648,APPROVED
REQ-003470,MT-003876,ENGINEERING,C05,2026-09-03,13:10,14:09,59,BLK-01320,REJECTED
REQ-003471,MT-004982,ENGINEERING,C10,2026-09-17,13:42,15:50,128,BLK-02428,PENDING
REQ-003472,MT-000558,TRD,C17,2026-09-06,02:38,03:53,75,BLK-01490,APPROVED
REQ-003473,MT-001377,ENGINEERING,C20,2026-09-05,02:41,04:06,85,BLK-02455,REJECTED
REQ-003474,MT-002421,S&T,C09,2026-09-05,10:49,12:12,83,BLK-02139,PENDING
REQ-003475,MT-001900,ENGINEERING,C16,2026-09-14,04:32,06:33,121,BLK-01820,APPROVED
REQ-003476,MT-004002,S&T,C15,2026-09-06,14:25,17:01,156,BLK-00612,PENDING
REQ-003477,MT-000963,TRD,C02,2026-09-22,13:02,15:10,128,BLK-01070,PENDING
REQ-003478,MT-003142,ENGINEERING,C12,2026-09-03,21:18,23:50,152,BLK-00913,PENDING
REQ-003479,MT-001615,TRD,C04,2026-09-05,22:36,00:18,102,BLK-01108,APPROVED
REQ-003480,MT-002111,ENGINEERING,C06,2026-09-19,17:30,19:32,122,BLK-01112,PENDING
REQ-003481,MT-001597,TRD,C11,2026-09-03,03:22,04:16,54,BLK-00141,REJECTED
REQ-003482,MT-002347,ENGINEERING,C10,2026-09-02,19:12,20:48,96,BLK-02157,PENDING
REQ-003483,MT-002889,TRD,C15,2026-09-01,18:25,20:06,101,BLK-01977,PENDING
REQ-003484,MT-002038,ENGINEERING,C02,2026-09-10,11:40,14:33,173,BLK-01443,PENDING
REQ-003485,MT-001080,ENGINEERING,C02,2026-09-25,08:55,11:42,167,BLK-01326,PENDING
REQ-003486,MT-000793,ENGINEERING,C09,2026-09-16,12:47,15:27,160,BLK-00313,APPROVED
REQ-003487,MT-003264,S&T,C05,2026-09-01,10:15,12:16,121,BLK-01524,REJECTED
REQ-003488,MT-004571,S&T,C12,2026-09-13,12:15,13:46,91,BLK-02933,APPROVED
REQ-003489,MT-002647,TRD,C06,2026-09-22,16:33,18:22,109,BLK-01062,PENDING
REQ-003490,MT-002275,S&T,C05,2026-09-02,21:21,23:07,106,BLK-01020,PENDING
REQ-003491,MT-001725,S&T,C01,2026-09-14,02:17,03:59,102,BLK-00143,REJECTED
REQ-003492,MT-004621,ENGINEERING,C09,2026-09-08,13:47,15:49,122,BLK-00455,APPROVED
REQ-003493,MT-001001,TRD,C02,2026-09-19,02:33,04:50,137,BLK-01427,PENDING
REQ-003494,MT-004366,ENGINEERING,C10,2026-09-01,11:54,13:44,110,BLK-00391,APPROVED
REQ-003495,MT-004178,S&T,C03,2026-09-22,22:52,00:06,74,BLK-02495,APPROVED
REQ-003496,MT-003659,S&T,C08,2026-09-05,02:45,04:49,124,BLK-02337,APPROVED
REQ-003497,MT-004080,S&T,C01,2026-09-08,03:56,05:09,73,BLK-00079,PENDING
REQ-003498,MT-003175,TRD,C08,2026-09-26,02:56,04:33,97,BLK-00210,PENDING
REQ-003499,MT-002575,TRD,C17,2026-09-15,09:44,11:26,102,BLK-02241,PENDING
REQ-003500,MT-002997,TRD,C09,2026-09-23,10:43,12:42,119,BLK-00546,PENDING
REQ-003501,MT-000728,S&T,C08,2026-09-21,12:43,14:32,109,BLK-00393,REJECTED
REQ-003502,MT-000045,TRD,C18,2026-09-23,08:48,10:03,75,BLK-02499,APPROVED
REQ-003503,MT-003226,TRD,C03,2026-09-20,01:04,03:50,166,BLK-00517,APPROVED
REQ-003504,MT-004347,ENGINEERING,C13,2026-09-15,22:43,23:38,55,BLK-02982,APPROVED
REQ-003505,MT-000500,S&T,C06,2026-09-30,10:19,10:50,31,BLK-02630,APPROVED
REQ-003506,MT-000116,ENGINEERING,C05,2026-09-19,22:28,00:02,94,BLK-01851,APPROVED
REQ-003507,MT-002757,ENGINEERING,C10,2026-09-07,15:08,17:03,115,BLK-01237,APPROVED
REQ-003508,MT-001806,TRD,C09,2026-09-11,03:29,05:26,117,BLK-00566,APPROVED
REQ-003509,MT-000110,ENGINEERING,C17,2026-09-24,16:40,18:36,116,BLK-00031,PENDING
REQ-003510,MT-002853,S&T,C15,2026-09-27,22:34,00:18,104,BLK-01954,PENDING
REQ-003511,MT-003229,ENGINEERING,C14,2026-09-17,13:42,15:16,94,BLK-02428,APPROVED
REQ-003512,MT-004285,TRD,C17,2026-09-28,21:38,00:18,160,BLK-01421,PENDING
REQ-003513,MT-002186,ENGINEERING,C19,2026-09-27,10:16,11:34,78,BLK-00880,APPROVED
REQ-003514,MT-002758,S&T,C19,2026-09-06,06:53,08:26,93,BLK-01589,PENDING
REQ-003515,MT-000391,ENGINEERING,C04,2026-09-22,10:54,11:54,60,BLK-02462,APPROVED
REQ-003516,MT-000041,S&T,C02,2026-09-11,01:10,03:23,133,BLK-00302,PENDING
REQ-003517,MT-000634,ENGINEERING,C20,2026-09-17,00:29,03:04,155,BLK-01878,PENDING
REQ-003518,MT-001689,TRD,C05,2026-09-20,07:17,08:36,79,BLK-01807,PENDING
REQ-003519,MT-000548,S&T,C19,2026-09-12,04:24,05:36,72,BLK-02320,APPROVED
REQ-003520,MT-001135,S&T,C20,2026-09-18,11:08,13:35,147,BLK-01562,PENDING
REQ-003521,MT-001574,TRD,C18,2026-09-10,02:25,04:41,136,BLK-02210,APPROVED
REQ-003522,MT-003339,S&T,C06,2026-09-02,08:56,11:30,154,BLK-00530,APPROVED
REQ-003523,MT-002294,ENGINEERING,C03,2026-09-14,10:59,13:50,171,BLK-02653,REJECTED
REQ-003524,MT-000309,ENGINEERING,C04,2026-09-10,05:48,08:08,140,BLK-02739,APPROVED
REQ-003525,MT-001372,ENGINEERING,C10,2026-09-15,12:26,15:16,170,BLK-02354,APPROVED
REQ-003526,MT-003576,S&T,C11,2026-09-29,19:36,20:59,83,BLK-02036,PENDING
REQ-003527,MT-001109,TRD,C08,2026-09-21,15:42,17:51,129,BLK-02595,PENDING
REQ-003528,MT-002806,ENGINEERING,C04,2026-09-02,17:21,19:26,125,BLK-02002,REJECTED
REQ-003529,MT-001332,S&T,C09,2026-09-09,18:31,20:53,142,BLK-01715,APPROVED
REQ-003530,MT-000877,ENGINEERING,C01,2026-09-19,03:49,07:15,206,BLK-02777,PENDING
REQ-003531,MT-003754,TRD,C14,2026-09-11,17:03,18:03,60,BLK-01386,PENDING
REQ-003532,MT-002469,S&T,C09,2026-09-23,07:36,09:38,122,BLK-01243,APPROVED
REQ-003533,MT-000770,ENGINEERING,C11,2026-09-13,17:25,18:13,48,BLK-02539,REJECTED
REQ-003534,MT-001922,S&T,C04,2026-09-15,02:22,04:07,105,BLK-00377,APPROVED
REQ-003535,MT-004724,ENGINEERING,C09,2026-09-18,07:31,09:10,99,BLK-02814,PENDING
REQ-003536,MT-004759,S&T,C05,2026-09-06,09:09,10:58,109,BLK-01472,APPROVED
REQ-003537,MT-002495,ENGINEERING,C07,2026-09-01,05:41,06:55,74,BLK-01768,REJECTED
REQ-003538,MT-003160,TRD,C09,2026-09-18,03:36,05:08,92,BLK-00063,APPROVED
REQ-003539,MT-001812,ENGINEERING,C09,2026-09-19,14:25,15:55,90,BLK-00933,APPROVED
REQ-003540,MT-002740,S&T,C11,2026-09-14,22:30,23:48,78,BLK-00083,PENDING
REQ-003541,MT-003791,TRD,C09,2026-09-09,19:16,21:19,123,BLK-02561,PENDING
REQ-003542,MT-002982,ENGINEERING,C03,2026-09-11,15:35,17:07,92,BLK-00038,PENDING
REQ-003543,MT-002673,TRD,C12,2026-09-15,03:45,06:08,143,BLK-01636,APPROVED
REQ-003544,MT-001383,ENGINEERING,C15,2026-09-12,23:42,01:49,127,BLK-02064,APPROVED
REQ-003545,MT-000114,TRD,C18,2026-09-17,09:47,11:12,85,BLK-01149,APPROVED
REQ-003546,MT-004136,TRD,C09,2026-09-06,03:20,04:21,61,BLK-02926,APPROVED
REQ-003547,MT-004788,ENGINEERING,C20,2026-09-10,17:10,19:03,113,BLK-00311,PENDING
REQ-003548,MT-003462,TRD,C06,2026-09-23,09:06,10:24,78,BLK-00682,PENDING
REQ-003549,MT-004983,ENGINEERING,C14,2026-09-29,21:55,00:48,173,BLK-02648,APPROVED
REQ-003550,MT-000118,ENGINEERING,C01,2026-09-06,04:57,06:48,111,BLK-02829,PENDING
REQ-003551,MT-000064,ENGINEERING,C10,2026-09-18,17:03,19:43,160,BLK-01128,APPROVED
REQ-003552,MT-004764,ENGINEERING,C04,2026-09-30,12:28,14:43,135,BLK-02551,APPROVED
REQ-003553,MT-002039,ENGINEERING,C14,2026-09-13,14:39,16:28,109,BLK-01858,PENDING
REQ-003554,MT-000494,TRD,C01,2026-09-11,18:11,20:25,134,BLK-01591,PENDING
REQ-003555,MT-004987,S&T,C10,2026-09-26,15:27,16:41,74,BLK-02994,PENDING
REQ-003556,MT-003455,TRD,C09,2026-09-26,04:40,05:56,76,BLK-00006,REJECTED
REQ-003557,MT-001596,S&T,C05,2026-09-18,13:33,16:14,161,BLK-01398,PENDING
REQ-003558,MT-003787,S&T,C15,2026-09-09,18:29,20:50,141,BLK-01997,PENDING
REQ-003559,MT-004766,S&T,C20,2026-09-30,12:28,14:10,102,BLK-02551,PENDING
REQ-003560,MT-000509,S&T,C15,2026-09-25,16:07,17:53,106,BLK-00980,APPROVED
REQ-003561,MT-000324,ENGINEERING,C13,2026-09-26,02:56,05:28,152,BLK-00210,PENDING
REQ-003562,MT-000900,S&T,C01,2026-09-06,11:32,13:34,122,BLK-01856,PENDING
REQ-003563,MT-000052,ENGINEERING,C07,2026-09-18,14:07,15:03,56,BLK-02638,APPROVED
REQ-003564,MT-004461,ENGINEERING,C15,2026-09-10,16:02,18:39,157,BLK-01213,PENDING
REQ-003565,MT-004049,S&T,C04,2026-09-28,01:13,02:36,83,BLK-02774,REJECTED
REQ-003566,MT-001915,ENGINEERING,C05,2026-09-18,12:32,15:27,175,BLK-00856,PENDING
REQ-003567,MT-003912,TRD,C09,2026-09-19,04:44,06:41,117,BLK-01693,PENDING
REQ-003568,MT-003826,S&T,C08,2026-09-28,20:00,21:32,92,BLK-00174,APPROVED
REQ-003569,MT-000226,TRD,C18,2026-09-11,13:46,15:19,93,BLK-01711,APPROVED
REQ-003570,MT-003550,ENGINEERING,C11,2026-09-02,09:03,10:08,65,BLK-02156,PENDING
REQ-003571,MT-003978,ENGINEERING,C15,2026-09-08,07:56,08:30,34,BLK-02026,APPROVED
REQ-003572,MT-004706,TRD,C03,2026-09-28,15:24,17:11,107,BLK-00475,PENDING
REQ-003573,MT-002621,ENGINEERING,C06,2026-09-04,08:23,09:56,93,BLK-02625,APPROVED
REQ-003574,MT-004721,ENGINEERING,C17,2026-09-11,09:35,11:33,118,BLK-00743,APPROVED
REQ-003575,MT-002298,TRD,C02,2026-09-23,17:38,18:43,65,BLK-02832,APPROVED
REQ-003576,MT-004734,TRD,C05,2026-09-02,09:38,10:43,65,BLK-00826,PENDING
REQ-003577,MT-000315,S&T,C15,2026-09-20,06:49,08:56,127,BLK-02149,PENDING
REQ-003578,MT-002893,ENGINEERING,C05,2026-09-16,17:04,18:33,89,BLK-02969,PENDING
REQ-003579,MT-001214,S&T,C17,2026-09-11,02:15,04:41,146,BLK-00104,REJECTED
REQ-003580,MT-003145,ENGINEERING,C14,2026-09-18,09:25,11:31,126,BLK-01970,PENDING
REQ-003581,MT-004391,ENGINEERING,C04,2026-09-02,23:20,00:24,64,BLK-01848,REJECTED
REQ-003582,MT-004432,ENGINEERING,C04,2026-09-25,13:40,14:51,71,BLK-02109,APPROVED
REQ-003583,MT-002906,S&T,C04,2026-09-20,01:37,03:29,112,BLK-02570,REJECTED
REQ-003584,MT-003175,TRD,C08,2026-09-17,16:58,18:49,111,BLK-01114,PENDING
REQ-003585,MT-001588,TRD,C15,2026-09-13,21:26,00:10,164,BLK-00389,PENDING
REQ-003586,MT-004754,S&T,C20,2026-09-13,11:51,13:03,72,BLK-01611,PENDING
REQ-003587,MT-004889,S&T,C03,2026-09-29,22:20,00:59,159,BLK-00836,PENDING
REQ-003588,MT-000969,ENGINEERING,C07,2026-09-15,15:30,16:37,67,BLK-02909,REJECTED
REQ-003589,MT-002535,TRD,C12,2026-09-23,08:15,09:51,96,BLK-00676,PENDING
REQ-003590,MT-003708,TRD,C09,2026-09-30,11:25,13:22,117,BLK-00388,APPROVED
REQ-003591,MT-001687,S&T,C19,2026-09-11,09:32,11:41,129,BLK-02776,APPROVED
REQ-003592,MT-003576,S&T,C11,2026-09-25,17:03,18:16,73,BLK-02621,PENDING
REQ-003593,MT-003971,S&T,C07,2026-09-19,20:31,23:23,172,BLK-00359,PENDING
REQ-003594,MT-004711,S&T,C19,2026-09-30,16:34,18:17,103,BLK-00131,APPROVED
REQ-003595,MT-002221,ENGINEERING,C11,2026-09-23,03:46,05:35,109,BLK-02474,PENDING
REQ-003596,MT-003440,TRD,C15,2026-09-08,00:15,01:59,104,BLK-02322,REJECTED
REQ-003597,MT-000123,TRD,C13,2026-09-07,15:56,17:29,93,BLK-02407,APPROVED
REQ-003598,MT-000276,S&T,C09,2026-09-24,02:18,03:42,84,BLK-01943,APPROVED
REQ-003599,MT-001462,TRD,C06,2026-09-24,08:54,11:44,170,BLK-02134,APPROVED
REQ-003600,MT-003903,S&T,C13,2026-09-17,20:55,22:39,104,BLK-02452,PENDING
REQ-003601,MT-003622,ENGINEERING,C14,2026-09-28,06:17,07:27,70,BLK-02804,PENDING
REQ-003602,MT-003869,TRD,C07,2026-09-23,07:36,09:14,98,BLK-01243,PENDING
REQ-003603,MT-003258,TRD,C13,2026-09-04,19:47,22:31,164,BLK-00269,PENDING
REQ-003604,MT-003461,S&T,C15,2026-09-27,14:06,16:36,150,BLK-02315,PENDING
REQ-003605,MT-002895,ENGINEERING,C05,2026-09-05,07:49,10:14,145,BLK-02868,PENDING
REQ-003606,MT-004625,S&T,C20,2026-09-11,00:01,01:45,104,BLK-01869,PENDING
REQ-003607,MT-002412,TRD,C09,2026-09-04,11:26,13:17,111,BLK-00927,PENDING
REQ-003608,MT-003207,ENGINEERING,C11,2026-09-06,10:06,11:57,111,BLK-01896,APPROVED
REQ-003609,MT-003471,ENGINEERING,C10,2026-09-27,18:14,21:26,192,BLK-00984,PENDING
REQ-003610,MT-000202,ENGINEERING,C04,2026-09-05,04:50,07:45,175,BLK-02591,APPROVED
REQ-003611,MT-004350,ENGINEERING,C02,2026-09-12,04:24,06:34,130,BLK-02320,REJECTED
REQ-003612,MT-003569,TRD,C08,2026-09-14,06:05,08:42,157,BLK-02074,PENDING
REQ-003613,MT-003779,ENGINEERING,C13,2026-09-15,20:09,22:13,124,BLK-01022,APPROVED
REQ-003614,MT-000025,TRD,C03,2026-09-02,05:54,07:29,95,BLK-00816,APPROVED
REQ-003615,MT-002292,S&T,C08,2026-09-14,15:57,17:55,118,BLK-01150,APPROVED
REQ-003616,MT-003445,TRD,C05,2026-09-02,22:11,23:38,87,BLK-00489,PENDING
REQ-003617,MT-003440,TRD,C15,2026-09-12,01:35,03:25,110,BLK-01963,REJECTED
REQ-003618,MT-001165,ENGINEERING,C13,2026-09-27,06:30,07:59,89,BLK-00358,APPROVED
REQ-003619,MT-002262,S&T,C12,2026-09-10,16:28,18:52,144,BLK-00785,APPROVED
REQ-003620,MT-004838,S&T,C06,2026-09-06,10:06,11:50,104,BLK-01896,PENDING
REQ-003621,MT-002109,ENGINEERING,C06,2026-09-08,12:30,13:53,83,BLK-01586,PENDING
REQ-003622,MT-001775,TRD,C15,2026-09-26,04:07,06:13,126,BLK-01520,PENDING
REQ-003623,MT-003059,ENGINEERING,C16,2026-09-16,00:29,01:49,80,BLK-02755,APPROVED
REQ-003624,MT-004072,S&T,C12,2026-09-28,07:28,10:01,153,BLK-01324,PENDING
REQ-003625,MT-000238,ENGINEERING,C12,2026-09-15,20:09,23:25,196,BLK-01022,PENDING
REQ-003626,MT-004193,S&T,C16,2026-09-06,16:17,17:34,77,BLK-00130,APPROVED
REQ-003627,MT-004045,TRD,C10,2026-09-20,00:42,02:48,126,BLK-01988,PENDING
REQ-003628,MT-000468,ENGINEERING,C13,2026-09-15,07:58,09:26,88,BLK-00533,PENDING
REQ-003629,MT-002235,ENGINEERING,C12,2026-09-05,11:27,13:35,128,BLK-02486,REJECTED
REQ-003630,MT-004825,S&T,C02,2026-09-24,05:57,07:10,73,BLK-01071,REJECTED
REQ-003631,MT-002971,S&T,C08,2026-09-03,06:22,09:27,185,BLK-01563,APPROVED
REQ-003632,MT-002011,TRD,C06,2026-09-02,23:20,00:40,80,BLK-01848,PENDING
REQ-003633,MT-003799,S&T,C09,2026-09-12,02:40,04:46,126,BLK-01139,APPROVED
REQ-003634,MT-002481,S&T,C09,2026-09-24,21:03,22:56,113,BLK-01165,REJECTED
REQ-003635,MT-002702,S&T,C05,2026-09-06,02:27,03:33,66,BLK-02862,APPROVED
REQ-003636,MT-003023,ENGINEERING,C12,2026-09-29,10:24,11:40,76,BLK-01826,PENDING
REQ-003637,MT-002254,ENGINEERING,C01,2026-09-17,17:40,19:57,137,BLK-01313,REJECTED
REQ-003638,MT-004130,ENGINEERING,C08,2026-09-04,10:04,11:44,100,BLK-00604,PENDING
REQ-003639,MT-004530,S&T,C15,2026-09-12,23:29,01:09,100,BLK-01343,APPROVED
REQ-003640,MT-000921,TRD,C03,2026-09-02,15:53,18:32,159,BLK-02966,PENDING
REQ-003641,MT-001020,S&T,C15,2026-09-06,09:01,09:51,50,BLK-00298,PENDING
REQ-003642,MT-001674,S&T,C11,2026-09-10,22:17,00:35,138,BLK-02168,PENDING
REQ-003643,MT-004097,ENGINEERING,C15,2026-09-30,23:15,01:02,107,BLK-01752,APPROVED
REQ-003644,MT-003316,ENGINEERING,C20,2026-09-10,02:04,03:36,92,BLK-02104,PENDING
REQ-003645,MT-001930,ENGINEERING,C08,2026-09-12,10:14,12:55,161,BLK-02412,PENDING
REQ-003646,MT-000856,S&T,C07,2026-09-18,17:29,18:40,71,BLK-00258,PENDING
REQ-003647,MT-000979,TRD,C20,2026-09-20,07:59,10:39,160,BLK-01839,APPROVED
REQ-003648,MT-003157,ENGINEERING,C08,2026-09-09,08:33,09:57,84,BLK-00519,PENDING
REQ-003649,MT-003725,TRD,C12,2026-09-18,22:31,00:40,129,BLK-00056,PENDING
REQ-003650,MT-004392,ENGINEERING,C03,2026-09-08,18:34,19:34,60,BLK-01831,APPROVED
REQ-003651,MT-003042,S&T,C12,2026-09-29,04:43,06:59,136,BLK-01925,APPROVED
REQ-003652,MT-004756,TRD,C15,2026-09-17,09:33,11:42,129,BLK-02629,PENDING
REQ-003653,MT-004529,ENGINEERING,C17,2026-09-19,05:42,07:12,90,BLK-01383,PENDING
REQ-003654,MT-000409,S&T,C11,2026-09-15,00:09,02:30,141,BLK-00461,PENDING
REQ-003655,MT-000714,S&T,C18,2026-09-01,20:16,22:39,143,BLK-00375,PENDING
REQ-003656,MT-004542,ENGINEERING,C20,2026-09-15,16:24,18:40,136,BLK-01059,APPROVED
REQ-003657,MT-000698,S&T,C19,2026-09-11,06:26,08:29,123,BLK-01855,PENDING
REQ-003658,MT-004031,S&T,C08,2026-09-20,05:47,08:00,133,BLK-00780,PENDING
REQ-003659,MT-001441,S&T,C09,2026-09-04,16:44,18:38,114,BLK-01557,PENDING
REQ-003660,MT-002814,TRD,C19,2026-09-26,15:02,16:55,113,BLK-01670,PENDING
REQ-003661,MT-003839,S&T,C11,2026-09-22,01:17,03:32,135,BLK-01277,PENDING
REQ-003662,MT-000896,TRD,C01,2026-09-01,02:11,04:32,141,BLK-02431,PENDING
REQ-003663,MT-002253,ENGINEERING,C02,2026-09-19,00:37,01:55,78,BLK-01333,PENDING
REQ-003664,MT-001384,ENGINEERING,C13,2026-09-24,23:28,01:33,125,BLK-01348,APPROVED
REQ-003665,MT-000781,TRD,C06,2026-09-18,04:33,06:34,121,BLK-00192,PENDING
REQ-003666,MT-004789,TRD,C06,2026-09-13,21:19,22:24,65,BLK-02439,APPROVED
REQ-003667,MT-000486,TRD,C15,2026-09-05,14:02,15:42,100,BLK-00071,PENDING
REQ-003668,MT-004438,S&T,C19,2026-09-16,21:28,22:41,73,BLK-00677,APPROVED
REQ-003669,MT-003768,TRD,C01,2026-09-17,00:29,02:56,147,BLK-01878,APPROVED
REQ-003670,MT-002531,TRD,C15,2026-09-11,11:42,14:14,152,BLK-01307,APPROVED
REQ-003671,MT-001711,S&T,C01,2026-09-23,17:31,19:39,128,BLK-01723,APPROVED
REQ-003672,MT-004417,ENGINEERING,C15,2026-09-05,11:27,14:08,161,BLK-02486,APPROVED
REQ-003673,MT-001744,TRD,C04,2026-09-02,05:57,07:38,101,BLK-01323,APPROVED
REQ-003674,MT-004082,S&T,C11,2026-09-11,10:06,11:09,63,BLK-01008,REJECTED
REQ-003675,MT-001796,ENGINEERING,C05,2026-09-05,17:07,18:45,98,BLK-01319,APPROVED
REQ-003676,MT-004532,ENGINEERING,C10,2026-09-05,03:23,04:35,72,BLK-02334,PENDING
REQ-003677,MT-002559,ENGINEERING,C03,2026-09-23,10:43,13:18,155,BLK-00546,APPROVED
REQ-003678,MT-004581,S&T,C15,2026-09-01,23:33,01:38,125,BLK-01430,PENDING
REQ-003679,MT-000874,ENGINEERING,C15,2026-09-21,08:21,09:37,76,BLK-02416,PENDING
REQ-003680,MT-003941,TRD,C05,2026-09-23,19:51,22:23,152,BLK-01911,PENDING
REQ-003681,MT-004416,S&T,C09,2026-09-20,15:51,17:36,105,BLK-02540,APPROVED
REQ-003682,MT-002506,S&T,C15,2026-09-08,08:25,09:35,70,BLK-00888,APPROVED
REQ-003683,MT-001992,S&T,C03,2026-09-12,04:14,06:21,127,BLK-00522,PENDING
REQ-003684,MT-001115,ENGINEERING,C02,2026-09-06,08:44,10:00,76,BLK-00288,APPROVED
REQ-003685,MT-001597,TRD,C11,2026-09-15,10:49,12:03,74,BLK-02999,APPROVED
REQ-003686,MT-001851,S&T,C19,2026-09-10,20:48,22:41,113,BLK-02393,PENDING
REQ-003687,MT-003664,ENGINEERING,C13,2026-09-17,00:30,01:50,80,BLK-01384,PENDING
REQ-003688,MT-000178,S&T,C11,2026-09-26,14:45,16:48,123,BLK-00589,PENDING
REQ-003689,MT-001982,S&T,C15,2026-09-17,13:42,15:53,131,BLK-02428,PENDING
REQ-003690,MT-004084,ENGINEERING,C09,2026-09-11,06:58,08:42,104,BLK-00643,PENDING
REQ-003691,MT-002934,ENGINEERING,C15,2026-09-22,11:56,14:07,131,BLK-00424,PENDING
REQ-003692,MT-002203,TRD,C05,2026-09-30,01:25,02:44,79,BLK-00350,APPROVED
REQ-003693,MT-001960,TRD,C11,2026-09-07,20:43,22:33,110,BLK-01695,APPROVED
REQ-003694,MT-004936,ENGINEERING,C09,2026-09-22,08:58,11:15,137,BLK-02225,PENDING
REQ-003695,MT-003108,TRD,C08,2026-09-16,12:24,14:43,139,BLK-02023,PENDING
REQ-003696,MT-003945,S&T,C15,2026-09-25,00:46,02:41,115,BLK-02478,APPROVED
REQ-003697,MT-002315,S&T,C11,2026-09-04,20:57,23:33,156,BLK-00294,PENDING
REQ-003698,MT-004631,ENGINEERING,C04,2026-09-01,23:19,00:58,99,BLK-01197,PENDING
REQ-003699,MT-003753,ENGINEERING,C02,2026-09-16,14:57,16:12,75,BLK-00246,PENDING
REQ-003700,MT-003552,TRD,C11,2026-09-30,13:30,15:51,141,BLK-00440,APPROVED
REQ-003701,MT-002590,S&T,C09,2026-09-04,23:42,02:45,183,BLK-01466,PENDING
REQ-003702,MT-003465,S&T,C12,2026-09-18,08:34,10:40,126,BLK-00487,APPROVED
REQ-003703,MT-001872,ENGINEERING,C01,2026-09-07,12:36,15:45,189,BLK-02061,REJECTED
REQ-003704,MT-000033,ENGINEERING,C05,2026-09-13,02:19,03:47,88,BLK-00170,APPROVED
REQ-003705,MT-004529,ENGINEERING,C17,2026-09-03,18:58,20:34,96,BLK-01290,PENDING
REQ-003706,MT-000112,TRD,C19,2026-09-19,02:18,04:59,161,BLK-02078,PENDING
REQ-003707,MT-003821,ENGINEERING,C14,2026-09-12,05:24,07:49,145,BLK-02037,PENDING
REQ-003708,MT-003618,TRD,C12,2026-09-15,11:27,14:08,161,BLK-02387,PENDING
REQ-003709,MT-003256,TRD,C16,2026-09-29,02:22,04:08,106,BLK-02281,APPROVED
REQ-003710,MT-001849,TRD,C09,2026-09-03,21:26,22:49,83,BLK-02834,APPROVED
REQ-003711,MT-004978,ENGINEERING,C20,2026-09-19,17:42,19:11,89,BLK-02024,PENDING
REQ-003712,MT-002730,S&T,C18,2026-09-16,17:04,18:29,85,BLK-02969,PENDING
REQ-003713,MT-002351,TRD,C20,2026-09-18,09:08,12:01,173,BLK-00896,APPROVED
REQ-003714,MT-003009,S&T,C10,2026-09-04,23:32,01:48,136,BLK-01264,APPROVED
REQ-003715,MT-001730,ENGINEERING,C15,2026-09-01,21:07,22:57,110,BLK-00499,PENDING
REQ-003716,MT-004164,ENGINEERING,C10,2026-09-24,01:25,03:00,95,BLK-00771,PENDING
REQ-003717,MT-003555,TRD,C06,2026-09-03,15:28,17:17,109,BLK-00687,PENDING
REQ-003718,MT-003651,ENGINEERING,C10,2026-09-26,16:33,18:30,117,BLK-01582,PENDING
REQ-003719,MT-001191,TRD,C06,2026-09-08,09:03,10:14,71,BLK-01053,APPROVED
REQ-003720,MT-004620,S&T,C07,2026-09-06,08:44,09:56,72,BLK-00288,PENDING
REQ-003721,MT-002649,ENGINEERING,C01,2026-09-30,13:30,16:07,157,BLK-00440,APPROVED
REQ-003722,MT-002757,ENGINEERING,C10,2026-09-01,09:45,11:48,123,BLK-02678,REJECTED
REQ-003723,MT-001455,ENGINEERING,C04,2026-09-06,17:04,18:13,69,BLK-02153,REJECTED
REQ-003724,MT-002976,TRD,C08,2026-09-08,07:02,09:56,174,BLK-01426,REJECTED
REQ-003725,MT-001083,ENGINEERING,C06,2026-09-22,03:02,04:54,112,BLK-00022,APPROVED
REQ-003726,MT-004448,S&T,C18,2026-09-02,04:55,07:18,143,BLK-00249,REJECTED
REQ-003727,MT-001825,ENGINEERING,C11,2026-09-18,13:53,15:42,109,BLK-02081,PENDING
REQ-003728,MT-002569,ENGINEERING,C01,2026-09-26,16:39,19:22,163,BLK-00697,APPROVED
REQ-003729,MT-001330,ENGINEERING,C04,2026-09-30,02:11,03:39,88,BLK-02114,PENDING
REQ-003730,MT-001258,ENGINEERING,C10,2026-09-22,22:31,00:23,112,BLK-02353,APPROVED
REQ-003731,MT-004959,ENGINEERING,C14,2026-09-19,00:49,03:48,179,BLK-02752,PENDING
REQ-003732,MT-000519,ENGINEERING,C09,2026-09-15,02:22,04:35,133,BLK-00377,PENDING
REQ-003733,MT-003644,S&T,C17,2026-09-25,11:03,12:14,71,BLK-00322,APPROVED
REQ-003734,MT-002483,TRD,C12,2026-09-01,00:11,01:11,60,BLK-02811,PENDING
REQ-003735,MT-001472,ENGINEERING,C05,2026-09-14,19:08,21:24,136,BLK-01342,PENDING
REQ-003736,MT-002845,TRD,C14,2026-09-29,17:45,19:03,78,BLK-00513,PENDING
REQ-003737,MT-004772,TRD,C13,2026-09-28,03:46,06:29,163,BLK-02507,APPROVED
REQ-003738,MT-004621,ENGINEERING,C09,2026-09-30,14:48,16:33,105,BLK-02691,APPROVED
REQ-003739,MT-001470,ENGINEERING,C18,2026-09-09,05:06,07:09,123,BLK-02612,APPROVED
REQ-003740,MT-001983,S&T,C07,2026-09-12,15:27,17:04,97,BLK-02597,APPROVED
REQ-003741,MT-000211,S&T,C12,2026-09-01,03:17,05:16,119,BLK-00493,APPROVED
REQ-003742,MT-002069,ENGINEERING,C12,2026-09-27,10:45,11:34,49,BLK-00242,APPROVED
REQ-003743,MT-003244,S&T,C07,2026-09-20,06:49,08:28,99,BLK-02149,APPROVED
REQ-003744,MT-002880,TRD,C03,2026-09-02,11:08,12:43,95,BLK-00904,PENDING
REQ-003745,MT-004216,S&T,C09,2026-09-10,23:41,00:59,78,BLK-02280,APPROVED
REQ-003746,MT-001971,ENGINEERING,C13,2026-09-28,11:09,12:43,94,BLK-00641,PENDING
REQ-003747,MT-001123,TRD,C06,2026-09-12,06:09,08:48,159,BLK-01696,REJECTED
REQ-003748,MT-004649,TRD,C17,2026-09-22,11:49,13:22,93,BLK-00750,APPROVED
REQ-003749,MT-000924,ENGINEERING,C19,2026-09-20,14:01,15:28,87,BLK-00972,REJECTED
REQ-003750,MT-002988,S&T,C11,2026-09-07,23:25,00:41,76,BLK-01714,APPROVED
REQ-003751,MT-004002,S&T,C15,2026-09-25,16:12,18:33,141,BLK-01371,PENDING
REQ-003752,MT-000982,S&T,C18,2026-09-06,02:26,04:16,110,BLK-01822,PENDING
REQ-003753,MT-001365,S&T,C09,2026-09-14,06:10,07:49,99,BLK-02198,APPROVED
REQ-003754,MT-001311,TRD,C03,2026-09-11,13:30,14:51,81,BLK-00010,PENDING
REQ-003755,MT-004256,S&T,C07,2026-09-24,06:46,07:49,63,BLK-02692,REJECTED
REQ-003756,MT-002789,ENGINEERING,C13,2026-09-14,17:27,18:56,89,BLK-01692,APPROVED
REQ-003757,MT-004338,TRD,C17,2026-09-09,06:32,08:15,103,BLK-02473,PENDING
REQ-003758,MT-003574,TRD,C19,2026-09-24,01:26,03:03,97,BLK-01007,PENDING
REQ-003759,MT-003028,S&T,C03,2026-09-10,08:38,10:45,127,BLK-00097,APPROVED
REQ-003760,MT-001279,S&T,C02,2026-09-26,03:29,04:47,78,BLK-01086,APPROVED
REQ-003761,MT-001207,ENGINEERING,C15,2026-09-06,17:34,21:10,216,BLK-00731,REJECTED
REQ-003762,MT-004453,TRD,C08,2026-09-02,05:41,07:30,109,BLK-02939,PENDING
REQ-003763,MT-001716,S&T,C04,2026-09-15,01:52,04:27,155,BLK-00704,APPROVED
REQ-003764,MT-003348,S&T,C09,2026-09-25,16:33,18:07,94,BLK-01503,APPROVED
REQ-003765,MT-000455,S&T,C11,2026-09-22,10:45,13:18,153,BLK-01103,APPROVED
REQ-003766,MT-002076,ENGINEERING,C09,2026-09-27,21:09,22:34,85,BLK-01170,APPROVED
REQ-003767,MT-002580,TRD,C02,2026-09-01,13:12,14:53,101,BLK-00894,APPROVED
REQ-003768,MT-002757,ENGINEERING,C10,2026-09-25,21:41,23:11,90,BLK-01232,PENDING
REQ-003769,MT-001778,TRD,C15,2026-09-06,05:40,06:38,58,BLK-00528,APPROVED
REQ-003770,MT-000563,ENGINEERING,C09,2026-09-06,18:14,20:44,150,BLK-00277,PENDING
REQ-003771,MT-001392,ENGINEERING,C17,2026-09-19,16:58,18:37,99,BLK-00799,PENDING
REQ-003772,MT-000453,S&T,C18,2026-09-09,09:21,11:51,150,BLK-02082,APPROVED
REQ-003773,MT-000309,ENGINEERING,C04,2026-09-08,07:56,10:04,128,BLK-02026,APPROVED
REQ-003774,MT-000553,TRD,C03,2026-09-22,19:33,21:09,96,BLK-01475,APPROVED
REQ-003775,MT-003884,TRD,C07,2026-09-09,15:29,16:52,83,BLK-01785,APPROVED
REQ-003776,MT-001147,TRD,C11,2026-09-13,13:23,14:24,61,BLK-00149,PENDING
REQ-003777,MT-000668,TRD,C08,2026-09-25,11:55,14:40,165,BLK-01902,APPROVED
REQ-003778,MT-003098,ENGINEERING,C15,2026-09-01,04:28,06:44,136,BLK-02090,APPROVED
REQ-003779,MT-002269,TRD,C08,2026-09-01,19:24,21:46,142,BLK-00692,PENDING
REQ-003780,MT-000693,S&T,C05,2026-09-20,12:48,14:22,94,BLK-02194,PENDING
REQ-003781,MT-002011,TRD,C06,2026-09-23,23:15,01:01,106,BLK-00472,REJECTED
REQ-003782,MT-002201,S&T,C07,2026-09-28,10:42,12:24,102,BLK-00442,APPROVED
REQ-003783,MT-004453,TRD,C08,2026-09-01,09:52,11:42,110,BLK-02848,PENDING
REQ-003784,MT-003588,ENGINEERING,C02,2026-09-22,10:54,12:39,105,BLK-00070,PENDING
REQ-003785,MT-000999,TRD,C16,2026-09-11,06:14,07:59,105,BLK-00341,PENDING
REQ-003786,MT-001078,ENGINEERING,C20,2026-09-05,11:46,14:05,139,BLK-00936,APPROVED
REQ-003787,MT-004405,S&T,C02,2026-09-13,22:09,00:13,124,BLK-00331,APPROVED
REQ-003788,MT-002475,ENGINEERING,C19,2026-09-18,05:35,08:05,150,BLK-01928,APPROVED
REQ-003789,MT-000708,ENGINEERING,C02,2026-09-25,21:19,23:34,135,BLK-00669,APPROVED
REQ-003790,MT-004581,S&T,C15,2026-09-25,03:48,05:51,123,BLK-01801,APPROVED
REQ-003791,MT-002745,TRD,C08,2026-09-23,11:04,12:41,97,BLK-02148,PENDING
REQ-003792,MT-000963,TRD,C02,2026-09-12,22:15,00:03,108,BLK-00283,APPROVED
REQ-003793,MT-001715,S&T,C19,2026-09-15,06:41,08:54,133,BLK-02793,REJECTED
REQ-003794,MT-000765,ENGINEERING,C04,2026-09-23,14:21,17:06,165,BLK-01340,PENDING
REQ-003795,MT-000530,S&T,C17,2026-09-05,22:31,00:07,96,BLK-02662,PENDING
REQ-003796,MT-001262,ENGINEERING,C14,2026-09-05,23:47,02:00,133,BLK-01571,APPROVED
REQ-003797,MT-001284,ENGINEERING,C09,2026-09-11,13:59,15:37,98,BLK-02453,REJECTED
REQ-003798,MT-001506,ENGINEERING,C06,2026-09-10,00:31,01:13,42,BLK-01730,APPROVED
REQ-003799,MT-003416,S&T,C17,2026-09-14,06:29,09:27,178,BLK-02922,REJECTED
REQ-003800,MT-002738,ENGINEERING,C18,2026-09-04,08:25,10:16,111,BLK-00725,PENDING
REQ-003801,MT-002299,S&T,C04,2026-09-14,22:58,23:41,43,BLK-00495,APPROVED
REQ-003802,MT-004714,TRD,C16,2026-09-17,06:00,08:07,127,BLK-02894,APPROVED
REQ-003803,MT-001329,ENGINEERING,C04,2026-09-28,18:25,21:33,188,BLK-02827,APPROVED
REQ-003804,MT-003417,ENGINEERING,C02,2026-09-02,07:26,10:14,168,BLK-00103,PENDING
REQ-003805,MT-004980,S&T,C06,2026-09-07,04:45,06:23,98,BLK-00732,PENDING
REQ-003806,MT-004744,ENGINEERING,C10,2026-09-21,21:12,00:16,184,BLK-02842,PENDING
REQ-003807,MT-003976,ENGINEERING,C16,2026-09-04,08:37,10:58,141,BLK-00749,APPROVED
REQ-003808,MT-003790,TRD,C01,2026-09-14,18:31,20:38,127,BLK-00165,APPROVED
REQ-003809,MT-004000,ENGINEERING,C13,2026-09-30,16:34,19:31,177,BLK-00131,PENDING
REQ-003810,MT-004544,TRD,C15,2026-09-15,15:58,18:25,147,BLK-02733,APPROVED
REQ-003811,MT-001306,S&T,C19,2026-09-02,18:03,20:16,133,BLK-02381,PENDING
REQ-003812,MT-001477,TRD,C15,2026-09-28,15:25,18:06,161,BLK-01144,APPROVED
REQ-003813,MT-000139,ENGINEERING,C03,2026-09-08,13:50,15:43,113,BLK-01569,APPROVED
REQ-003814,MT-002362,TRD,C05,2026-09-02,06:30,08:51,141,BLK-00400,PENDING
REQ-003815,MT-002361,TRD,C12,2026-09-06,10:37,13:13,156,BLK-00879,REJECTED
REQ-003816,MT-002054,ENGINEERING,C17,2026-09-09,08:33,11:09,156,BLK-00519,APPROVED
REQ-003817,MT-002519,S&T,C11,2026-09-14,21:45,23:11,86,BLK-01194,PENDING
REQ-003818,MT-002137,ENGINEERING,C16,2026-09-29,07:14,09:03,109,BLK-00722,REJECTED
REQ-003819,MT-000605,S&T,C09,2026-09-21,19:46,21:34,108,BLK-02505,PENDING
REQ-003820,MT-001363,TRD,C05,2026-09-18,17:27,19:10,103,BLK-02233,PENDING
REQ-003821,MT-000569,ENGINEERING,C18,2026-09-07,19:57,22:36,159,BLK-02373,PENDING
REQ-003822,MT-000370,ENGINEERING,C17,2026-09-04,21:28,23:57,149,BLK-01790,APPROVED
REQ-003823,MT-003787,S&T,C15,2026-09-24,09:26,12:04,158,BLK-00215,REJECTED
REQ-003824,MT-003267,S&T,C10,2026-09-30,10:39,11:31,52,BLK-01420,REJECTED
REQ-003825,MT-002427,S&T,C04,2026-09-24,04:10,05:51,101,BLK-00020,PENDING
REQ-003826,MT-002480,ENGINEERING,C01,2026-09-27,12:36,13:50,74,BLK-00539,APPROVED
REQ-003827,MT-002982,ENGINEERING,C03,2026-09-10,06:11,07:39,88,BLK-02836,PENDING
REQ-003828,MT-001507,S&T,C09,2026-09-26,16:39,18:21,102,BLK-00697,REJECTED
REQ-003829,MT-004159,ENGINEERING,C16,2026-09-06,15:56,18:40,164,BLK-00545,PENDING
REQ-003830,MT-000057,S&T,C03,2026-09-23,23:27,01:04,97,BLK-00791,APPROVED
REQ-003831,MT-001218,ENGINEERING,C09,2026-09-30,06:08,08:55,167,BLK-02091,APPROVED
REQ-003832,MT-004866,ENGINEERING,C07,2026-09-01,13:24,14:35,71,BLK-01439,APPROVED
REQ-003833,MT-002539,S&T,C19,2026-09-26,06:20,08:51,151,BLK-00934,PENDING
REQ-003834,MT-000491,S&T,C19,2026-09-27,13:03,14:40,97,BLK-00866,PENDING
REQ-003835,MT-000829,TRD,C12,2026-09-19,20:33,22:13,100,BLK-01828,APPROVED
REQ-003836,MT-003582,TRD,C19,2026-09-06,03:54,06:16,142,BLK-02092,REJECTED
REQ-003837,MT-001437,S&T,C15,2026-09-22,12:15,13:34,79,BLK-00797,PENDING
REQ-003838,MT-000611,ENGINEERING,C13,2026-09-30,10:36,12:35,119,BLK-00996,APPROVED
REQ-003839,MT-002846,ENGINEERING,C16,2026-09-24,03:49,04:31,42,BLK-00126,PENDING
REQ-003840,MT-000287,S&T,C08,2026-09-16,05:47,07:47,120,BLK-02163,APPROVED
REQ-003841,MT-003088,S&T,C09,2026-09-09,20:55,23:06,131,BLK-02943,PENDING
REQ-003842,MT-000634,ENGINEERING,C20,2026-09-22,10:54,13:46,172,BLK-02462,PENDING
REQ-003843,MT-002040,S&T,C11,2026-09-03,19:43,21:33,110,BLK-02585,PENDING
REQ-003844,MT-001211,S&T,C09,2026-09-04,16:43,18:33,110,BLK-02305,PENDING
REQ-003845,MT-002215,TRD,C20,2026-09-27,08:37,10:00,83,BLK-00944,APPROVED
REQ-003846,MT-001590,TRD,C03,2026-09-01,00:57,01:57,60,BLK-02767,APPROVED
REQ-003847,MT-000012,S&T,C15,2026-09-04,14:15,14:58,43,BLK-01404,APPROVED
REQ-003848,MT-002086,S&T,C20,2026-09-08,11:43,13:32,109,BLK-02828,APPROVED
REQ-003849,MT-001309,TRD,C18,2026-09-01,16:37,18:35,118,BLK-00502,APPROVED
REQ-003850,MT-002008,S&T,C01,2026-09-01,09:52,11:43,111,BLK-02848,PENDING
REQ-003851,MT-004183,TRD,C05,2026-09-06,09:09,11:05,116,BLK-01472,REJECTED
REQ-003852,MT-004290,TRD,C03,2026-09-14,10:25,12:16,111,BLK-01603,PENDING
REQ-003853,MT-002077,S&T,C19,2026-09-04,16:43,17:26,43,BLK-02305,APPROVED
REQ-003854,MT-001678,ENGINEERING,C05,2026-09-08,12:55,14:19,84,BLK-01716,REJECTED
REQ-003855,MT-004089,S&T,C10,2026-09-03,13:10,15:02,112,BLK-02096,PENDING
REQ-003856,MT-001704,TRD,C11,2026-09-14,17:23,18:59,96,BLK-00756,APPROVED
REQ-003857,MT-003165,TRD,C20,2026-09-21,22:15,23:50,95,BLK-02569,PENDING
REQ-003858,MT-001133,TRD,C16,2026-09-19,03:57,06:25,148,BLK-01810,APPROVED
REQ-003859,MT-002666,ENGINEERING,C17,2026-09-17,20:14,21:39,85,BLK-00645,PENDING
REQ-003860,MT-004708,TRD,C11,2026-09-23,08:15,11:03,168,BLK-00676,REJECTED
REQ-003861,MT-003896,ENGINEERING,C01,2026-09-18,17:27,19:14,107,BLK-02233,APPROVED
REQ-003862,MT-002502,TRD,C17,2026-09-06,08:39,11:00,141,BLK-02402,PENDING
REQ-003863,MT-004913,S&T,C04,2026-09-15,22:42,23:51,69,BLK-01010,PENDING
REQ-003864,MT-003046,TRD,C10,2026-09-02,04:50,05:54,64,BLK-00639,PENDING
REQ-003865,MT-000832,S&T,C10,2026-09-24,13:01,15:28,147,BLK-00042,APPROVED
REQ-003866,MT-004610,TRD,C13,2026-09-02,18:21,20:16,115,BLK-00863,PENDING
REQ-003867,MT-004809,ENGINEERING,C10,2026-09-03,02:44,03:52,68,BLK-02571,PENDING
REQ-003868,MT-003296,ENGINEERING,C17,2026-09-13,06:39,08:27,108,BLK-02660,APPROVED
REQ-003869,MT-004883,TRD,C08,2026-09-22,02:41,06:03,202,BLK-02616,PENDING
REQ-003870,MT-001764,ENGINEERING,C09,2026-09-06,07:50,09:48,118,BLK-02708,PENDING
REQ-003871,MT-003427,S&T,C19,2026-09-03,22:07,00:40,153,BLK-00026,PENDING
REQ-003872,MT-000327,ENGINEERING,C20,2026-09-14,02:19,05:04,165,BLK-01015,PENDING
REQ-003873,MT-004916,TRD,C14,2026-09-26,17:30,19:25,115,BLK-02174,PENDING
REQ-003874,MT-003343,S&T,C09,2026-09-18,17:03,19:01,118,BLK-01128,PENDING
REQ-003875,MT-004647,ENGINEERING,C06,2026-09-22,11:18,14:21,183,BLK-02340,APPROVED
REQ-003876,MT-004329,TRD,C16,2026-09-21,12:22,14:50,148,BLK-00789,REJECTED
REQ-003877,MT-000179,TRD,C08,2026-09-01,07:14,08:56,102,BLK-01494,APPROVED
REQ-003878,MT-003824,ENGINEERING,C06,2026-09-29,07:54,08:53,59,BLK-02367,PENDING
REQ-003879,MT-000503,S&T,C19,2026-09-21,22:19,23:05,46,BLK-02456,PENDING
REQ-003880,MT-002498,S&T,C09,2026-09-08,19:38,20:54,76,BLK-02964,APPROVED
REQ-003881,MT-004559,TRD,C11,2026-09-20,17:39,18:59,80,BLK-01111,APPROVED
REQ-003882,MT-003682,S&T,C20,2026-09-17,22:13,23:51,98,BLK-00690,PENDING
REQ-003883,MT-004945,S&T,C02,2026-09-15,05:35,07:24,109,BLK-01316,PENDING
REQ-003884,MT-000836,TRD,C15,2026-09-29,10:53,12:05,72,BLK-00329,APPROVED
REQ-003885,MT-000908,S&T,C20,2026-09-21,12:46,14:43,117,BLK-01677,APPROVED
REQ-003886,MT-002155,S&T,C15,2026-09-03,04:53,07:14,141,BLK-00166,APPROVED
REQ-003887,MT-002865,TRD,C08,2026-09-11,18:11,20:00,109,BLK-01591,APPROVED
REQ-003888,MT-004147,ENGINEERING,C06,2026-09-14,19:55,21:40,105,BLK-00349,PENDING
REQ-003889,MT-003374,ENGINEERING,C20,2026-09-02,11:57,13:35,98,BLK-02620,REJECTED
REQ-003890,MT-001305,S&T,C15,2026-09-26,11:23,12:43,80,BLK-01413,PENDING
REQ-003891,MT-004854,TRD,C02,2026-09-12,23:42,02:23,161,BLK-02064,PENDING
REQ-003892,MT-004034,S&T,C15,2026-09-23,20:05,21:42,97,BLK-02489,PENDING
REQ-003893,MT-000114,TRD,C18,2026-09-27,22:07,23:39,92,BLK-02020,PENDING
REQ-003894,MT-004604,ENGINEERING,C20,2026-09-23,18:09,20:15,126,BLK-02555,PENDING
REQ-003895,MT-001321,ENGINEERING,C18,2026-09-09,19:52,21:30,98,BLK-00506,PENDING
REQ-003896,MT-004286,TRD,C15,2026-09-14,03:52,06:15,143,BLK-00460,PENDING
REQ-003897,MT-001069,S&T,C18,2026-09-25,05:57,08:21,144,BLK-01990,APPROVED
REQ-003898,MT-003166,ENGINEERING,C11,2026-09-13,13:08,15:14,126,BLK-01630,REJECTED
REQ-003899,MT-004831,S&T,C04,2026-09-17,20:50,22:15,85,BLK-02010,APPROVED
REQ-003900,MT-000541,S&T,C16,2026-09-30,19:29,21:24,115,BLK-00689,PENDING
REQ-003901,MT-003077,S&T,C04,2026-09-07,22:00,00:30,150,BLK-02226,APPROVED
REQ-003902,MT-001005,ENGINEERING,C02,2026-09-27,07:30,08:53,83,BLK-02527,APPROVED
REQ-003903,MT-003894,S&T,C17,2026-09-29,04:43,05:42,59,BLK-01925,REJECTED
REQ-003904,MT-003397,S&T,C16,2026-09-29,12:31,14:35,124,BLK-00036,APPROVED
REQ-003905,MT-002478,TRD,C09,2026-09-14,03:49,05:15,86,BLK-00354,REJECTED
REQ-003906,MT-002916,TRD,C18,2026-09-27,18:18,19:51,93,BLK-01989,APPROVED
REQ-003907,MT-004804,TRD,C13,2026-09-28,01:58,04:49,171,BLK-01994,PENDING
REQ-003908,MT-004316,ENGINEERING,C05,2026-09-04,13:32,15:17,105,BLK-01867,APPROVED
REQ-003909,MT-003984,S&T,C17,2026-09-17,16:04,17:44,100,BLK-00229,REJECTED
REQ-003910,MT-001212,ENGINEERING,C14,2026-09-22,17:47,19:33,106,BLK-01057,PENDING
REQ-003911,MT-003704,ENGINEERING,C08,2026-09-25,07:49,09:24,95,BLK-02405,APPROVED
REQ-003912,MT-004210,TRD,C16,2026-09-29,03:45,06:01,136,BLK-00466,APPROVED
REQ-003913,MT-003643,S&T,C11,2026-09-17,21:36,22:31,55,BLK-00869,APPROVED
REQ-003914,MT-002276,TRD,C12,2026-09-24,21:57,23:28,91,BLK-02343,APPROVED
REQ-003915,MT-003185,TRD,C08,2026-09-24,23:40,01:29,109,BLK-01746,REJECTED
REQ-003916,MT-000371,TRD,C08,2026-09-24,09:26,11:40,134,BLK-02493,REJECTED
REQ-003917,MT-004673,TRD,C06,2026-09-25,23:44,02:13,149,BLK-01051,APPROVED
REQ-003918,MT-001005,ENGINEERING,C02,2026-09-16,21:38,23:22,104,BLK-01188,APPROVED
REQ-003919,MT-003686,TRD,C13,2026-09-03,18:36,20:19,103,BLK-00871,PENDING
REQ-003920,MT-004042,ENGINEERING,C15,2026-09-08,07:56,08:54,58,BLK-01710,APPROVED
REQ-003921,MT-001804,TRD,C17,2026-09-14,10:59,12:05,66,BLK-02653,REJECTED
REQ-003922,MT-000522,ENGINEERING,C04,2026-09-03,02:06,03:37,91,BLK-01152,APPROVED
REQ-003923,MT-002021,S&T,C01,2026-09-04,18:35,20:25,110,BLK-01709,PENDING
REQ-003924,MT-000375,S&T,C11,2026-09-08,14:33,15:46,73,BLK-00529,REJECTED
REQ-003925,MT-001765,TRD,C08,2026-09-13,16:59,18:56,117,BLK-02530,PENDING
REQ-003926,MT-001704,TRD,C11,2026-09-20,14:47,16:00,73,BLK-00757,PENDING
REQ-003927,MT-001570,TRD,C08,2026-09-11,01:10,03:42,152,BLK-00302,APPROVED
REQ-003928,MT-003442,S&T,C19,2026-09-03,12:44,14:22,98,BLK-01481,PENDING
REQ-003929,MT-002700,TRD,C13,2026-09-15,03:17,04:27,70,BLK-00207,PENDING
REQ-003930,MT-000321,ENGINEERING,C08,2026-09-08,19:34,21:17,103,BLK-01767,APPROVED
REQ-003931,MT-001448,TRD,C18,2026-09-12,12:08,14:05,117,BLK-02316,REJECTED
REQ-003932,MT-003492,S&T,C13,2026-09-19,13:26,15:14,108,BLK-02988,APPROVED
REQ-003933,MT-000779,ENGINEERING,C13,2026-09-25,00:30,02:29,119,BLK-01350,APPROVED
REQ-003934,MT-000826,TRD,C02,2026-09-10,16:21,17:35,74,BLK-00110,APPROVED
REQ-003935,MT-000219,ENGINEERING,C18,2026-09-16,03:12,04:15,63,BLK-02108,APPROVED
REQ-003936,MT-004094,ENGINEERING,C09,2026-09-04,21:05,22:52,107,BLK-00607,PENDING
REQ-003937,MT-000485,TRD,C19,2026-09-16,12:09,14:59,170,BLK-00574,APPROVED
REQ-003938,MT-001869,ENGINEERING,C01,2026-09-06,02:49,03:55,66,BLK-00906,REJECTED
REQ-003939,MT-003113,TRD,C20,2026-09-05,11:27,13:13,106,BLK-02486,APPROVED
REQ-003940,MT-002180,S&T,C17,2026-09-27,05:49,07:09,80,BLK-01553,APPROVED
REQ-003941,MT-002882,ENGINEERING,C20,2026-09-29,20:41,22:26,105,BLK-01107,APPROVED
REQ-003942,MT-004170,ENGINEERING,C11,2026-09-24,05:57,08:38,161,BLK-01071,PENDING
REQ-003943,MT-004558,ENGINEERING,C03,2026-09-10,18:52,21:45,173,BLK-02476,REJECTED
REQ-003944,MT-001896,ENGINEERING,C05,2026-09-26,15:27,18:06,159,BLK-02994,PENDING
REQ-003945,MT-003513,ENGINEERING,C17,2026-09-05,15:29,16:46,77,BLK-02411,PENDING
REQ-003946,MT-002784,ENGINEERING,C15,2026-09-10,05:48,08:00,132,BLK-02739,PENDING
REQ-003947,MT-002795,TRD,C07,2026-09-14,11:15,13:29,134,BLK-00394,PENDING
REQ-003948,MT-001971,ENGINEERING,C13,2026-09-29,02:57,04:59,122,BLK-00193,REJECTED
REQ-003949,MT-003404,TRD,C10,2026-09-18,07:31,09:57,146,BLK-02814,APPROVED
REQ-003950,MT-001963,S&T,C01,2026-09-05,22:45,00:07,82,BLK-00003,REJECTED
REQ-003951,MT-004114,S&T,C05,2026-09-26,08:47,11:06,139,BLK-01155,APPROVED
REQ-003952,MT-002150,S&T,C05,2026-09-17,20:14,22:00,106,BLK-00645,PENDING
REQ-003953,MT-001259,S&T,C13,2026-09-21,03:51,05:11,80,BLK-00357,PENDING
REQ-003954,MT-002017,S&T,C17,2026-09-20,01:34,03:30,116,BLK-00782,PENDING
REQ-003955,MT-002021,S&T,C01,2026-09-06,14:25,16:13,108,BLK-00612,APPROVED
REQ-003956,MT-003015,ENGINEERING,C14,2026-09-02,20:59,22:05,66,BLK-02164,PENDING
REQ-003957,MT-004620,S&T,C07,2026-09-20,19:17,20:26,69,BLK-00316,APPROVED
REQ-003958,MT-003030,ENGINEERING,C09,2026-09-24,12:59,14:13,74,BLK-02169,PENDING
REQ-003959,MT-001805,S&T,C09,2026-09-14,11:55,12:39,44,BLK-01678,PENDING
REQ-003960,MT-000666,S&T,C09,2026-09-29,18:06,20:03,117,BLK-00433,APPROVED
REQ-003961,MT-004870,S&T,C08,2026-09-03,17:26,18:49,83,BLK-01411,APPROVED
REQ-003962,MT-003758,TRD,C05,2026-09-13,11:18,13:40,142,BLK-02103,PENDING
REQ-003963,MT-003208,S&T,C16,2026-09-06,02:38,04:46,128,BLK-01490,APPROVED
REQ-003964,MT-003443,ENGINEERING,C14,2026-09-08,09:54,12:57,183,BLK-01105,APPROVED
REQ-003965,MT-004035,ENGINEERING,C06,2026-09-26,15:37,18:04,147,BLK-01972,PENDING
REQ-003966,MT-003650,ENGINEERING,C07,2026-09-27,02:06,03:36,90,BLK-00543,APPROVED
REQ-003967,MT-004862,S&T,C01,2026-09-24,22:21,00:59,158,BLK-00920,PENDING
REQ-003968,MT-003451,S&T,C11,2026-09-17,20:50,21:48,58,BLK-02010,REJECTED
REQ-003969,MT-003593,TRD,C08,2026-09-18,08:34,11:24,170,BLK-00487,PENDING
REQ-003970,MT-001902,S&T,C09,2026-09-05,09:57,12:31,154,BLK-02159,APPROVED
REQ-003971,MT-000956,ENGINEERING,C04,2026-09-29,19:44,22:29,165,BLK-02896,APPROVED
REQ-003972,MT-002590,S&T,C09,2026-09-03,09:12,11:41,149,BLK-01795,PENDING
REQ-003973,MT-004233,TRD,C07,2026-09-30,03:44,05:14,90,BLK-01567,PENDING
REQ-003974,MT-002446,S&T,C15,2026-09-02,02:41,05:12,151,BLK-02041,REJECTED
REQ-003975,MT-004159,ENGINEERING,C16,2026-09-06,18:14,20:43,149,BLK-00277,APPROVED
REQ-003976,MT-003654,TRD,C05,2026-09-23,09:06,09:59,53,BLK-00682,APPROVED
REQ-003977,MT-002556,ENGINEERING,C20,2026-09-10,10:45,12:43,118,BLK-02528,PENDING
REQ-003978,MT-001559,S&T,C16,2026-09-11,00:47,02:34,107,BLK-02390,APPROVED
REQ-003979,MT-004295,ENGINEERING,C10,2026-09-28,09:24,11:19,115,BLK-01444,REJECTED
REQ-003980,MT-001157,TRD,C15,2026-09-10,16:38,18:42,124,BLK-01346,APPROVED
REQ-003981,MT-002219,ENGINEERING,C04,2026-09-30,00:19,02:15,116,BLK-02055,PENDING
REQ-003982,MT-001464,S&T,C20,2026-09-13,08:07,10:46,159,BLK-00297,APPROVED
REQ-003983,MT-004340,TRD,C15,2026-09-16,21:42,23:25,103,BLK-02895,PENDING
REQ-003984,MT-001785,ENGINEERING,C03,2026-09-03,20:49,21:34,45,BLK-00467,APPROVED
REQ-003985,MT-002255,TRD,C18,2026-09-20,17:28,20:01,153,BLK-00599,APPROVED
REQ-003986,MT-000955,TRD,C04,2026-09-03,05:59,06:43,44,BLK-02618,APPROVED
REQ-003987,MT-001552,TRD,C10,2026-09-28,07:18,08:47,89,BLK-02178,REJECTED
REQ-003988,MT-001886,TRD,C02,2026-09-19,05:59,08:19,140,BLK-02389,APPROVED
REQ-003989,MT-002547,S&T,C19,2026-09-06,03:16,05:36,140,BLK-01722,PENDING
REQ-003990,MT-004411,S&T,C09,2026-09-14,02:19,03:40,81,BLK-01015,APPROVED
REQ-003991,MT-002257,TRD,C17,2026-09-09,02:36,04:15,99,BLK-01935,APPROVED
REQ-003992,MT-003937,S&T,C02,2026-09-19,02:18,04:52,154,BLK-02078,REJECTED
REQ-003993,MT-002756,TRD,C13,2026-09-24,07:37,09:56,139,BLK-00312,REJECTED
REQ-003994,MT-000560,TRD,C13,2026-09-06,02:49,04:46,117,BLK-00906,REJECTED
REQ-003995,MT-004208,S&T,C11,2026-09-18,14:23,15:50,87,BLK-01249,PENDING
REQ-003996,MT-000983,ENGINEERING,C17,2026-09-13,11:57,13:27,90,BLK-00292,APPROVED
REQ-003997,MT-003858,TRD,C05,2026-09-22,18:43,19:42,59,BLK-02579,PENDING
REQ-003998,MT-004520,TRD,C14,2026-09-13,18:52,20:46,114,BLK-00228,PENDING
REQ-003999,MT-002559,ENGINEERING,C03,2026-09-25,20:40,22:38,118,BLK-00611,PENDING
REQ-004000,MT-000648,ENGINEERING,C17,2026-09-05,15:59,17:33,94,BLK-00515,APPROVED
REQ-004001,MT-000316,TRD,C08,2026-09-09,16:16,18:52,156,BLK-01504,PENDING
REQ-004002,MT-000361,TRD,C16,2026-09-15,13:47,15:50,123,BLK-00278,APPROVED
REQ-004003,MT-002638,S&T,C03,2026-09-23,17:31,20:03,152,BLK-01723,PENDING
REQ-004004,MT-003865,TRD,C12,2026-09-26,02:56,04:08,72,BLK-00210,APPROVED
REQ-004005,MT-004223,TRD,C01,2026-09-27,03:45,05:56,131,BLK-01174,PENDING
REQ-004006,MT-002753,ENGINEERING,C05,2026-09-22,17:56,20:49,173,BLK-01261,APPROVED
REQ-004007,MT-004315,TRD,C07,2026-09-27,13:57,16:30,153,BLK-02380,APPROVED
REQ-004008,MT-001811,S&T,C17,2026-09-11,10:13,12:42,149,BLK-02339,APPROVED
REQ-004009,MT-001459,ENGINEERING,C07,2026-09-20,17:42,18:44,62,BLK-01101,PENDING
REQ-004010,MT-004510,TRD,C12,2026-09-17,09:16,09:46,30,BLK-01113,PENDING
REQ-004011,MT-002284,S&T,C15,2026-09-29,20:59,23:04,125,BLK-01679,REJECTED
REQ-004012,MT-002376,ENGINEERING,C18,2026-09-24,03:19,05:38,139,BLK-01239,PENDING
REQ-004013,MT-003793,ENGINEERING,C05,2026-09-28,11:25,14:12,167,BLK-00842,APPROVED
REQ-004014,MT-003192,ENGINEERING,C13,2026-09-02,09:24,11:30,126,BLK-01707,APPROVED
REQ-004015,MT-003165,TRD,C20,2026-09-19,15:50,17:19,89,BLK-02290,PENDING
REQ-004016,MT-003442,S&T,C19,2026-09-28,01:58,03:35,97,BLK-01994,APPROVED
REQ-004017,MT-004359,ENGINEERING,C04,2026-09-19,00:59,02:54,115,BLK-02142,PENDING
REQ-004018,MT-002619,ENGINEERING,C10,2026-09-27,13:03,14:28,85,BLK-00117,PENDING
REQ-004019,MT-003227,ENGINEERING,C14,2026-09-08,12:42,14:08,86,BLK-02992,APPROVED
REQ-004020,MT-004561,TRD,C18,2026-09-23,10:40,12:49,129,BLK-02058,PENDING
REQ-004021,MT-001180,ENGINEERING,C01,2026-09-16,12:24,14:23,119,BLK-02023,APPROVED
REQ-004022,MT-000083,TRD,C05,2026-09-04,21:02,22:22,80,BLK-02066,PENDING
REQ-004023,MT-000591,S&T,C04,2026-09-23,20:32,22:22,110,BLK-00281,REJECTED
REQ-004024,MT-004095,S&T,C15,2026-09-21,20:57,22:28,91,BLK-00976,REJECTED
REQ-004025,MT-004750,ENGINEERING,C09,2026-09-02,21:10,22:51,101,BLK-01805,PENDING
REQ-004026,MT-002342,TRD,C02,2026-09-22,19:33,21:57,144,BLK-01475,APPROVED
REQ-004027,MT-003106,ENGINEERING,C01,2026-09-17,17:40,20:36,176,BLK-01313,APPROVED
REQ-004028,MT-001487,S&T,C06,2026-09-15,13:59,15:10,71,BLK-02421,PENDING
REQ-004029,MT-001083,ENGINEERING,C06,2026-09-15,01:21,03:23,122,BLK-01653,APPROVED
REQ-004030,MT-003760,S&T,C01,2026-09-18,04:33,06:06,93,BLK-01531,PENDING
REQ-004031,MT-003646,TRD,C15,2026-09-14,18:31,19:16,45,BLK-00165,PENDING
REQ-004032,MT-000047,TRD,C03,2026-09-15,15:30,17:11,101,BLK-02909,APPROVED
REQ-004033,MT-001500,ENGINEERING,C13,2026-09-30,23:01,02:01,180,BLK-02543,APPROVED
REQ-004034,MT-004886,TRD,C20,2026-09-09,08:02,09:28,86,BLK-02893,APPROVED
REQ-004035,MT-002192,ENGINEERING,C03,2026-09-25,09:38,11:47,129,BLK-01373,PENDING
REQ-004036,MT-004514,TRD,C20,2026-09-14,10:39,12:55,136,BLK-01507,PENDING
REQ-004037,MT-000309,ENGINEERING,C04,2026-09-09,05:05,07:27,142,BLK-00481,PENDING
REQ-004038,MT-002964,TRD,C01,2026-09-29,21:55,00:06,131,BLK-02648,APPROVED
REQ-004039,MT-002606,S&T,C05,2026-09-30,18:26,20:45,139,BLK-02218,APPROVED
REQ-004040,MT-003070,S&T,C06,2026-09-07,04:59,06:35,96,BLK-02391,PENDING
REQ-004041,MT-003990,S&T,C19,2026-09-22,08:25,09:26,61,BLK-00700,PENDING
REQ-004042,MT-004712,TRD,C09,2026-09-07,23:19,00:32,73,BLK-02806,PENDING
REQ-004043,MT-003967,S&T,C15,2026-09-30,11:50,13:26,96,BLK-01687,REJECTED
REQ-004044,MT-003391,TRD,C16,2026-09-26,01:11,02:18,67,BLK-02537,PENDING
REQ-004045,MT-003903,S&T,C13,2026-09-19,17:36,18:57,81,BLK-01135,PENDING
REQ-004046,MT-003157,ENGINEERING,C08,2026-09-04,23:42,00:41,59,BLK-01466,REJECTED
REQ-004047,MT-002036,S&T,C01,2026-09-23,18:45,20:52,127,BLK-00821,PENDING
REQ-004048,MT-000566,ENGINEERING,C05,2026-09-03,04:38,05:36,58,BLK-01162,REJECTED
REQ-004049,MT-000749,TRD,C03,2026-09-25,10:07,13:09,182,BLK-01004,APPROVED
REQ-004050,MT-002506,S&T,C15,2026-09-26,00:25,01:44,79,BLK-01182,REJECTED
REQ-004051,MT-004294,ENGINEERING,C15,2026-09-21,16:19,18:46,147,BLK-01034,PENDING
REQ-004052,MT-004134,S&T,C11,2026-09-01,23:38,02:10,152,BLK-01674,PENDING
REQ-004053,MT-003190,S&T,C10,2026-09-14,11:45,13:29,104,BLK-01048,PENDING
REQ-004054,MT-003227,ENGINEERING,C14,2026-09-04,10:56,12:21,85,BLK-01685,PENDING
REQ-004055,MT-000513,S&T,C11,2026-09-16,11:45,13:34,109,BLK-02860,PENDING
REQ-004056,MT-001909,ENGINEERING,C08,2026-09-29,17:14,19:13,119,BLK-02749,PENDING
REQ-004057,MT-003841,S&T,C09,2026-09-16,18:18,19:44,86,BLK-01981,APPROVED
REQ-004058,MT-001746,TRD,C09,2026-09-13,14:53,17:12,139,BLK-01955,PENDING
REQ-004059,MT-002032,ENGINEERING,C16,2026-09-05,15:59,17:11,72,BLK-00515,PENDING
REQ-004060,MT-001345,TRD,C07,2026-09-20,08:28,10:17,109,BLK-02185,REJECTED
REQ-004061,MT-002087,ENGINEERING,C09,2026-09-26,04:07,06:55,168,BLK-01520,APPROVED
REQ-004062,MT-002864,S&T,C15,2026-09-26,14:09,15:26,77,BLK-00679,APPROVED
REQ-004063,MT-004864,ENGINEERING,C05,2026-09-24,17:27,19:07,100,BLK-00577,REJECTED
REQ-004064,MT-001455,ENGINEERING,C04,2026-09-13,21:26,23:09,103,BLK-00389,PENDING
REQ-004065,MT-001038,ENGINEERING,C05,2026-09-02,03:25,03:55,30,BLK-00851,REJECTED
REQ-004066,MT-002668,ENGINEERING,C18,2026-09-22,19:35,20:45,70,BLK-02542,REJECTED
REQ-004067,MT-004800,ENGINEERING,C15,2026-09-05,15:40,18:05,145,BLK-01766,APPROVED
REQ-004068,MT-004976,ENGINEERING,C20,2026-09-15,23:32,00:44,72,BLK-02573,PENDING
REQ-004069,MT-001525,ENGINEERING,C08,2026-09-27,10:32,12:51,139,BLK-00733,APPROVED
REQ-004070,MT-005000,ENGINEERING,C20,2026-09-29,02:57,04:28,91,BLK-00193,APPROVED
REQ-004071,MT-004621,ENGINEERING,C09,2026-09-05,06:01,08:09,128,BLK-01999,PENDING
REQ-004072,MT-000324,ENGINEERING,C13,2026-09-10,20:29,22:26,117,BLK-00159,APPROVED
REQ-004073,MT-004951,TRD,C03,2026-09-25,09:32,11:55,143,BLK-00825,APPROVED
REQ-004074,MT-001951,TRD,C19,2026-09-17,07:37,10:18,161,BLK-01265,PENDING
REQ-004075,MT-002000,S&T,C08,2026-09-09,23:10,01:14,124,BLK-01780,PENDING
REQ-004076,MT-002396,ENGINEERING,C20,2026-09-10,05:48,08:08,140,BLK-02739,APPROVED
REQ-004077,MT-000858,S&T,C10,2026-09-10,11:06,13:56,170,BLK-00491,PENDING
REQ-004078,MT-000726,S&T,C18,2026-09-09,15:59,17:49,110,BLK-00870,APPROVED
REQ-004079,MT-002749,S&T,C13,2026-09-04,06:58,08:41,103,BLK-01836,APPROVED
REQ-004080,MT-000916,TRD,C06,2026-09-16,12:31,14:36,125,BLK-00230,APPROVED
REQ-004081,MT-001594,S&T,C09,2026-09-27,03:45,04:39,54,BLK-01174,APPROVED
REQ-004082,MT-004322,TRD,C08,2026-09-10,11:41,13:41,120,BLK-01502,REJECTED
REQ-004083,MT-003453,TRD,C15,2026-09-09,19:16,20:26,70,BLK-02561,PENDING
REQ-004084,MT-003168,S&T,C04,2026-09-19,18:20,20:34,134,BLK-02460,APPROVED
REQ-004085,MT-004772,TRD,C13,2026-09-15,09:11,11:40,149,BLK-01949,PENDING
REQ-004086,MT-003832,TRD,C02,2026-09-01,12:02,13:45,103,BLK-01871,APPROVED
REQ-004087,MT-001798,TRD,C18,2026-09-20,05:22,08:11,169,BLK-00801,APPROVED
REQ-004088,MT-002793,TRD,C06,2026-09-29,07:38,09:33,115,BLK-02960,PENDING
REQ-004089,MT-003117,ENGINEERING,C01,2026-09-11,18:11,21:17,186,BLK-01591,PENDING
REQ-004090,MT-002086,S&T,C20,2026-09-20,17:01,18:38,97,BLK-02304,APPROVED
REQ-004091,MT-004070,S&T,C20,2026-09-23,13:07,14:15,68,BLK-00974,PENDING
REQ-004092,MT-002606,S&T,C05,2026-09-07,01:48,04:02,134,BLK-00525,PENDING
REQ-004093,MT-004559,TRD,C11,2026-09-10,09:30,11:25,115,BLK-01967,REJECTED
REQ-004094,MT-004976,ENGINEERING,C20,2026-09-19,10:41,12:20,99,BLK-00776,APPROVED
REQ-004095,MT-000771,ENGINEERING,C04,2026-09-25,17:19,18:27,68,BLK-00204,APPROVED
REQ-004096,MT-000525,S&T,C05,2026-09-17,08:51,10:37,106,BLK-00557,APPROVED
REQ-004097,MT-001585,TRD,C03,2026-09-18,14:07,15:54,107,BLK-02638,APPROVED
REQ-004098,MT-000153,ENGINEERING,C03,2026-09-22,18:43,20:48,125,BLK-02579,APPROVED
REQ-004099,MT-001323,S&T,C04,2026-09-07,17:31,19:32,121,BLK-02550,PENDING
REQ-004100,MT-000140,S&T,C01,2026-09-27,08:40,11:33,173,BLK-02379,APPROVED
REQ-004101,MT-003463,ENGINEERING,C10,2026-09-19,05:24,06:57,93,BLK-01459,APPROVED
REQ-004102,MT-001318,TRD,C03,2026-09-25,09:32,12:42,190,BLK-00825,APPROVED
REQ-004103,MT-003604,S&T,C06,2026-09-30,10:39,12:42,123,BLK-01420,REJECTED
REQ-004104,MT-003253,ENGINEERING,C17,2026-09-22,06:15,08:43,148,BLK-00556,APPROVED
REQ-004105,MT-001497,ENGINEERING,C10,2026-09-09,14:35,15:22,47,BLK-01180,REJECTED
REQ-004106,MT-001921,S&T,C03,2026-09-03,03:11,05:41,150,BLK-01334,PENDING
REQ-004107,MT-002440,S&T,C07,2026-09-28,15:03,16:18,75,BLK-02815,APPROVED
REQ-004108,MT-002550,S&T,C04,2026-09-30,07:41,09:25,104,BLK-01259,APPROVED
REQ-004109,MT-001165,ENGINEERING,C13,2026-09-23,08:16,09:25,69,BLK-00864,REJECTED
REQ-004110,MT-003109,TRD,C09,2026-09-01,19:42,22:46,184,BLK-02466,PENDING
REQ-004111,MT-001632,ENGINEERING,C02,2026-09-21,00:23,01:32,69,BLK-00212,PENDING
REQ-004112,MT-003598,TRD,C19,2026-09-18,13:53,16:19,146,BLK-02081,APPROVED
REQ-004113,MT-003300,TRD,C12,2026-09-05,01:16,02:52,96,BLK-00333,APPROVED
REQ-004114,MT-004839,ENGINEERING,C10,2026-09-05,03:05,05:00,115,BLK-01854,PENDING
REQ-004115,MT-002618,TRD,C03,2026-09-05,18:52,20:38,106,BLK-00303,PENDING
REQ-004116,MT-000577,S&T,C03,2026-09-19,07:57,10:31,154,BLK-01281,REJECTED
REQ-004117,MT-002942,ENGINEERING,C14,2026-09-19,14:09,14:53,44,BLK-00968,APPROVED
REQ-004118,MT-002484,S&T,C09,2026-09-05,23:47,02:47,180,BLK-01571,PENDING
REQ-004119,MT-000480,TRD,C10,2026-09-24,14:39,16:30,111,BLK-01179,APPROVED
REQ-004120,MT-002194,TRD,C03,2026-09-17,08:51,11:16,145,BLK-00557,APPROVED
REQ-004121,MT-000866,ENGINEERING,C10,2026-09-03,10:12,12:49,157,BLK-02693,PENDING
REQ-004122,MT-000166,S&T,C15,2026-09-02,19:57,21:44,107,BLK-01947,REJECTED
REQ-004123,MT-003314,S&T,C15,2026-09-09,19:55,21:25,90,BLK-01445,PENDING
REQ-004124,MT-001672,S&T,C03,2026-09-29,16:37,19:29,172,BLK-01217,PENDING
REQ-004125,MT-003289,S&T,C04,2026-09-13,17:29,19:18,109,BLK-01500,APPROVED
REQ-004126,MT-003380,TRD,C04,2026-09-09,19:34,21:09,95,BLK-01672,PENDING
REQ-004127,MT-001201,TRD,C07,2026-09-25,16:12,18:31,139,BLK-01371,REJECTED
REQ-004128,MT-002877,S&T,C17,2026-09-01,22:51,00:38,107,BLK-02727,PENDING
REQ-004129,MT-003411,TRD,C12,2026-09-29,16:09,17:41,92,BLK-00644,REJECTED
REQ-004130,MT-004176,TRD,C18,2026-09-06,02:41,04:00,79,BLK-01417,PENDING
REQ-004131,MT-002727,TRD,C08,2026-09-26,06:41,09:21,160,BLK-02059,APPROVED
REQ-004132,MT-004842,TRD,C13,2026-09-08,01:48,04:43,175,BLK-02927,PENDING
REQ-004133,MT-001367,S&T,C18,2026-09-08,10:11,11:40,89,BLK-02562,REJECTED
REQ-004134,MT-003484,TRD,C19,2026-09-01,21:52,23:31,99,BLK-02824,PENDING
REQ-004135,MT-004552,ENGINEERING,C13,2026-09-26,11:17,13:56,159,BLK-00153,APPROVED
REQ-004136,MT-001082,TRD,C06,2026-09-08,07:02,08:21,79,BLK-01426,APPROVED
REQ-004137,MT-002488,S&T,C10,2026-09-18,13:33,15:16,103,BLK-01398,APPROVED
REQ-004138,MT-003941,TRD,C05,2026-09-23,07:09,09:49,160,BLK-02624,PENDING
REQ-004139,MT-000555,ENGINEERING,C14,2026-09-19,03:16,05:23,127,BLK-00370,APPROVED
REQ-004140,MT-003233,TRD,C05,2026-09-28,03:39,04:41,62,BLK-00049,REJECTED
REQ-004141,MT-001583,TRD,C09,2026-09-13,07:36,08:52,76,BLK-01587,APPROVED
REQ-004142,MT-001613,S&T,C11,2026-09-04,13:05,14:25,80,BLK-00086,REJECTED
REQ-004143,MT-001812,ENGINEERING,C09,2026-09-16,16:21,17:53,92,BLK-02958,APPROVED
REQ-004144,MT-000603,TRD,C17,2026-09-22,16:33,18:52,139,BLK-01062,APPROVED
REQ-004145,MT-001460,TRD,C09,2026-09-18,17:29,18:53,84,BLK-00258,REJECTED
REQ-004146,MT-003542,S&T,C12,2026-09-15,04:15,05:29,74,BLK-01525,APPROVED
REQ-004147,MT-002758,S&T,C19,2026-09-21,19:52,21:04,72,BLK-01906,APPROVED
REQ-004148,MT-000092,ENGINEERING,C12,2026-09-05,03:05,05:34,149,BLK-01854,APPROVED
REQ-004149,MT-004020,S&T,C01,2026-09-22,04:54,06:39,105,BLK-00658,APPROVED
REQ-004150,MT-004090,TRD,C15,2026-09-12,11:29,12:37,68,BLK-00640,PENDING
REQ-004151,MT-004533,TRD,C01,2026-09-30,15:15,16:34,79,BLK-00346,PENDING
REQ-004152,MT-002806,ENGINEERING,C04,2026-09-20,07:17,09:32,135,BLK-01807,PENDING
REQ-004153,MT-000114,TRD,C18,2026-09-26,01:09,02:14,65,BLK-01552,APPROVED
REQ-004154,MT-000779,ENGINEERING,C13,2026-09-29,22:20,00:21,121,BLK-00836,APPROVED
REQ-004155,MT-003817,ENGINEERING,C03,2026-09-27,20:09,21:50,101,BLK-00828,PENDING
REQ-004156,MT-001581,TRD,C15,2026-09-20,14:38,16:16,98,BLK-02913,PENDING
REQ-004157,MT-004306,S&T,C12,2026-09-06,11:37,13:50,133,BLK-01501,PENDING
REQ-004158,MT-003790,TRD,C01,2026-09-22,03:52,05:25,93,BLK-02661,PENDING
REQ-004159,MT-004960,ENGINEERING,C13,2026-09-01,23:38,00:56,78,BLK-01674,APPROVED
REQ-004160,MT-001846,ENGINEERING,C05,2026-09-01,04:28,06:40,132,BLK-02090,PENDING
REQ-004161,MT-004066,TRD,C17,2026-09-04,20:57,22:00,63,BLK-00294,REJECTED
REQ-004162,MT-003840,ENGINEERING,C01,2026-09-13,11:48,13:52,124,BLK-01056,APPROVED
REQ-004163,MT-001047,TRD,C03,2026-09-12,13:06,15:58,172,BLK-00924,REJECTED
REQ-004164,MT-004674,ENGINEERING,C03,2026-09-15,14:17,15:47,90,BLK-01660,PENDING
REQ-004165,MT-003911,ENGINEERING,C18,2026-09-10,00:44,02:42,118,BLK-00626,PENDING
REQ-004166,MT-003191,TRD,C16,2026-09-08,16:25,17:42,77,BLK-01556,PENDING
REQ-004167,MT-001387,S&T,C08,2026-09-05,02:30,04:49,139,BLK-01834,REJECTED
REQ-004168,MT-002336,S&T,C14,2026-09-30,05:31,07:31,120,BLK-01823,APPROVED
REQ-004169,MT-000798,TRD,C02,2026-09-03,15:28,16:59,91,BLK-00687,PENDING
REQ-004170,MT-004031,S&T,C08,2026-09-26,20:27,22:10,103,BLK-01747,APPROVED
REQ-004171,MT-000681,S&T,C16,2026-09-07,10:12,12:58,166,BLK-00183,PENDING
REQ-004172,MT-003101,ENGINEERING,C13,2026-09-03,04:24,06:13,109,BLK-01936,APPROVED
REQ-004173,MT-002185,ENGINEERING,C15,2026-09-16,17:18,18:49,91,BLK-01441,PENDING
REQ-004174,MT-000516,TRD,C02,2026-09-26,06:20,08:29,129,BLK-00934,APPROVED
REQ-004175,MT-003464,TRD,C08,2026-09-25,21:46,00:06,140,BLK-02243,APPROVED
REQ-004176,MT-003752,ENGINEERING,C10,2026-09-08,09:03,11:30,147,BLK-01053,REJECTED
REQ-004177,MT-000598,TRD,C04,2026-09-23,16:07,18:34,147,BLK-00291,PENDING
REQ-004178,MT-003320,ENGINEERING,C02,2026-09-05,04:32,05:02,30,BLK-02286,APPROVED
REQ-004179,MT-004455,S&T,C11,2026-09-17,17:24,20:04,160,BLK-01560,REJECTED
REQ-004180,MT-001079,TRD,C14,2026-09-23,04:26,06:21,115,BLK-02472,APPROVED
REQ-004181,MT-003305,TRD,C04,2026-09-19,03:16,04:40,84,BLK-00370,PENDING
REQ-004182,MT-001807,TRD,C06,2026-09-09,21:48,00:23,155,BLK-01328,PENDING
REQ-004183,MT-000758,S&T,C17,2026-09-27,01:48,03:59,131,BLK-02608,REJECTED
REQ-004184,MT-000358,S&T,C15,2026-09-10,17:34,19:32,118,BLK-00053,PENDING
REQ-004185,MT-000897,ENGINEERING,C05,2026-09-30,22:42,01:08,146,BLK-00172,APPROVED
REQ-004186,MT-002806,ENGINEERING,C04,2026-09-21,20:03,22:05,122,BLK-00252,REJECTED
REQ-004187,MT-003909,S&T,C12,2026-09-10,05:06,07:53,167,BLK-02948,REJECTED
REQ-004188,MT-002741,ENGINEERING,C15,2026-09-20,16:36,17:13,37,BLK-02230,APPROVED
REQ-004189,MT-001399,S&T,C10,2026-09-16,21:51,22:57,66,BLK-02516,REJECTED
REQ-004190,MT-002963,ENGINEERING,C18,2026-09-27,22:34,01:18,164,BLK-01954,APPROVED
REQ-004191,MT-004908,S&T,C09,2026-09-01,03:39,05:15,96,BLK-00746,PENDING
REQ-004192,MT-004274,TRD,C19,2026-09-18,05:29,08:02,153,BLK-02747,APPROVED
REQ-004193,MT-001209,S&T,C15,2026-09-19,13:48,15:27,99,BLK-01198,PENDING
REQ-004194,MT-000418,TRD,C03,2026-09-27,22:58,00:53,115,BLK-02734,PENDING
REQ-004195,MT-002687,TRD,C18,2026-09-22,03:52,04:54,62,BLK-02661,PENDING
REQ-004196,MT-004180,S&T,C09,2026-09-22,04:15,06:11,116,BLK-00610,APPROVED
REQ-004197,MT-001880,S&T,C04,2026-09-08,15:10,16:04,54,BLK-01917,PENDING
REQ-004198,MT-002941,ENGINEERING,C05,2026-09-09,12:44,13:39,55,BLK-02919,APPROVED
REQ-004199,MT-002009,S&T,C13,2026-09-22,00:28,02:31,123,BLK-01908,APPROVED
REQ-004200,MT-000971,TRD,C02,2026-09-29,19:36,22:02,146,BLK-02036,PENDING
REQ-004201,MT-004918,TRD,C17,2026-09-25,21:41,23:25,104,BLK-01232,APPROVED
REQ-004202,MT-001500,ENGINEERING,C13,2026-09-19,20:31,23:52,201,BLK-00359,APPROVED
REQ-004203,MT-002765,ENGINEERING,C17,2026-09-22,00:54,02:24,90,BLK-01360,PENDING
REQ-004204,MT-001627,ENGINEERING,C05,2026-09-14,15:57,16:53,56,BLK-01150,APPROVED
REQ-004205,MT-002606,S&T,C05,2026-09-09,10:49,12:52,123,BLK-02918,APPROVED
REQ-004206,MT-002738,ENGINEERING,C18,2026-09-09,00:42,02:16,94,BLK-02584,APPROVED
REQ-004207,MT-001783,S&T,C11,2026-09-21,22:39,00:07,88,BLK-01616,REJECTED
REQ-004208,MT-001567,TRD,C01,2026-09-05,09:06,10:32,86,BLK-02716,APPROVED
REQ-004209,MT-004189,ENGINEERING,C09,2026-09-04,00:13,02:42,149,BLK-01190,REJECTED
REQ-004210,MT-003375,TRD,C16,2026-09-06,00:28,02:25,117,BLK-01684,PENDING
REQ-004211,MT-004433,ENGINEERING,C10,2026-09-09,11:25,14:25,180,BLK-01116,PENDING
REQ-004212,MT-003578,S&T,C03,2026-09-09,15:59,18:21,142,BLK-00870,REJECTED
REQ-004213,MT-002239,ENGINEERING,C18,2026-09-11,02:15,03:52,97,BLK-00104,REJECTED
REQ-004214,MT-000270,S&T,C12,2026-09-07,22:11,23:50,99,BLK-01829,APPROVED
REQ-004215,MT-004728,TRD,C16,2026-09-07,17:56,19:29,93,BLK-00989,APPROVED
REQ-004216,MT-001341,ENGINEERING,C16,2026-09-09,11:25,11:56,31,BLK-01116,PENDING
REQ-004217,MT-000777,TRD,C20,2026-09-09,20:55,22:36,101,BLK-02943,PENDING
REQ-004218,MT-003293,TRD,C10,2026-09-01,17:45,19:34,109,BLK-02938,APPROVED
REQ-004219,MT-001498,TRD,C06,2026-09-28,07:08,08:53,105,BLK-02461,APPROVED
REQ-004220,MT-003173,ENGINEERING,C07,2026-09-23,09:06,11:19,133,BLK-00682,APPROVED
REQ-004221,MT-003386,ENGINEERING,C09,2026-09-03,04:24,05:53,89,BLK-01936,PENDING
REQ-004222,MT-000431,S&T,C04,2026-09-03,01:17,03:04,107,BLK-00840,PENDING
REQ-004223,MT-002082,TRD,C20,2026-09-27,05:57,07:52,115,BLK-02129,APPROVED
REQ-004224,MT-002581,S&T,C19,2026-09-17,08:51,10:46,115,BLK-00557,APPROVED
REQ-004225,MT-004291,S&T,C19,2026-09-01,07:48,09:37,109,BLK-00152,PENDING
REQ-004226,MT-000177,TRD,C02,2026-09-18,18:34,20:41,127,BLK-01770,PENDING
REQ-004227,MT-000140,S&T,C01,2026-09-19,22:08,00:58,170,BLK-00384,APPROVED
REQ-004228,MT-004326,S&T,C17,2026-09-10,00:44,02:57,133,BLK-00626,APPROVED
REQ-004229,MT-000085,S&T,C10,2026-09-18,01:36,03:14,98,BLK-00940,REJECTED
REQ-004230,MT-004906,ENGINEERING,C20,2026-09-28,10:51,12:47,116,BLK-01077,APPROVED
REQ-004231,MT-000494,TRD,C01,2026-09-25,10:04,12:18,134,BLK-02284,PENDING
REQ-004232,MT-002858,TRD,C12,2026-09-30,03:09,04:36,87,BLK-00427,APPROVED
REQ-004233,MT-004073,TRD,C18,2026-09-02,22:40,00:03,83,BLK-00594,PENDING
REQ-004234,MT-001951,TRD,C19,2026-09-23,16:15,19:19,184,BLK-01185,PENDING
REQ-004235,MT-001696,ENGINEERING,C15,2026-09-11,04:54,07:21,147,BLK-02937,APPROVED
REQ-004236,MT-002308,S&T,C10,2026-09-03,13:10,14:47,97,BLK-01320,APPROVED
REQ-004237,MT-000216,ENGINEERING,C02,2026-09-06,00:58,03:13,135,BLK-01305,PENDING
REQ-004238,MT-001371,TRD,C02,2026-09-06,21:01,22:03,62,BLK-01273,APPROVED
REQ-004239,MT-003571,S&T,C11,2026-09-06,07:35,09:29,114,BLK-02613,PENDING
REQ-004240,MT-002489,S&T,C12,2026-09-05,09:31,11:51,140,BLK-01037,APPROVED
REQ-004241,MT-004813,ENGINEERING,C02,2026-09-11,14:59,16:24,85,BLK-00478,PENDING
REQ-004242,MT-004384,ENGINEERING,C07,2026-09-06,03:54,06:02,128,BLK-02092,PENDING
REQ-004243,MT-003072,TRD,C03,2026-09-14,09:47,11:24,97,BLK-00220,PENDING
REQ-004244,MT-003354,ENGINEERING,C06,2026-09-05,10:01,11:56,115,BLK-01559,PENDING
REQ-004245,MT-001233,S&T,C09,2026-09-11,04:54,06:12,78,BLK-02937,PENDING
REQ-004246,MT-003793,ENGINEERING,C05,2026-09-19,07:10,09:22,132,BLK-02704,APPROVED
REQ-004247,MT-001135,S&T,C20,2026-09-16,18:32,21:03,151,BLK-00267,APPROVED
REQ-004248,MT-003120,ENGINEERING,C03,2026-09-15,11:28,12:21,53,BLK-02641,PENDING
REQ-004249,MT-001915,ENGINEERING,C05,2026-09-29,10:32,12:49,137,BLK-02712,PENDING
REQ-004250,MT-000953,S&T,C15,2026-09-09,16:35,18:36,121,BLK-00563,PENDING
REQ-004251,MT-001489,ENGINEERING,C05,2026-09-20,09:55,11:57,122,BLK-00719,PENDING
REQ-004252,MT-004410,S&T,C07,2026-09-27,20:20,22:17,117,BLK-01870,APPROVED
REQ-004253,MT-001791,S&T,C04,2026-09-09,18:32,19:18,46,BLK-01996,PENDING
REQ-004254,MT-003407,ENGINEERING,C16,2026-09-21,17:09,18:40,91,BLK-01220,APPROVED
REQ-004255,MT-004845,TRD,C17,2026-09-06,17:34,19:16,102,BLK-00731,APPROVED
REQ-004256,MT-000801,S&T,C12,2026-09-24,01:32,02:46,74,BLK-02512,REJECTED
REQ-004257,MT-000076,ENGINEERING,C13,2026-09-08,09:36,12:36,180,BLK-02619,PENDING
REQ-004258,MT-004503,ENGINEERING,C14,2026-09-17,20:13,23:18,185,BLK-00062,PENDING
REQ-004259,MT-001548,TRD,C09,2026-09-15,08:23,11:10,167,BLK-01377,APPROVED
REQ-004260,MT-003425,S&T,C04,2026-09-03,03:22,05:28,126,BLK-00141,REJECTED
REQ-004261,MT-000922,TRD,C12,2026-09-24,22:21,23:33,72,BLK-00920,PENDING
REQ-004262,MT-003825,S&T,C19,2026-09-29,11:26,13:16,110,BLK-01800,PENDING
REQ-004263,MT-003797,ENGINEERING,C11,2026-09-15,17:39,19:58,139,BLK-01968,APPROVED
REQ-004264,MT-001419,ENGINEERING,C14,2026-09-21,15:28,16:31,63,BLK-01937,PENDING
REQ-004265,MT-002517,ENGINEERING,C07,2026-09-22,22:31,00:09,98,BLK-02353,PENDING
REQ-004266,MT-004313,TRD,C19,2026-09-20,03:54,05:12,78,BLK-01758,PENDING
REQ-004267,MT-002653,TRD,C03,2026-09-18,06:28,09:02,154,BLK-00369,PENDING
REQ-004268,MT-004011,ENGINEERING,C04,2026-09-19,15:34,18:08,154,BLK-02940,REJECTED
REQ-004269,MT-004102,ENGINEERING,C07,2026-09-20,06:47,09:52,185,BLK-00347,PENDING
REQ-004270,MT-001973,TRD,C15,2026-09-29,12:33,14:28,115,BLK-01378,REJECTED
REQ-004271,MT-004863,ENGINEERING,C10,2026-09-27,21:35,22:58,83,BLK-00408,APPROVED
REQ-004272,MT-004218,S&T,C01,2026-09-24,04:48,06:39,111,BLK-00189,APPROVED
REQ-004273,MT-002527,TRD,C10,2026-09-06,04:55,05:42,47,BLK-01074,REJECTED
REQ-004274,MT-004446,ENGINEERING,C01,2026-09-06,14:25,15:25,60,BLK-00612,APPROVED
REQ-004275,MT-002669,ENGINEERING,C09,2026-09-25,01:28,03:11,103,BLK-02377,APPROVED
REQ-004276,MT-004568,ENGINEERING,C17,2026-09-12,02:51,04:37,106,BLK-00845,PENDING
REQ-004277,MT-004671,TRD,C08,2026-09-22,10:51,12:21,90,BLK-02400,PENDING
REQ-004278,MT-002270,TRD,C15,2026-09-20,15:51,17:21,90,BLK-02540,APPROVED
REQ-004279,MT-000589,S&T,C17,2026-09-12,15:33,17:53,140,BLK-01362,PENDING
REQ-004280,MT-003698,TRD,C16,2026-09-06,02:30,04:38,128,BLK-00576,PENDING
REQ-004281,MT-001407,ENGINEERING,C01,2026-09-09,22:53,00:11,78,BLK-02611,APPROVED
REQ-004282,MT-000746,S&T,C09,2026-09-12,16:15,18:57,162,BLK-01047,PENDING
REQ-004283,MT-003836,TRD,C12,2026-09-29,16:52,18:14,82,BLK-01926,PENDING
REQ-004284,MT-001976,S&T,C20,2026-09-13,18:55,21:07,132,BLK-01907,APPROVED
REQ-004285,MT-003436,ENGINEERING,C20,2026-09-25,15:59,19:05,186,BLK-02477,PENDING
REQ-004286,MT-000828,TRD,C17,2026-09-08,21:40,00:06,146,BLK-02332,APPROVED
REQ-004287,MT-004581,S&T,C15,2026-09-04,06:04,08:04,120,BLK-00208,APPROVED
REQ-004288,MT-003547,ENGINEERING,C06,2026-09-22,17:47,20:05,138,BLK-01057,PENDING
REQ-004289,MT-000808,ENGINEERING,C10,2026-09-03,07:04,09:37,153,BLK-00728,PENDING
REQ-004290,MT-004176,TRD,C18,2026-09-01,19:58,21:10,72,BLK-01295,REJECTED
REQ-004291,MT-002886,TRD,C04,2026-09-16,16:14,16:57,43,BLK-01040,PENDING
REQ-004292,MT-000040,TRD,C17,2026-09-30,23:01,00:50,109,BLK-02543,APPROVED
REQ-004293,MT-000644,S&T,C02,2026-09-21,01:58,04:32,154,BLK-02928,REJECTED
REQ-004294,MT-002260,TRD,C09,2026-09-28,15:42,17:20,98,BLK-01483,PENDING
REQ-004295,MT-001153,S&T,C10,2026-09-10,16:38,18:17,99,BLK-01346,APPROVED
REQ-004296,MT-004103,ENGINEERING,C04,2026-09-29,17:52,19:33,101,BLK-02758,REJECTED
REQ-004297,MT-000024,S&T,C19,2026-09-11,04:41,06:32,111,BLK-00622,APPROVED
REQ-004298,MT-001963,S&T,C01,2026-09-12,19:21,20:06,45,BLK-02850,APPROVED
REQ-004299,MT-004796,ENGINEERING,C10,2026-09-25,00:07,01:39,92,BLK-02941,PENDING
REQ-004300,MT-003933,TRD,C02,2026-09-19,19:54,22:29,155,BLK-01565,PENDING
REQ-004301,MT-001313,TRD,C06,2026-09-13,11:48,13:34,106,BLK-01056,PENDING
REQ-004302,MT-003787,S&T,C15,2026-09-22,22:37,01:02,145,BLK-01572,APPROVED
REQ-004303,MT-004960,ENGINEERING,C13,2026-09-15,03:45,04:44,59,BLK-01636,APPROVED
REQ-004304,MT-003930,ENGINEERING,C12,2026-09-07,07:56,09:29,93,BLK-01431,REJECTED
REQ-004305,MT-001942,S&T,C09,2026-09-15,03:47,06:41,174,BLK-01412,PENDING
REQ-004306,MT-003950,TRD,C10,2026-09-30,13:34,16:17,163,BLK-00685,APPROVED
REQ-004307,MT-002030,TRD,C17,2026-09-09,03:53,05:13,80,BLK-02996,APPROVED
REQ-004308,MT-002374,TRD,C13,2026-09-12,02:40,04:43,123,BLK-01139,PENDING
REQ-004309,MT-000945,S&T,C09,2026-09-07,04:48,06:09,81,BLK-01038,PENDING
REQ-004310,MT-000581,S&T,C09,2026-09-27,05:20,07:36,136,BLK-02117,PENDING
REQ-004311,MT-000485,TRD,C19,2026-09-13,03:24,06:20,176,BLK-02822,APPROVED
REQ-004312,MT-002425,ENGINEERING,C07,2026-09-18,23:14,01:24,130,BLK-01781,PENDING
REQ-004313,MT-004278,ENGINEERING,C01,2026-09-16,12:47,14:52,125,BLK-02222,APPROVED
REQ-004314,MT-001324,TRD,C08,2026-09-01,15:34,18:39,185,BLK-02654,APPROVED
REQ-004315,MT-002708,S&T,C09,2026-09-21,19:10,21:12,122,BLK-01045,APPROVED
REQ-004316,MT-000413,TRD,C02,2026-09-22,09:22,11:46,144,BLK-01303,PENDING
REQ-004317,MT-002947,ENGINEERING,C01,2026-09-19,19:13,21:15,122,BLK-02644,REJECTED
REQ-004318,MT-003055,S&T,C11,2026-09-18,21:23,22:06,43,BLK-00883,APPROVED
REQ-004319,MT-001029,TRD,C12,2026-09-06,00:58,03:05,127,BLK-01305,APPROVED
REQ-004320,MT-004672,TRD,C01,2026-09-16,15:21,17:50,149,BLK-01474,APPROVED
REQ-004321,MT-001249,S&T,C07,2026-09-02,18:37,20:14,97,BLK-00106,PENDING
REQ-004322,MT-001179,ENGINEERING,C10,2026-09-30,21:29,23:15,106,BLK-00660,APPROVED
REQ-004323,MT-003777,S&T,C03,2026-09-29,01:04,02:45,101,BLK-02544,APPROVED
REQ-004324,MT-002604,ENGINEERING,C20,2026-09-28,09:49,13:23,214,BLK-02333,APPROVED
REQ-004325,MT-002248,S&T,C17,2026-09-11,09:25,10:43,78,BLK-01247,APPROVED
REQ-004326,MT-003422,TRD,C18,2026-09-11,11:26,13:45,139,BLK-01657,APPROVED
REQ-004327,MT-002270,TRD,C15,2026-09-30,13:44,15:07,83,BLK-00653,PENDING
REQ-004328,MT-002232,TRD,C09,2026-09-06,09:09,10:29,80,BLK-01472,PENDING
REQ-004329,MT-001721,TRD,C17,2026-09-16,20:46,23:16,150,BLK-02336,PENDING
REQ-004330,MT-004699,ENGINEERING,C01,2026-09-03,11:26,14:15,169,BLK-01579,APPROVED
REQ-004331,MT-001229,TRD,C10,2026-09-08,10:13,12:54,161,BLK-02536,PENDING
REQ-004332,MT-003352,S&T,C04,2026-09-14,11:15,13:15,120,BLK-00394,REJECTED
REQ-004333,MT-002045,TRD,C12,2026-09-10,03:29,04:42,73,BLK-01913,APPROVED
REQ-004334,MT-004216,S&T,C09,2026-09-06,05:58,06:56,58,BLK-02012,APPROVED
REQ-004335,MT-003199,ENGINEERING,C14,2026-09-10,17:51,19:50,119,BLK-00900,PENDING
REQ-004336,MT-004561,TRD,C18,2026-09-08,21:16,23:10,114,BLK-02991,PENDING
REQ-004337,MT-003397,S&T,C16,2026-09-16,12:47,14:53,126,BLK-02222,APPROVED
REQ-004338,MT-002192,ENGINEERING,C03,2026-09-27,05:20,07:35,135,BLK-02117,REJECTED
REQ-004339,MT-002950,S&T,C09,2026-09-10,17:01,18:52,111,BLK-02694,REJECTED
REQ-004340,MT-001931,S&T,C15,2026-09-25,07:03,09:00,117,BLK-00457,APPROVED
REQ-004341,MT-001599,ENGINEERING,C13,2026-09-20,15:18,17:07,109,BLK-02272,APPROVED
REQ-004342,MT-002004,ENGINEERING,C18,2026-09-29,19:36,22:49,193,BLK-02036,REJECTED
REQ-004343,MT-004631,ENGINEERING,C04,2026-09-17,20:56,22:55,119,BLK-01164,PENDING
REQ-004344,MT-004322,TRD,C08,2026-09-26,02:34,04:48,134,BLK-02812,APPROVED
REQ-004345,MT-001398,TRD,C16,2026-09-24,04:50,07:02,132,BLK-00264,PENDING
REQ-004346,MT-003062,TRD,C06,2026-09-28,03:46,04:52,66,BLK-02507,PENDING
REQ-004347,MT-001914,TRD,C09,2026-09-04,06:29,08:25,116,BLK-00850,REJECTED
REQ-004348,MT-004400,ENGINEERING,C18,2026-09-13,17:29,18:32,63,BLK-01500,PENDING
REQ-004349,MT-003433,ENGINEERING,C16,2026-09-08,22:19,01:09,170,BLK-02265,PENDING
REQ-004350,MT-002844,S&T,C04,2026-09-27,13:51,16:12,141,BLK-02279,APPROVED
REQ-004351,MT-000404,S&T,C06,2026-09-19,04:24,06:41,137,BLK-01528,APPROVED
REQ-004352,MT-001918,TRD,C03,2026-09-17,17:20,19:23,123,BLK-00136,REJECTED
REQ-004353,MT-003291,S&T,C04,2026-09-14,23:31,01:35,124,BLK-00161,PENDING
REQ-004354,MT-002644,ENGINEERING,C01,2026-09-27,07:30,09:09,99,BLK-02527,APPROVED
REQ-004355,MT-002806,ENGINEERING,C04,2026-09-11,08:08,09:54,106,BLK-00112,PENDING
REQ-004356,MT-000822,ENGINEERING,C05,2026-09-17,16:17,19:28,191,BLK-02975,APPROVED
REQ-004357,MT-000329,S&T,C04,2026-09-21,14:48,16:46,118,BLK-01592,APPROVED
REQ-004358,MT-003902,TRD,C02,2026-09-19,12:45,14:57,132,BLK-00345,APPROVED
REQ-004359,MT-002530,ENGINEERING,C18,2026-09-29,23:45,01:09,84,BLK-02802,PENDING
REQ-004360,MT-002957,ENGINEERING,C13,2026-09-08,12:55,15:29,154,BLK-01716,PENDING
REQ-004361,MT-004060,TRD,C08,2026-09-04,10:04,12:09,125,BLK-00604,APPROVED
REQ-004362,MT-000313,S&T,C11,2026-09-23,19:37,21:20,103,BLK-00683,PENDING
REQ-004363,MT-004938,TRD,C02,2026-09-29,20:59,22:18,79,BLK-01679,APPROVED
REQ-004364,MT-000929,S&T,C10,2026-09-22,22:37,00:46,129,BLK-01572,APPROVED
REQ-004365,MT-002258,ENGINEERING,C10,2026-09-28,05:49,08:04,135,BLK-00827,APPROVED
REQ-004366,MT-003341,TRD,C05,2026-09-08,02:15,03:50,95,BLK-00175,PENDING
REQ-004367,MT-002307,TRD,C17,2026-09-23,14:50,17:48,178,BLK-01156,APPROVED
REQ-004368,MT-001728,S&T,C03,2026-09-20,02:19,04:27,128,BLK-00963,PENDING
REQ-004369,MT-003958,ENGINEERING,C05,2026-09-05,02:41,04:43,122,BLK-02455,APPROVED
REQ-004370,MT-003855,TRD,C10,2026-09-25,15:42,17:05,83,BLK-01310,PENDING
REQ-004371,MT-000314,ENGINEERING,C06,2026-09-22,18:20,19:38,78,BLK-01267,PENDING
REQ-004372,MT-003930,ENGINEERING,C12,2026-09-20,01:37,02:56,79,BLK-00523,REJECTED
REQ-004373,MT-002490,ENGINEERING,C17,2026-09-14,11:15,13:08,113,BLK-00394,PENDING
REQ-004374,MT-001422,TRD,C15,2026-09-17,17:40,19:51,131,BLK-01313,PENDING
REQ-004375,MT-003095,TRD,C10,2026-09-11,08:59,10:13,74,BLK-00373,PENDING
REQ-004376,MT-004126,S&T,C17,2026-09-18,11:54,13:42,108,BLK-00675,APPROVED
REQ-004377,MT-003476,TRD,C02,2026-09-11,10:21,11:53,92,BLK-01675,PENDING
REQ-004378,MT-001320,TRD,C06,2026-09-23,10:32,12:05,93,BLK-02742,PENDING
REQ-004379,MT-003360,S&T,C06,2026-09-04,04:20,05:56,96,BLK-00100,APPROVED
REQ-004380,MT-001852,TRD,C15,2026-09-19,13:25,14:16,51,BLK-00902,APPROVED
REQ-004381,MT-002556,ENGINEERING,C20,2026-09-01,17:20,19:35,135,BLK-02278,PENDING
REQ-004382,MT-003189,TRD,C18,2026-09-30,18:26,20:10,104,BLK-02218,APPROVED
REQ-004383,MT-000006,S&T,C02,2026-09-06,10:00,11:54,114,BLK-01467,PENDING
REQ-004384,MT-002060,S&T,C07,2026-09-05,02:30,05:02,152,BLK-01834,PENDING
REQ-004385,MT-003836,TRD,C12,2026-09-03,19:54,21:34,100,BLK-02953,APPROVED
REQ-004386,MT-001825,ENGINEERING,C11,2026-09-02,19:57,21:26,89,BLK-01947,PENDING
REQ-004387,MT-002419,ENGINEERING,C01,2026-09-26,08:24,10:16,112,BLK-02448,APPROVED
REQ-004388,MT-000792,TRD,C08,2026-09-27,02:44,05:42,178,BLK-00198,PENDING
REQ-004389,MT-000220,S&T,C17,2026-09-06,13:16,14:48,92,BLK-02147,PENDING
REQ-004390,MT-004897,ENGINEERING,C02,2026-09-26,10:18,12:04,106,BLK-00673,APPROVED
REQ-004391,MT-000091,ENGINEERING,C01,2026-09-15,23:17,00:16,59,BLK-02227,PENDING
REQ-004392,MT-004112,TRD,C17,2026-09-14,10:39,12:47,128,BLK-01507,APPROVED
REQ-004393,MT-002827,TRD,C10,2026-09-26,06:41,08:48,127,BLK-00417,APPROVED
REQ-004394,MT-003963,S&T,C18,2026-09-18,04:46,06:01,75,BLK-01205,APPROVED
REQ-004395,MT-000830,ENGINEERING,C16,2026-09-03,11:49,13:32,103,BLK-01974,APPROVED
REQ-004396,MT-004439,TRD,C14,2026-09-23,19:08,20:22,74,BLK-00631,REJECTED
REQ-004397,MT-004686,ENGINEERING,C16,2026-09-17,07:02,08:21,79,BLK-02929,APPROVED
REQ-004398,MT-004011,ENGINEERING,C04,2026-09-08,00:44,03:31,167,BLK-00520,PENDING
REQ-004399,MT-001149,S&T,C05,2026-09-14,14:47,16:35,108,BLK-00445,APPROVED
REQ-004400,MT-001820,S&T,C06,2026-09-27,10:18,12:30,132,BLK-02007,REJECTED
REQ-004401,MT-002492,ENGINEERING,C06,2026-09-01,22:04,00:06,122,BLK-01538,PENDING
REQ-004402,MT-001258,ENGINEERING,C10,2026-09-10,16:38,18:05,87,BLK-01346,PENDING
REQ-004403,MT-000489,ENGINEERING,C09,2026-09-07,23:48,00:59,71,BLK-02357,REJECTED
REQ-004404,MT-004238,S&T,C20,2026-09-16,03:39,05:57,138,BLK-01117,PENDING
REQ-004405,MT-000473,TRD,C02,2026-09-11,14:33,16:23,110,BLK-02039,APPROVED
REQ-004406,MT-004184,ENGINEERING,C17,2026-09-22,12:15,13:23,68,BLK-00797,REJECTED
REQ-004407,MT-004949,TRD,C15,2026-09-19,14:53,17:01,128,BLK-01940,PENDING
REQ-004408,MT-001425,TRD,C17,2026-09-21,11:16,13:14,118,BLK-02043,PENDING
REQ-004409,MT-004182,ENGINEERING,C18,2026-09-11,09:32,10:59,87,BLK-02776,APPROVED
REQ-004410,MT-000495,S&T,C19,2026-09-13,04:01,06:23,142,BLK-00637,PENDING
REQ-004411,MT-002575,TRD,C17,2026-09-05,02:45,05:02,137,BLK-02337,PENDING
REQ-004412,MT-002819,TRD,C15,2026-09-23,17:39,18:46,67,BLK-02341,REJECTED
REQ-004413,MT-000550,ENGINEERING,C08,2026-09-05,02:24,03:53,89,BLK-02328,PENDING
REQ-004414,MT-002053,ENGINEERING,C12,2026-09-04,16:07,18:30,143,BLK-01477,PENDING
REQ-004415,MT-000852,ENGINEERING,C17,2026-09-02,11:08,12:59,111,BLK-00904,APPROVED
REQ-004416,MT-002822,ENGINEERING,C04,2026-09-02,12:15,13:23,68,BLK-01206,REJECTED
REQ-004417,MT-004610,TRD,C13,2026-09-22,05:09,07:28,139,BLK-02700,APPROVED
REQ-004418,MT-002322,S&T,C14,2026-09-18,14:07,15:42,95,BLK-02638,REJECTED
REQ-004419,MT-000505,S&T,C09,2026-09-09,02:17,04:32,135,BLK-02957,PENDING
REQ-004420,MT-000493,TRD,C13,2026-09-01,09:45,12:11,146,BLK-02678,PENDING
REQ-004421,MT-002989,S&T,C15,2026-09-25,01:00,03:30,150,BLK-00178,REJECTED
REQ-004422,MT-003751,ENGINEERING,C09,2026-09-01,01:05,02:44,99,BLK-02115,PENDING
REQ-004423,MT-004053,ENGINEERING,C16,2026-09-05,06:34,09:12,158,BLK-01266,PENDING
REQ-004424,MT-002749,S&T,C13,2026-09-04,13:32,15:08,96,BLK-01867,PENDING
REQ-004425,MT-000382,TRD,C08,2026-09-13,07:08,08:53,105,BLK-01075,PENDING
REQ-004426,MT-002124,ENGINEERING,C06,2026-09-28,03:15,06:22,187,BLK-01661,APPROVED
REQ-004427,MT-001645,TRD,C17,2026-09-01,20:16,22:25,129,BLK-00375,PENDING
REQ-004428,MT-000759,TRD,C12,2026-09-29,12:33,13:43,70,BLK-01378,REJECTED
REQ-004429,MT-002733,ENGINEERING,C17,2026-09-26,14:45,15:51,66,BLK-00589,APPROVED
REQ-004430,MT-002384,S&T,C04,2026-09-05,03:47,06:12,145,BLK-02004,PENDING
REQ-004431,MT-000961,ENGINEERING,C09,2026-09-03,11:45,14:33,168,BLK-01025,APPROVED
REQ-004432,MT-000660,ENGINEERING,C06,2026-09-24,01:32,03:48,136,BLK-02512,APPROVED
REQ-004433,MT-002182,ENGINEERING,C20,2026-09-04,12:07,14:47,160,BLK-01336,PENDING
REQ-004434,MT-002620,TRD,C12,2026-09-19,03:49,04:41,52,BLK-02777,APPROVED
REQ-004435,MT-003837,ENGINEERING,C08,2026-09-25,11:16,13:32,136,BLK-00835,APPROVED
REQ-004436,MT-001622,S&T,C11,2026-09-20,22:30,23:58,88,BLK-00188,PENDING
REQ-004437,MT-004891,S&T,C18,2026-09-14,04:44,05:27,43,BLK-00668,REJECTED
REQ-004438,MT-001434,TRD,C18,2026-09-11,09:32,11:08,96,BLK-02776,APPROVED
REQ-004439,MT-003367,S&T,C11,2026-09-28,19:48,21:12,84,BLK-01543,APPROVED
REQ-004440,MT-002908,TRD,C16,2026-09-26,10:38,11:35,57,BLK-00518,PENDING
REQ-004441,MT-002323,S&T,C06,2026-09-18,03:40,05:02,82,BLK-02697,PENDING
REQ-004442,MT-002775,TRD,C17,2026-09-21,21:12,22:46,94,BLK-02842,REJECTED
REQ-004443,MT-002710,ENGINEERING,C16,2026-09-17,17:24,20:25,181,BLK-01560,PENDING
REQ-004444,MT-002560,ENGINEERING,C20,2026-09-15,11:28,14:05,157,BLK-02641,APPROVED
REQ-004445,MT-004856,TRD,C08,2026-09-17,07:37,09:20,103,BLK-01265,PENDING
REQ-004446,MT-001358,ENGINEERING,C03,2026-09-29,11:09,12:33,84,BLK-02872,REJECTED
REQ-004447,MT-004770,ENGINEERING,C06,2026-09-03,08:08,10:27,139,BLK-02688,PENDING
REQ-004448,MT-003692,TRD,C12,2026-09-23,20:48,23:13,145,BLK-02699,PENDING
REQ-004449,MT-002127,TRD,C11,2026-09-08,03:20,05:15,115,BLK-00243,APPROVED
REQ-004450,MT-000720,TRD,C09,2026-09-27,16:47,19:09,142,BLK-01396,APPROVED
REQ-004451,MT-002909,S&T,C05,2026-09-26,19:52,21:00,68,BLK-01680,PENDING
REQ-004452,MT-000059,S&T,C18,2026-09-27,22:58,00:28,90,BLK-02734,APPROVED
REQ-004453,MT-003215,ENGINEERING,C17,2026-09-08,23:01,00:35,94,BLK-02054,APPROVED
REQ-004454,MT-004258,S&T,C15,2026-09-15,23:17,01:42,145,BLK-02227,REJECTED
REQ-004455,MT-000804,TRD,C16,2026-09-06,07:05,08:49,104,BLK-02967,PENDING
REQ-004456,MT-004513,S&T,C16,2026-09-06,08:18,10:44,146,BLK-00181,APPROVED
REQ-004457,MT-004267,TRD,C15,2026-09-21,18:44,19:46,62,BLK-00693,APPROVED
REQ-004458,MT-002015,ENGINEERING,C20,2026-09-11,04:54,06:46,112,BLK-02937,PENDING
REQ-004459,MT-004129,ENGINEERING,C06,2026-09-09,05:51,09:27,216,BLK-02930,APPROVED
REQ-004460,MT-004338,TRD,C17,2026-09-26,04:51,06:46,115,BLK-02955,PENDING
REQ-004461,MT-000664,ENGINEERING,C09,2026-09-29,07:14,10:12,178,BLK-00722,REJECTED
REQ-004462,MT-001987,ENGINEERING,C05,2026-09-21,17:04,18:08,64,BLK-01005,PENDING
REQ-004463,MT-000677,ENGINEERING,C05,2026-09-17,23:37,01:24,107,BLK-02458,REJECTED
REQ-004464,MT-001562,ENGINEERING,C02,2026-09-29,02:21,04:09,108,BLK-01842,PENDING
REQ-004465,MT-002142,S&T,C04,2026-09-12,04:04,05:56,112,BLK-00769,APPROVED
REQ-004466,MT-002971,S&T,C08,2026-09-12,20:10,23:02,172,BLK-01853,APPROVED
REQ-004467,MT-002257,TRD,C17,2026-09-19,20:25,22:24,119,BLK-01414,PENDING
REQ-004468,MT-004461,ENGINEERING,C15,2026-09-01,00:11,02:25,134,BLK-02811,APPROVED
REQ-004469,MT-002445,TRD,C13,2026-09-27,13:15,15:36,141,BLK-01288,APPROVED
REQ-004470,MT-003250,S&T,C04,2026-09-16,07:19,08:57,98,BLK-02346,PENDING
REQ-004471,MT-000823,S&T,C19,2026-09-12,08:12,09:44,92,BLK-00330,APPROVED
REQ-004472,MT-003197,ENGINEERING,C03,2026-09-21,13:00,14:31,91,BLK-00624,REJECTED
REQ-004473,MT-000435,TRD,C14,2026-09-28,12:55,14:29,94,BLK-00321,APPROVED
REQ-004474,MT-001901,ENGINEERING,C16,2026-09-15,13:56,15:58,122,BLK-02559,APPROVED
REQ-004475,MT-003342,ENGINEERING,C20,2026-09-22,01:37,03:31,114,BLK-02120,PENDING
REQ-004476,MT-003015,ENGINEERING,C14,2026-09-11,00:47,01:37,50,BLK-02390,APPROVED
REQ-004477,MT-003638,TRD,C05,2026-09-14,09:06,10:42,96,BLK-00966,APPROVED
REQ-004478,MT-001904,S&T,C06,2026-09-08,09:47,12:12,145,BLK-01148,APPROVED
REQ-004479,MT-002446,S&T,C15,2026-09-04,16:44,19:05,141,BLK-01557,PENDING
REQ-004480,MT-004025,ENGINEERING,C11,2026-09-26,12:29,14:35,126,BLK-02189,APPROVED
REQ-004481,MT-001299,TRD,C17,2026-09-02,12:57,15:17,140,BLK-01558,PENDING
REQ-004482,MT-003939,ENGINEERING,C16,2026-09-04,14:38,17:05,147,BLK-01523,PENDING
REQ-004483,MT-000939,TRD,C16,2026-09-21,10:05,11:59,114,BLK-00096,PENDING
REQ-004484,MT-000696,ENGINEERING,C16,2026-09-08,19:38,21:03,85,BLK-02964,PENDING
REQ-004485,MT-004658,ENGINEERING,C14,2026-09-03,08:08,09:43,95,BLK-02688,PENDING
REQ-004486,MT-002052,TRD,C20,2026-09-11,10:22,13:18,176,BLK-01596,PENDING
REQ-004487,MT-003939,ENGINEERING,C16,2026-09-24,18:46,21:35,169,BLK-00763,APPROVED
REQ-004488,MT-002264,S&T,C08,2026-09-03,06:09,07:18,69,BLK-00050,PENDING
REQ-004489,MT-002746,S&T,C09,2026-09-02,04:53,07:04,131,BLK-01100,APPROVED
REQ-004490,MT-002978,S&T,C11,2026-09-25,09:18,11:11,113,BLK-01485,APPROVED
REQ-004491,MT-002830,ENGINEERING,C16,2026-09-26,12:05,14:56,171,BLK-00146,APPROVED
REQ-004492,MT-002088,S&T,C06,2026-09-25,09:32,11:12,100,BLK-00825,PENDING
REQ-004493,MT-003755,TRD,C18,2026-09-13,21:19,23:13,114,BLK-02439,PENDING
REQ-004494,MT-001886,TRD,C02,2026-09-21,19:04,21:32,148,BLK-01876,REJECTED
REQ-004495,MT-000107,ENGINEERING,C07,2026-09-06,03:35,06:07,152,BLK-02947,PENDING
REQ-004496,MT-003280,S&T,C04,2026-09-20,07:44,08:41,57,BLK-01891,APPROVED
REQ-004497,MT-002064,ENGINEERING,C15,2026-09-08,13:50,15:25,95,BLK-01569,PENDING
REQ-004498,MT-000775,ENGINEERING,C13,2026-09-06,13:51,15:25,94,BLK-00754,PENDING
REQ-004499,MT-000202,ENGINEERING,C04,2026-09-22,19:21,22:11,170,BLK-01134,REJECTED
REQ-004500,MT-003555,TRD,C06,2026-09-21,00:23,02:08,105,BLK-00212,PENDING
REQ-004501,MT-003806,S&T,C14,2026-09-08,22:05,00:28,143,BLK-02989,PENDING
REQ-004502,MT-002095,TRD,C03,2026-09-09,01:59,03:10,71,BLK-00834,PENDING
REQ-004503,MT-000106,TRD,C03,2026-09-26,10:18,13:23,185,BLK-00673,APPROVED
REQ-004504,MT-001848,TRD,C08,2026-09-10,16:38,18:03,85,BLK-01346,PENDING
REQ-004505,MT-001358,ENGINEERING,C03,2026-09-13,04:25,06:05,100,BLK-02358,PENDING
REQ-004506,MT-003790,TRD,C01,2026-09-23,13:09,15:06,117,BLK-02659,PENDING
REQ-004507,MT-001673,S&T,C07,2026-09-29,21:25,22:49,84,BLK-00635,APPROVED
REQ-004508,MT-003227,ENGINEERING,C14,2026-09-29,14:15,16:12,117,BLK-01762,PENDING
REQ-004509,MT-003922,TRD,C18,2026-09-02,17:44,19:20,96,BLK-00176,APPROVED
REQ-004510,MT-002283,TRD,C08,2026-09-05,09:06,10:33,87,BLK-02716,APPROVED
REQ-004511,MT-002167,TRD,C17,2026-09-05,03:46,05:57,131,BLK-01717,REJECTED
REQ-004512,MT-003802,TRD,C19,2026-09-23,16:07,17:28,81,BLK-00291,REJECTED
REQ-004513,MT-003108,TRD,C08,2026-09-06,04:24,06:49,145,BLK-01743,APPROVED
REQ-004514,MT-000121,S&T,C14,2026-09-05,06:01,07:52,111,BLK-01999,REJECTED
REQ-004515,MT-001326,S&T,C15,2026-09-17,17:58,20:22,144,BLK-00580,APPROVED
REQ-004516,MT-000064,ENGINEERING,C10,2026-09-22,21:43,00:18,155,BLK-01980,APPROVED
REQ-004517,MT-003809,TRD,C09,2026-09-14,16:51,18:00,69,BLK-01473,PENDING
REQ-004518,MT-003955,ENGINEERING,C15,2026-09-19,19:36,21:57,141,BLK-01633,PENDING
REQ-004519,MT-004266,ENGINEERING,C04,2026-09-01,07:25,08:55,90,BLK-02204,PENDING
REQ-004520,MT-001072,S&T,C04,2026-09-17,10:17,11:19,62,BLK-00151,PENDING
REQ-004521,MT-003334,S&T,C07,2026-09-07,10:12,12:37,145,BLK-00183,APPROVED
REQ-004522,MT-002152,TRD,C14,2026-09-07,18:09,19:35,86,BLK-00872,PENDING
REQ-004523,MT-002966,TRD,C14,2026-09-16,18:18,20:01,103,BLK-01981,APPROVED
REQ-004524,MT-000210,ENGINEERING,C02,2026-09-17,15:56,17:22,86,BLK-02581,PENDING
REQ-004525,MT-000365,ENGINEERING,C13,2026-09-14,02:58,04:41,103,BLK-00488,PENDING
REQ-004526,MT-001819,S&T,C09,2026-09-20,19:36,20:17,41,BLK-01016,APPROVED
REQ-004527,MT-000284,TRD,C10,2026-09-23,11:49,13:45,116,BLK-01763,APPROVED
REQ-004528,MT-003180,TRD,C10,2026-09-16,23:31,02:22,171,BLK-00492,APPROVED
REQ-004529,MT-002381,S&T,C05,2026-09-02,06:02,07:55,113,BLK-02482,PENDING
REQ-004530,MT-000689,S&T,C11,2026-09-24,15:09,16:05,56,BLK-00279,REJECTED
REQ-004531,MT-003386,ENGINEERING,C09,2026-09-28,15:42,17:09,87,BLK-01483,APPROVED
REQ-004532,MT-003168,S&T,C04,2026-09-24,12:44,14:25,101,BLK-00630,PENDING
REQ-004533,MT-001794,ENGINEERING,C07,2026-09-21,17:08,18:20,72,BLK-01534,APPROVED
REQ-004534,MT-001115,ENGINEERING,C02,2026-09-12,19:11,20:34,83,BLK-01294,PENDING
REQ-004535,MT-000030,S&T,C02,2026-09-08,02:29,05:00,151,BLK-01776,APPROVED
REQ-004536,MT-003499,TRD,C02,2026-09-20,10:33,12:52,139,BLK-00343,APPROVED
REQ-004537,MT-002034,S&T,C09,2026-09-16,10:32,12:23,111,BLK-01708,REJECTED
REQ-004538,MT-001870,TRD,C17,2026-09-28,00:33,02:01,88,BLK-02459,PENDING
REQ-004539,MT-001264,S&T,C16,2026-09-29,09:07,11:52,165,BLK-02679,PENDING
REQ-004540,MT-000594,TRD,C16,2026-09-30,03:44,05:22,98,BLK-01567,APPROVED
REQ-004541,MT-002430,ENGINEERING,C02,2026-09-08,06:00,07:32,92,BLK-00620,REJECTED
REQ-004542,MT-000963,TRD,C02,2026-09-13,13:23,15:40,137,BLK-00149,APPROVED
REQ-004543,MT-004663,ENGINEERING,C16,2026-09-25,22:13,00:06,113,BLK-02984,PENDING
REQ-004544,MT-002907,ENGINEERING,C09,2026-09-08,18:05,19:16,71,BLK-02370,PENDING
REQ-004545,MT-002349,ENGINEERING,C07,2026-09-24,05:59,07:50,111,BLK-00465,APPROVED
REQ-004546,MT-002658,S&T,C20,2026-09-03,20:34,22:32,118,BLK-01627,PENDING
REQ-004547,MT-004396,S&T,C01,2026-09-27,23:20,00:54,94,BLK-01389,APPROVED
REQ-004548,MT-003177,ENGINEERING,C02,2026-09-24,13:56,16:30,154,BLK-02309,APPROVED
REQ-004549,MT-000585,S&T,C15,2026-09-06,04:26,06:53,147,BLK-00805,PENDING
REQ-004550,MT-001443,S&T,C06,2026-09-29,18:49,20:27,98,BLK-00059,APPROVED
REQ-004551,MT-004244,TRD,C13,2026-09-09,06:53,08:32,99,BLK-01402,PENDING
REQ-004552,MT-003327,ENGINEERING,C18,2026-09-27,10:45,11:58,73,BLK-00242,PENDING
REQ-004553,MT-004541,TRD,C20,2026-09-05,17:26,19:39,133,BLK-01468,REJECTED
REQ-004554,MT-000848,ENGINEERING,C11,2026-09-18,05:35,07:48,133,BLK-01928,APPROVED
REQ-004555,MT-001659,S&T,C12,2026-09-04,08:25,10:40,135,BLK-00725,APPROVED
REQ-004556,MT-002730,S&T,C18,2026-09-28,10:34,11:52,78,BLK-00994,PENDING
REQ-004557,MT-001396,S&T,C20,2026-09-09,07:42,09:34,112,BLK-00398,PENDING
REQ-004558,MT-004474,TRD,C06,2026-09-20,08:28,09:42,74,BLK-02185,PENDING
REQ-004559,MT-004841,ENGINEERING,C20,2026-09-13,21:01,21:31,30,BLK-00008,REJECTED
REQ-004560,MT-000945,S&T,C09,2026-09-17,20:42,21:27,45,BLK-01406,APPROVED
REQ-004561,MT-002938,ENGINEERING,C01,2026-09-07,00:30,01:51,81,BLK-02492,PENDING
REQ-004562,MT-004437,TRD,C16,2026-09-24,06:53,10:22,209,BLK-02899,APPROVED
REQ-004563,MT-000335,TRD,C19,2026-09-04,23:47,02:08,141,BLK-01597,REJECTED
REQ-004564,MT-002538,TRD,C08,2026-09-03,03:25,05:11,106,BLK-00717,REJECTED
REQ-004565,MT-003138,S&T,C16,2026-09-19,05:28,07:22,114,BLK-01904,PENDING
REQ-004566,MT-003744,TRD,C15,2026-09-29,19:24,21:09,105,BLK-00285,PENDING
REQ-004567,MT-002461,S&T,C08,2026-09-25,14:03,15:26,83,BLK-02979,PENDING
REQ-004568,MT-001532,TRD,C15,2026-09-15,22:42,01:42,180,BLK-01010,REJECTED
REQ-004569,MT-002572,S&T,C13,2026-09-08,11:42,13:38,116,BLK-02787,PENDING
REQ-004570,MT-001342,TRD,C03,2026-09-22,19:05,21:40,155,BLK-01055,PENDING
REQ-004571,MT-001889,TRD,C13,2026-09-12,18:23,20:14,111,BLK-02219,PENDING
REQ-004572,MT-000522,ENGINEERING,C04,2026-09-16,10:32,12:16,104,BLK-01708,PENDING
REQ-004573,MT-000225,ENGINEERING,C17,2026-09-28,04:54,06:40,106,BLK-00339,APPROVED
REQ-004574,MT-004868,TRD,C08,2026-09-20,04:25,07:50,205,BLK-02675,APPROVED
REQ-004575,MT-001447,TRD,C17,2026-09-08,06:45,09:04,139,BLK-01296,APPROVED
REQ-004576,MT-001780,S&T,C15,2026-09-28,14:53,17:00,127,BLK-00075,APPROVED
REQ-004577,MT-004067,TRD,C07,2026-09-13,22:55,00:55,120,BLK-00521,PENDING
REQ-004578,MT-000930,ENGINEERING,C10,2026-09-06,15:52,18:58,186,BLK-01222,PENDING
REQ-004579,MT-003912,TRD,C09,2026-09-23,01:45,03:45,120,BLK-02009,PENDING
REQ-004580,MT-000665,S&T,C08,2026-09-02,05:54,07:34,100,BLK-00816,PENDING
REQ-004581,MT-004765,ENGINEERING,C09,2026-09-22,19:00,20:04,64,BLK-01932,PENDING
REQ-004582,MT-000476,S&T,C03,2026-09-12,22:43,00:55,132,BLK-01852,PENDING
REQ-004583,MT-002956,ENGINEERING,C16,2026-09-02,16:25,18:00,95,BLK-00248,APPROVED
REQ-004584,MT-001289,TRD,C15,2026-09-15,13:47,16:23,156,BLK-00278,PENDING
REQ-004585,MT-002874,TRD,C05,2026-09-03,20:21,22:57,156,BLK-00436,PENDING
REQ-004586,MT-003816,S&T,C18,2026-09-17,23:37,01:38,121,BLK-02458,APPROVED
REQ-004587,MT-002380,ENGINEERING,C03,2026-09-02,14:02,15:16,74,BLK-01369,APPROVED
REQ-004588,MT-001167,ENGINEERING,C04,2026-09-15,17:54,19:13,79,BLK-01124,APPROVED
REQ-004589,MT-003705,TRD,C20,2026-09-15,00:17,02:35,138,BLK-01751,PENDING
REQ-004590,MT-000552,ENGINEERING,C06,2026-09-12,02:07,04:42,155,BLK-02285,PENDING
REQ-004591,MT-003204,ENGINEERING,C12,2026-09-20,02:19,03:50,91,BLK-00963,APPROVED
REQ-004592,MT-004693,ENGINEERING,C16,2026-09-20,19:19,20:06,47,BLK-00633,APPROVED
REQ-004593,MT-001171,S&T,C20,2026-09-23,13:09,14:29,80,BLK-02659,PENDING
REQ-004594,MT-000315,S&T,C15,2026-09-16,07:11,09:36,145,BLK-02757,REJECTED
REQ-004595,MT-004073,TRD,C18,2026-09-08,06:45,08:26,101,BLK-01296,PENDING
REQ-004596,MT-000569,ENGINEERING,C18,2026-09-09,10:15,12:23,128,BLK-01129,REJECTED
REQ-004597,MT-002852,S&T,C16,2026-09-07,01:48,03:53,125,BLK-00525,PENDING
REQ-004598,MT-002589,S&T,C17,2026-09-25,20:40,22:02,82,BLK-00611,PENDING
REQ-004599,MT-000387,TRD,C10,2026-09-07,21:54,00:42,168,BLK-02435,APPROVED
REQ-004600,MT-003154,TRD,C11,2026-09-29,16:52,18:42,110,BLK-01926,APPROVED
REQ-004601,MT-001530,ENGINEERING,C17,2026-09-11,21:33,23:36,123,BLK-01984,PENDING
REQ-004602,MT-002265,ENGINEERING,C06,2026-09-29,07:59,09:59,120,BLK-00788,PENDING
REQ-004603,MT-001854,TRD,C16,2026-09-29,07:20,10:00,160,BLK-00625,PENDING
REQ-004604,MT-001767,S&T,C10,2026-09-24,16:39,17:41,62,BLK-02324,APPROVED
REQ-004605,MT-003209,TRD,C15,2026-09-15,03:31,05:19,108,BLK-01736,PENDING
REQ-004606,MT-000035,TRD,C12,2026-09-01,23:01,00:16,75,BLK-00051,PENDING
REQ-004607,MT-000249,ENGINEERING,C02,2026-09-02,23:27,01:23,116,BLK-01331,APPROVED
REQ-004608,MT-004882,ENGINEERING,C09,2026-09-14,04:44,05:52,68,BLK-00668,REJECTED
REQ-004609,MT-001441,S&T,C09,2026-09-11,23:49,01:16,87,BLK-01903,PENDING
REQ-004610,MT-004050,S&T,C14,2026-09-28,05:20,06:55,95,BLK-02798,REJECTED
REQ-004611,MT-004673,TRD,C06,2026-09-21,02:02,04:41,159,BLK-02813,APPROVED
REQ-004612,MT-002629,TRD,C18,2026-09-01,04:38,06:57,139,BLK-00324,APPROVED
REQ-004613,MT-002972,TRD,C08,2026-09-12,08:12,11:11,179,BLK-00330,PENDING
REQ-004614,MT-000065,ENGINEERING,C05,2026-09-11,13:59,16:47,168,BLK-02453,PENDING
REQ-004615,MT-002260,TRD,C09,2026-09-21,19:46,21:02,76,BLK-02505,APPROVED
REQ-004616,MT-003804,ENGINEERING,C04,2026-09-07,19:58,22:06,128,BLK-00125,APPROVED
REQ-004617,MT-001847,ENGINEERING,C14,2026-09-10,23:04,01:10,126,BLK-00578,PENDING
REQ-004618,MT-004775,TRD,C13,2026-09-23,13:42,15:51,129,BLK-02213,PENDING
REQ-004619,MT-002013,S&T,C09,2026-09-20,22:22,00:29,127,BLK-01454,APPROVED
REQ-004620,MT-002438,TRD,C12,2026-09-24,06:21,08:21,120,BLK-02434,APPROVED
REQ-004621,MT-001089,S&T,C14,2026-09-06,02:03,03:45,102,BLK-02437,APPROVED
REQ-004622,MT-002334,TRD,C17,2026-09-19,14:38,17:45,187,BLK-00108,PENDING
REQ-004623,MT-003192,ENGINEERING,C13,2026-09-07,07:43,09:43,120,BLK-02515,APPROVED
REQ-004624,MT-004051,TRD,C15,2026-09-15,15:30,17:43,133,BLK-02909,APPROVED
REQ-004625,MT-000436,ENGINEERING,C16,2026-09-17,20:50,22:55,125,BLK-02010,PENDING
REQ-004626,MT-004449,S&T,C09,2026-09-27,13:51,15:53,122,BLK-02279,APPROVED
REQ-004627,MT-001402,ENGINEERING,C13,2026-09-18,05:35,08:36,181,BLK-01928,PENDING
REQ-004628,MT-004295,ENGINEERING,C10,2026-09-28,07:35,09:11,96,BLK-02018,PENDING
REQ-004629,MT-000284,TRD,C10,2026-09-20,17:39,19:28,109,BLK-01111,PENDING
REQ-004630,MT-003482,TRD,C08,2026-09-26,04:51,06:41,110,BLK-02955,PENDING
REQ-004631,MT-003506,TRD,C08,2026-09-30,14:28,15:50,82,BLK-02547,PENDING
REQ-004632,MT-001811,S&T,C17,2026-09-17,18:01,20:31,150,BLK-00250,APPROVED
REQ-004633,MT-004686,ENGINEERING,C16,2026-09-08,12:12,13:04,52,BLK-02468,APPROVED
REQ-004634,MT-004382,S&T,C11,2026-09-18,06:28,08:23,115,BLK-00369,APPROVED
REQ-004635,MT-004618,S&T,C11,2026-09-09,16:18,18:24,126,BLK-01945,APPROVED
REQ-004636,MT-000031,ENGINEERING,C07,2026-09-23,09:59,10:57,58,BLK-02884,PENDING
REQ-004637,MT-002505,TRD,C07,2026-09-10,17:20,20:12,172,BLK-01256,APPROVED
REQ-004638,MT-002086,S&T,C20,2026-09-13,05:28,06:55,87,BLK-00454,PENDING
REQ-004639,MT-002927,ENGINEERING,C04,2026-09-21,02:45,04:14,89,BLK-01099,PENDING
REQ-004640,MT-000671,S&T,C15,2026-09-09,08:02,09:39,97,BLK-02893,PENDING
REQ-004641,MT-000153,ENGINEERING,C03,2026-09-05,15:40,18:08,148,BLK-01766,PENDING
REQ-004642,MT-004010,TRD,C16,2026-09-20,19:52,22:54,182,BLK-01390,PENDING
REQ-004643,MT-004057,ENGINEERING,C04,2026-09-25,22:42,01:38,176,BLK-00105,APPROVED
REQ-004644,MT-004590,TRD,C16,2026-09-26,22:41,00:47,126,BLK-01787,APPROVED
REQ-004645,MT-003270,TRD,C10,2026-09-29,10:55,12:11,76,BLK-00839,PENDING
REQ-004646,MT-002189,S&T,C14,2026-09-21,09:05,11:09,124,BLK-01783,PENDING
REQ-004647,MT-004509,TRD,C13,2026-09-08,19:11,20:41,90,BLK-02690,REJECTED
REQ-004648,MT-002174,TRD,C18,2026-09-20,19:39,20:09,30,BLK-01574,PENDING
REQ-004649,MT-004944,S&T,C15,2026-09-08,23:14,01:30,136,BLK-02190,PENDING
REQ-004650,MT-001996,ENGINEERING,C11,2026-09-29,19:44,22:41,177,BLK-02896,REJECTED
REQ-004651,MT-001424,S&T,C04,2026-09-07,02:16,03:39,83,BLK-02457,PENDING
REQ-004652,MT-002829,ENGINEERING,C17,2026-09-01,09:21,11:49,148,BLK-00881,PENDING
REQ-004653,MT-003635,S&T,C08,2026-09-13,12:45,13:46,61,BLK-02383,APPROVED
REQ-004654,MT-002564,TRD,C12,2026-09-09,10:15,11:37,82,BLK-01129,PENDING
REQ-004655,MT-000446,ENGINEERING,C20,2026-09-17,17:40,18:40,60,BLK-01313,APPROVED
REQ-004656,MT-003284,ENGINEERING,C10,2026-09-23,10:57,12:54,117,BLK-02526,PENDING
REQ-004657,MT-002024,S&T,C11,2026-09-04,07:28,08:43,75,BLK-00412,APPROVED
REQ-004658,MT-000256,ENGINEERING,C06,2026-09-02,12:49,14:59,130,BLK-00144,APPROVED
REQ-004659,MT-002080,TRD,C17,2026-09-15,21:23,00:16,173,BLK-01748,REJECTED
REQ-004660,MT-003098,ENGINEERING,C15,2026-09-14,16:19,18:57,158,BLK-02146,PENDING
REQ-004661,MT-002948,TRD,C01,2026-09-26,06:58,08:14,76,BLK-02454,PENDING
REQ-004662,MT-002913,ENGINEERING,C14,2026-09-09,09:15,11:15,120,BLK-02488,PENDING
REQ-004663,MT-004371,S&T,C15,2026-09-13,12:02,13:17,75,BLK-02796,APPROVED
REQ-004664,MT-003560,S&T,C15,2026-09-21,20:57,22:32,95,BLK-00976,APPROVED
REQ-004665,MT-001095,TRD,C05,2026-09-18,06:25,08:58,153,BLK-00569,APPROVED
REQ-004666,MT-002237,S&T,C15,2026-09-08,11:10,12:46,96,BLK-01691,REJECTED
REQ-004667,MT-004754,S&T,C20,2026-09-11,22:22,23:42,80,BLK-01701,REJECTED
REQ-004668,MT-003775,ENGINEERING,C08,2026-09-12,14:57,16:44,107,BLK-00737,APPROVED
REQ-004669,MT-004083,S&T,C15,2026-09-30,18:26,19:59,93,BLK-02218,APPROVED
REQ-004670,MT-002367,TRD,C12,2026-09-10,03:41,06:47,186,BLK-01141,PENDING
REQ-004671,MT-001161,TRD,C12,2026-09-23,08:48,11:38,170,BLK-02499,APPROVED
REQ-004672,MT-001664,ENGINEERING,C20,2026-09-26,19:59,21:39,100,BLK-02586,PENDING
REQ-004673,MT-004013,ENGINEERING,C20,2026-09-04,20:15,22:06,111,BLK-02916,APPROVED
REQ-004674,MT-001303,ENGINEERING,C02,2026-09-23,00:33,03:12,159,BLK-00309,APPROVED
REQ-004675,MT-002836,S&T,C09,2026-09-08,13:26,16:14,168,BLK-01602,APPROVED
REQ-004676,MT-002857,TRD,C12,2026-09-14,14:28,17:13,165,BLK-00085,APPROVED
REQ-004677,MT-001804,TRD,C17,2026-09-25,23:32,00:58,86,BLK-02906,PENDING
REQ-004678,MT-004270,TRD,C20,2026-09-28,03:11,05:29,138,BLK-02723,REJECTED
REQ-004679,MT-004012,S&T,C19,2026-09-01,23:01,01:08,127,BLK-00051,APPROVED
REQ-004680,MT-001492,TRD,C05,2026-09-26,02:34,05:16,162,BLK-02812,PENDING
REQ-004681,MT-004361,S&T,C14,2026-09-22,05:09,06:10,61,BLK-02700,PENDING
REQ-004682,MT-004896,ENGINEERING,C11,2026-09-13,17:29,19:59,150,BLK-01500,PENDING
REQ-004683,MT-000525,S&T,C05,2026-09-13,02:23,04:05,102,BLK-00779,REJECTED
REQ-004684,MT-001082,TRD,C06,2026-09-21,20:56,22:50,114,BLK-01327,PENDING
REQ-004685,MT-002957,ENGINEERING,C13,2026-09-18,13:33,16:23,170,BLK-01398,REJECTED
REQ-004686,MT-002552,S&T,C06,2026-09-22,04:54,06:26,92,BLK-00658,APPROVED
REQ-004687,MT-000482,TRD,C13,2026-09-20,12:36,13:39,63,BLK-00352,PENDING
REQ-004688,MT-004959,ENGINEERING,C14,2026-09-06,02:38,05:38,180,BLK-01490,PENDING
REQ-004689,MT-001639,ENGINEERING,C12,2026-09-27,13:20,14:46,86,BLK-01463,APPROVED
REQ-004690,MT-003653,ENGINEERING,C07,2026-09-19,21:10,23:16,126,BLK-01012,PENDING
REQ-004691,MT-001875,TRD,C12,2026-09-26,20:40,21:56,76,BLK-02048,APPROVED
REQ-004692,MT-003589,TRD,C19,2026-09-17,20:14,21:54,100,BLK-00645,APPROVED
REQ-004693,MT-003831,ENGINEERING,C07,2026-09-04,05:09,07:45,156,BLK-02063,PENDING
REQ-004694,MT-004487,TRD,C08,2026-09-25,14:03,16:33,150,BLK-02979,REJECTED
REQ-004695,MT-001207,ENGINEERING,C15,2026-09-09,01:27,05:06,219,BLK-00287,APPROVED
REQ-004696,MT-003355,ENGINEERING,C09,2026-09-18,23:14,01:20,126,BLK-01781,APPROVED
REQ-004697,MT-000747,TRD,C17,2026-09-22,15:39,17:11,92,BLK-02031,APPROVED
REQ-004698,MT-001356,TRD,C10,2026-09-15,10:54,12:41,107,BLK-02196,PENDING
REQ-004699,MT-001255,TRD,C08,2026-09-15,01:49,03:19,90,BLK-01118,PENDING
REQ-004700,MT-001295,ENGINEERING,C14,2026-09-13,21:35,00:30,175,BLK-01879,APPROVED
REQ-004701,MT-001591,ENGINEERING,C18,2026-09-26,19:52,22:52,180,BLK-01680,APPROVED
REQ-004702,MT-003224,ENGINEERING,C11,2026-09-07,21:54,23:15,81,BLK-02435,PENDING
REQ-004703,MT-003012,ENGINEERING,C14,2026-09-06,15:52,17:54,122,BLK-01222,REJECTED
REQ-004704,MT-004675,TRD,C14,2026-09-19,05:06,07:39,153,BLK-01875,APPROVED
REQ-004705,MT-002200,S&T,C17,2026-09-13,16:59,18:41,102,BLK-02530,APPROVED
REQ-004706,MT-000661,TRD,C06,2026-09-29,04:34,06:37,123,BLK-01727,PENDING
REQ-004707,MT-002182,ENGINEERING,C20,2026-09-25,17:03,19:41,158,BLK-02621,REJECTED
REQ-004708,MT-001553,ENGINEERING,C01,2026-09-17,07:37,09:40,123,BLK-01265,APPROVED
REQ-004709,MT-002686,ENGINEERING,C04,2026-09-29,02:57,04:10,73,BLK-00193,APPROVED
REQ-004710,MT-000715,TRD,C19,2026-09-14,14:47,17:08,141,BLK-00445,PENDING
REQ-004711,MT-000819,ENGINEERING,C09,2026-09-04,10:04,11:26,82,BLK-00604,PENDING
REQ-004712,MT-004923,TRD,C04,2026-09-19,08:25,11:33,188,BLK-01512,PENDING
REQ-004713,MT-000419,S&T,C11,2026-09-29,11:04,13:04,120,BLK-00233,APPROVED
REQ-004714,MT-003853,TRD,C05,2026-09-12,20:13,22:10,117,BLK-02744,PENDING
REQ-004715,MT-000261,TRD,C05,2026-09-05,10:28,11:56,88,BLK-00694,APPROVED
REQ-004716,MT-001196,TRD,C16,2026-09-29,16:37,17:57,80,BLK-01217,PENDING
REQ-004717,MT-004485,S&T,C02,2026-09-23,08:15,09:42,87,BLK-00676,PENDING
REQ-004718,MT-003880,ENGINEERING,C05,2026-09-02,22:54,01:00,126,BLK-00650,REJECTED
REQ-004719,MT-004566,ENGINEERING,C12,2026-09-27,03:40,06:39,179,BLK-01608,APPROVED
REQ-004720,MT-004942,S&T,C13,2026-09-09,14:41,15:43,62,BLK-00284,PENDING
REQ-004721,MT-004979,ENGINEERING,C14,2026-09-17,18:09,21:13,184,BLK-01127,APPROVED
REQ-004722,MT-001020,S&T,C15,2026-09-12,05:52,06:39,47,BLK-01529,PENDING
REQ-004723,MT-004628,ENGINEERING,C10,2026-09-04,19:06,20:40,94,BLK-00430,REJECTED
REQ-004724,MT-000208,S&T,C20,2026-09-25,09:38,11:39,121,BLK-01373,REJECTED
REQ-004725,MT-003261,S&T,C18,2026-09-09,02:58,04:49,111,BLK-00114,REJECTED
REQ-004726,MT-000556,TRD,C08,2026-09-05,22:31,00:03,92,BLK-02662,APPROVED
REQ-004727,MT-001870,TRD,C17,2026-09-25,00:30,02:23,113,BLK-01350,PENDING
REQ-004728,MT-002317,ENGINEERING,C18,2026-09-25,10:07,11:52,105,BLK-01004,APPROVED
REQ-004729,MT-003546,ENGINEERING,C05,2026-09-28,18:25,20:23,118,BLK-02827,APPROVED
REQ-004730,MT-000251,ENGINEERING,C20,2026-09-01,05:41,06:45,64,BLK-01768,REJECTED
REQ-004731,MT-003616,TRD,C06,2026-09-27,05:22,07:24,122,BLK-00775,PENDING
REQ-004732,MT-001253,TRD,C18,2026-09-20,13:16,14:45,89,BLK-00253,APPROVED
REQ-004733,MT-004729,ENGINEERING,C04,2026-09-13,14:39,16:03,84,BLK-01858,PENDING
REQ-004734,MT-001261,ENGINEERING,C10,2026-09-13,12:02,12:47,45,BLK-02885,REJECTED
REQ-004735,MT-000122,ENGINEERING,C20,2026-09-24,01:25,03:32,127,BLK-00771,PENDING
REQ-004736,MT-003529,ENGINEERING,C11,2026-09-19,19:28,20:54,86,BLK-00209,PENDING
REQ-004737,MT-001604,TRD,C17,2026-09-03,10:00,12:27,147,BLK-01079,PENDING
REQ-004738,MT-002904,TRD,C17,2026-09-15,16:47,18:41,114,BLK-01338,PENDING
REQ-004739,MT-000016,TRD,C15,2026-09-24,11:58,13:37,99,BLK-00274,PENDING
REQ-004740,MT-002719,S&T,C04,2026-09-26,10:38,12:42,124,BLK-00518,REJECTED
REQ-004741,MT-002349,ENGINEERING,C07,2026-09-20,13:16,14:54,98,BLK-00253,APPROVED
REQ-004742,MT-003324,ENGINEERING,C06,2026-09-03,04:38,06:44,126,BLK-01162,APPROVED
REQ-004743,MT-001038,ENGINEERING,C05,2026-09-18,00:09,01:15,66,BLK-01554,PENDING
REQ-004744,MT-000331,TRD,C18,2026-09-28,03:11,04:35,84,BLK-02723,APPROVED
REQ-004745,MT-002746,S&T,C09,2026-09-19,19:36,21:49,133,BLK-01633,PENDING
REQ-004746,MT-002068,TRD,C17,2026-09-08,20:36,22:14,98,BLK-02683,PENDING
REQ-004747,MT-004253,ENGINEERING,C01,2026-09-28,10:51,12:56,125,BLK-01077,APPROVED
REQ-004748,MT-004469,TRD,C08,2026-09-27,08:37,11:48,191,BLK-00944,REJECTED
REQ-004749,MT-003929,ENGINEERING,C16,2026-09-17,10:17,11:37,80,BLK-02089,APPROVED
REQ-004750,MT-000403,TRD,C07,2026-09-06,10:50,13:22,152,BLK-02121,PENDING
REQ-004751,MT-004981,S&T,C13,2026-09-05,20:15,21:26,71,BLK-02214,REJECTED
REQ-004752,MT-000166,S&T,C15,2026-09-23,10:57,12:19,82,BLK-02526,PENDING
REQ-004753,MT-003796,ENGINEERING,C05,2026-09-13,20:55,22:47,112,BLK-00494,APPROVED
REQ-004754,MT-001790,ENGINEERING,C16,2026-09-03,22:28,23:44,76,BLK-00222,PENDING
REQ-004755,MT-003098,ENGINEERING,C15,2026-09-11,09:32,11:34,122,BLK-02776,PENDING
REQ-004756,MT-002032,ENGINEERING,C16,2026-09-07,07:52,09:11,79,BLK-02782,PENDING
REQ-004757,MT-002085,S&T,C09,2026-09-01,22:33,00:24,111,BLK-00910,PENDING
REQ-004758,MT-004643,ENGINEERING,C17,2026-09-14,09:28,10:26,58,BLK-01159,APPROVED
REQ-004759,MT-000438,TRD,C02,2026-09-05,21:07,23:31,144,BLK-02676,PENDING
REQ-004760,MT-001559,S&T,C16,2026-09-08,09:03,10:16,73,BLK-01053,PENDING
REQ-004761,MT-001912,TRD,C10,2026-09-08,00:29,02:51,142,BLK-00627,PENDING
REQ-004762,MT-002715,TRD,C20,2026-09-17,09:47,12:05,138,BLK-01149,PENDING
REQ-004763,MT-001157,TRD,C15,2026-09-23,10:37,12:55,138,BLK-01484,APPROVED
REQ-004764,MT-002886,TRD,C04,2026-09-12,03:01,04:11,70,BLK-00874,PENDING
REQ-004765,MT-002781,ENGINEERING,C14,2026-09-16,15:29,16:45,76,BLK-00431,REJECTED
REQ-004766,MT-004556,TRD,C15,2026-09-21,14:41,16:02,81,BLK-01634,PENDING
REQ-004767,MT-002766,TRD,C10,2026-09-22,23:04,01:14,130,BLK-00812,PENDING
REQ-004768,MT-001159,S&T,C02,2026-09-25,13:25,15:20,115,BLK-00295,PENDING
REQ-004769,MT-003626,ENGINEERING,C17,2026-09-13,16:59,19:30,151,BLK-02530,PENDING
REQ-004770,MT-000842,TRD,C16,2026-09-21,13:00,14:19,79,BLK-00624,PENDING
REQ-004771,MT-000664,ENGINEERING,C09,2026-09-28,19:06,22:22,196,BLK-01532,APPROVED
REQ-004772,MT-003597,TRD,C16,2026-09-26,09:29,10:28,59,BLK-00848,REJECTED
REQ-004773,MT-002905,ENGINEERING,C10,2026-09-29,14:45,16:47,122,BLK-02628,PENDING
REQ-004774,MT-000271,TRD,C10,2026-09-13,20:05,21:47,102,BLK-01258,PENDING
REQ-004775,MT-003061,ENGINEERING,C10,2026-09-14,13:54,15:27,93,BLK-01843,APPROVED
REQ-004776,MT-000927,ENGINEERING,C14,2026-09-13,04:26,06:59,153,BLK-01493,REJECTED
REQ-004777,MT-001286,S&T,C01,2026-09-17,21:58,23:47,109,BLK-01948,PENDING
REQ-004778,MT-004041,TRD,C05,2026-09-08,07:39,09:23,104,BLK-00573,APPROVED
REQ-004779,MT-003543,ENGINEERING,C18,2026-09-05,10:49,11:19,30,BLK-02139,PENDING
REQ-004780,MT-000712,S&T,C17,2026-09-04,15:33,17:27,114,BLK-00087,PENDING
REQ-004781,MT-002952,S&T,C04,2026-09-12,19:06,20:53,107,BLK-02887,APPROVED
REQ-004782,MT-003236,TRD,C13,2026-09-28,20:00,22:55,175,BLK-00174,REJECTED
REQ-004783,MT-003040,S&T,C11,2026-09-28,21:38,22:51,73,BLK-01421,PENDING
REQ-004784,MT-000240,ENGINEERING,C12,2026-09-04,22:07,23:12,65,BLK-00032,REJECTED
REQ-004785,MT-001444,ENGINEERING,C09,2026-09-18,02:57,04:05,68,BLK-02577,APPROVED
REQ-004786,MT-001037,TRD,C02,2026-09-19,08:39,11:13,154,BLK-01486,REJECTED
REQ-004787,MT-003528,ENGINEERING,C02,2026-09-24,06:22,08:25,123,BLK-00734,APPROVED
REQ-004788,MT-000388,TRD,C17,2026-09-07,20:43,22:51,128,BLK-01695,APPROVED
REQ-004789,MT-000529,ENGINEERING,C13,2026-09-10,23:46,02:38,172,BLK-01506,REJECTED
REQ-004790,MT-001484,ENGINEERING,C18,2026-09-13,00:39,02:24,105,BLK-02112,PENDING
REQ-004791,MT-000391,ENGINEERING,C04,2026-09-03,07:59,09:16,77,BLK-02677,PENDING
REQ-004792,MT-004667,S&T,C08,2026-09-13,16:59,18:22,83,BLK-02530,APPROVED
REQ-004793,MT-004705,ENGINEERING,C04,2026-09-16,19:08,22:07,179,BLK-01892,REJECTED
REQ-004794,MT-001659,S&T,C12,2026-09-22,19:35,21:31,116,BLK-02542,PENDING
REQ-004795,MT-002726,S&T,C07,2026-09-02,19:57,22:22,145,BLK-01947,PENDING
REQ-004796,MT-003612,TRD,C12,2026-09-08,18:34,19:07,33,BLK-01831,APPROVED
REQ-004797,MT-001392,ENGINEERING,C17,2026-09-20,08:10,09:50,100,BLK-02686,APPROVED
REQ-004798,MT-004859,S&T,C20,2026-09-08,00:44,04:13,209,BLK-00520,REJECTED
REQ-004799,MT-003550,ENGINEERING,C11,2026-09-06,20:17,21:12,55,BLK-00273,PENDING
REQ-004800,MT-003830,S&T,C12,2026-09-07,15:56,17:47,111,BLK-02407,REJECTED
REQ-004801,MT-004535,TRD,C04,2026-09-24,16:39,19:08,149,BLK-02324,PENDING
REQ-004802,MT-004881,ENGINEERING,C04,2026-09-23,19:37,21:34,117,BLK-00683,REJECTED
REQ-004803,MT-003781,S&T,C01,2026-09-04,06:29,08:50,141,BLK-00850,PENDING
REQ-004804,MT-001327,ENGINEERING,C02,2026-09-04,02:53,04:34,101,BLK-01658,APPROVED
REQ-004805,MT-003068,S&T,C15,2026-09-19,16:42,18:22,100,BLK-02415,PENDING
REQ-004806,MT-003223,S&T,C10,2026-09-02,06:15,07:37,82,BLK-01889,APPROVED
REQ-004807,MT-002093,ENGINEERING,C04,2026-09-30,06:42,08:41,119,BLK-02945,PENDING
REQ-004808,MT-002057,ENGINEERING,C07,2026-09-28,11:25,13:11,106,BLK-00842,PENDING
REQ-004809,MT-002967,S&T,C17,2026-09-29,17:45,18:49,64,BLK-00513,REJECTED
REQ-004810,MT-000190,ENGINEERING,C09,2026-09-13,13:23,16:11,168,BLK-00149,PENDING
REQ-004811,MT-003083,ENGINEERING,C10,2026-09-16,14:31,15:58,87,BLK-00498,PENDING
REQ-004812,MT-002701,ENGINEERING,C10,2026-09-17,18:41,20:56,135,BLK-01987,APPROVED
REQ-004813,MT-003762,ENGINEERING,C10,2026-09-25,05:21,07:18,117,BLK-00118,APPROVED
REQ-004814,MT-002711,TRD,C08,2026-09-02,10:48,12:56,128,BLK-00154,APPROVED
REQ-004815,MT-001924,ENGINEERING,C20,2026-09-05,16:08,19:16,188,BLK-02250,PENDING
REQ-004816,MT-004519,TRD,C02,2026-09-09,05:29,07:21,112,BLK-00664,REJECTED
REQ-004817,MT-000711,ENGINEERING,C02,2026-09-10,22:17,00:13,116,BLK-02168,APPROVED
REQ-004818,MT-002488,S&T,C10,2026-09-07,23:06,00:37,91,BLK-00060,PENDING
REQ-004819,MT-004131,S&T,C14,2026-09-09,00:42,02:39,117,BLK-02584,APPROVED
REQ-004820,MT-001481,S&T,C08,2026-09-05,00:06,02:19,133,BLK-02576,APPROVED
REQ-004821,MT-003583,TRD,C09,2026-09-15,08:44,11:53,189,BLK-00123,APPROVED
REQ-004822,MT-003160,TRD,C09,2026-09-28,08:45,10:16,91,BLK-01683,PENDING
REQ-004823,MT-004209,S&T,C12,2026-09-23,15:35,18:08,153,BLK-00922,PENDING
REQ-004824,MT-004175,TRD,C03,2026-09-07,22:15,23:58,103,BLK-00516,REJECTED
REQ-004825,MT-000920,TRD,C12,2026-09-18,01:12,03:44,152,BLK-01046,PENDING
REQ-004826,MT-000457,TRD,C05,2026-09-03,11:55,13:18,83,BLK-00937,PENDING
REQ-004827,MT-004811,ENGINEERING,C17,2026-09-08,07:52,10:14,142,BLK-02763,APPROVED
REQ-004828,MT-000747,TRD,C17,2026-09-06,00:09,02:01,112,BLK-01036,PENDING
REQ-004829,MT-003018,S&T,C15,2026-09-20,20:57,22:12,75,BLK-01285,APPROVED
REQ-004830,MT-001784,ENGINEERING,C10,2026-09-25,06:28,09:36,188,BLK-02293,PENDING
REQ-004831,MT-002990,S&T,C15,2026-09-14,16:28,18:32,124,BLK-02369,PENDING
REQ-004832,MT-003196,S&T,C11,2026-09-01,23:18,01:11,113,BLK-01979,PENDING
REQ-004833,MT-002203,TRD,C05,2026-09-21,19:52,21:39,107,BLK-02600,PENDING
REQ-004834,MT-004919,TRD,C20,2026-09-24,05:41,07:26,105,BLK-01207,APPROVED
REQ-004835,MT-004872,S&T,C02,2026-09-10,23:33,01:19,106,BLK-00897,APPROVED
REQ-004836,MT-001475,S&T,C06,2026-09-11,05:35,07:47,132,BLK-00979,REJECTED
REQ-004837,MT-002794,TRD,C14,2026-09-08,05:19,06:51,92,BLK-02362,APPROVED
REQ-004838,MT-000850,TRD,C08,2026-09-19,15:28,17:31,123,BLK-01115,REJECTED
REQ-004839,MT-001794,ENGINEERING,C07,2026-09-13,19:34,21:03,89,BLK-02633,APPROVED
REQ-004840,MT-003450,ENGINEERING,C18,2026-09-14,14:27,15:36,69,BLK-00570,PENDING
REQ-004841,MT-003116,S&T,C14,2026-09-27,20:02,21:57,115,BLK-01718,APPROVED
REQ-004842,MT-001729,TRD,C03,2026-09-16,13:19,15:39,140,BLK-02203,APPROVED
REQ-004843,MT-001669,S&T,C15,2026-09-11,18:09,20:02,113,BLK-00507,PENDING
REQ-004844,MT-000127,S&T,C06,2026-09-09,14:41,16:49,128,BLK-00284,APPROVED
REQ-004845,MT-001728,S&T,C03,2026-09-17,22:26,00:50,144,BLK-02534,PENDING
REQ-004846,MT-000360,S&T,C12,2026-09-13,20:55,21:55,60,BLK-00494,PENDING
REQ-004847,MT-001660,TRD,C04,2026-09-18,09:13,12:16,183,BLK-00162,REJECTED
REQ-004848,MT-000486,TRD,C15,2026-09-25,03:36,04:49,73,BLK-01573,PENDING
REQ-004849,MT-003234,S&T,C14,2026-09-25,14:46,15:31,45,BLK-02687,REJECTED
REQ-004850,MT-001928,S&T,C17,2026-09-03,13:08,15:44,156,BLK-00649,APPROVED
REQ-004851,MT-004889,S&T,C03,2026-09-28,03:39,05:57,138,BLK-00049,APPROVED
REQ-004852,MT-004381,ENGINEERING,C06,2026-09-07,00:30,02:10,100,BLK-02492,PENDING
REQ-004853,MT-001707,TRD,C17,2026-09-05,16:41,18:38,117,BLK-00080,REJECTED
REQ-004854,MT-003572,ENGINEERING,C09,2026-09-23,04:30,06:45,135,BLK-01969,PENDING
REQ-004855,MT-001298,TRD,C08,2026-09-04,22:07,00:58,171,BLK-00032,PENDING
REQ-004856,MT-000046,S&T,C14,2026-09-21,03:26,05:06,100,BLK-00853,PENDING
REQ-004857,MT-004533,TRD,C01,2026-09-12,23:04,00:01,57,BLK-02414,PENDING
REQ-004858,MT-003286,S&T,C09,2026-09-23,10:37,11:47,70,BLK-01484,PENDING
REQ-004859,MT-001783,S&T,C11,2026-09-08,06:55,08:08,73,BLK-01794,APPROVED
REQ-004860,MT-003786,ENGINEERING,C18,2026-09-15,17:57,20:31,154,BLK-00137,PENDING
REQ-004861,MT-000969,ENGINEERING,C07,2026-09-20,15:51,16:55,64,BLK-02540,PENDING
REQ-004862,MT-000594,TRD,C16,2026-09-18,09:39,11:46,127,BLK-00772,PENDING
REQ-004863,MT-002829,ENGINEERING,C17,2026-09-05,12:15,14:30,135,BLK-02465,PENDING
REQ-004864,MT-002730,S&T,C18,2026-09-20,05:22,07:01,99,BLK-00801,APPROVED
REQ-004865,MT-004606,TRD,C04,2026-09-24,15:09,17:44,155,BLK-00279,APPROVED
REQ-004866,MT-003082,ENGINEERING,C12,2026-09-01,04:38,06:14,96,BLK-00324,PENDING
REQ-004867,MT-004293,S&T,C17,2026-09-24,17:09,19:06,117,BLK-02432,APPROVED
REQ-004868,MT-000518,TRD,C08,2026-09-29,02:22,03:57,95,BLK-02281,APPROVED
REQ-004869,MT-003045,TRD,C05,2026-09-20,10:13,12:21,128,BLK-02557,APPROVED
REQ-004870,MT-002296,ENGINEERING,C06,2026-09-07,12:36,14:55,139,BLK-02061,APPROVED
REQ-004871,MT-003472,S&T,C11,2026-09-20,01:34,03:09,95,BLK-00782,APPROVED
REQ-004872,MT-002941,ENGINEERING,C05,2026-09-15,19:43,20:45,62,BLK-02725,APPROVED
REQ-004873,MT-002568,ENGINEERING,C04,2026-09-09,16:16,17:51,95,BLK-01504,PENDING
REQ-004874,MT-000574,S&T,C11,2026-09-22,00:28,01:38,70,BLK-01908,APPROVED
REQ-004875,MT-002103,TRD,C03,2026-09-27,00:32,01:49,77,BLK-02783,REJECTED
REQ-004876,MT-004760,TRD,C13,2026-09-06,14:23,17:00,157,BLK-00239,PENDING
REQ-004877,MT-004951,TRD,C03,2026-09-05,15:29,18:31,182,BLK-02411,APPROVED
REQ-004878,MT-001152,ENGINEERING,C20,2026-09-10,17:10,18:17,67,BLK-00311,PENDING
REQ-004879,MT-004539,TRD,C20,2026-09-17,21:02,23:07,125,BLK-00046,PENDING
REQ-004880,MT-004558,ENGINEERING,C03,2026-09-02,06:02,09:10,188,BLK-02482,REJECTED
REQ-004881,MT-000030,S&T,C02,2026-09-26,00:04,01:59,115,BLK-02980,PENDING
REQ-004882,MT-002627,TRD,C06,2026-09-13,18:01,19:30,89,BLK-00811,PENDING
REQ-004883,MT-000979,TRD,C20,2026-09-21,17:09,20:12,183,BLK-01835,PENDING
REQ-004884,MT-000184,S&T,C20,2026-09-12,10:14,13:16,182,BLK-02412,APPROVED
REQ-004885,MT-001374,ENGINEERING,C15,2026-09-15,22:43,01:48,185,BLK-02982,PENDING
REQ-004886,MT-003232,S&T,C06,2026-09-12,15:27,17:16,109,BLK-02597,PENDING
REQ-004887,MT-002032,ENGINEERING,C16,2026-09-04,06:58,08:30,92,BLK-01836,PENDING
REQ-004888,MT-002888,S&T,C20,2026-09-22,05:37,07:17,100,BLK-02566,REJECTED
REQ-004889,MT-002546,S&T,C14,2026-09-04,23:47,02:03,136,BLK-01597,APPROVED
REQ-004890,MT-004090,TRD,C15,2026-09-20,00:14,01:21,67,BLK-02674,APPROVED
REQ-004891,MT-001456,S&T,C10,2026-09-23,18:45,20:41,116,BLK-00821,PENDING
REQ-004892,MT-000546,ENGINEERING,C08,2026-09-09,16:13,18:40,147,BLK-02944,REJECTED
REQ-004893,MT-000191,TRD,C08,2026-09-30,04:07,06:26,139,BLK-00857,APPROVED
REQ-004894,MT-004613,TRD,C18,2026-09-30,04:07,06:23,136,BLK-00857,APPROVED
REQ-004895,MT-004834,TRD,C09,2026-09-21,23:13,23:43,30,BLK-00575,PENDING
REQ-004896,MT-001964,S&T,C08,2026-09-16,16:21,17:58,97,BLK-02958,PENDING
REQ-004897,MT-001549,TRD,C13,2026-09-25,11:03,13:25,142,BLK-00322,REJECTED
REQ-004898,MT-004347,ENGINEERING,C13,2026-09-29,07:52,08:54,62,BLK-01496,APPROVED
REQ-004899,MT-004258,S&T,C15,2026-09-03,14:29,16:36,127,BLK-02395,APPROVED
REQ-004900,MT-004365,TRD,C20,2026-09-13,14:53,16:59,126,BLK-01955,APPROVED
REQ-004901,MT-002942,ENGINEERING,C14,2026-09-17,07:37,08:41,64,BLK-01265,APPROVED
REQ-004902,MT-002291,S&T,C11,2026-09-29,10:53,11:40,47,BLK-00329,APPROVED
REQ-004903,MT-003579,S&T,C12,2026-09-25,00:07,01:14,67,BLK-02941,PENDING
REQ-004904,MT-003829,S&T,C09,2026-09-23,14:50,16:18,88,BLK-01156,APPROVED
REQ-004905,MT-003239,TRD,C01,2026-09-18,22:41,00:47,126,BLK-01407,REJECTED
REQ-004906,MT-000952,S&T,C20,2026-09-27,03:45,05:26,101,BLK-01593,APPROVED
REQ-004907,MT-000458,ENGINEERING,C12,2026-09-10,15:00,16:30,90,BLK-02710,APPROVED
REQ-004908,MT-001756,TRD,C04,2026-09-11,12:59,14:22,83,BLK-01740,PENDING
REQ-004909,MT-004310,TRD,C15,2026-09-25,21:46,23:28,102,BLK-02243,PENDING
REQ-004910,MT-004994,ENGINEERING,C16,2026-09-04,17:11,18:44,93,BLK-02972,APPROVED
REQ-004911,MT-001541,TRD,C13,2026-09-16,05:47,08:20,153,BLK-02163,PENDING
REQ-004912,MT-000103,S&T,C09,2026-09-10,11:56,14:05,129,BLK-01669,REJECTED
REQ-004913,MT-000608,TRD,C13,2026-09-27,23:25,01:24,119,BLK-00701,REJECTED
REQ-004914,MT-004526,ENGINEERING,C10,2026-09-19,02:33,04:25,112,BLK-01427,APPROVED
REQ-004915,MT-001363,TRD,C05,2026-09-16,03:39,05:26,107,BLK-01117,PENDING
REQ-004916,MT-002863,S&T,C17,2026-09-18,14:48,15:41,53,BLK-00262,PENDING
REQ-004917,MT-000601,ENGINEERING,C08,2026-09-30,16:34,19:01,147,BLK-00131,APPROVED
REQ-004918,MT-001480,TRD,C02,2026-09-14,02:14,03:42,88,BLK-00941,APPROVED
REQ-004919,MT-003362,ENGINEERING,C15,2026-09-17,03:36,04:51,75,BLK-00901,PENDING
REQ-004920,MT-003218,S&T,C08,2026-09-04,07:28,10:17,169,BLK-00412,PENDING
REQ-004921,MT-000942,S&T,C10,2026-09-05,14:07,16:34,147,BLK-02949,PENDING
REQ-004922,MT-000947,ENGINEERING,C02,2026-09-26,03:41,07:01,200,BLK-01084,PENDING
REQ-004923,MT-004980,S&T,C06,2026-09-24,02:17,03:30,73,BLK-02443,REJECTED
REQ-004924,MT-004147,ENGINEERING,C06,2026-09-01,15:07,17:04,117,BLK-00892,APPROVED
REQ-004925,MT-003005,TRD,C02,2026-09-22,19:21,22:08,167,BLK-01134,PENDING
REQ-004926,MT-000704,S&T,C09,2026-09-09,09:15,10:24,69,BLK-01610,APPROVED
REQ-004927,MT-001790,ENGINEERING,C16,2026-09-14,17:23,18:30,67,BLK-00756,APPROVED
REQ-004928,MT-003085,S&T,C04,2026-09-15,00:42,02:25,103,BLK-01168,APPROVED
REQ-004929,MT-002165,ENGINEERING,C09,2026-09-12,20:22,21:56,94,BLK-01364,APPROVED
REQ-004930,MT-003730,TRD,C07,2026-09-08,11:42,14:00,138,BLK-02787,APPROVED
REQ-004931,MT-001668,S&T,C15,2026-09-01,21:38,23:09,91,BLK-02513,PENDING
REQ-004932,MT-001225,S&T,C11,2026-09-06,13:16,15:00,104,BLK-02147,PENDING
REQ-004933,MT-001772,S&T,C18,2026-09-12,09:44,10:57,73,BLK-02267,REJECTED
REQ-004934,MT-004962,TRD,C03,2026-09-08,09:36,11:04,88,BLK-02619,PENDING
REQ-004935,MT-000820,TRD,C02,2026-09-27,21:33,23:38,125,BLK-00266,REJECTED
REQ-004936,MT-003594,S&T,C08,2026-09-04,11:15,11:52,37,BLK-00088,PENDING
REQ-004937,MT-002366,S&T,C03,2026-09-02,00:21,01:44,83,BLK-00323,APPROVED
REQ-004938,MT-001050,ENGINEERING,C15,2026-09-30,10:03,12:54,171,BLK-01434,APPROVED
REQ-004939,MT-001760,TRD,C03,2026-09-10,11:22,14:04,162,BLK-02475,APPROVED
REQ-004940,MT-002342,TRD,C02,2026-09-12,14:24,17:04,160,BLK-01353,APPROVED
REQ-004941,MT-004297,ENGINEERING,C10,2026-09-12,19:21,21:49,148,BLK-02850,APPROVED
REQ-004942,MT-003796,ENGINEERING,C05,2026-09-25,16:33,17:55,82,BLK-01503,REJECTED
REQ-004943,MT-001156,ENGINEERING,C18,2026-09-11,01:10,03:22,132,BLK-00302,PENDING
REQ-004944,MT-000759,TRD,C12,2026-09-13,09:33,10:57,84,BLK-01274,APPROVED
REQ-004945,MT-001601,ENGINEERING,C07,2026-09-30,04:07,05:53,106,BLK-00857,APPROVED
REQ-004946,MT-001143,ENGINEERING,C18,2026-09-15,00:09,02:03,114,BLK-00461,PENDING
REQ-004947,MT-001070,ENGINEERING,C17,2026-09-12,23:42,01:14,92,BLK-02064,PENDING
REQ-004948,MT-002939,TRD,C05,2026-09-20,03:54,05:12,78,BLK-01599,PENDING
REQ-004949,MT-000567,TRD,C18,2026-09-19,19:13,21:02,109,BLK-02644,REJECTED
REQ-004950,MT-003151,ENGINEERING,C04,2026-09-02,18:37,20:13,96,BLK-00106,REJECTED
REQ-004951,MT-004686,ENGINEERING,C16,2026-09-29,19:36,20:55,79,BLK-02036,PENDING
REQ-004952,MT-002685,TRD,C14,2026-09-27,20:20,21:23,63,BLK-01870,APPROVED
REQ-004953,MT-001483,ENGINEERING,C18,2026-09-09,09:15,11:47,152,BLK-02488,APPROVED
REQ-004954,MT-002093,ENGINEERING,C04,2026-09-03,10:41,12:09,88,BLK-01939,APPROVED
REQ-004955,MT-000114,TRD,C18,2026-09-28,19:20,20:30,70,BLK-01358,PENDING
REQ-004956,MT-002122,ENGINEERING,C10,2026-09-13,22:55,00:41,106,BLK-00521,PENDING
REQ-004957,MT-000069,S&T,C15,2026-09-27,19:15,21:45,150,BLK-00221,APPROVED
REQ-004958,MT-000269,S&T,C17,2026-09-13,11:57,13:58,121,BLK-00292,REJECTED
REQ-004959,MT-000172,ENGINEERING,C19,2026-09-18,17:29,19:23,114,BLK-00258,PENDING
REQ-004960,MT-002445,TRD,C13,2026-09-25,10:04,12:24,140,BLK-02284,REJECTED
REQ-004961,MT-001911,S&T,C04,2026-09-01,06:35,08:21,106,BLK-01065,PENDING
REQ-004962,MT-004632,S&T,C09,2026-09-24,17:27,19:35,128,BLK-00577,PENDING
REQ-004963,MT-004715,TRD,C12,2026-09-12,02:52,05:44,172,BLK-00651,PENDING
REQ-004964,MT-004670,S&T,C08,2026-09-30,16:52,19:27,155,BLK-00929,PENDING
REQ-004965,MT-003977,ENGINEERING,C12,2026-09-24,16:43,18:32,109,BLK-02990,APPROVED
REQ-004966,MT-003900,TRD,C19,2026-09-21,03:58,04:35,37,BLK-01659,APPROVED
REQ-004967,MT-002219,ENGINEERING,C04,2026-09-14,17:23,19:42,139,BLK-00756,REJECTED
REQ-004968,MT-001460,TRD,C09,2026-09-14,02:14,03:35,81,BLK-00941,PENDING
REQ-004969,MT-002416,S&T,C03,2026-09-21,18:08,20:07,119,BLK-02799,APPROVED
REQ-004970,MT-002436,TRD,C03,2026-09-28,07:08,09:09,121,BLK-00537,PENDING
REQ-004971,MT-001705,S&T,C11,2026-09-21,17:04,18:36,92,BLK-01005,PENDING
REQ-004972,MT-001419,ENGINEERING,C14,2026-09-24,16:19,17:48,89,BLK-00211,APPROVED
REQ-004973,MT-001748,TRD,C02,2026-09-15,14:19,16:46,147,BLK-00887,APPROVED
REQ-004974,MT-004454,S&T,C03,2026-09-13,18:52,20:42,110,BLK-00228,PENDING
REQ-004975,MT-003763,ENGINEERING,C05,2026-09-08,14:33,16:52,139,BLK-00529,APPROVED
REQ-004976,MT-003273,TRD,C13,2026-09-22,09:56,12:42,166,BLK-02935,REJECTED
REQ-004977,MT-000046,S&T,C14,2026-09-08,06:45,07:56,71,BLK-01296,APPROVED
REQ-004978,MT-003603,ENGINEERING,C11,2026-09-11,02:57,04:40,103,BLK-01544,PENDING
REQ-004979,MT-000689,S&T,C11,2026-09-02,22:40,00:12,92,BLK-00594,PENDING
REQ-004980,MT-001187,ENGINEERING,C15,2026-09-03,00:15,01:26,71,BLK-02491,REJECTED
REQ-004981,MT-004712,TRD,C09,2026-09-28,01:58,02:46,48,BLK-01994,APPROVED
REQ-004982,MT-003920,ENGINEERING,C04,2026-09-18,22:32,01:15,163,BLK-00150,APPROVED
REQ-004983,MT-001745,S&T,C19,2026-09-26,01:11,02:56,105,BLK-02537,PENDING
REQ-004984,MT-002604,ENGINEERING,C20,2026-09-27,14:08,17:15,187,BLK-02878,APPROVED
REQ-004985,MT-003197,ENGINEERING,C03,2026-09-27,03:28,05:21,113,BLK-02258,APPROVED
REQ-004986,MT-003965,TRD,C17,2026-09-15,03:31,06:14,163,BLK-01736,REJECTED
REQ-004987,MT-004368,S&T,C08,2026-09-15,07:14,09:08,114,BLK-02978,PENDING
REQ-004988,MT-004854,TRD,C02,2026-09-04,05:09,07:37,148,BLK-02063,PENDING
REQ-004989,MT-002016,TRD,C18,2026-09-07,23:20,00:53,93,BLK-00833,PENDING
REQ-004990,MT-002204,ENGINEERING,C10,2026-09-19,03:25,05:20,115,BLK-01894,PENDING
REQ-004991,MT-003300,TRD,C12,2026-09-08,16:32,18:18,106,BLK-02262,PENDING
REQ-004992,MT-001305,S&T,C15,2026-09-15,03:44,05:05,81,BLK-02100,APPROVED
REQ-004993,MT-003508,TRD,C12,2026-09-02,00:22,02:07,105,BLK-01308,PENDING
REQ-004994,MT-001889,TRD,C13,2026-09-17,09:26,11:28,122,BLK-01120,REJECTED
REQ-004995,MT-001372,ENGINEERING,C10,2026-09-05,12:00,14:22,142,BLK-00957,APPROVED
REQ-004996,MT-004400,ENGINEERING,C18,2026-09-01,04:38,05:50,72,BLK-00324,PENDING
REQ-004997,MT-001528,S&T,C11,2026-09-14,01:23,02:26,63,BLK-00554,PENDING
REQ-004998,MT-002450,ENGINEERING,C10,2026-09-05,23:48,01:43,115,BLK-00320,PENDING
REQ-004999,MT-004152,ENGINEERING,C18,2026-09-22,15:45,17:58,133,BLK-01952,PENDING
REQ-005000,MT-004258,S&T,C15,2026-09-01,00:57,03:20,143,BLK-02767,APPROVED
