task_id,asset_id,department,corridor_id,maintenance_type,defect_type,severity,criticality,condition_score,overdue_days,failure_frequency,safety_impact,operational_impact,estimated_duration_minutes,due_date,status,priority_score,priority_class
MT-000001,AST-00416,S&T,C11,SIGNAL_REPAIR,INTERLOCKING_FAULT,1,1,0.972,0,0.962,0.304,0.933,79,2026-09-18,OVERDUE,12.88,LOW
MT-000002,AST-00192,TRD,C10,OHE_REPAIR,OHE_DAMAGE,3,3,0.622,4,0.828,0.616,1,181,2026-09-18,OPEN,59.49,MEDIUM
MT-000003,AST-00088,TRD,C12,CORRECTIVE,FEEDER_FAULT,2,4,0.747,6,1.076,0.432,1,125,2026-09-27,OPEN,45.5,MEDIUM
MT-000004,AST-00094,S&T,C17,SIGNAL_REPAIR,AXLE_COUNTER_FAULT,5,4,0.688,19,1.282,0.675,1,143,2026-09-25,OVERDUE,86.67,CRITICAL
MT-000005,AST-00102,S&T,C15,INSPECTION,SIGNAL_FAILURE,4,3,0.732,8,0.797,0.525,1,75,2026-09-25,OPEN,61.75,HIGH
MT-000006,AST-00500,S&T,C02,INSPECTION,RELAY_FAULT,3,3,0.544,25,1.522,0.228,1,96,2026-09-22,SCHEDULED,60.32,HIGH
MT-000007,AST-00234,TRD,C17,PREVENTIVE,FEEDER_FAULT,2,2,0.771,21,0.477,0.565,1,110,2026-09-23,SCHEDULED,35.85,LOW
MT-000008,AST-00236,S&T,C01,INSPECTION,CABLE_FAULT,2,4,0.827,15,0.864,0.572,1,61,2026-09-08,SCHEDULED,50.33,MEDIUM
MT-000009,AST-00059,S&T,C04,PREVENTIVE,SIGNAL_FAILURE,5,3,0.805,23,0.762,0.623,1,124,2026-09-02,OVERDUE,80.88,CRITICAL
MT-000010,AST-00128,S&T,C01,SIGNAL_REPAIR,AXLE_COUNTER_FAULT,4,3,0.898,11,0.37,0.645,1,126,2026-09-20,OPEN,65.26,HIGH
MT-000011,AST-00085,S&T,C03,INSPECTION,AXLE_COUNTER_FAULT,4,5,0.941,0,0.197,0.699,1,53,2026-09-06,OVERDUE,48.21,MEDIUM
MT-000012,AST-00014,S&T,C15,INSPECTION,SIGNAL_FAILURE,1,3,0.59,49,0.804,0.325,1,47,2026-09-11,OPEN,52.75,MEDIUM
MT-000013,AST-00398,ENGINEERING,C05,REPAIR,BALLAST_DEFECT,3,2,0.637,3,0.848,0.445,1,142,2026-09-27,OPEN,33.91,LOW
MT-000014,AST-00262,TRD,C03,OHE_REPAIR,FEEDER_FAULT,4,2,0.777,0,0.826,0.781,1,156,2026-09-04,OPEN,49.68,MEDIUM
MT-000015,AST-00101,S&T,C19,PREVENTIVE,CABLE_FAULT,2,3,0.673,10,0.991,0.475,1,93,2026-09-20,OVERDUE,43.21,MEDIUM
MT-000016,AST-00417,TRD,C15,PREVENTIVE,INSULATOR_FAILURE,3,3,0.854,13,0.948,0.355,1,108,2026-09-16,OPEN,58.42,MEDIUM
MT-000017,AST-00133,TRD,C16,INSPECTION,TRANSFORMER_FAULT,1,3,0.557,14,1.324,0.332,1,73,2026-09-20,OVERDUE,54.04,MEDIUM
MT-000018,AST-00461,ENGINEERING,C10,REPAIR,STRUCTURAL_DEFECT,3,3,0.824,20,1.192,0.521,1,139,2026-09-28,OVERDUE,54.89,MEDIUM
MT-000019,AST-00404,ENGINEERING,C08,PREVENTIVE,BALLAST_DEFECT,2,3,0.968,0,0.381,0.226,1,62,2026-09-27,OVERDUE,21.96,LOW
MT-000020,AST-00492,S&T,C11,CORRECTIVE,INTERLOCKING_FAULT,3,3,0.508,4,1.69,0.525,1,95,2026-09-16,OPEN,63.93,HIGH
MT-000021,AST-00483,ENGINEERING,C18,PREVENTIVE,RAIL_CRACK,2,2,0.744,25,1.197,0.496,1,108,2026-09-25,OVERDUE,40.22,MEDIUM
MT-000022,AST-00313,ENGINEERING,C20,INSPECTION,BALLAST_DEFECT,2,3,0.511,0,0.741,0.394,1,67,2026-09-01,OPEN,41.32,MEDIUM
MT-000023,AST-00497,ENGINEERING,C01,REPAIR,BALLAST_DEFECT,3,3,0.749,22,0.566,0.733,1,168,2026-09-17,SCHEDULED,68.05,HIGH
MT-000024,AST-00460,S&T,C19,PREVENTIVE,SIGNAL_FAILURE,5,2,0.891,13,0.601,0.672,1,120,2026-09-06,OVERDUE,64.59,HIGH
MT-000025,AST-00044,TRD,C03,INSPECTION,OHE_DAMAGE,3,3,0.797,0,0.494,0.564,1,81,2026-09-05,OVERDUE,50.71,MEDIUM
MT-000026,AST-00079,S&T,C01,INSPECTION,CABLE_FAULT,4,5,0.746,20,1.081,0.733,1,97,2026-09-23,OPEN,85.18,CRITICAL
MT-000027,AST-00020,TRD,C17,PREVENTIVE,FEEDER_FAULT,5,4,0.707,0,1.295,0.688,1,118,2026-09-02,OVERDUE,77.26,HIGH
MT-000028,AST-00169,ENGINEERING,C09,INSPECTION,RAIL_CRACK,2,2,0.786,24,1.095,0.258,1,94,2026-09-22,SCHEDULED,37.64,LOW
MT-000029,AST-00412,ENGINEERING,C14,INSPECTION,RAIL_CRACK,5,5,0.503,0,1.324,0.645,1,108,2026-09-02,OVERDUE,88.04,CRITICAL
MT-000030,AST-00106,S&T,C02,SIGNAL_REPAIR,SIGNAL_FAILURE,2,3,0.928,6,0.43,0.374,1,125,2026-09-01,OVERDUE,32.64,LOW
MT-000031,AST-00318,ENGINEERING,C07,INSPECTION,TRACK_GEOMETRY,1,2,0.835,18,1.019,0.402,1,62,2026-09-12,OVERDUE,29.42,LOW
MT-000032,AST-00075,TRD,C08,INSPECTION,FEEDER_FAULT,3,3,0.598,0,1.102,0.489,1,78,2026-09-05,OVERDUE,50.39,MEDIUM
MT-000033,AST-00218,ENGINEERING,C05,CORRECTIVE,BALLAST_DEFECT,3,3,0.658,0,1.392,0.545,1,79,2026-09-24,OPEN,60.31,HIGH
MT-000034,AST-00479,S&T,C08,SIGNAL_REPAIR,INTERLOCKING_FAULT,4,3,0.757,18,0.713,0.514,1,135,2026-09-23,SCHEDULED,66.26,HIGH
MT-000035,AST-00389,TRD,C12,INSPECTION,CONTACT_WIRE_DEFECT,1,3,0.947,16,0.889,0.215,1,58,2026-09-11,OPEN,20.2,LOW
MT-000036,AST-00038,ENGINEERING,C18,PREVENTIVE,TRACK_GEOMETRY,4,4,0.511,0,1.365,0.542,1,109,2026-09-07,OVERDUE,76.27,HIGH
MT-000037,AST-00344,S&T,C11,INSPECTION,RELAY_FAULT,2,4,0.775,2,1.172,0.328,1,78,2026-09-26,OVERDUE,37.93,LOW
MT-000038,AST-00454,S&T,C20,INSPECTION,INTERLOCKING_FAULT,3,3,0.695,9,1.278,0.661,1,73,2026-09-19,OPEN,56.13,MEDIUM
MT-000039,AST-00124,S&T,C11,SIGNAL_REPAIR,INTERLOCKING_FAULT,3,3,0.903,25,0.434,0.461,1,105,2026-09-29,OPEN,50.5,MEDIUM
MT-000040,AST-00020,TRD,C17,CORRECTIVE,INSULATOR_FAILURE,3,4,0.707,19,1.371,0.397,1,115,2026-09-21,OPEN,72.71,HIGH
MT-000041,AST-00500,S&T,C02,PREVENTIVE,RELAY_FAULT,5,3,0.544,13,1.183,0.565,1,121,2026-09-17,OPEN,84.62,CRITICAL
MT-000042,AST-00497,ENGINEERING,C01,CORRECTIVE,TRACK_GEOMETRY,2,3,0.749,2,0.764,0.509,1,99,2026-09-19,OPEN,44.62,MEDIUM
MT-000043,AST-00120,TRD,C09,INSPECTION,OHE_DAMAGE,4,1,0.905,24,0.591,0.78,0.9,65,2026-09-05,OPEN,42.38,MEDIUM
MT-000044,AST-00184,S&T,C09,INSPECTION,SIGNAL_FAILURE,3,3,0.849,29,0.305,0.545,1,80,2026-09-27,OPEN,57.23,MEDIUM
MT-000045,AST-00382,TRD,C18,INSPECTION,FEEDER_FAULT,4,4,0.624,0,1.317,0.851,1,87,2026-09-25,OVERDUE,76.26,HIGH
MT-000046,AST-00037,S&T,C14,SIGNAL_REPAIR,INTERLOCKING_FAULT,1,2,0.829,12,0.26,0.502,1,80,2026-09-24,OVERDUE,22.14,LOW
MT-000047,AST-00008,TRD,C03,INSPECTION,OHE_DAMAGE,4,4,0.542,0,0.697,0.442,1,101,2026-09-02,OPEN,67.67,HIGH
MT-000048,AST-00346,S&T,C18,INSPECTION,SIGNAL_FAILURE,2,4,0.714,18,1.353,0.438,1,30,2026-09-23,SCHEDULED,47.39,MEDIUM
MT-000049,AST-00453,S&T,C11,CORRECTIVE,AXLE_COUNTER_FAULT,2,3,0.598,19,1.427,0.446,1,120,2026-09-09,OVERDUE,55.05,MEDIUM
MT-000050,AST-00223,S&T,C10,SIGNAL_REPAIR,CABLE_FAULT,3,2,0.705,36,0.788,0.431,1,147,2026-09-25,OVERDUE,55.69,MEDIUM
MT-000051,AST-00196,ENGINEERING,C01,CORRECTIVE,TRACK_GEOMETRY,4,5,0.698,19,0.976,0.726,1,139,2026-09-12,SCHEDULED,87.83,CRITICAL
MT-000052,AST-00338,ENGINEERING,C07,PREVENTIVE,STRUCTURAL_DEFECT,3,4,0.68,33,1.469,0.697,1,64,2026-09-16,SCHEDULED,83.32,CRITICAL
MT-000053,AST-00030,TRD,C16,CORRECTIVE,INSULATOR_FAILURE,4,4,0.789,12,0.583,0.766,1,141,2026-09-08,OVERDUE,85.09,CRITICAL
MT-000054,AST-00144,ENGINEERING,C06,CORRECTIVE,BALLAST_DEFECT,4,4,0.633,26,1.059,0.526,1,137,2026-09-07,OVERDUE,83.82,CRITICAL
MT-000055,AST-00428,ENGINEERING,C05,REPAIR,BALLAST_DEFECT,5,4,0.658,1,1.004,0.541,1,166,2026-09-06,OVERDUE,82.43,CRITICAL
MT-000056,AST-00085,S&T,C03,CORRECTIVE,SIGNAL_FAILURE,2,5,0.941,34,0.227,0.66,1,123,2026-09-20,OVERDUE,65.45,HIGH
MT-000057,AST-00207,S&T,C03,PREVENTIVE,AXLE_COUNTER_FAULT,3,5,0.781,12,0.776,0.437,1,88,2026-09-12,OPEN,64.41,HIGH
MT-000058,AST-00269,TRD,C13,CORRECTIVE,INSULATOR_FAILURE,1,2,0.65,0,1.381,0.157,1,112,2026-09-21,OVERDUE,38.06,LOW
MT-000059,AST-00346,S&T,C18,PREVENTIVE,RELAY_FAULT,4,4,0.714,6,0.749,0.586,1,103,2026-09-15,OPEN,70.36,HIGH
MT-000060,AST-00153,S&T,C05,PREVENTIVE,AXLE_COUNTER_FAULT,2,3,0.668,22,0.607,0.509,1,76,2026-09-03,SCHEDULED,49.58,MEDIUM
MT-000061,AST-00029,S&T,C17,INSPECTION,CABLE_FAULT,2,4,0.682,28,0.916,0.432,1,95,2026-09-29,SCHEDULED,51.12,MEDIUM
MT-000062,AST-00183,TRD,C07,CORRECTIVE,OHE_DAMAGE,4,2,0.612,21,1.199,0.454,1,113,2026-09-13,OVERDUE,67.31,HIGH
MT-000063,AST-00309,S&T,C12,CORRECTIVE,CABLE_FAULT,3,3,0.735,0,0.703,0.525,1,88,2026-09-06,OVERDUE,40.93,MEDIUM
MT-000064,AST-00091,ENGINEERING,C10,REPAIR,POINT_DEFECT,4,1,0.656,11,1.484,0.758,1,144,2026-09-04,OPEN,62.73,HIGH
MT-000065,AST-00428,ENGINEERING,C05,REPAIR,POINT_DEFECT,4,4,0.658,2,1.504,0.542,1,155,2026-09-10,OVERDUE,76.4,HIGH
MT-000066,AST-00063,S&T,C11,CORRECTIVE,CABLE_FAULT,3,3,0.613,6,1.544,0.483,1,135,2026-09-27,SCHEDULED,62.06,HIGH
MT-000067,AST-00074,S&T,C09,INSPECTION,INTERLOCKING_FAULT,5,5,0.775,0,0.409,0.698,1,101,2026-09-15,OPEN,89.48,CRITICAL
MT-000068,AST-00201,TRD,C17,CORRECTIVE,TRANSFORMER_FAULT,4,3,0.908,22,1.031,0.669,1,126,2026-09-26,OPEN,73.74,HIGH
MT-000069,AST-00014,S&T,C15,SIGNAL_REPAIR,INTERLOCKING_FAULT,3,3,0.59,10,1.098,0.366,1,143,2026-09-13,SCHEDULED,71.43,HIGH
MT-000070,AST-00078,S&T,C19,CORRECTIVE,RELAY_FAULT,3,5,0.627,9,1.051,0.613,1,120,2026-09-07,SCHEDULED,80.34,CRITICAL
MT-000071,AST-00277,TRD,C12,INSPECTION,INSULATOR_FAILURE,4,3,0.859,19,1.074,0.559,1,110,2026-09-06,OPEN,67.67,HIGH
MT-000072,AST-00410,ENGINEERING,C12,REPAIR,TRACK_GEOMETRY,4,3,0.916,8,0.48,0.509,1,152,2026-09-11,SCHEDULED,71.42,HIGH
MT-000073,AST-00030,TRD,C16,INSPECTION,FEEDER_FAULT,4,4,0.789,9,1.049,0.308,1,65,2026-09-01,OVERDUE,60.09,HIGH
MT-000074,AST-00292,S&T,C18,CORRECTIVE,AXLE_COUNTER_FAULT,2,3,0.592,20,1.252,0.371,1,131,2026-09-08,OPEN,52.27,MEDIUM
MT-000075,AST-00485,ENGINEERING,C06,INSPECTION,POINT_DEFECT,1,4,0.794,19,1.058,0.379,1,67,2026-09-02,OVERDUE,45.68,MEDIUM
MT-000076,AST-00359,ENGINEERING,C13,CORRECTIVE,STRUCTURAL_DEFECT,5,4,0.577,22,0.728,0.577,1,166,2026-09-28,OVERDUE,84.45,CRITICAL
MT-000077,AST-00339,ENGINEERING,C20,PREVENTIVE,POINT_DEFECT,3,3,0.633,36,1.472,0.421,1,88,2026-09-18,SCHEDULED,63.78,HIGH
MT-000078,AST-00380,TRD,C05,PREVENTIVE,FEEDER_FAULT,2,3,0.708,0,0.658,0.513,1,63,2026-09-10,OVERDUE,27.31,LOW
MT-000079,AST-00145,TRD,C16,OHE_REPAIR,FEEDER_FAULT,2,3,0.951,11,0.504,0.571,1,133,2026-09-25,OPEN,37.79,LOW
MT-000080,AST-00375,TRD,C05,PREVENTIVE,OHE_DAMAGE,4,3,0.651,20,1.457,0.461,1,126,2026-09-20,SCHEDULED,66.34,HIGH
MT-000081,AST-00158,TRD,C04,PREVENTIVE,FEEDER_FAULT,3,3,0.732,0,0.429,0.505,1,50,2026-09-16,SCHEDULED,45.59,MEDIUM
MT-000082,AST-00196,ENGINEERING,C01,PREVENTIVE,BALLAST_DEFECT,4,5,0.698,7,0.924,0.699,1,96,2026-09-15,OVERDUE,80.02,CRITICAL
MT-000083,AST-00375,TRD,C05,CORRECTIVE,INSULATOR_FAILURE,2,3,0.651,22,1.138,0.503,1,88,2026-09-10,OVERDUE,45.93,MEDIUM
MT-000084,AST-00079,S&T,C01,PREVENTIVE,CABLE_FAULT,2,5,0.746,17,0.753,0.281,1,95,2026-09-09,OPEN,51.91,MEDIUM
MT-000085,AST-00284,S&T,C10,SIGNAL_REPAIR,INTERLOCKING_FAULT,2,4,0.574,7,1.196,0.481,1,82,2026-09-09,OVERDUE,58.53,MEDIUM
MT-000086,AST-00295,ENGINEERING,C18,INSPECTION,BALLAST_DEFECT,5,2,0.829,16,1.069,0.662,0.943,104,2026-09-11,OVERDUE,82.15,CRITICAL
MT-000087,AST-00368,S&T,C01,SIGNAL_REPAIR,INTERLOCKING_FAULT,5,3,0.646,27,1.06,0.689,1,153,2026-09-07,OVERDUE,85.59,CRITICAL
MT-000088,AST-00117,TRD,C15,CORRECTIVE,INSULATOR_FAILURE,5,3,0.559,5,1.064,0.657,1,133,2026-09-10,OVERDUE,73.0,HIGH
MT-000089,AST-00256,ENGINEERING,C16,CORRECTIVE,STRUCTURAL_DEFECT,3,3,0.48,0,1.163,0.473,1,112,2026-09-28,SCHEDULED,47.88,MEDIUM
MT-000090,AST-00346,S&T,C18,SIGNAL_REPAIR,AXLE_COUNTER_FAULT,5,4,0.714,10,0.695,0.65,1,118,2026-09-20,OPEN,75.78,HIGH
MT-000091,AST-00323,ENGINEERING,C01,INSPECTION,RAIL_CRACK,1,3,0.61,0,0.803,0.311,1,30,2026-09-02,OPEN,23.06,LOW
MT-000092,AST-00052,ENGINEERING,C12,REPAIR,TRACK_GEOMETRY,3,5,0.607,13,1.005,0.764,1,163,2026-09-26,SCHEDULED,85.37,CRITICAL
MT-000093,AST-00357,TRD,C09,CORRECTIVE,CONTACT_WIRE_DEFECT,2,3,0.698,14,0.661,0.291,1,110,2026-09-14,OPEN,41.54,MEDIUM
MT-000094,AST-00298,ENGINEERING,C06,PREVENTIVE,TRACK_GEOMETRY,5,4,0.872,2,0.237,0.519,1,95,2026-09-04,SCHEDULED,73.72,HIGH
MT-000095,AST-00495,ENGINEERING,C16,REPAIR,STRUCTURAL_DEFECT,1,5,0.742,3,1.193,0.48,1,130,2026-09-27,OVERDUE,53.72,MEDIUM
MT-000096,AST-00301,ENGINEERING,C13,INSPECTION,BALLAST_DEFECT,2,5,0.894,7,1.037,0.313,1,57,2026-09-02,OPEN,48.36,MEDIUM
MT-000097,AST-00328,ENGINEERING,C10,REPAIR,BALLAST_DEFECT,5,5,0.735,0,0.448,0.622,1,184,2026-09-23,OVERDUE,80.6,CRITICAL
MT-000098,AST-00410,ENGINEERING,C12,INSPECTION,STRUCTURAL_DEFECT,2,3,0.916,0,0.278,0.538,1,89,2026-09-30,OVERDUE,33.33,LOW
MT-000099,AST-00370,ENGINEERING,C17,REPAIR,POINT_DEFECT,3,4,0.739,17,1.03,0.563,1,160,2026-09-01,OPEN,70.32,HIGH
MT-000100,AST-00368,S&T,C01,SIGNAL_REPAIR,INTERLOCKING_FAULT,3,3,0.646,19,1.454,0.629,1,115,2026-09-14,OVERDUE,75.17,HIGH
MT-000101,AST-00242,S&T,C13,PREVENTIVE,INTERLOCKING_FAULT,2,5,0.805,0,0.417,0.408,1,75,2026-09-05,OVERDUE,45.69,MEDIUM
MT-000102,AST-00260,ENGINEERING,C14,CORRECTIVE,POINT_DEFECT,4,5,0.996,19,0.61,0.407,1,119,2026-09-14,OVERDUE,64.64,HIGH
MT-000103,AST-00184,S&T,C09,PREVENTIVE,RELAY_FAULT,3,3,0.849,3,0.988,0.539,1,124,2026-09-27,OPEN,56.56,MEDIUM
MT-000104,AST-00015,TRD,C09,CORRECTIVE,OHE_DAMAGE,2,3,0.801,12,0.319,0.391,1,96,2026-09-08,OVERDUE,33.12,LOW
MT-000105,AST-00134,S&T,C11,SIGNAL_REPAIR,INTERLOCKING_FAULT,2,5,0.71,5,1.13,0.545,1,125,2026-09-25,OPEN,56.14,MEDIUM
MT-000106,AST-00008,TRD,C03,OHE_REPAIR,TRANSFORMER_FAULT,4,4,0.542,6,0.989,0.627,1,166,2026-09-15,SCHEDULED,72.08,HIGH
MT-000107,AST-00193,ENGINEERING,C07,REPAIR,POINT_DEFECT,1,4,0.863,21,0.293,0.271,1,166,2026-09-19,OPEN,47.37,MEDIUM
MT-000108,AST-00470,ENGINEERING,C03,REPAIR,POINT_DEFECT,1,5,0.506,3,1.505,0.337,1,115,2026-09-23,OPEN,65.27,HIGH
MT-000109,AST-00285,TRD,C19,OHE_REPAIR,CONTACT_WIRE_DEFECT,3,2,0.679,6,1.176,0.505,1,129,2026-09-20,OPEN,49.45,MEDIUM
MT-000110,AST-00348,ENGINEERING,C17,PREVENTIVE,STRUCTURAL_DEFECT,1,3,0.904,24,0.486,0.18,1,92,2026-09-20,SCHEDULED,22.68,LOW
MT-000111,AST-00308,S&T,C11,CORRECTIVE,SIGNAL_FAILURE,2,4,0.76,10,1.319,0.369,1,113,2026-09-12,OPEN,54.31,MEDIUM
MT-000112,AST-00282,TRD,C19,OHE_REPAIR,INSULATOR_FAILURE,3,4,0.849,17,0.638,0.568,1,163,2026-09-30,OPEN,68.77,HIGH
MT-000113,AST-00013,S&T,C03,CORRECTIVE,INTERLOCKING_FAULT,3,4,0.768,36,0.915,0.596,1,101,2026-09-20,OPEN,70.39,HIGH
MT-000114,AST-00300,TRD,C18,CORRECTIVE,FEEDER_FAULT,2,5,0.694,4,1.316,0.595,1,80,2026-09-03,SCHEDULED,66.17,HIGH
MT-000115,AST-00294,TRD,C12,CORRECTIVE,CONTACT_WIRE_DEFECT,2,4,0.783,19,0.71,0.302,1,85,2026-09-13,SCHEDULED,51.8,MEDIUM
MT-000116,AST-00087,ENGINEERING,C05,INSPECTION,BALLAST_DEFECT,4,4,0.782,13,0.446,0.641,1,91,2026-09-06,OPEN,61.84,HIGH
MT-000117,AST-00194,ENGINEERING,C16,PREVENTIVE,BALLAST_DEFECT,1,2,0.76,16,0.398,0.431,1,84,2026-09-15,OVERDUE,24.27,LOW
MT-000118,AST-00057,ENGINEERING,C01,CORRECTIVE,BALLAST_DEFECT,2,2,0.628,9,1.076,0.316,1,116,2026-09-29,OPEN,39.46,LOW
MT-000119,AST-00457,TRD,C10,INSPECTION,INSULATOR_FAILURE,1,3,0.689,11,1.233,0.413,1,48,2026-09-01,SCHEDULED,29.46,LOW
MT-000120,AST-00432,ENGINEERING,C18,CORRECTIVE,STRUCTURAL_DEFECT,1,4,0.718,10,0.685,0.158,1,99,2026-09-29,SCHEDULED,27.84,LOW
MT-000121,AST-00037,S&T,C14,PREVENTIVE,CABLE_FAULT,2,2,0.829,40,0.737,0.584,1,94,2026-09-03,SCHEDULED,44.25,MEDIUM
MT-000122,AST-00244,ENGINEERING,C20,CORRECTIVE,POINT_DEFECT,1,4,0.618,13,0.718,0.291,1,104,2026-09-01,OVERDUE,44.51,MEDIUM
MT-000123,AST-00007,TRD,C13,CORRECTIVE,CONTACT_WIRE_DEFECT,1,4,0.466,15,0.888,0.037,1,79,2026-09-27,SCHEDULED,34.95,LOW
MT-000124,AST-00131,TRD,C05,PREVENTIVE,FEEDER_FAULT,4,3,0.585,3,0.87,0.638,1,114,2026-09-08,OPEN,62.09,HIGH
MT-000125,AST-00421,S&T,C14,CORRECTIVE,SIGNAL_FAILURE,2,5,0.855,0,0.737,0.436,1,93,2026-09-30,SCHEDULED,43.34,MEDIUM
MT-000126,AST-00384,ENGINEERING,C13,PREVENTIVE,BALLAST_DEFECT,2,5,0.636,11,0.778,0.281,1,99,2026-09-01,OPEN,50.41,MEDIUM
MT-000127,AST-00481,S&T,C06,SIGNAL_REPAIR,CABLE_FAULT,4,4,0.577,6,1.511,0.787,1,109,2026-09-15,OPEN,77.12,HIGH
MT-000128,AST-00432,ENGINEERING,C18,PREVENTIVE,TRACK_GEOMETRY,5,4,0.718,7,0.746,0.684,1,127,2026-09-21,OVERDUE,86.84,CRITICAL
MT-000129,AST-00129,ENGINEERING,C04,INSPECTION,RAIL_CRACK,4,4,0.517,3,0.895,0.676,1,96,2026-09-02,OVERDUE,79.35,HIGH
MT-000130,AST-00489,TRD,C08,INSPECTION,FEEDER_FAULT,5,4,0.927,27,0.119,0.632,1,101,2026-09-01,SCHEDULED,76.43,HIGH
MT-000131,AST-00341,S&T,C04,SIGNAL_REPAIR,AXLE_COUNTER_FAULT,3,3,0.847,10,1.065,0.609,1,90,2026-09-20,OPEN,44.27,MEDIUM
MT-000132,AST-00006,S&T,C20,SIGNAL_REPAIR,RELAY_FAULT,4,5,0.849,17,0.565,0.46,1,118,2026-09-17,OVERDUE,75.94,HIGH
MT-000133,AST-00281,ENGINEERING,C17,PREVENTIVE,POINT_DEFECT,4,2,0.592,0,0.741,0.574,1,101,2026-09-27,SCHEDULED,54.93,MEDIUM
MT-000134,AST-00480,TRD,C08,PREVENTIVE,INSULATOR_FAILURE,2,5,0.965,8,1.027,0.159,1,54,2026-09-10,OPEN,45.15,MEDIUM
MT-000135,AST-00394,S&T,C03,CORRECTIVE,SIGNAL_FAILURE,3,2,0.922,2,0.989,0.297,1,108,2026-09-22,OPEN,40.0,MEDIUM
MT-000136,AST-00315,ENGINEERING,C17,PREVENTIVE,POINT_DEFECT,1,4,0.864,14,0.475,0.29,1,65,2026-09-19,SCHEDULED,27.61,LOW
MT-000137,AST-00123,ENGINEERING,C14,PREVENTIVE,POINT_DEFECT,4,5,0.796,0,1.251,0.705,1,101,2026-09-09,SCHEDULED,80.49,CRITICAL
MT-000138,AST-00151,S&T,C07,CORRECTIVE,AXLE_COUNTER_FAULT,2,4,0.66,0,1.368,0.55,1,117,2026-09-13,OVERDUE,56.46,MEDIUM
MT-000139,AST-00498,ENGINEERING,C03,INSPECTION,POINT_DEFECT,5,5,0.916,8,0.655,0.675,1,105,2026-09-21,OVERDUE,81.06,CRITICAL
MT-000140,AST-00494,S&T,C01,CORRECTIVE,AXLE_COUNTER_FAULT,4,3,0.611,6,1.511,0.521,0.856,165,2026-09-04,OPEN,63.06,HIGH
MT-000141,AST-00116,ENGINEERING,C02,PREVENTIVE,POINT_DEFECT,4,4,0.707,3,0.573,0.668,1,114,2026-09-08,OVERDUE,69.29,HIGH
MT-000142,AST-00283,S&T,C19,CORRECTIVE,CABLE_FAULT,4,3,0.72,14,0.894,0.659,1,117,2026-09-16,SCHEDULED,80.78,CRITICAL
MT-000143,AST-00258,S&T,C19,INSPECTION,RELAY_FAULT,3,2,0.64,18,1.165,0.575,1,86,2026-09-12,OVERDUE,50.23,MEDIUM
MT-000144,AST-00084,ENGINEERING,C11,INSPECTION,RAIL_CRACK,5,4,0.819,16,1.216,0.42,1,74,2026-09-23,OPEN,84.19,CRITICAL
MT-000145,AST-00432,ENGINEERING,C18,INSPECTION,RAIL_CRACK,3,4,0.718,0,1.151,0.482,1,83,2026-09-17,OPEN,60.75,HIGH
MT-000146,AST-00321,S&T,C13,PREVENTIVE,SIGNAL_FAILURE,1,4,0.56,24,1.329,0.228,1,58,2026-09-24,OPEN,41.71,MEDIUM
MT-000147,AST-00009,ENGINEERING,C04,CORRECTIVE,RAIL_CRACK,4,3,0.768,21,0.975,0.31,1,156,2026-09-06,OVERDUE,64.24,HIGH
MT-000148,AST-00209,ENGINEERING,C15,PREVENTIVE,RAIL_CRACK,3,5,0.683,0,0.905,0.283,1,91,2026-09-24,SCHEDULED,72.33,HIGH
MT-000149,AST-00387,TRD,C12,OHE_REPAIR,FEEDER_FAULT,5,5,0.505,4,1.688,0.55,1,177,2026-09-24,OPEN,93.42,CRITICAL
MT-000150,AST-00152,TRD,C02,OHE_REPAIR,INSULATOR_FAILURE,2,4,0.619,2,0.607,0.451,1,120,2026-09-27,OPEN,46.13,MEDIUM
MT-000151,AST-00199,ENGINEERING,C04,CORRECTIVE,TRACK_GEOMETRY,2,2,0.624,0,1.421,0.381,1,95,2026-09-08,SCHEDULED,24.8,LOW
MT-000152,AST-00003,ENGINEERING,C20,CORRECTIVE,TRACK_GEOMETRY,3,4,0.454,20,1.69,0.493,1,105,2026-09-29,OPEN,70.69,HIGH
MT-000153,AST-00437,ENGINEERING,C03,CORRECTIVE,STRUCTURAL_DEFECT,3,2,0.57,10,0.968,0.72,1,122,2026-09-20,OVERDUE,67.88,HIGH
MT-000154,AST-00136,TRD,C05,OHE_REPAIR,TRANSFORMER_FAULT,3,5,0.924,12,0.165,0.467,1,160,2026-09-19,OPEN,61.24,HIGH
MT-000155,AST-00296,TRD,C08,OHE_REPAIR,INSULATOR_FAILURE,5,4,0.54,0,0.887,0.668,1,155,2026-09-28,OPEN,86.33,CRITICAL
MT-000156,AST-00166,S&T,C07,INSPECTION,CABLE_FAULT,4,2,0.596,0,1.572,0.647,1,85,2026-09-08,OVERDUE,62.92,HIGH
MT-000157,AST-00140,S&T,C16,SIGNAL_REPAIR,SIGNAL_FAILURE,3,1,0.752,0,0.608,0.639,1,119,2026-09-08,SCHEDULED,33.71,LOW
MT-000158,AST-00466,S&T,C17,CORRECTIVE,INTERLOCKING_FAULT,4,4,0.744,0,1.188,0.584,1,136,2026-09-19,OPEN,72.61,HIGH
MT-000159,AST-00027,ENGINEERING,C08,REPAIR,STRUCTURAL_DEFECT,2,3,0.552,0,0.77,0.405,1,150,2026-09-14,OVERDUE,37.99,LOW
MT-000160,AST-00324,ENGINEERING,C15,INSPECTION,TRACK_GEOMETRY,4,2,0.799,0,0.776,0.613,1,77,2026-09-12,SCHEDULED,54.85,MEDIUM
MT-000161,AST-00441,TRD,C03,INSPECTION,FEEDER_FAULT,4,5,0.693,3,0.613,0.632,1,79,2026-09-15,OPEN,76.12,HIGH
MT-000162,AST-00313,ENGINEERING,C20,REPAIR,BALLAST_DEFECT,4,3,0.511,0,1.635,0.461,1,165,2026-09-05,OPEN,70.87,HIGH
MT-000163,AST-00311,S&T,C08,CORRECTIVE,AXLE_COUNTER_FAULT,3,3,0.786,3,0.865,0.574,1,104,2026-09-30,SCHEDULED,49.45,MEDIUM
MT-000164,AST-00310,TRD,C10,OHE_REPAIR,FEEDER_FAULT,3,4,0.641,13,1.091,0.413,1,140,2026-09-11,SCHEDULED,58.99,MEDIUM
MT-000165,AST-00382,TRD,C18,OHE_REPAIR,INSULATOR_FAILURE,3,4,0.624,0,0.63,0.607,1,152,2026-09-03,OPEN,62.32,HIGH
MT-000166,AST-00014,S&T,C15,INSPECTION,SIGNAL_FAILURE,4,3,0.59,0,0.972,0.528,1,82,2026-09-01,OPEN,58.11,MEDIUM
MT-000167,AST-00382,TRD,C18,PREVENTIVE,INSULATOR_FAILURE,2,4,0.624,16,0.786,0.548,1,82,2026-09-30,SCHEDULED,65.83,HIGH
MT-000168,AST-00345,TRD,C16,INSPECTION,INSULATOR_FAILURE,3,2,0.894,33,0.671,0.514,1,66,2026-09-05,OPEN,33.17,LOW
MT-000169,AST-00368,S&T,C01,SIGNAL_REPAIR,RELAY_FAULT,3,3,0.646,16,1.267,0.548,1,119,2026-09-19,OVERDUE,47.96,MEDIUM
MT-000170,AST-00107,TRD,C04,INSPECTION,CONTACT_WIRE_DEFECT,3,3,0.492,10,1.081,0.502,1,61,2026-09-11,OPEN,50.51,MEDIUM
MT-000171,AST-00139,TRD,C13,PREVENTIVE,FEEDER_FAULT,2,5,0.701,18,0.996,0.358,1,88,2026-09-01,OVERDUE,68.18,HIGH
MT-000172,AST-00208,ENGINEERING,C19,PREVENTIVE,POINT_DEFECT,5,3,0.75,8,1.025,0.791,1,108,2026-09-26,SCHEDULED,75.87,HIGH
MT-000173,AST-00026,TRD,C13,OHE_REPAIR,TRANSFORMER_FAULT,2,3,0.729,12,0.892,0.294,1,133,2026-09-12,OPEN,49.86,MEDIUM
MT-000174,AST-00220,ENGINEERING,C06,CORRECTIVE,STRUCTURAL_DEFECT,3,4,0.523,6,1.004,0.498,1,109,2026-09-21,OPEN,73.52,HIGH
MT-000175,AST-00469,ENGINEERING,C13,REPAIR,BALLAST_DEFECT,2,2,0.697,33,0.709,0.469,1,149,2026-09-02,SCHEDULED,41.81,MEDIUM
MT-000176,AST-00281,ENGINEERING,C17,CORRECTIVE,BALLAST_DEFECT,1,2,0.592,2,0.71,0.205,1,109,2026-09-12,OPEN,21.97,LOW
MT-000177,AST-00325,TRD,C02,OHE_REPAIR,OHE_DAMAGE,2,5,0.665,5,1.092,0.646,1,142,2026-09-14,OPEN,58.81,MEDIUM
MT-000178,AST-00019,S&T,C11,CORRECTIVE,SIGNAL_FAILURE,2,1,0.613,4,0.849,0.354,1,130,2026-09-25,OVERDUE,28.15,LOW
MT-000179,AST-00200,TRD,C08,PREVENTIVE,INSULATOR_FAILURE,3,4,0.784,24,0.537,0.406,1,79,2026-09-14,OVERDUE,64.05,HIGH
MT-000180,AST-00213,TRD,C10,OHE_REPAIR,OHE_DAMAGE,3,5,0.697,5,0.778,0.426,1,149,2026-09-12,OPEN,66.05,HIGH
MT-000181,AST-00152,TRD,C02,CORRECTIVE,INSULATOR_FAILURE,5,4,0.619,12,1.172,0.626,1,121,2026-09-03,OVERDUE,84.69,CRITICAL
MT-000182,AST-00285,TRD,C19,PREVENTIVE,OHE_DAMAGE,4,2,0.679,0,1.48,0.629,1,108,2026-09-30,OVERDUE,69.95,HIGH
MT-000183,AST-00455,S&T,C18,PREVENTIVE,CABLE_FAULT,4,1,0.807,13,1.074,0.45,0.842,96,2026-09-23,OVERDUE,37.47,LOW
MT-000184,AST-00006,S&T,C20,SIGNAL_REPAIR,CABLE_FAULT,5,5,0.849,21,0.736,0.423,1,155,2026-09-14,OPEN,77.89,HIGH
MT-000185,AST-00306,ENGINEERING,C13,CORRECTIVE,TRACK_GEOMETRY,5,4,0.665,16,0.643,0.73,1,163,2026-09-04,OPEN,88.39,CRITICAL
MT-000186,AST-00103,TRD,C11,CORRECTIVE,FEEDER_FAULT,3,4,0.617,2,1.196,0.424,1,109,2026-09-10,OPEN,54.98,MEDIUM
MT-000187,AST-00163,S&T,C04,CORRECTIVE,CABLE_FAULT,2,3,0.701,0,0.539,0.507,1,96,2026-09-22,OVERDUE,43.16,MEDIUM
MT-000188,AST-00079,S&T,C01,PREVENTIVE,SIGNAL_FAILURE,2,5,0.746,4,1.221,0.417,1,97,2026-09-13,OVERDUE,51.63,MEDIUM
MT-000189,AST-00492,S&T,C11,SIGNAL_REPAIR,SIGNAL_FAILURE,4,3,0.508,0,1.061,0.608,1,140,2026-09-12,SCHEDULED,75.51,HIGH
MT-000190,AST-00478,ENGINEERING,C09,REPAIR,POINT_DEFECT,5,5,0.589,18,0.708,0.815,1,178,2026-09-14,OVERDUE,93.6,CRITICAL
MT-000191,AST-00391,TRD,C08,PREVENTIVE,FEEDER_FAULT,4,4,0.882,8,0.678,0.551,1,110,2026-09-21,OVERDUE,75.36,HIGH
MT-000192,AST-00104,TRD,C09,INSPECTION,TRANSFORMER_FAULT,3,5,0.7,0,1.295,0.661,1,86,2026-09-12,OPEN,68.35,HIGH
MT-000193,AST-00174,S&T,C04,CORRECTIVE,SIGNAL_FAILURE,3,4,0.826,10,0.268,0.22,1,104,2026-09-12,SCHEDULED,43.1,MEDIUM
MT-000194,AST-00255,S&T,C06,CORRECTIVE,AXLE_COUNTER_FAULT,2,2,0.688,16,0.775,0.356,1,133,2026-09-27,OVERDUE,40.84,MEDIUM
MT-000195,AST-00474,ENGINEERING,C10,PREVENTIVE,TRACK_GEOMETRY,2,3,1.0,30,0.804,0.429,1,84,2026-09-01,SCHEDULED,38.1,LOW
MT-000196,AST-00192,TRD,C10,INSPECTION,INSULATOR_FAILURE,3,3,0.622,17,0.863,0.548,1,57,2026-09-06,OPEN,56.8,MEDIUM
MT-000197,AST-00499,S&T,C20,CORRECTIVE,CABLE_FAULT,2,4,0.818,23,0.351,0.301,1,98,2026-09-22,SCHEDULED,46.44,MEDIUM
MT-000198,AST-00286,TRD,C05,PREVENTIVE,CONTACT_WIRE_DEFECT,3,1,0.594,0,0.72,0.613,1,114,2026-09-22,SCHEDULED,34.64,LOW
MT-000199,AST-00322,S&T,C06,PREVENTIVE,RELAY_FAULT,3,3,0.771,11,1.155,0.647,1,96,2026-09-03,OVERDUE,54.06,MEDIUM
MT-000200,AST-00002,TRD,C19,OHE_REPAIR,CONTACT_WIRE_DEFECT,5,1,0.85,26,0.436,0.827,0.983,165,2026-09-28,SCHEDULED,73.04,HIGH
MT-000201,AST-00083,TRD,C03,INSPECTION,CONTACT_WIRE_DEFECT,5,2,0.865,0,0.699,0.642,1,110,2026-09-22,OPEN,65.11,HIGH
MT-000202,AST-00424,ENGINEERING,C04,REPAIR,TRACK_GEOMETRY,4,3,0.481,20,1.073,0.594,1,147,2026-09-04,OPEN,79.44,HIGH
MT-000203,AST-00043,TRD,C15,PREVENTIVE,OHE_DAMAGE,5,1,0.921,0,0.838,0.864,1,107,2026-09-03,OPEN,56.02,MEDIUM
MT-000204,AST-00277,TRD,C12,PREVENTIVE,CONTACT_WIRE_DEFECT,2,3,0.859,26,1.009,0.38,1,66,2026-09-18,SCHEDULED,49.36,MEDIUM
MT-000205,AST-00119,TRD,C20,CORRECTIVE,CONTACT_WIRE_DEFECT,5,4,0.773,17,0.926,0.754,1,131,2026-09-24,OPEN,86.04,CRITICAL
MT-000206,AST-00231,ENGINEERING,C04,PREVENTIVE,TRACK_GEOMETRY,1,4,0.598,28,1.005,0.278,1,73,2026-09-25,OVERDUE,46.27,MEDIUM
MT-000207,AST-00426,S&T,C05,CORRECTIVE,AXLE_COUNTER_FAULT,3,2,0.849,14,0.738,0.437,1,131,2026-09-08,OPEN,37.57,LOW
MT-000208,AST-00176,S&T,C20,INSPECTION,AXLE_COUNTER_FAULT,5,3,0.886,14,0.293,0.888,1,97,2026-09-01,OPEN,83.52,CRITICAL
MT-000209,AST-00174,S&T,C04,INSPECTION,INTERLOCKING_FAULT,3,4,0.826,0,1.219,0.608,1,88,2026-09-14,SCHEDULED,44.16,MEDIUM
MT-000210,AST-00181,ENGINEERING,C02,INSPECTION,RAIL_CRACK,4,4,0.995,30,0.153,0.515,1,94,2026-09-02,SCHEDULED,70.8,HIGH
MT-000211,AST-00246,S&T,C12,PREVENTIVE,AXLE_COUNTER_FAULT,5,3,0.848,16,1.196,0.662,1,102,2026-09-26,OPEN,78.52,HIGH
MT-000212,AST-00051,ENGINEERING,C05,REPAIR,BALLAST_DEFECT,1,4,0.953,0,0.353,0.243,1,127,2026-09-11,OPEN,26.11,LOW
MT-000213,AST-00006,S&T,C20,PREVENTIVE,INTERLOCKING_FAULT,3,5,0.849,13,1.031,0.693,1,72,2026-09-25,SCHEDULED,74.72,HIGH
MT-000214,AST-00390,ENGINEERING,C04,REPAIR,RAIL_CRACK,4,5,0.646,27,1.122,0.706,1,137,2026-09-14,OPEN,85.1,CRITICAL
MT-000215,AST-00295,ENGINEERING,C18,PREVENTIVE,TRACK_GEOMETRY,2,2,0.829,0,1.233,0.351,1,64,2026-09-17,SCHEDULED,27.24,LOW
MT-000216,AST-00356,ENGINEERING,C02,PREVENTIVE,POINT_DEFECT,4,3,0.775,0,0.405,0.694,1,118,2026-09-29,OPEN,63.17,HIGH
MT-000217,AST-00253,TRD,C16,INSPECTION,OHE_DAMAGE,4,3,0.792,7,1.277,0.592,1,83,2026-09-05,OVERDUE,62.28,HIGH
MT-000218,AST-00414,S&T,C05,PREVENTIVE,SIGNAL_FAILURE,5,4,0.952,0,0.409,0.945,1,122,2026-09-01,OPEN,81.71,CRITICAL
MT-000219,AST-00402,ENGINEERING,C18,INSPECTION,RAIL_CRACK,2,4,0.751,5,0.754,0.383,1,36,2026-09-28,OVERDUE,36.78,LOW
MT-000220,AST-00029,S&T,C17,INSPECTION,SIGNAL_FAILURE,4,4,0.682,8,1.092,0.498,1,69,2026-09-23,SCHEDULED,76.86,HIGH
MT-000221,AST-00293,TRD,C13,INSPECTION,FEEDER_FAULT,1,3,0.909,22,1.11,0.633,1,42,2026-09-06,OVERDUE,32.2,LOW
MT-000222,AST-00399,ENGINEERING,C05,REPAIR,STRUCTURAL_DEFECT,4,4,0.778,0,0.795,0.815,1,146,2026-09-12,OVERDUE,68.25,HIGH
MT-000223,AST-00024,ENGINEERING,C05,PREVENTIVE,POINT_DEFECT,3,4,0.747,8,0.525,0.543,1,59,2026-09-02,OPEN,59.14,MEDIUM
MT-000224,AST-00479,S&T,C08,CORRECTIVE,SIGNAL_FAILURE,2,3,0.757,22,0.48,0.362,1,114,2026-09-01,OVERDUE,42.1,MEDIUM
MT-000225,AST-00448,ENGINEERING,C17,CORRECTIVE,POINT_DEFECT,2,1,0.687,3,0.819,0.373,1,101,2026-09-23,OPEN,20.65,LOW
MT-000226,AST-00439,TRD,C18,PREVENTIVE,TRANSFORMER_FAULT,3,4,0.632,20,0.912,0.555,1,82,2026-09-02,OPEN,68.96,HIGH
MT-000227,AST-00238,TRD,C15,INSPECTION,FEEDER_FAULT,5,4,0.77,3,0.922,0.609,1,97,2026-09-15,OVERDUE,78.26,HIGH
MT-000228,AST-00192,TRD,C10,PREVENTIVE,TRANSFORMER_FAULT,4,3,0.622,17,1.084,0.721,1,108,2026-09-17,OPEN,68.62,HIGH
MT-000229,AST-00227,ENGINEERING,C02,PREVENTIVE,BALLAST_DEFECT,5,5,0.729,4,0.99,0.571,1,128,2026-09-25,OPEN,89.31,CRITICAL
MT-000230,AST-00465,ENGINEERING,C10,CORRECTIVE,POINT_DEFECT,4,2,0.624,18,1.087,0.63,1,130,2026-09-01,OPEN,61.12,HIGH
MT-000231,AST-00374,S&T,C15,CORRECTIVE,RELAY_FAULT,3,3,0.759,0,0.85,0.408,1,84,2026-09-15,OPEN,32.23,LOW
MT-000232,AST-00087,ENGINEERING,C05,INSPECTION,TRACK_GEOMETRY,5,4,0.782,13,0.611,0.932,1,108,2026-09-26,OPEN,88.6,CRITICAL
MT-000233,AST-00012,TRD,C02,CORRECTIVE,INSULATOR_FAILURE,3,5,0.864,23,0.24,0.324,1,142,2026-09-27,OPEN,66.76,HIGH
MT-000234,AST-00013,S&T,C03,CORRECTIVE,SIGNAL_FAILURE,4,4,0.768,0,0.862,0.709,1,130,2026-09-01,SCHEDULED,76.16,HIGH
MT-000235,AST-00054,ENGINEERING,C06,INSPECTION,STRUCTURAL_DEFECT,4,5,0.499,0,1.684,0.407,1,72,2026-09-01,OPEN,82.27,CRITICAL
MT-000236,AST-00253,TRD,C16,INSPECTION,TRANSFORMER_FAULT,3,3,0.792,0,1.022,0.047,1,106,2026-09-09,OVERDUE,49.33,MEDIUM
MT-000237,AST-00349,TRD,C16,INSPECTION,INSULATOR_FAILURE,4,3,0.94,8,0.261,0.847,1,101,2026-09-09,OPEN,64.88,HIGH
MT-000238,AST-00143,ENGINEERING,C12,REPAIR,RAIL_CRACK,5,3,0.716,19,1.422,0.685,1,166,2026-09-27,SCHEDULED,88.6,CRITICAL
MT-000239,AST-00279,S&T,C18,INSPECTION,SIGNAL_FAILURE,5,4,0.772,0,1.254,0.817,1,98,2026-09-03,OPEN,82.61,CRITICAL
MT-000240,AST-00410,ENGINEERING,C12,INSPECTION,RAIL_CRACK,4,3,0.916,11,0.231,0.586,1,65,2026-09-01,OVERDUE,62.39,HIGH
MT-000241,AST-00418,ENGINEERING,C09,REPAIR,STRUCTURAL_DEFECT,4,5,0.637,7,0.726,0.479,1,168,2026-09-06,OPEN,79.66,HIGH
MT-000242,AST-00036,ENGINEERING,C01,INSPECTION,RAIL_CRACK,4,3,0.839,3,1.159,0.663,1,90,2026-09-29,SCHEDULED,69.13,HIGH
MT-000243,AST-00003,ENGINEERING,C20,INSPECTION,POINT_DEFECT,5,4,0.454,7,1.768,0.606,1,71,2026-09-23,OPEN,89.19,CRITICAL
MT-000244,AST-00389,TRD,C12,OHE_REPAIR,CONTACT_WIRE_DEFECT,4,3,0.947,6,0.754,0.817,1,156,2026-09-30,OPEN,66.19,HIGH
MT-000245,AST-00137,TRD,C04,OHE_REPAIR,CONTACT_WIRE_DEFECT,1,1,0.966,0,0.782,0.397,0.94,133,2026-09-03,OPEN,12.73,LOW
MT-000246,AST-00358,TRD,C06,CORRECTIVE,OHE_DAMAGE,2,1,0.696,0,1.408,0.422,1,95,2026-09-28,OPEN,19.62,LOW
MT-000247,AST-00224,TRD,C09,OHE_REPAIR,FEEDER_FAULT,3,4,0.588,10,0.675,0.485,1,148,2026-09-19,SCHEDULED,63.38,HIGH
MT-000248,AST-00113,ENGINEERING,C03,INSPECTION,TRACK_GEOMETRY,2,4,0.75,22,0.432,0.35,1,61,2026-09-27,OPEN,44.13,MEDIUM
MT-000249,AST-00356,ENGINEERING,C02,REPAIR,RAIL_CRACK,3,3,0.775,12,0.366,0.474,1,123,2026-09-23,OPEN,38.7,LOW
MT-000250,AST-00137,TRD,C04,CORRECTIVE,FEEDER_FAULT,4,1,0.966,0,0.947,0.574,0.977,118,2026-09-07,OVERDUE,57.14,MEDIUM
MT-000251,AST-00041,ENGINEERING,C20,PREVENTIVE,RAIL_CRACK,2,4,0.529,20,0.948,0.343,1,72,2026-09-21,OVERDUE,46.99,MEDIUM
MT-000252,AST-00306,ENGINEERING,C13,REPAIR,BALLAST_DEFECT,5,4,0.665,1,0.963,0.598,1,157,2026-09-30,OPEN,84.63,CRITICAL
MT-000253,AST-00131,TRD,C05,PREVENTIVE,CONTACT_WIRE_DEFECT,3,3,0.585,0,1.207,0.492,1,87,2026-09-09,OPEN,57.07,MEDIUM
MT-000254,AST-00073,TRD,C15,CORRECTIVE,OHE_DAMAGE,3,3,0.704,5,1.146,0.496,1,134,2026-09-24,SCHEDULED,62.71,HIGH
MT-000255,AST-00354,TRD,C03,CORRECTIVE,OHE_DAMAGE,3,3,0.931,11,0.676,0.512,1,153,2026-09-02,OVERDUE,54.06,MEDIUM
MT-000256,AST-00392,ENGINEERING,C06,CORRECTIVE,POINT_DEFECT,3,4,0.704,0,1.208,0.467,1,114,2026-09-30,OPEN,58.19,MEDIUM
MT-000257,AST-00212,TRD,C02,INSPECTION,CONTACT_WIRE_DEFECT,4,2,0.887,7,0.49,0.586,1,84,2026-09-09,OVERDUE,57.29,MEDIUM
MT-000258,AST-00019,S&T,C11,INSPECTION,SIGNAL_FAILURE,4,1,0.613,18,1.538,0.696,1,92,2026-09-30,OPEN,62.12,HIGH
MT-000259,AST-00141,TRD,C10,PREVENTIVE,CONTACT_WIRE_DEFECT,4,2,0.696,2,1.425,0.537,1,122,2026-09-22,OPEN,57.18,MEDIUM
MT-000260,AST-00483,ENGINEERING,C18,CORRECTIVE,RAIL_CRACK,2,2,0.744,0,1.141,0.459,1,121,2026-09-20,SCHEDULED,29.71,LOW
MT-000261,AST-00380,TRD,C05,INSPECTION,TRANSFORMER_FAULT,4,3,0.708,13,1.133,0.576,1,94,2026-09-11,SCHEDULED,72.29,HIGH
MT-000262,AST-00061,S&T,C07,PREVENTIVE,SIGNAL_FAILURE,4,4,0.798,5,1.07,0.643,1,95,2026-09-12,OPEN,68.87,HIGH
MT-000263,AST-00103,TRD,C11,OHE_REPAIR,OHE_DAMAGE,5,4,0.617,7,1.283,0.923,1,183,2026-09-27,OPEN,92.3,CRITICAL
MT-000264,AST-00428,ENGINEERING,C05,PREVENTIVE,RAIL_CRACK,1,4,0.658,15,1.461,0.204,1,35,2026-09-13,OPEN,36.34,LOW
MT-000265,AST-00253,TRD,C16,CORRECTIVE,INSULATOR_FAILURE,1,3,0.792,15,1.145,0.357,1,90,2026-09-28,OVERDUE,35.28,LOW
MT-000266,AST-00204,TRD,C19,OHE_REPAIR,CONTACT_WIRE_DEFECT,1,5,0.718,20,1.087,0.347,1,146,2026-09-24,SCHEDULED,47.18,MEDIUM
MT-000267,AST-00095,S&T,C14,INSPECTION,RELAY_FAULT,2,5,0.878,4,0.571,0.299,1,58,2026-09-07,SCHEDULED,54.13,MEDIUM
MT-000268,AST-00041,ENGINEERING,C20,INSPECTION,TRACK_GEOMETRY,3,4,0.529,0,1.661,0.49,1,103,2026-09-10,OPEN,67.08,HIGH
MT-000269,AST-00058,S&T,C17,CORRECTIVE,SIGNAL_FAILURE,3,4,0.827,19,0.817,0.491,1,136,2026-09-08,OPEN,59.12,MEDIUM
MT-000270,AST-00246,S&T,C12,INSPECTION,INTERLOCKING_FAULT,2,3,0.848,1,0.43,0.354,1,70,2026-09-14,SCHEDULED,38.13,LOW
MT-000271,AST-00141,TRD,C10,PREVENTIVE,INSULATOR_FAILURE,3,2,0.696,0,0.904,0.498,1,101,2026-09-05,OVERDUE,38.21,LOW
MT-000272,AST-00123,ENGINEERING,C14,REPAIR,STRUCTURAL_DEFECT,4,5,0.796,19,1.215,0.673,1,180,2026-09-22,OPEN,90.27,CRITICAL
MT-000273,AST-00267,ENGINEERING,C13,REPAIR,STRUCTURAL_DEFECT,1,2,0.617,2,0.78,0.417,1,110,2026-09-16,SCHEDULED,28.81,LOW
MT-000274,AST-00345,TRD,C16,INSPECTION,INSULATOR_FAILURE,5,2,0.894,0,0.407,0.584,1,122,2026-09-25,OVERDUE,69.15,HIGH
MT-000275,AST-00208,ENGINEERING,C19,CORRECTIVE,STRUCTURAL_DEFECT,3,3,0.75,14,0.709,0.651,1,120,2026-09-03,SCHEDULED,59.53,MEDIUM
MT-000276,AST-00184,S&T,C09,CORRECTIVE,INTERLOCKING_FAULT,2,3,0.849,18,0.486,0.681,1,85,2026-09-05,SCHEDULED,41.93,MEDIUM
MT-000277,AST-00273,S&T,C16,PREVENTIVE,AXLE_COUNTER_FAULT,5,3,0.64,0,1.348,0.824,1,110,2026-09-18,OVERDUE,79.67,HIGH
MT-000278,AST-00469,ENGINEERING,C13,PREVENTIVE,POINT_DEFECT,2,2,0.697,1,0.533,0.409,1,88,2026-09-28,OVERDUE,26.94,LOW
MT-000279,AST-00080,TRD,C18,INSPECTION,FEEDER_FAULT,5,3,0.774,11,0.383,0.806,1,91,2026-09-25,OPEN,71.26,HIGH
MT-000280,AST-00425,TRD,C17,OHE_REPAIR,OHE_DAMAGE,3,5,0.947,1,0.224,0.367,1,162,2026-09-20,OPEN,62.21,HIGH
MT-000281,AST-00152,TRD,C02,OHE_REPAIR,TRANSFORMER_FAULT,4,4,0.619,0,0.828,0.621,1,178,2026-09-23,OVERDUE,78.58,HIGH
MT-000282,AST-00333,TRD,C08,OHE_REPAIR,TRANSFORMER_FAULT,5,5,0.659,0,0.897,0.582,1,184,2026-09-30,OVERDUE,80.82,CRITICAL
MT-000283,AST-00420,TRD,C01,CORRECTIVE,TRANSFORMER_FAULT,4,5,0.461,1,1.093,0.907,1,102,2026-09-15,OVERDUE,81.18,CRITICAL
MT-000284,AST-00310,TRD,C10,PREVENTIVE,OHE_DAMAGE,4,4,0.641,10,1.126,0.748,1,89,2026-09-15,OVERDUE,80.48,CRITICAL
MT-000285,AST-00297,TRD,C02,PREVENTIVE,OHE_DAMAGE,3,2,0.517,33,0.768,0.496,1,63,2026-09-15,OPEN,56.6,MEDIUM
MT-000286,AST-00102,S&T,C15,PREVENTIVE,INTERLOCKING_FAULT,4,3,0.732,9,0.512,0.534,1,104,2026-09-22,OVERDUE,59.42,MEDIUM
MT-000287,AST-00353,S&T,C08,INSPECTION,RELAY_FAULT,5,2,0.652,26,1.029,0.671,1,97,2026-09-20,SCHEDULED,88.35,CRITICAL
MT-000288,AST-00444,S&T,C17,INSPECTION,SIGNAL_FAILURE,2,2,0.719,0,1.057,0.337,1,53,2026-09-30,OPEN,39.78,LOW
MT-000289,AST-00228,ENGINEERING,C04,INSPECTION,POINT_DEFECT,4,4,0.751,9,0.498,0.48,1,84,2026-09-16,OVERDUE,73.08,HIGH
MT-000290,AST-00099,ENGINEERING,C14,REPAIR,RAIL_CRACK,4,3,0.786,11,0.484,0.809,1,169,2026-09-05,OPEN,78.25,HIGH
MT-000291,AST-00476,TRD,C01,CORRECTIVE,FEEDER_FAULT,3,4,0.829,16,1.184,0.183,1,108,2026-09-20,OVERDUE,56.56,MEDIUM
MT-000292,AST-00461,ENGINEERING,C10,REPAIR,TRACK_GEOMETRY,4,3,0.824,5,0.638,0.589,1,143,2026-09-08,SCHEDULED,62.46,HIGH
MT-000293,AST-00186,ENGINEERING,C10,PREVENTIVE,STRUCTURAL_DEFECT,5,3,0.782,0,1.294,0.547,1,96,2026-09-28,OPEN,75.26,HIGH
MT-000294,AST-00403,S&T,C15,PREVENTIVE,RELAY_FAULT,3,4,0.893,16,0.746,0.393,1,101,2026-09-27,OPEN,42.92,MEDIUM
MT-000295,AST-00081,S&T,C13,PREVENTIVE,AXLE_COUNTER_FAULT,2,4,0.682,29,0.929,0.373,1,103,2026-09-26,OVERDUE,55.14,MEDIUM
MT-000296,AST-00353,S&T,C08,SIGNAL_REPAIR,CABLE_FAULT,2,2,0.652,6,1.174,0.318,0.987,82,2026-09-14,OVERDUE,35.75,LOW
MT-000297,AST-00075,TRD,C08,CORRECTIVE,OHE_DAMAGE,1,3,0.598,14,1.578,0.323,1,61,2026-09-12,OPEN,43.57,MEDIUM
MT-000298,AST-00068,ENGINEERING,C10,INSPECTION,RAIL_CRACK,3,5,0.643,0,0.949,0.6,1,49,2026-09-16,OPEN,71.26,HIGH
MT-000299,AST-00286,TRD,C05,OHE_REPAIR,CONTACT_WIRE_DEFECT,3,1,0.594,11,1.252,0.465,1,164,2026-09-28,OPEN,35.77,LOW
MT-000300,AST-00198,S&T,C20,SIGNAL_REPAIR,SIGNAL_FAILURE,4,5,0.743,8,0.719,0.338,1,140,2026-09-25,OPEN,75.27,HIGH
MT-000301,AST-00321,S&T,C13,SIGNAL_REPAIR,AXLE_COUNTER_FAULT,3,4,0.56,15,1.299,0.63,1,124,2026-09-06,OPEN,61.13,HIGH
MT-000302,AST-00126,S&T,C15,INSPECTION,SIGNAL_FAILURE,1,3,0.596,15,0.98,0.102,1,63,2026-09-01,SCHEDULED,38.36,LOW
MT-000303,AST-00191,S&T,C17,PREVENTIVE,CABLE_FAULT,1,4,0.604,0,1.287,0.206,1,74,2026-09-28,OVERDUE,38.25,LOW
MT-000304,AST-00219,TRD,C17,INSPECTION,FEEDER_FAULT,1,4,0.504,9,1.709,0,1,40,2026-09-08,OVERDUE,34.36,LOW
MT-000305,AST-00496,TRD,C08,OHE_REPAIR,OHE_DAMAGE,1,3,0.724,16,0.748,0.212,1,119,2026-09-01,OVERDUE,36.15,LOW
MT-000306,AST-00348,ENGINEERING,C17,CORRECTIVE,RAIL_CRACK,2,3,0.904,0,0.696,0.605,1,141,2026-09-29,OPEN,27.16,LOW
MT-000307,AST-00180,ENGINEERING,C14,CORRECTIVE,RAIL_CRACK,1,4,0.591,0,1.249,0.368,1,93,2026-09-26,SCHEDULED,50.01,MEDIUM
MT-000308,AST-00106,S&T,C02,INSPECTION,AXLE_COUNTER_FAULT,4,3,0.928,27,0.163,0.661,1,111,2026-09-16,OVERDUE,68.37,HIGH
MT-000309,AST-00463,ENGINEERING,C04,CORRECTIVE,POINT_DEFECT,5,3,0.713,11,0.898,0.583,1,123,2026-09-02,OPEN,77.72,HIGH
MT-000310,AST-00176,S&T,C20,PREVENTIVE,CABLE_FAULT,2,3,0.886,11,0.526,0.474,1,68,2026-09-27,OVERDUE,33.27,LOW
MT-000311,AST-00050,ENGINEERING,C15,INSPECTION,BALLAST_DEFECT,1,4,0.898,3,1.065,0.234,1,53,2026-09-27,OVERDUE,30.94,LOW
MT-000312,AST-00379,TRD,C15,CORRECTIVE,FEEDER_FAULT,3,5,0.749,18,0.727,0.466,1,114,2026-09-03,OPEN,78.12,HIGH
MT-000313,AST-00134,S&T,C11,PREVENTIVE,AXLE_COUNTER_FAULT,5,5,0.71,12,0.85,0.65,1,107,2026-09-27,OPEN,84.77,CRITICAL
MT-000314,AST-00485,ENGINEERING,C06,CORRECTIVE,POINT_DEFECT,2,4,0.794,19,0.514,0.569,1,90,2026-09-18,OPEN,42.96,MEDIUM
MT-000315,AST-00014,S&T,C15,SIGNAL_REPAIR,INTERLOCKING_FAULT,2,3,0.59,10,1.463,0.257,0.982,124,2026-09-28,OPEN,47.59,MEDIUM
MT-000316,AST-00291,TRD,C08,OHE_REPAIR,FEEDER_FAULT,3,4,0.751,14,0.554,0.391,1,149,2026-09-26,SCHEDULED,65.43,HIGH
MT-000317,AST-00397,S&T,C15,INSPECTION,INTERLOCKING_FAULT,2,3,0.711,0,0.742,0.443,1,72,2026-09-09,OPEN,34.86,LOW
MT-000318,AST-00413,ENGINEERING,C05,CORRECTIVE,TRACK_GEOMETRY,1,3,0.741,27,1.205,0.057,1,104,2026-09-27,OPEN,28.6,LOW
MT-000319,AST-00352,S&T,C09,PREVENTIVE,RELAY_FAULT,3,2,0.74,14,0.466,0.504,1,105,2026-09-20,OPEN,45.48,MEDIUM
MT-000320,AST-00461,ENGINEERING,C10,PREVENTIVE,TRACK_GEOMETRY,3,3,0.824,9,0.319,0.575,1,111,2026-09-09,OPEN,48.5,MEDIUM
MT-000321,AST-00404,ENGINEERING,C08,INSPECTION,BALLAST_DEFECT,3,3,0.968,24,0.891,0.355,1,86,2026-09-05,OVERDUE,61.36,HIGH
MT-000322,AST-00289,TRD,C17,INSPECTION,OHE_DAMAGE,5,5,0.769,21,0.433,0.596,1,84,2026-09-13,OPEN,80.15,CRITICAL
MT-000323,AST-00388,TRD,C12,CORRECTIVE,OHE_DAMAGE,3,3,0.741,3,0.822,0.579,1,92,2026-09-28,OVERDUE,58.46,MEDIUM
MT-000324,AST-00384,ENGINEERING,C13,REPAIR,POINT_DEFECT,2,5,0.636,10,1.333,0.352,1,131,2026-09-17,OPEN,65.0,HIGH
MT-000325,AST-00483,ENGINEERING,C18,REPAIR,STRUCTURAL_DEFECT,5,2,0.744,8,1.139,0.656,1,164,2026-09-18,OVERDUE,67.07,HIGH
MT-000326,AST-00253,TRD,C16,CORRECTIVE,CONTACT_WIRE_DEFECT,3,3,0.792,3,1.174,0.719,1,84,2026-09-24,OPEN,43.84,MEDIUM
MT-000327,AST-00230,ENGINEERING,C20,REPAIR,POINT_DEFECT,2,3,0.863,27,1.024,0.522,1,164,2026-09-26,SCHEDULED,43.23,MEDIUM
MT-000328,AST-00298,ENGINEERING,C06,CORRECTIVE,TRACK_GEOMETRY,3,4,0.872,14,0.736,0.783,1,109,2026-09-19,OPEN,56.26,MEDIUM
MT-000329,AST-00341,S&T,C04,PREVENTIVE,CABLE_FAULT,2,3,0.847,20,0.702,0.18,1,96,2026-09-20,OVERDUE,43.51,MEDIUM
MT-000330,AST-00499,S&T,C20,PREVENTIVE,SIGNAL_FAILURE,3,4,0.818,0,0.778,0.729,1,90,2026-09-28,OVERDUE,50.16,MEDIUM
MT-000331,AST-00350,TRD,C18,PREVENTIVE,FEEDER_FAULT,4,1,0.744,12,1.276,0.331,0.9,95,2026-09-22,OPEN,36.02,LOW
MT-000332,AST-00189,TRD,C19,CORRECTIVE,INSULATOR_FAILURE,5,4,0.643,14,0.942,0.674,1,138,2026-09-12,SCHEDULED,84.97,CRITICAL
MT-000333,AST-00301,ENGINEERING,C13,REPAIR,POINT_DEFECT,1,5,0.894,15,0.167,0.174,1,124,2026-09-25,OPEN,41.58,MEDIUM
MT-000334,AST-00015,TRD,C09,INSPECTION,INSULATOR_FAILURE,2,3,0.801,0,0.454,0.211,1,96,2026-09-14,OPEN,26.86,LOW
MT-000335,AST-00197,TRD,C19,OHE_REPAIR,TRANSFORMER_FAULT,4,2,0.767,4,0.615,0.473,0.949,155,2026-09-21,OVERDUE,54.45,MEDIUM
MT-000336,AST-00379,TRD,C15,INSPECTION,FEEDER_FAULT,3,5,0.749,3,0.379,0.392,1,47,2026-09-17,OVERDUE,36.89,LOW
MT-000337,AST-00480,TRD,C08,CORRECTIVE,CONTACT_WIRE_DEFECT,1,5,0.965,29,0.793,0.405,1,103,2026-09-09,OVERDUE,48.54,MEDIUM
MT-000338,AST-00108,ENGINEERING,C16,INSPECTION,STRUCTURAL_DEFECT,4,5,0.586,15,1.037,0.736,1,81,2026-09-09,OPEN,87.95,CRITICAL
MT-000339,AST-00398,ENGINEERING,C05,INSPECTION,BALLAST_DEFECT,5,2,0.637,32,0.636,0.859,1,71,2026-09-25,SCHEDULED,75.57,HIGH
MT-000340,AST-00250,S&T,C15,PREVENTIVE,SIGNAL_FAILURE,1,4,0.602,23,0.816,0.221,1,78,2026-09-26,OPEN,38.27,LOW
MT-000341,AST-00068,ENGINEERING,C10,PREVENTIVE,POINT_DEFECT,4,5,0.643,8,1.408,0.578,1,96,2026-09-27,OVERDUE,78.46,HIGH
MT-000342,AST-00004,S&T,C09,CORRECTIVE,INTERLOCKING_FAULT,4,4,0.524,7,0.811,0.459,1,127,2026-09-26,OPEN,74.45,HIGH
MT-000343,AST-00077,TRD,C03,PREVENTIVE,INSULATOR_FAILURE,3,3,0.722,30,1.357,0.522,1,95,2026-09-05,OVERDUE,59.73,MEDIUM
MT-000344,AST-00470,ENGINEERING,C03,REPAIR,POINT_DEFECT,2,5,0.506,21,1.36,0.512,1,155,2026-09-02,OPEN,73.53,HIGH
MT-000345,AST-00167,ENGINEERING,C07,PREVENTIVE,RAIL_CRACK,3,4,0.657,12,0.786,0.397,1,95,2026-09-13,OVERDUE,56.58,MEDIUM
MT-000346,AST-00433,TRD,C07,CORRECTIVE,OHE_DAMAGE,2,3,0.82,20,0.335,0.213,1,114,2026-09-04,OVERDUE,39.22,LOW
MT-000347,AST-00241,TRD,C10,PREVENTIVE,TRANSFORMER_FAULT,3,4,0.786,11,1.068,0.686,1,94,2026-09-03,OVERDUE,65.25,HIGH
MT-000348,AST-00162,TRD,C18,INSPECTION,INSULATOR_FAILURE,1,4,0.778,0,0.552,0.223,1,47,2026-09-07,OPEN,19.9,LOW
MT-000349,AST-00452,ENGINEERING,C02,PREVENTIVE,TRACK_GEOMETRY,1,2,0.77,27,1.306,0.34,1,49,2026-09-12,OPEN,27.35,LOW
MT-000350,AST-00171,TRD,C17,CORRECTIVE,TRANSFORMER_FAULT,5,4,0.624,0,0.804,0.583,1,156,2026-09-23,OPEN,84.55,CRITICAL
MT-000351,AST-00471,ENGINEERING,C11,INSPECTION,RAIL_CRACK,2,2,0.712,5,1.271,0.423,1,73,2026-09-30,OPEN,35.14,LOW
MT-000352,AST-00260,ENGINEERING,C14,PREVENTIVE,POINT_DEFECT,1,5,0.996,8,0.618,0.266,1,57,2026-09-14,SCHEDULED,31.91,LOW
MT-000353,AST-00397,S&T,C15,PREVENTIVE,AXLE_COUNTER_FAULT,3,3,0.711,2,0.995,0.366,1,78,2026-09-08,OVERDUE,48.94,MEDIUM
MT-000354,AST-00198,S&T,C20,PREVENTIVE,RELAY_FAULT,3,5,0.743,0,0.67,0.509,1,83,2026-09-30,OVERDUE,48.3,MEDIUM
MT-000355,AST-00309,S&T,C12,PREVENTIVE,RELAY_FAULT,3,3,0.735,1,0.464,0.668,1,100,2026-09-21,OPEN,40.43,MEDIUM
MT-000356,AST-00233,TRD,C10,CORRECTIVE,OHE_DAMAGE,1,4,0.881,0,0.565,0.35,1,110,2026-09-19,OPEN,21.27,LOW
MT-000357,AST-00401,ENGINEERING,C11,INSPECTION,POINT_DEFECT,2,5,0.707,9,0.875,0.267,1,42,2026-09-21,OPEN,59.66,MEDIUM
MT-000358,AST-00303,S&T,C15,INSPECTION,AXLE_COUNTER_FAULT,2,2,0.712,1,0.911,0.507,1,89,2026-09-07,OVERDUE,30.49,LOW
MT-000359,AST-00135,S&T,C14,INSPECTION,SIGNAL_FAILURE,2,5,0.552,10,1.265,0.426,1,34,2026-09-24,SCHEDULED,59.71,MEDIUM
MT-000360,AST-00422,S&T,C12,INSPECTION,AXLE_COUNTER_FAULT,2,2,0.711,16,1.299,0.341,0.96,71,2026-09-28,SCHEDULED,41.23,MEDIUM
MT-000361,AST-00133,TRD,C16,PREVENTIVE,CONTACT_WIRE_DEFECT,4,3,0.557,9,1.545,0.532,1,97,2026-09-04,SCHEDULED,73.0,HIGH
MT-000362,AST-00110,ENGINEERING,C14,PREVENTIVE,BALLAST_DEFECT,3,4,0.781,29,1.136,0.44,1,109,2026-09-23,OPEN,73.05,HIGH
MT-000363,AST-00072,ENGINEERING,C05,CORRECTIVE,POINT_DEFECT,3,4,0.708,8,0.618,0.463,1,109,2026-09-24,OPEN,65.44,HIGH
MT-000364,AST-00474,ENGINEERING,C10,CORRECTIVE,RAIL_CRACK,4,3,1.0,0,0.077,0.571,1,120,2026-09-24,OPEN,48.59,MEDIUM
MT-000365,AST-00247,ENGINEERING,C13,CORRECTIVE,TRACK_GEOMETRY,2,2,0.637,0,0.733,0.268,1,90,2026-09-21,SCHEDULED,23.31,LOW
MT-000366,AST-00217,S&T,C12,PREVENTIVE,RELAY_FAULT,1,5,0.758,0,1.121,0.357,1,49,2026-09-22,OVERDUE,36.78,LOW
MT-000367,AST-00326,ENGINEERING,C20,PREVENTIVE,STRUCTURAL_DEFECT,2,3,0.466,11,1.724,0.603,0.978,41,2026-09-17,OPEN,36.4,LOW
MT-000368,AST-00483,ENGINEERING,C18,INSPECTION,STRUCTURAL_DEFECT,4,2,0.744,26,0.392,0.745,1,87,2026-09-27,OVERDUE,57.02,MEDIUM
MT-000369,AST-00257,S&T,C05,PREVENTIVE,CABLE_FAULT,3,4,0.682,6,0.756,0.501,1,95,2026-09-30,OVERDUE,61.04,HIGH
MT-000370,AST-00370,ENGINEERING,C17,REPAIR,BALLAST_DEFECT,3,4,0.739,20,0.42,0.468,1,160,2026-09-01,SCHEDULED,73.64,HIGH
MT-000371,AST-00296,TRD,C08,PREVENTIVE,INSULATOR_FAILURE,5,4,0.54,9,1.518,0.767,1,136,2026-09-09,OPEN,86.13,CRITICAL
MT-000372,AST-00238,TRD,C15,OHE_REPAIR,TRANSFORMER_FAULT,3,4,0.77,4,1.12,0.589,1,158,2026-09-25,OPEN,72.2,HIGH
MT-000373,AST-00459,TRD,C12,OHE_REPAIR,FEEDER_FAULT,4,2,0.857,0,0.935,0.727,1,163,2026-09-08,OPEN,62.81,HIGH
MT-000374,AST-00175,ENGINEERING,C20,INSPECTION,BALLAST_DEFECT,2,4,0.703,0,0.9,0.494,1,59,2026-09-14,OPEN,40.85,MEDIUM
MT-000375,AST-00134,S&T,C11,INSPECTION,CABLE_FAULT,1,5,0.71,7,0.909,0.26,1,51,2026-09-13,OVERDUE,39.73,LOW
MT-000376,AST-00157,ENGINEERING,C18,REPAIR,POINT_DEFECT,3,4,0.511,12,1.401,0.538,1,140,2026-09-23,OPEN,63.07,HIGH
MT-000377,AST-00063,S&T,C11,PREVENTIVE,CABLE_FAULT,1,3,0.613,16,0.595,0.362,1,89,2026-09-27,SCHEDULED,26.2,LOW
MT-000378,AST-00214,S&T,C19,PREVENTIVE,CABLE_FAULT,5,5,0.529,0,1.228,0.745,1,125,2026-09-26,SCHEDULED,87.77,CRITICAL
MT-000379,AST-00012,TRD,C02,INSPECTION,FEEDER_FAULT,2,5,0.864,29,0.738,0.423,1,53,2026-09-22,OVERDUE,55.58,MEDIUM
MT-000380,AST-00034,ENGINEERING,C18,PREVENTIVE,POINT_DEFECT,2,2,0.616,0,1.016,0.351,1,95,2026-09-07,OVERDUE,29.13,LOW
MT-000381,AST-00307,TRD,C06,PREVENTIVE,OHE_DAMAGE,5,1,0.458,0,1.754,0.634,1,136,2026-09-08,OVERDUE,57.42,MEDIUM
MT-000382,AST-00391,TRD,C08,PREVENTIVE,INSULATOR_FAILURE,3,4,0.882,24,0.601,0.533,1,101,2026-09-19,OVERDUE,74.89,HIGH
MT-000383,AST-00234,TRD,C17,PREVENTIVE,FEEDER_FAULT,3,2,0.771,11,1.318,0.444,1,80,2026-09-27,SCHEDULED,57.24,MEDIUM
MT-000384,AST-00117,TRD,C15,PREVENTIVE,INSULATOR_FAILURE,4,3,0.559,6,1.637,0.501,1,121,2026-09-04,OVERDUE,69.06,HIGH
MT-000385,AST-00260,ENGINEERING,C14,INSPECTION,TRACK_GEOMETRY,4,5,0.996,16,0.9,0.609,1,80,2026-09-11,SCHEDULED,74.95,HIGH
MT-000386,AST-00078,S&T,C19,SIGNAL_REPAIR,RELAY_FAULT,5,5,0.627,0,0.768,0.813,1,157,2026-09-23,OVERDUE,88.13,CRITICAL
MT-000387,AST-00173,TRD,C10,OHE_REPAIR,INSULATOR_FAILURE,3,5,0.811,0,1.25,0.463,1,158,2026-09-01,OVERDUE,67.2,HIGH
MT-000388,AST-00201,TRD,C17,CORRECTIVE,INSULATOR_FAILURE,2,3,0.908,4,0.365,0.384,1,103,2026-09-19,OPEN,30.71,LOW
MT-000389,AST-00367,S&T,C09,SIGNAL_REPAIR,AXLE_COUNTER_FAULT,2,3,0.661,28,1.197,0.282,1,114,2026-09-12,SCHEDULED,63.07,HIGH
MT-000390,AST-00397,S&T,C15,CORRECTIVE,SIGNAL_FAILURE,3,3,0.711,4,0.959,0.49,1,129,2026-09-08,OPEN,58.14,MEDIUM
MT-000391,AST-00408,ENGINEERING,C04,INSPECTION,POINT_DEFECT,2,3,0.684,4,1.272,0.419,1,50,2026-09-18,OPEN,39.77,LOW
MT-000392,AST-00495,ENGINEERING,C16,CORRECTIVE,POINT_DEFECT,2,5,0.742,0,0.848,0.331,1,112,2026-09-09,SCHEDULED,47.0,MEDIUM
MT-000393,AST-00381,TRD,C13,OHE_REPAIR,TRANSFORMER_FAULT,5,4,0.505,23,1.562,0.829,1,165,2026-09-05,OVERDUE,93.05,CRITICAL
MT-000394,AST-00351,TRD,C06,CORRECTIVE,OHE_DAMAGE,3,3,0.711,22,0.704,0.521,1,122,2026-09-22,OVERDUE,64.03,HIGH
MT-000395,AST-00232,S&T,C18,PREVENTIVE,AXLE_COUNTER_FAULT,4,4,0.686,9,1.388,0.786,1,91,2026-09-03,OPEN,79.91,HIGH
MT-000396,AST-00189,TRD,C19,PREVENTIVE,INSULATOR_FAILURE,2,4,0.643,19,1.425,0.298,1,73,2026-09-17,OPEN,60.4,HIGH
MT-000397,AST-00432,ENGINEERING,C18,PREVENTIVE,BALLAST_DEFECT,2,4,0.718,21,1.206,0.091,1,70,2026-09-23,OPEN,43.7,MEDIUM
MT-000398,AST-00003,ENGINEERING,C20,PREVENTIVE,STRUCTURAL_DEFECT,3,4,0.454,8,1.237,0.436,1,80,2026-09-19,OVERDUE,68.24,HIGH
MT-000399,AST-00096,S&T,C15,SIGNAL_REPAIR,INTERLOCKING_FAULT,4,4,1.0,15,0.032,0.761,1,101,2026-09-16,OVERDUE,59.7,MEDIUM
MT-000400,AST-00291,TRD,C08,OHE_REPAIR,TRANSFORMER_FAULT,5,4,0.751,2,1.002,0.755,1,186,2026-09-08,SCHEDULED,82.52,CRITICAL
MT-000401,AST-00359,ENGINEERING,C13,CORRECTIVE,STRUCTURAL_DEFECT,1,4,0.577,35,0.824,0.322,1,91,2026-09-17,OPEN,52.73,MEDIUM
MT-000402,AST-00349,TRD,C16,CORRECTIVE,INSULATOR_FAILURE,2,3,0.94,5,0.485,0.38,1,100,2026-09-07,OVERDUE,39.79,LOW
MT-000403,AST-00430,TRD,C07,CORRECTIVE,CONTACT_WIRE_DEFECT,5,5,0.497,19,1.12,0.646,1,126,2026-09-17,OPEN,94.27,CRITICAL
MT-000404,AST-00447,S&T,C06,PREVENTIVE,AXLE_COUNTER_FAULT,3,5,0.846,0,0.493,0.497,1,123,2026-09-24,OPEN,73.42,HIGH
MT-000405,AST-00156,ENGINEERING,C13,CORRECTIVE,POINT_DEFECT,5,3,0.793,18,0.486,0.756,1,130,2026-09-17,OPEN,79.39,HIGH
MT-000406,AST-00467,ENGINEERING,C13,REPAIR,TRACK_GEOMETRY,4,2,0.729,6,1.014,0.365,1,172,2026-09-26,OVERDUE,46.59,MEDIUM
MT-000407,AST-00311,S&T,C08,SIGNAL_REPAIR,AXLE_COUNTER_FAULT,3,3,0.786,0,0.555,0.455,1,126,2026-09-04,OVERDUE,46.98,MEDIUM
MT-000408,AST-00044,TRD,C03,INSPECTION,TRANSFORMER_FAULT,4,3,0.797,16,0.938,0.713,1,89,2026-09-09,OVERDUE,72.77,HIGH
MT-000409,AST-00019,S&T,C11,CORRECTIVE,RELAY_FAULT,4,1,0.613,15,1.362,0.599,1,120,2026-09-18,OPEN,60.57,HIGH
MT-000410,AST-00159,TRD,C20,PREVENTIVE,TRANSFORMER_FAULT,4,3,0.63,8,0.833,0.756,1,104,2026-09-12,OPEN,82.27,CRITICAL
MT-000411,AST-00021,TRD,C17,OHE_REPAIR,TRANSFORMER_FAULT,2,4,0.758,14,0.37,0.164,1,117,2026-09-05,OPEN,36.62,LOW
MT-000412,AST-00349,TRD,C16,PREVENTIVE,CONTACT_WIRE_DEFECT,1,3,0.94,0,0.473,0.416,1,58,2026-09-02,OPEN,29.16,LOW
MT-000413,AST-00297,TRD,C02,CORRECTIVE,INSULATOR_FAILURE,2,2,0.517,19,0.999,0.17,1,126,2026-09-29,OPEN,41.92,MEDIUM
MT-000414,AST-00058,S&T,C17,CORRECTIVE,RELAY_FAULT,4,4,0.827,14,0.837,0.625,1,130,2026-09-24,OPEN,77.59,HIGH
MT-000415,AST-00498,ENGINEERING,C03,PREVENTIVE,TRACK_GEOMETRY,3,5,0.916,5,0.843,0.451,1,118,2026-09-17,OPEN,65.38,HIGH
MT-000416,AST-00120,TRD,C09,INSPECTION,OHE_DAMAGE,2,1,0.905,3,0.242,0.367,1,53,2026-09-03,OPEN,14.43,LOW
MT-000417,AST-00390,ENGINEERING,C04,PREVENTIVE,STRUCTURAL_DEFECT,4,5,0.646,2,0.673,0.559,1,107,2026-09-16,OVERDUE,72.38,HIGH
MT-000418,AST-00092,TRD,C03,PREVENTIVE,FEEDER_FAULT,5,4,0.761,9,1.223,0.549,1,105,2026-09-10,OVERDUE,76.49,HIGH
MT-000419,AST-00063,S&T,C11,SIGNAL_REPAIR,INTERLOCKING_FAULT,4,3,0.613,19,0.822,0.498,1,112,2026-09-21,OPEN,70.31,HIGH
MT-000420,AST-00179,S&T,C09,INSPECTION,RELAY_FAULT,4,3,0.887,0,0.983,0.43,0.815,95,2026-09-30,OPEN,55.82,MEDIUM
MT-000421,AST-00474,ENGINEERING,C10,INSPECTION,STRUCTURAL_DEFECT,3,3,1.0,14,0.665,0.388,1,80,2026-09-21,OVERDUE,45.47,MEDIUM
MT-000422,AST-00324,ENGINEERING,C15,CORRECTIVE,POINT_DEFECT,2,2,0.799,10,1.068,0.512,1,100,2026-09-15,OPEN,33.51,LOW
MT-000423,AST-00327,ENGINEERING,C02,CORRECTIVE,RAIL_CRACK,4,4,0.696,2,0.868,0.511,1,109,2026-09-04,SCHEDULED,73.81,HIGH
MT-000424,AST-00037,S&T,C14,CORRECTIVE,CABLE_FAULT,4,2,0.829,1,1.21,0.439,1,128,2026-09-01,OPEN,50.49,MEDIUM
MT-000425,AST-00296,TRD,C08,OHE_REPAIR,CONTACT_WIRE_DEFECT,3,4,0.54,15,0.855,0.666,1,130,2026-09-26,OPEN,78.8,HIGH
MT-000426,AST-00285,TRD,C19,OHE_REPAIR,TRANSFORMER_FAULT,3,2,0.679,14,1.446,0.62,0.99,118,2026-09-27,OPEN,48.21,MEDIUM
MT-000427,AST-00345,TRD,C16,CORRECTIVE,CONTACT_WIRE_DEFECT,3,2,0.894,7,0.173,0.53,1,123,2026-09-28,OVERDUE,24.73,LOW
MT-000428,AST-00164,ENGINEERING,C15,PREVENTIVE,RAIL_CRACK,3,5,0.572,31,1.074,0.458,1,93,2026-09-04,OVERDUE,76.02,HIGH
MT-000429,AST-00010,ENGINEERING,C09,REPAIR,RAIL_CRACK,2,4,0.72,19,0.963,0.224,1,121,2026-09-10,OPEN,66.48,HIGH
MT-000430,AST-00381,TRD,C13,OHE_REPAIR,FEEDER_FAULT,4,4,0.505,0,1.204,0.714,1,152,2026-09-19,OVERDUE,78.38,HIGH
MT-000431,AST-00161,S&T,C04,CORRECTIVE,RELAY_FAULT,2,3,0.731,18,0.948,0.399,1,107,2026-09-21,OVERDUE,51.25,MEDIUM
MT-000432,AST-00334,TRD,C14,CORRECTIVE,CONTACT_WIRE_DEFECT,2,4,0.997,22,0.986,0.492,1,123,2026-09-05,OPEN,53.41,MEDIUM
MT-000433,AST-00186,ENGINEERING,C10,REPAIR,BALLAST_DEFECT,3,3,0.782,0,0.585,0.45,1,155,2026-09-12,SCHEDULED,37.29,LOW
MT-000434,AST-00041,ENGINEERING,C20,REPAIR,BALLAST_DEFECT,4,4,0.529,17,1.483,0.637,1,159,2026-09-25,OVERDUE,90.48,CRITICAL
MT-000435,AST-00343,TRD,C14,INSPECTION,TRANSFORMER_FAULT,4,3,0.775,15,0.355,0.407,1,94,2026-09-09,OVERDUE,62.04,HIGH
MT-000436,AST-00108,ENGINEERING,C16,PREVENTIVE,RAIL_CRACK,4,5,0.586,8,1.51,0.511,1,109,2026-09-09,SCHEDULED,81.02,CRITICAL
MT-000437,AST-00095,S&T,C14,CORRECTIVE,RELAY_FAULT,4,5,0.878,0,1.073,0.521,1,129,2026-09-15,SCHEDULED,83.16,CRITICAL
MT-000438,AST-00423,TRD,C02,OHE_REPAIR,CONTACT_WIRE_DEFECT,1,4,0.697,1,0.733,0.44,1,119,2026-09-26,SCHEDULED,43.99,MEDIUM
MT-000439,AST-00498,ENGINEERING,C03,REPAIR,STRUCTURAL_DEFECT,4,5,0.916,2,1.008,0.667,1,177,2026-09-06,OPEN,65.68,HIGH
MT-000440,AST-00370,ENGINEERING,C17,INSPECTION,STRUCTURAL_DEFECT,4,4,0.739,8,0.739,0.631,1,101,2026-09-29,OPEN,67.95,HIGH
MT-000441,AST-00082,ENGINEERING,C18,CORRECTIVE,RAIL_CRACK,5,5,0.447,0,1.199,0.802,1,131,2026-09-08,OPEN,92.95,CRITICAL
MT-000442,AST-00025,ENGINEERING,C17,INSPECTION,TRACK_GEOMETRY,2,4,0.985,1,0.603,0.434,1,55,2026-09-15,OVERDUE,37.66,LOW
MT-000443,AST-00323,ENGINEERING,C01,INSPECTION,BALLAST_DEFECT,4,3,0.61,0,0.85,0.505,1,100,2026-09-15,SCHEDULED,67.92,HIGH
MT-000444,AST-00075,TRD,C08,CORRECTIVE,TRANSFORMER_FAULT,3,3,0.598,9,0.752,0.507,1,119,2026-09-13,OPEN,58.77,MEDIUM
MT-000445,AST-00420,TRD,C01,OHE_REPAIR,FEEDER_FAULT,3,5,0.461,1,1.272,0.565,1,164,2026-09-08,OPEN,74.06,HIGH
MT-000446,AST-00230,ENGINEERING,C20,PREVENTIVE,RAIL_CRACK,1,3,0.863,17,0.776,0.169,1,53,2026-09-06,OPEN,22.61,LOW
MT-000447,AST-00300,TRD,C18,OHE_REPAIR,CONTACT_WIRE_DEFECT,2,5,0.694,7,1.376,0.523,1,139,2026-09-12,OPEN,55.58,MEDIUM
MT-000448,AST-00255,S&T,C06,INSPECTION,CABLE_FAULT,3,2,0.688,19,0.758,0.416,1,70,2026-09-02,OPEN,39.07,LOW
MT-000449,AST-00490,ENGINEERING,C01,REPAIR,STRUCTURAL_DEFECT,5,3,0.824,0,0.309,0.729,1,194,2026-09-11,OVERDUE,79.24,HIGH
MT-000450,AST-00354,TRD,C03,PREVENTIVE,INSULATOR_FAILURE,4,3,0.931,12,0.911,0.46,1,76,2026-09-21,SCHEDULED,50.19,MEDIUM
MT-000451,AST-00029,S&T,C17,SIGNAL_REPAIR,SIGNAL_FAILURE,3,4,0.682,6,1.265,0.594,1,120,2026-09-17,OVERDUE,63.07,HIGH
MT-000452,AST-00201,TRD,C17,INSPECTION,INSULATOR_FAILURE,4,3,0.908,0,0.164,0.747,1,87,2026-09-10,OPEN,59.19,MEDIUM
MT-000453,AST-00400,S&T,C18,SIGNAL_REPAIR,CABLE_FAULT,2,4,0.731,0,1.371,0.401,1,122,2026-09-14,SCHEDULED,37.05,LOW
MT-000454,AST-00215,TRD,C13,OHE_REPAIR,CONTACT_WIRE_DEFECT,5,3,0.488,28,0.824,0.877,1,186,2026-09-06,OVERDUE,90.89,CRITICAL
MT-000455,AST-00254,S&T,C11,CORRECTIVE,RELAY_FAULT,3,4,0.879,7,1.124,0.38,1,124,2026-09-12,SCHEDULED,53.08,MEDIUM
MT-000456,AST-00322,S&T,C06,PREVENTIVE,CABLE_FAULT,2,3,0.771,0,1.241,0.432,1,74,2026-09-05,SCHEDULED,27.75,LOW
MT-000457,AST-00131,TRD,C05,INSPECTION,FEEDER_FAULT,4,3,0.585,18,1.217,0.763,1,93,2026-09-18,OPEN,76.09,HIGH
MT-000458,AST-00410,ENGINEERING,C12,PREVENTIVE,RAIL_CRACK,3,3,0.916,2,1.031,0.407,1,84,2026-09-18,OPEN,43.47,MEDIUM
MT-000459,AST-00266,ENGINEERING,C18,PREVENTIVE,POINT_DEFECT,5,4,0.789,11,0.432,0.787,1,119,2026-09-16,OPEN,85.27,CRITICAL
MT-000460,AST-00428,ENGINEERING,C05,PREVENTIVE,STRUCTURAL_DEFECT,4,4,0.658,10,0.6,0.454,1,88,2026-09-13,OVERDUE,73.31,HIGH
MT-000461,AST-00158,TRD,C04,INSPECTION,INSULATOR_FAILURE,4,3,0.732,13,0.596,0.618,1,75,2026-09-19,OPEN,59.05,MEDIUM
MT-000462,AST-00285,TRD,C19,PREVENTIVE,FEEDER_FAULT,1,2,0.679,14,0.778,0.269,1,83,2026-09-21,SCHEDULED,27.2,LOW
MT-000463,AST-00051,ENGINEERING,C05,CORRECTIVE,RAIL_CRACK,3,4,0.953,3,0.264,0.629,1,117,2026-09-26,OPEN,51.27,MEDIUM
MT-000464,AST-00402,ENGINEERING,C18,PREVENTIVE,STRUCTURAL_DEFECT,3,4,0.751,0,0.38,0.577,1,87,2026-09-19,OVERDUE,65.88,HIGH
MT-000465,AST-00365,ENGINEERING,C03,REPAIR,BALLAST_DEFECT,3,4,0.599,30,1.451,0.493,1,172,2026-09-08,OPEN,76.78,HIGH
MT-000466,AST-00308,S&T,C11,CORRECTIVE,CABLE_FAULT,3,4,0.76,9,0.59,0.402,1,130,2026-09-11,OVERDUE,48.47,MEDIUM
MT-000467,AST-00278,TRD,C20,PREVENTIVE,FEEDER_FAULT,5,2,0.703,0,1.098,0.784,1,105,2026-09-20,OVERDUE,70.12,HIGH
MT-000468,AST-00359,ENGINEERING,C13,INSPECTION,POINT_DEFECT,4,4,0.577,20,0.805,0.545,1,76,2026-09-07,OPEN,79.09,HIGH
MT-000469,AST-00057,ENGINEERING,C01,CORRECTIVE,STRUCTURAL_DEFECT,5,2,0.628,0,1.175,0.82,0.974,152,2026-09-15,OPEN,76.98,HIGH
MT-000470,AST-00447,S&T,C06,INSPECTION,CABLE_FAULT,3,5,0.846,30,0.481,0.346,1,51,2026-09-21,SCHEDULED,68.96,HIGH
MT-000471,AST-00407,ENGINEERING,C08,PREVENTIVE,BALLAST_DEFECT,4,3,0.748,14,0.582,0.525,1,99,2026-09-20,OPEN,68.35,HIGH
MT-000472,AST-00064,S&T,C10,CORRECTIVE,AXLE_COUNTER_FAULT,4,2,0.812,27,0.521,0.65,1,130,2026-09-11,OVERDUE,63.84,HIGH
MT-000473,AST-00316,TRD,C02,CORRECTIVE,OHE_DAMAGE,2,2,0.86,9,0.714,0.398,1,106,2026-09-05,OPEN,31.87,LOW
MT-000474,AST-00073,TRD,C15,INSPECTION,FEEDER_FAULT,3,3,0.704,0,1.242,0.405,1,92,2026-09-02,OVERDUE,43.02,MEDIUM
MT-000475,AST-00328,ENGINEERING,C10,PREVENTIVE,POINT_DEFECT,1,5,0.735,11,0.783,0.121,1,65,2026-09-10,OPEN,40.28,MEDIUM
MT-000476,AST-00415,S&T,C03,CORRECTIVE,AXLE_COUNTER_FAULT,3,4,0.499,27,1.407,0.454,1,117,2026-09-28,OPEN,73.87,HIGH
MT-000477,AST-00333,TRD,C08,OHE_REPAIR,CONTACT_WIRE_DEFECT,2,5,0.659,27,0.593,0.421,1,117,2026-09-28,OPEN,65.67,HIGH
MT-000478,AST-00098,TRD,C09,PREVENTIVE,CONTACT_WIRE_DEFECT,5,1,0.884,17,0.671,0.612,1,115,2026-09-18,OPEN,79.38,HIGH
MT-000479,AST-00305,S&T,C06,PREVENTIVE,RELAY_FAULT,3,4,0.56,15,1.63,0.692,1,92,2026-09-24,OVERDUE,67.72,HIGH
MT-000480,AST-00141,TRD,C10,CORRECTIVE,FEEDER_FAULT,5,2,0.696,0,1.01,0.803,0.912,124,2026-09-17,OVERDUE,66.37,HIGH
MT-000481,AST-00377,S&T,C09,CORRECTIVE,INTERLOCKING_FAULT,2,2,0.665,19,1.292,0.173,1,96,2026-09-12,SCHEDULED,32.91,LOW
MT-000482,AST-00381,TRD,C13,INSPECTION,INSULATOR_FAILURE,3,4,0.505,8,1.668,0.223,1,68,2026-09-07,OPEN,66.17,HIGH
MT-000483,AST-00014,S&T,C15,SIGNAL_REPAIR,RELAY_FAULT,3,3,0.59,10,1.068,0.642,1,121,2026-09-28,OVERDUE,65.91,HIGH
MT-000484,AST-00009,ENGINEERING,C04,CORRECTIVE,BALLAST_DEFECT,4,3,0.768,8,0.379,0.581,1,122,2026-09-06,OVERDUE,66.87,HIGH
MT-000485,AST-00189,TRD,C19,OHE_REPAIR,FEEDER_FAULT,2,4,0.643,19,1.393,0.427,1,147,2026-09-22,OVERDUE,64.89,HIGH
MT-000486,AST-00373,TRD,C15,INSPECTION,TRANSFORMER_FAULT,3,3,0.632,0,0.784,0.604,1,88,2026-09-30,OVERDUE,40.22,MEDIUM
MT-000487,AST-00396,TRD,C20,OHE_REPAIR,FEEDER_FAULT,4,4,0.804,55,0.523,0.419,1,140,2026-09-28,OVERDUE,80.66,CRITICAL
MT-000488,AST-00489,TRD,C08,OHE_REPAIR,OHE_DAMAGE,5,4,0.927,18,0.971,0.678,1,187,2026-09-20,SCHEDULED,86.68,CRITICAL
MT-000489,AST-00385,ENGINEERING,C09,INSPECTION,BALLAST_DEFECT,4,4,0.601,25,1.183,0.406,1,75,2026-09-22,OVERDUE,78.27,HIGH
MT-000490,AST-00005,S&T,C09,INSPECTION,RELAY_FAULT,5,2,0.673,0,0.901,0.698,1,71,2026-09-23,OPEN,57.52,MEDIUM
MT-000491,AST-00258,S&T,C19,PREVENTIVE,AXLE_COUNTER_FAULT,4,2,0.64,15,1.192,0.3,1,82,2026-09-12,OPEN,49.24,MEDIUM
MT-000492,AST-00179,S&T,C09,CORRECTIVE,INTERLOCKING_FAULT,2,3,0.887,0,0.684,0.549,1,109,2026-09-15,OPEN,35.3,LOW
MT-000493,AST-00293,TRD,C13,CORRECTIVE,OHE_DAMAGE,4,3,0.909,5,0.849,0.576,1,155,2026-09-13,OVERDUE,63.56,HIGH
MT-000494,AST-00132,TRD,C01,OHE_REPAIR,OHE_DAMAGE,3,4,0.873,0,0.47,0.592,1,138,2026-09-22,OVERDUE,53.84,MEDIUM
MT-000495,AST-00283,S&T,C19,SIGNAL_REPAIR,AXLE_COUNTER_FAULT,5,3,0.72,12,0.45,0.511,1,145,2026-09-05,OPEN,72.84,HIGH
MT-000496,AST-00112,ENGINEERING,C07,PREVENTIVE,TRACK_GEOMETRY,5,4,0.821,13,0.609,0.704,1,127,2026-09-14,OPEN,81.05,CRITICAL
MT-000497,AST-00120,TRD,C09,INSPECTION,INSULATOR_FAILURE,3,1,0.905,0,0.356,0.565,1,71,2026-09-30,OVERDUE,28.26,LOW
MT-000498,AST-00368,S&T,C01,CORRECTIVE,AXLE_COUNTER_FAULT,3,3,0.646,14,0.96,0.44,1,91,2026-09-28,SCHEDULED,44.78,MEDIUM
MT-000499,AST-00461,ENGINEERING,C10,INSPECTION,RAIL_CRACK,3,3,0.824,0,0.675,0.632,1,83,2026-09-24,SCHEDULED,43.11,MEDIUM
MT-000500,AST-00447,S&T,C06,PREVENTIVE,INTERLOCKING_FAULT,2,5,0.846,13,0.45,0.49,1,44,2026-09-07,OPEN,58.83,MEDIUM
MT-000501,AST-00311,S&T,C08,PREVENTIVE,AXLE_COUNTER_FAULT,3,3,0.786,16,0.812,0.497,1,88,2026-09-07,SCHEDULED,49.75,MEDIUM
MT-000502,AST-00492,S&T,C11,PREVENTIVE,SIGNAL_FAILURE,3,3,0.508,0,1.082,0.347,1,105,2026-09-15,SCHEDULED,41.08,MEDIUM
MT-000503,AST-00258,S&T,C19,INSPECTION,SIGNAL_FAILURE,2,2,0.64,0,0.982,0.074,1,52,2026-09-04,OPEN,21.97,LOW
MT-000504,AST-00026,TRD,C13,OHE_REPAIR,CONTACT_WIRE_DEFECT,4,3,0.729,0,1.309,0.48,1,161,2026-09-24,OVERDUE,63.35,HIGH
MT-000505,AST-00290,S&T,C09,CORRECTIVE,INTERLOCKING_FAULT,2,2,0.887,5,1.11,0.198,1,106,2026-09-05,OPEN,20.51,LOW
MT-000506,AST-00263,S&T,C10,CORRECTIVE,AXLE_COUNTER_FAULT,4,4,0.973,17,0.938,0.45,1,125,2026-09-12,OVERDUE,77.15,HIGH
MT-000507,AST-00032,TRD,C04,INSPECTION,TRANSFORMER_FAULT,2,3,0.655,15,1.279,0.317,1,40,2026-09-06,OVERDUE,36.43,LOW
MT-000508,AST-00174,S&T,C04,SIGNAL_REPAIR,CABLE_FAULT,3,4,0.826,9,1.011,0.37,1,155,2026-09-21,OPEN,67.5,HIGH
MT-000509,AST-00303,S&T,C15,CORRECTIVE,AXLE_COUNTER_FAULT,4,2,0.712,49,0.632,0.562,1,118,2026-09-07,OVERDUE,77.89,HIGH
MT-000510,AST-00430,TRD,C07,PREVENTIVE,TRANSFORMER_FAULT,1,5,0.497,0,1.39,0.243,1,94,2026-09-05,OPEN,48.02,MEDIUM
MT-000511,AST-00152,TRD,C02,CORRECTIVE,INSULATOR_FAILURE,2,4,0.619,5,1.526,0.363,1,119,2026-09-22,OPEN,42.36,MEDIUM
MT-000512,AST-00142,ENGINEERING,C06,CORRECTIVE,STRUCTURAL_DEFECT,5,5,0.649,9,0.606,0.805,1,131,2026-09-17,OPEN,92.35,CRITICAL
MT-000513,AST-00019,S&T,C11,PREVENTIVE,INTERLOCKING_FAULT,1,1,0.613,15,1.578,0.382,0.871,93,2026-09-03,SCHEDULED,19.19,LOW
MT-000514,AST-00181,ENGINEERING,C02,REPAIR,TRACK_GEOMETRY,2,4,0.995,0,0.226,0.34,1,133,2026-09-30,OPEN,31.69,LOW
MT-000515,AST-00215,TRD,C13,INSPECTION,FEEDER_FAULT,3,3,0.488,0,1.405,0.588,1,70,2026-09-07,OPEN,55.74,MEDIUM
MT-000516,AST-00423,TRD,C02,PREVENTIVE,TRANSFORMER_FAULT,5,4,0.697,11,1.43,0.982,1,122,2026-09-12,OPEN,87.76,CRITICAL
MT-000517,AST-00260,ENGINEERING,C14,CORRECTIVE,BALLAST_DEFECT,4,5,0.996,1,0.212,0.627,1,133,2026-09-21,OVERDUE,69.5,HIGH
MT-000518,AST-00489,TRD,C08,INSPECTION,INSULATOR_FAILURE,4,4,0.927,0,0.798,0.573,1,87,2026-09-18,OVERDUE,60.83,HIGH
MT-000519,AST-00169,ENGINEERING,C09,PREVENTIVE,BALLAST_DEFECT,3,2,0.786,13,1.224,0.357,1,105,2026-09-15,OVERDUE,43.17,MEDIUM
MT-000520,AST-00035,ENGINEERING,C08,INSPECTION,POINT_DEFECT,1,5,0.586,9,1.479,0.545,1,55,2026-09-02,SCHEDULED,54.33,MEDIUM
MT-000521,AST-00133,TRD,C16,OHE_REPAIR,OHE_DAMAGE,4,3,0.557,10,1.32,0.564,1,148,2026-09-26,OPEN,65.4,HIGH
MT-000522,AST-00228,ENGINEERING,C04,PREVENTIVE,STRUCTURAL_DEFECT,5,4,0.751,0,1.368,0.895,1,100,2026-09-19,OPEN,90.57,CRITICAL
MT-000523,AST-00073,TRD,C15,OHE_REPAIR,FEEDER_FAULT,2,3,0.704,0,0.638,0.457,1,138,2026-09-29,SCHEDULED,38.94,LOW
MT-000524,AST-00242,S&T,C13,PREVENTIVE,SIGNAL_FAILURE,5,5,0.805,29,0.686,0.815,1,90,2026-09-30,SCHEDULED,92.33,CRITICAL
MT-000525,AST-00320,S&T,C05,CORRECTIVE,CABLE_FAULT,3,3,0.794,14,0.443,0.575,1,115,2026-09-08,OPEN,49.16,MEDIUM
MT-000526,AST-00261,ENGINEERING,C05,REPAIR,POINT_DEFECT,2,4,0.77,33,0.492,0.299,1,152,2026-09-03,OVERDUE,62.49,HIGH
MT-000527,AST-00104,TRD,C09,PREVENTIVE,TRANSFORMER_FAULT,3,5,0.7,0,0.815,0.486,1,100,2026-09-30,OPEN,54.56,MEDIUM
MT-000528,AST-00466,S&T,C17,INSPECTION,CABLE_FAULT,3,4,0.744,9,0.907,0.42,1,68,2026-09-29,OPEN,66.35,HIGH
MT-000529,AST-00267,ENGINEERING,C13,REPAIR,STRUCTURAL_DEFECT,2,2,0.617,13,1.363,0.552,1,160,2026-09-18,OPEN,36.66,LOW
MT-000530,AST-00094,S&T,C17,SIGNAL_REPAIR,AXLE_COUNTER_FAULT,3,4,0.688,7,1.245,0.6,1,110,2026-09-26,OPEN,69.44,HIGH
MT-000531,AST-00409,TRD,C20,INSPECTION,FEEDER_FAULT,3,3,0.828,5,1.238,0.561,1,67,2026-09-27,OPEN,41.66,MEDIUM
MT-000532,AST-00436,S&T,C06,CORRECTIVE,AXLE_COUNTER_FAULT,3,5,0.825,0,1.212,0.49,1,108,2026-09-16,SCHEDULED,52.24,MEDIUM
MT-000533,AST-00236,S&T,C01,SIGNAL_REPAIR,CABLE_FAULT,4,4,0.827,8,1.175,0.417,1,130,2026-09-11,OVERDUE,70.52,HIGH
MT-000534,AST-00145,TRD,C16,CORRECTIVE,INSULATOR_FAILURE,5,3,0.951,0,0.304,0.718,1,163,2026-09-23,OVERDUE,64.69,HIGH
MT-000535,AST-00177,S&T,C04,CORRECTIVE,CABLE_FAULT,2,3,0.868,4,0.674,0.544,1,107,2026-09-06,SCHEDULED,30.66,LOW
MT-000536,AST-00149,TRD,C01,CORRECTIVE,INSULATOR_FAILURE,3,4,0.772,21,1.267,0.651,1,127,2026-09-23,SCHEDULED,52.35,MEDIUM
MT-000537,AST-00192,TRD,C10,CORRECTIVE,FEEDER_FAULT,4,3,0.622,25,1.478,0.651,1,129,2026-09-08,OVERDUE,70.76,HIGH
MT-000538,AST-00012,TRD,C02,OHE_REPAIR,FEEDER_FAULT,1,5,0.864,8,0.409,0.361,1,104,2026-09-18,SCHEDULED,33.67,LOW
MT-000539,AST-00220,ENGINEERING,C06,CORRECTIVE,POINT_DEFECT,3,4,0.523,18,0.722,0.586,1,100,2026-09-20,SCHEDULED,67.78,HIGH
MT-000540,AST-00151,S&T,C07,INSPECTION,CABLE_FAULT,4,4,0.66,5,1.497,0.5,1,98,2026-09-04,OPEN,74.33,HIGH
MT-000541,AST-00140,S&T,C16,PREVENTIVE,CABLE_FAULT,4,1,0.752,10,1.006,0.707,1,99,2026-09-01,OVERDUE,55.78,MEDIUM
MT-000542,AST-00021,TRD,C17,PREVENTIVE,TRANSFORMER_FAULT,1,4,0.758,6,1.169,0.465,1,59,2026-09-18,SCHEDULED,43.2,MEDIUM
MT-000543,AST-00237,TRD,C04,OHE_REPAIR,FEEDER_FAULT,1,1,0.889,0,0.64,0.203,0.934,137,2026-09-03,OPEN,14.99,LOW
MT-000544,AST-00440,ENGINEERING,C11,INSPECTION,BALLAST_DEFECT,5,4,0.856,0,0.964,0.627,1,95,2026-09-17,OPEN,83.78,CRITICAL
MT-000545,AST-00274,TRD,C02,CORRECTIVE,INSULATOR_FAILURE,4,3,0.633,25,0.591,0.331,1,138,2026-09-28,OVERDUE,71.97,HIGH
MT-000546,AST-00071,ENGINEERING,C08,REPAIR,BALLAST_DEFECT,3,3,0.703,0,0.541,0.431,1,140,2026-09-25,OVERDUE,48.4,MEDIUM
MT-000547,AST-00027,ENGINEERING,C08,REPAIR,BALLAST_DEFECT,4,3,0.552,2,1.221,0.711,1,154,2026-09-11,OVERDUE,75.98,HIGH
MT-000548,AST-00101,S&T,C19,PREVENTIVE,SIGNAL_FAILURE,4,3,0.673,2,1.111,0.665,1,87,2026-09-01,OPEN,69.65,HIGH
MT-000549,AST-00220,ENGINEERING,C06,REPAIR,TRACK_GEOMETRY,4,4,0.523,0,0.8,0.599,1,143,2026-09-24,OVERDUE,77.05,HIGH
MT-000550,AST-00342,ENGINEERING,C08,CORRECTIVE,STRUCTURAL_DEFECT,3,1,0.574,4,1.361,0.489,1,96,2026-09-28,OVERDUE,44.22,MEDIUM
MT-000551,AST-00079,S&T,C01,PREVENTIVE,RELAY_FAULT,1,5,0.746,29,0.551,0.457,1,79,2026-09-17,OVERDUE,62.93,HIGH
MT-000552,AST-00298,ENGINEERING,C06,CORRECTIVE,BALLAST_DEFECT,3,4,0.872,20,0.389,0.512,1,128,2026-09-11,OVERDUE,63.08,HIGH
MT-000553,AST-00077,TRD,C03,INSPECTION,CONTACT_WIRE_DEFECT,3,3,0.722,26,0.956,0.543,1,80,2026-09-29,OPEN,60.87,HIGH
MT-000554,AST-00270,ENGINEERING,C15,PREVENTIVE,RAIL_CRACK,4,2,0.602,12,0.763,0.71,1,99,2026-09-26,SCHEDULED,52.32,MEDIUM
MT-000555,AST-00180,ENGINEERING,C14,CORRECTIVE,RAIL_CRACK,1,4,0.591,31,0.886,0.343,1,126,2026-09-24,OVERDUE,52.22,MEDIUM
MT-000556,AST-00296,TRD,C08,PREVENTIVE,OHE_DAMAGE,4,4,0.54,13,1.414,0.706,1,85,2026-09-04,OPEN,81.17,CRITICAL
MT-000557,AST-00356,ENGINEERING,C02,PREVENTIVE,BALLAST_DEFECT,1,3,0.775,8,1.164,0.246,1,56,2026-09-27,SCHEDULED,43.24,MEDIUM
MT-000558,AST-00234,TRD,C17,INSPECTION,OHE_DAMAGE,5,2,0.771,25,0.525,0.666,1,76,2026-09-08,OVERDUE,70.66,HIGH
MT-000559,AST-00225,TRD,C17,PREVENTIVE,FEEDER_FAULT,4,3,0.596,11,1.578,0.864,1,97,2026-09-12,OPEN,79.74,HIGH
MT-000560,AST-00276,TRD,C13,PREVENTIVE,INSULATOR_FAILURE,3,1,0.735,13,0.807,0.607,1,95,2026-09-18,OVERDUE,57.02,MEDIUM
MT-000561,AST-00174,S&T,C04,PREVENTIVE,RELAY_FAULT,3,4,0.826,31,1.006,0.285,1,118,2026-09-20,OPEN,75.04,HIGH
MT-000562,AST-00392,ENGINEERING,C06,CORRECTIVE,TRACK_GEOMETRY,5,4,0.704,7,1.105,0.661,1,148,2026-09-19,SCHEDULED,78.78,HIGH
MT-000563,AST-00458,ENGINEERING,C09,REPAIR,STRUCTURAL_DEFECT,2,1,0.828,9,0.905,0.322,1,134,2026-09-02,OVERDUE,39.22,LOW
MT-000564,AST-00271,S&T,C14,INSPECTION,INTERLOCKING_FAULT,3,5,0.866,7,0.301,0.409,1,111,2026-09-15,SCHEDULED,67.41,HIGH
MT-000565,AST-00185,TRD,C20,OHE_REPAIR,INSULATOR_FAILURE,5,5,1.0,4,0.911,0.726,1,182,2026-09-23,OPEN,77.94,HIGH
MT-000566,AST-00399,ENGINEERING,C05,PREVENTIVE,TRACK_GEOMETRY,1,4,0.778,28,0.54,0.268,1,52,2026-09-28,OVERDUE,36.45,LOW
MT-000567,AST-00165,TRD,C18,OHE_REPAIR,TRANSFORMER_FAULT,1,5,0.83,4,0.907,0.027,1,118,2026-09-30,OPEN,44.68,MEDIUM
MT-000568,AST-00267,ENGINEERING,C13,INSPECTION,TRACK_GEOMETRY,2,2,0.617,0,1.041,0.321,1,59,2026-09-09,OPEN,35.75,LOW
MT-000569,AST-00157,ENGINEERING,C18,CORRECTIVE,STRUCTURAL_DEFECT,2,4,0.511,0,1.133,0.487,1,132,2026-09-20,SCHEDULED,57.28,MEDIUM
MT-000570,AST-00268,S&T,C11,PREVENTIVE,RELAY_FAULT,3,3,0.679,6,1.405,0.6,1,105,2026-09-03,OPEN,51.72,MEDIUM
MT-000571,AST-00173,TRD,C10,CORRECTIVE,TRANSFORMER_FAULT,4,5,0.811,14,0.745,0.543,1,129,2026-09-07,SCHEDULED,73.78,HIGH
MT-000572,AST-00332,TRD,C14,OHE_REPAIR,OHE_DAMAGE,5,2,0.812,22,0.674,0.776,1,190,2026-09-30,OVERDUE,84.56,CRITICAL
MT-000573,AST-00321,S&T,C13,SIGNAL_REPAIR,INTERLOCKING_FAULT,3,4,0.56,14,1.318,0.358,1,98,2026-09-17,OVERDUE,61.95,HIGH
MT-000574,AST-00124,S&T,C11,PREVENTIVE,INTERLOCKING_FAULT,1,3,0.903,0,0.925,0.363,1,64,2026-09-27,OVERDUE,27.42,LOW
MT-000575,AST-00311,S&T,C08,PREVENTIVE,CABLE_FAULT,5,3,0.786,8,1.318,0.68,1,133,2026-09-22,SCHEDULED,77.14,HIGH
MT-000576,AST-00001,TRD,C01,OHE_REPAIR,TRANSFORMER_FAULT,3,2,0.717,16,1.361,0.677,1,148,2026-09-28,OVERDUE,47.07,MEDIUM
MT-000577,AST-00394,S&T,C03,SIGNAL_REPAIR,RELAY_FAULT,3,2,0.922,7,0.776,0.49,1,127,2026-09-01,OPEN,43.03,MEDIUM
MT-000578,AST-00496,TRD,C08,PREVENTIVE,INSULATOR_FAILURE,3,3,0.724,18,0.551,0.647,1,79,2026-09-19,SCHEDULED,57.76,MEDIUM
MT-000579,AST-00169,ENGINEERING,C09,CORRECTIVE,TRACK_GEOMETRY,4,2,0.786,21,0.651,0.707,1,115,2026-09-14,OVERDUE,63.83,HIGH
MT-000580,AST-00380,TRD,C05,INSPECTION,OHE_DAMAGE,2,3,0.708,12,0.52,0.46,1,65,2026-09-23,OPEN,28.73,LOW
MT-000581,AST-00251,S&T,C09,PREVENTIVE,AXLE_COUNTER_FAULT,5,2,0.716,4,0.899,0.765,1,131,2026-09-30,OVERDUE,78.99,HIGH
MT-000582,AST-00114,ENGINEERING,C10,CORRECTIVE,POINT_DEFECT,3,2,0.825,12,1.089,0.528,1,114,2026-09-04,SCHEDULED,35.8,LOW
MT-000583,AST-00414,S&T,C05,CORRECTIVE,CABLE_FAULT,5,4,0.952,16,0.995,0.822,1,117,2026-09-19,OPEN,80.05,CRITICAL
MT-000584,AST-00237,TRD,C04,PREVENTIVE,TRANSFORMER_FAULT,3,1,0.889,26,0.766,0.566,1,93,2026-09-28,OVERDUE,42.03,MEDIUM
MT-000585,AST-00126,S&T,C15,SIGNAL_REPAIR,AXLE_COUNTER_FAULT,5,3,0.596,0,1.249,0.68,1,130,2026-09-05,OPEN,83.68,CRITICAL
MT-000586,AST-00178,S&T,C13,PREVENTIVE,SIGNAL_FAILURE,1,4,0.751,0,1.298,0.267,1,60,2026-09-08,OPEN,33.95,LOW
MT-000587,AST-00235,TRD,C18,PREVENTIVE,TRANSFORMER_FAULT,1,4,0.502,3,1.157,0.129,1,53,2026-09-14,OPEN,27.18,LOW
MT-000588,AST-00401,ENGINEERING,C11,CORRECTIVE,POINT_DEFECT,4,5,0.707,35,1.417,0.447,1,122,2026-09-12,OPEN,87.58,CRITICAL
MT-000589,AST-00029,S&T,C17,SIGNAL_REPAIR,AXLE_COUNTER_FAULT,3,4,0.682,0,1.28,0.427,1,122,2026-09-27,SCHEDULED,63.96,HIGH
MT-000590,AST-00402,ENGINEERING,C18,CORRECTIVE,BALLAST_DEFECT,5,4,0.751,0,0.647,0.711,1,153,2026-09-23,SCHEDULED,78.02,HIGH
MT-000591,AST-00161,S&T,C04,PREVENTIVE,SIGNAL_FAILURE,3,3,0.731,0,1.233,0.541,1,105,2026-09-11,OPEN,51.91,MEDIUM
MT-000592,AST-00380,TRD,C05,PREVENTIVE,TRANSFORMER_FAULT,3,3,0.708,10,0.958,0.509,1,99,2026-09-24,OVERDUE,53.17,MEDIUM
MT-000593,AST-00169,ENGINEERING,C09,INSPECTION,TRACK_GEOMETRY,3,2,0.786,15,0.715,0.539,1,69,2026-09-20,OPEN,40.45,MEDIUM
MT-000594,AST-00472,TRD,C16,OHE_REPAIR,INSULATOR_FAILURE,1,3,0.596,11,1.217,0.255,1,113,2026-09-22,OPEN,34.8,LOW
MT-000595,AST-00050,ENGINEERING,C15,CORRECTIVE,RAIL_CRACK,1,4,0.898,0,0.285,0.108,1,104,2026-09-04,OPEN,32.38,LOW
MT-000596,AST-00484,ENGINEERING,C16,CORRECTIVE,POINT_DEFECT,3,3,0.592,0,0.792,0.323,1,110,2026-09-14,SCHEDULED,50.81,MEDIUM
MT-000597,AST-00453,S&T,C11,SIGNAL_REPAIR,AXLE_COUNTER_FAULT,5,3,0.598,3,0.886,0.768,1,118,2026-09-19,SCHEDULED,81.49,CRITICAL
MT-000598,AST-00137,TRD,C04,OHE_REPAIR,CONTACT_WIRE_DEFECT,3,1,0.966,12,0.414,0.453,1,160,2026-09-10,OVERDUE,25.78,LOW
MT-000599,AST-00374,S&T,C15,SIGNAL_REPAIR,CABLE_FAULT,4,3,0.759,6,0.836,0.7,1,111,2026-09-22,SCHEDULED,72.11,HIGH
MT-000600,AST-00500,S&T,C02,PREVENTIVE,INTERLOCKING_FAULT,1,3,0.544,23,1.267,0.106,1,79,2026-09-29,OPEN,27.68,LOW
MT-000601,AST-00404,ENGINEERING,C08,CORRECTIVE,STRUCTURAL_DEFECT,3,3,0.968,2,0.822,0.507,0.956,121,2026-09-25,SCHEDULED,46.81,MEDIUM
MT-000602,AST-00015,TRD,C09,CORRECTIVE,CONTACT_WIRE_DEFECT,3,3,0.801,7,0.818,0.562,1,104,2026-09-16,OVERDUE,45.29,MEDIUM
MT-000603,AST-00219,TRD,C17,OHE_REPAIR,INSULATOR_FAILURE,2,4,0.504,2,1.034,0.404,1,151,2026-09-19,OPEN,68.11,HIGH
MT-000604,AST-00290,S&T,C09,SIGNAL_REPAIR,INTERLOCKING_FAULT,2,2,0.887,0,0.327,0.283,1,107,2026-09-06,SCHEDULED,34.66,LOW
MT-000605,AST-00048,S&T,C09,SIGNAL_REPAIR,CABLE_FAULT,2,3,0.814,38,0.869,0.582,1,99,2026-09-10,OPEN,61.21,HIGH
MT-000606,AST-00194,ENGINEERING,C16,CORRECTIVE,TRACK_GEOMETRY,2,2,0.76,36,0.4,0.472,1,94,2026-09-11,SCHEDULED,27.8,LOW
MT-000607,AST-00371,S&T,C09,INSPECTION,CABLE_FAULT,5,3,0.871,11,0.425,0.728,1,91,2026-09-02,OVERDUE,69.08,HIGH
MT-000608,AST-00139,TRD,C13,CORRECTIVE,CONTACT_WIRE_DEFECT,4,5,0.701,7,1.049,0.523,1,116,2026-09-05,SCHEDULED,79.52,HIGH
MT-000609,AST-00291,TRD,C08,CORRECTIVE,TRANSFORMER_FAULT,2,4,0.751,0,0.981,0.441,1,115,2026-09-10,OVERDUE,54.32,MEDIUM
MT-000610,AST-00367,S&T,C09,INSPECTION,INTERLOCKING_FAULT,2,3,0.661,4,0.926,0.325,1,65,2026-09-17,OVERDUE,34.4,LOW
MT-000611,AST-00431,ENGINEERING,C13,CORRECTIVE,BALLAST_DEFECT,3,2,0.838,12,0.35,0.506,1,124,2026-09-26,OPEN,40.86,MEDIUM
MT-000612,AST-00390,ENGINEERING,C04,REPAIR,TRACK_GEOMETRY,3,5,0.646,18,0.536,0.471,1,146,2026-09-05,OPEN,72.46,HIGH
MT-000613,AST-00034,ENGINEERING,C18,REPAIR,TRACK_GEOMETRY,3,2,0.616,3,1.188,0.599,1,142,2026-09-20,OPEN,53.89,MEDIUM
MT-000614,AST-00088,TRD,C12,INSPECTION,OHE_DAMAGE,4,4,0.747,10,0.387,0.491,1,79,2026-09-11,OPEN,74.54,HIGH
MT-000615,AST-00059,S&T,C04,INSPECTION,SIGNAL_FAILURE,2,3,0.805,0,0.368,0.424,1,51,2026-09-07,OVERDUE,36.18,LOW
MT-000616,AST-00070,S&T,C13,CORRECTIVE,INTERLOCKING_FAULT,2,2,0.744,6,0.508,0.45,1,98,2026-09-03,OVERDUE,22.11,LOW
MT-000617,AST-00491,TRD,C06,OHE_REPAIR,FEEDER_FAULT,5,3,0.936,11,0.592,0.661,1,178,2026-09-06,OPEN,68.36,HIGH
MT-000618,AST-00086,TRD,C02,CORRECTIVE,INSULATOR_FAILURE,3,5,0.584,5,1.581,0.444,1,92,2026-09-19,OPEN,81.63,CRITICAL
MT-000619,AST-00464,S&T,C15,CORRECTIVE,AXLE_COUNTER_FAULT,4,3,0.788,13,1.221,0.658,1,146,2026-09-17,OPEN,77.0,HIGH
MT-000620,AST-00383,TRD,C03,CORRECTIVE,CONTACT_WIRE_DEFECT,4,3,0.64,0,0.584,0.738,1,131,2026-09-22,OPEN,69.41,HIGH
MT-000621,AST-00193,ENGINEERING,C07,PREVENTIVE,POINT_DEFECT,4,4,0.863,34,0.733,0.472,1,111,2026-09-30,OPEN,81.12,CRITICAL
MT-000622,AST-00417,TRD,C15,PREVENTIVE,TRANSFORMER_FAULT,4,3,0.854,15,0.937,0.238,1,115,2026-09-28,OVERDUE,67.67,HIGH
MT-000623,AST-00144,ENGINEERING,C06,PREVENTIVE,TRACK_GEOMETRY,3,4,0.633,21,1.153,0.487,1,95,2026-09-23,OVERDUE,65.93,HIGH
MT-000624,AST-00113,ENGINEERING,C03,REPAIR,BALLAST_DEFECT,4,4,0.75,9,0.411,0.809,1,164,2026-09-15,OPEN,79.15,HIGH
MT-000625,AST-00189,TRD,C19,PREVENTIVE,FEEDER_FAULT,5,4,0.643,0,1.13,0.871,1,133,2026-09-05,OVERDUE,87.37,CRITICAL
MT-000626,AST-00472,TRD,C16,CORRECTIVE,INSULATOR_FAILURE,2,3,0.596,0,1.168,0.445,1,121,2026-09-07,OPEN,42.41,MEDIUM
MT-000627,AST-00345,TRD,C16,INSPECTION,FEEDER_FAULT,5,2,0.894,0,0.981,0.755,1,113,2026-09-03,SCHEDULED,69.51,HIGH
MT-000628,AST-00040,TRD,C08,PREVENTIVE,INSULATOR_FAILURE,3,2,0.958,26,0.177,0.58,1,81,2026-09-24,OVERDUE,48.57,MEDIUM
MT-000629,AST-00228,ENGINEERING,C04,INSPECTION,POINT_DEFECT,1,4,0.751,0,0.852,0.331,1,71,2026-09-21,OVERDUE,21.04,LOW
MT-000630,AST-00116,ENGINEERING,C02,CORRECTIVE,BALLAST_DEFECT,3,4,0.707,3,1.212,0.434,1,130,2026-09-25,OVERDUE,61.81,HIGH
MT-000631,AST-00058,S&T,C17,PREVENTIVE,RELAY_FAULT,4,4,0.827,32,0.701,0.727,1,92,2026-09-30,OPEN,76.0,HIGH
MT-000632,AST-00043,TRD,C15,OHE_REPAIR,CONTACT_WIRE_DEFECT,5,1,0.921,0,0.659,0.728,1,134,2026-09-26,OPEN,66.55,HIGH
MT-000633,AST-00202,TRD,C08,OHE_REPAIR,INSULATOR_FAILURE,2,2,0.756,10,0.988,0.378,1,146,2026-09-18,OVERDUE,32.0,LOW
MT-000634,AST-00313,ENGINEERING,C20,REPAIR,BALLAST_DEFECT,5,3,0.511,14,1.294,0.759,1,157,2026-09-26,SCHEDULED,85.68,CRITICAL
MT-000635,AST-00045,S&T,C08,PREVENTIVE,RELAY_FAULT,4,4,0.751,0,0.581,0.575,1,89,2026-09-27,OPEN,62.65,HIGH
MT-000636,AST-00098,TRD,C09,CORRECTIVE,TRANSFORMER_FAULT,4,1,0.884,7,0.781,0.715,0.884,138,2026-09-05,OPEN,58.88,MEDIUM
MT-000637,AST-00475,ENGINEERING,C09,PREVENTIVE,TRACK_GEOMETRY,4,5,0.823,10,1.102,0.367,1,90,2026-09-08,SCHEDULED,62.89,HIGH
MT-000638,AST-00495,ENGINEERING,C16,PREVENTIVE,RAIL_CRACK,4,5,0.742,0,0.764,0.534,1,104,2026-09-03,SCHEDULED,75.26,HIGH
MT-000639,AST-00198,S&T,C20,INSPECTION,AXLE_COUNTER_FAULT,5,5,0.743,14,0.533,0.544,1,76,2026-09-30,OPEN,87.78,CRITICAL
MT-000640,AST-00300,TRD,C18,PREVENTIVE,OHE_DAMAGE,3,5,0.694,4,0.463,0.423,1,92,2026-09-01,SCHEDULED,63.56,HIGH
MT-000641,AST-00259,ENGINEERING,C15,INSPECTION,TRACK_GEOMETRY,5,4,0.768,26,0.615,0.79,1,96,2026-09-29,OPEN,90.15,CRITICAL
MT-000642,AST-00266,ENGINEERING,C18,CORRECTIVE,RAIL_CRACK,4,4,0.789,0,0.94,0.844,1,129,2026-09-29,SCHEDULED,71.2,HIGH
MT-000643,AST-00075,TRD,C08,CORRECTIVE,INSULATOR_FAILURE,2,3,0.598,14,1.267,0.411,1,97,2026-09-24,OVERDUE,57.04,MEDIUM
MT-000644,AST-00106,S&T,C02,CORRECTIVE,SIGNAL_FAILURE,2,3,0.928,8,0.855,0.378,1,134,2026-09-01,SCHEDULED,34.96,LOW
MT-000645,AST-00498,ENGINEERING,C03,PREVENTIVE,STRUCTURAL_DEFECT,3,5,0.916,0,0.802,0.486,1,112,2026-09-05,OVERDUE,56.41,MEDIUM
MT-000646,AST-00488,TRD,C11,OHE_REPAIR,INSULATOR_FAILURE,4,4,0.703,0,0.872,0.625,1,179,2026-09-10,OPEN,75.55,HIGH
MT-000647,AST-00040,TRD,C08,INSPECTION,CONTACT_WIRE_DEFECT,2,2,0.958,12,0.871,0.504,1,70,2026-09-29,OPEN,37.07,LOW
MT-000648,AST-00348,ENGINEERING,C17,INSPECTION,RAIL_CRACK,3,3,0.904,0,0.522,0.55,1,93,2026-09-30,SCHEDULED,50.76,MEDIUM
MT-000649,AST-00021,TRD,C17,INSPECTION,FEEDER_FAULT,4,4,0.758,22,0.446,0.531,1,74,2026-09-22,SCHEDULED,80.06,CRITICAL
MT-000650,AST-00110,ENGINEERING,C14,REPAIR,RAIL_CRACK,4,4,0.781,7,0.402,0.766,1,135,2026-09-27,OVERDUE,74.12,HIGH
MT-000651,AST-00115,S&T,C19,PREVENTIVE,CABLE_FAULT,2,4,0.591,22,1.271,0.596,1,82,2026-09-17,OPEN,63.21,HIGH
MT-000652,AST-00423,TRD,C02,PREVENTIVE,OHE_DAMAGE,4,4,0.697,18,1.242,0.487,1,119,2026-09-27,OPEN,77.88,HIGH
MT-000653,AST-00267,ENGINEERING,C13,CORRECTIVE,TRACK_GEOMETRY,5,2,0.617,18,1.252,1,1,116,2026-09-11,OPEN,82.07,CRITICAL
MT-000654,AST-00443,TRD,C06,CORRECTIVE,CONTACT_WIRE_DEFECT,2,1,0.669,8,0.788,0.405,1,109,2026-09-09,OVERDUE,27.27,LOW
MT-000655,AST-00488,TRD,C11,CORRECTIVE,CONTACT_WIRE_DEFECT,5,4,0.703,0,1.23,0.869,1,123,2026-09-01,OVERDUE,85.33,CRITICAL
MT-000656,AST-00078,S&T,C19,INSPECTION,SIGNAL_FAILURE,3,5,0.627,0,0.798,0.513,1,56,2026-09-18,SCHEDULED,80.19,CRITICAL
MT-000657,AST-00478,ENGINEERING,C09,CORRECTIVE,STRUCTURAL_DEFECT,1,5,0.589,6,1.028,0.177,1,123,2026-09-01,SCHEDULED,49.29,MEDIUM
MT-000658,AST-00341,S&T,C04,SIGNAL_REPAIR,AXLE_COUNTER_FAULT,4,3,0.847,3,0.575,0.562,1,137,2026-09-23,OVERDUE,53.81,MEDIUM
MT-000659,AST-00059,S&T,C04,CORRECTIVE,AXLE_COUNTER_FAULT,3,3,0.805,15,1.214,0.327,1,118,2026-09-23,OPEN,48.35,MEDIUM
MT-000660,AST-00220,ENGINEERING,C06,CORRECTIVE,POINT_DEFECT,3,4,0.523,4,1.393,0.478,1,111,2026-09-27,SCHEDULED,65.96,HIGH
MT-000661,AST-00358,TRD,C06,INSPECTION,INSULATOR_FAILURE,4,1,0.696,10,1.001,0.22,1,95,2026-09-11,OPEN,38.66,LOW
MT-000662,AST-00232,S&T,C18,CORRECTIVE,SIGNAL_FAILURE,1,4,0.686,11,0.663,0.225,1,79,2026-09-06,SCHEDULED,46.59,MEDIUM
MT-000663,AST-00380,TRD,C05,PREVENTIVE,CONTACT_WIRE_DEFECT,3,3,0.708,6,1.191,0.434,1,85,2026-09-12,OPEN,53.86,MEDIUM
MT-000664,AST-00336,ENGINEERING,C09,REPAIR,RAIL_CRACK,5,4,0.715,34,1.237,0.729,1,174,2026-09-18,OPEN,89.3,CRITICAL
MT-000665,AST-00023,S&T,C08,PREVENTIVE,RELAY_FAULT,4,2,0.596,13,0.797,0.61,1,108,2026-09-15,OPEN,61.47,HIGH
MT-000666,AST-00048,S&T,C09,CORRECTIVE,SIGNAL_FAILURE,4,3,0.814,9,1.161,0.66,1,119,2026-09-20,OPEN,78.1,HIGH
MT-000667,AST-00174,S&T,C04,PREVENTIVE,CABLE_FAULT,4,4,0.826,0,0.312,0.614,1,119,2026-09-12,OPEN,62.36,HIGH
MT-000668,AST-00200,TRD,C08,OHE_REPAIR,INSULATOR_FAILURE,2,4,0.784,29,1.292,0.505,1,138,2026-09-28,SCHEDULED,61.79,HIGH
MT-000669,AST-00365,ENGINEERING,C03,REPAIR,BALLAST_DEFECT,1,4,0.599,6,1.003,0.352,1,121,2026-09-16,OPEN,46.55,MEDIUM
MT-000670,AST-00402,ENGINEERING,C18,PREVENTIVE,BALLAST_DEFECT,2,4,0.751,0,0.518,0.279,1,85,2026-09-26,OPEN,30.93,LOW
MT-000671,AST-00014,S&T,C15,PREVENTIVE,INTERLOCKING_FAULT,3,3,0.59,8,1.022,0.61,1,74,2026-09-21,OPEN,51.97,MEDIUM
MT-000672,AST-00442,ENGINEERING,C04,PREVENTIVE,TRACK_GEOMETRY,2,4,0.701,11,0.772,0.35,1,92,2026-09-07,OPEN,62.65,HIGH
MT-000673,AST-00494,S&T,C01,SIGNAL_REPAIR,RELAY_FAULT,1,3,0.611,0,0.713,0.305,1,80,2026-09-02,SCHEDULED,21.85,LOW
MT-000674,AST-00215,TRD,C13,PREVENTIVE,CONTACT_WIRE_DEFECT,1,3,0.488,14,1.602,0.22,1,50,2026-09-09,SCHEDULED,41.53,MEDIUM
MT-000675,AST-00330,S&T,C09,SIGNAL_REPAIR,SIGNAL_FAILURE,1,4,0.753,0,1.11,0.474,1,93,2026-09-07,OVERDUE,42.0,MEDIUM
MT-000676,AST-00035,ENGINEERING,C08,REPAIR,RAIL_CRACK,3,5,0.586,8,0.665,0.532,1,140,2026-09-14,OVERDUE,60.34,HIGH
MT-000677,AST-00072,ENGINEERING,C05,INSPECTION,BALLAST_DEFECT,5,4,0.708,0,1.216,0.734,1,87,2026-09-12,OPEN,90.47,CRITICAL
MT-000678,AST-00325,TRD,C02,PREVENTIVE,INSULATOR_FAILURE,3,5,0.665,9,0.735,0.502,1,75,2026-09-13,SCHEDULED,59.58,MEDIUM
MT-000679,AST-00041,ENGINEERING,C20,REPAIR,STRUCTURAL_DEFECT,2,4,0.529,10,0.904,0.656,1,148,2026-09-26,OPEN,63.32,HIGH
MT-000680,AST-00113,ENGINEERING,C03,CORRECTIVE,TRACK_GEOMETRY,4,4,0.75,0,0.761,0.562,1,131,2026-09-10,OVERDUE,66.43,HIGH
MT-000681,AST-00140,S&T,C16,SIGNAL_REPAIR,SIGNAL_FAILURE,4,1,0.752,22,0.782,0.48,1,156,2026-09-20,OPEN,61.09,HIGH
MT-000682,AST-00385,ENGINEERING,C09,PREVENTIVE,POINT_DEFECT,4,4,0.601,17,1.186,0.484,1,92,2026-09-23,OPEN,70.88,HIGH
MT-000683,AST-00009,ENGINEERING,C04,PREVENTIVE,TRACK_GEOMETRY,3,3,0.768,17,0.503,0.406,1,73,2026-09-05,SCHEDULED,48.27,MEDIUM
MT-000684,AST-00225,TRD,C17,PREVENTIVE,FEEDER_FAULT,3,3,0.596,25,1.597,0.336,1,91,2026-09-26,SCHEDULED,62.94,HIGH
MT-000685,AST-00397,S&T,C15,PREVENTIVE,RELAY_FAULT,4,3,0.711,1,1.054,0.421,1,87,2026-09-14,OPEN,56.54,MEDIUM
MT-000686,AST-00159,TRD,C20,OHE_REPAIR,OHE_DAMAGE,1,3,0.63,26,0.896,0.394,1,118,2026-09-19,OPEN,45.29,MEDIUM
MT-000687,AST-00073,TRD,C15,INSPECTION,OHE_DAMAGE,3,3,0.704,12,1.169,0.439,1,77,2026-09-04,OPEN,57.05,MEDIUM
MT-000688,AST-00471,ENGINEERING,C11,CORRECTIVE,STRUCTURAL_DEFECT,5,2,0.712,0,1.095,0.582,1,126,2026-09-04,OPEN,69.7,HIGH
MT-000689,AST-00492,S&T,C11,PREVENTIVE,INTERLOCKING_FAULT,2,3,0.508,10,1.013,0.375,1,69,2026-09-11,SCHEDULED,37.77,LOW
MT-000690,AST-00382,TRD,C18,CORRECTIVE,INSULATOR_FAILURE,5,4,0.624,0,0.701,0.746,1,145,2026-09-06,OVERDUE,85.12,CRITICAL
MT-000691,AST-00500,S&T,C02,INSPECTION,INTERLOCKING_FAULT,3,3,0.544,8,1.267,0.401,1,89,2026-09-21,OVERDUE,55.85,MEDIUM
MT-000692,AST-00394,S&T,C03,CORRECTIVE,SIGNAL_FAILURE,4,2,0.922,2,1.108,0.571,1,147,2026-09-24,OVERDUE,56.78,MEDIUM
MT-000693,AST-00320,S&T,C05,INSPECTION,RELAY_FAULT,2,3,0.794,2,1.264,0.353,1,72,2026-09-20,OPEN,39.51,LOW
MT-000694,AST-00095,S&T,C14,CORRECTIVE,SIGNAL_FAILURE,1,5,0.878,38,1.055,0.217,1,85,2026-09-24,SCHEDULED,50.68,MEDIUM
MT-000695,AST-00005,S&T,C09,INSPECTION,INTERLOCKING_FAULT,4,2,0.673,2,1.153,0.411,1,68,2026-09-03,OPEN,54.87,MEDIUM
MT-000696,AST-00194,ENGINEERING,C16,PREVENTIVE,BALLAST_DEFECT,4,2,0.76,0,0.943,0.672,1,100,2026-09-17,OPEN,51.64,MEDIUM
MT-000697,AST-00431,ENGINEERING,C13,PREVENTIVE,TRACK_GEOMETRY,4,2,0.838,2,0.779,0.467,1,68,2026-09-09,OPEN,47.62,MEDIUM
MT-000698,AST-00460,S&T,C19,PREVENTIVE,AXLE_COUNTER_FAULT,5,2,0.891,10,0.691,0.616,1,108,2026-09-01,OVERDUE,67.71,HIGH
MT-000699,AST-00027,ENGINEERING,C08,PREVENTIVE,STRUCTURAL_DEFECT,3,3,0.552,0,1.09,0.522,1,68,2026-09-18,OPEN,56.1,MEDIUM
MT-000700,AST-00140,S&T,C16,PREVENTIVE,SIGNAL_FAILURE,2,1,0.752,28,0.545,0.376,1,83,2026-09-02,SCHEDULED,23.23,LOW
MT-000701,AST-00238,TRD,C15,CORRECTIVE,CONTACT_WIRE_DEFECT,5,4,0.77,22,1.228,0.796,1,124,2026-09-02,OVERDUE,87.27,CRITICAL
MT-000702,AST-00426,S&T,C05,PREVENTIVE,CABLE_FAULT,3,2,0.849,11,1.124,0.39,1,62,2026-09-08,OPEN,46.97,MEDIUM
MT-000703,AST-00459,TRD,C12,PREVENTIVE,OHE_DAMAGE,4,2,0.857,0,0.297,0.699,1,103,2026-09-15,OVERDUE,45.03,MEDIUM
MT-000704,AST-00290,S&T,C09,INSPECTION,AXLE_COUNTER_FAULT,5,2,0.887,12,0.849,0.646,0.965,69,2026-09-18,OPEN,72.46,HIGH
MT-000705,AST-00265,ENGINEERING,C02,PREVENTIVE,BALLAST_DEFECT,4,4,0.891,24,0.279,0.498,1,106,2026-09-30,SCHEDULED,70.61,HIGH
MT-000706,AST-00347,ENGINEERING,C02,INSPECTION,STRUCTURAL_DEFECT,2,3,0.441,38,1.743,0.378,1,49,2026-09-21,OPEN,60.87,HIGH
MT-000707,AST-00421,S&T,C14,SIGNAL_REPAIR,SIGNAL_FAILURE,2,5,0.855,7,0.267,0.423,1,84,2026-09-06,OVERDUE,58.72,MEDIUM
MT-000708,AST-00227,ENGINEERING,C02,REPAIR,POINT_DEFECT,3,5,0.729,18,1.075,0.582,1,116,2026-09-11,OVERDUE,64.4,HIGH
MT-000709,AST-00291,TRD,C08,PREVENTIVE,CONTACT_WIRE_DEFECT,2,4,0.751,1,1.186,0.276,1,86,2026-09-16,OVERDUE,58.09,MEDIUM
MT-000710,AST-00329,S&T,C20,CORRECTIVE,CABLE_FAULT,2,5,0.765,6,0.838,0.31,1,106,2026-09-07,OPEN,45.91,MEDIUM
MT-000711,AST-00356,ENGINEERING,C02,CORRECTIVE,RAIL_CRACK,2,3,0.775,18,1.0,0.476,1,115,2026-09-20,OVERDUE,53.92,MEDIUM
MT-000712,AST-00094,S&T,C17,INSPECTION,INTERLOCKING_FAULT,5,4,0.688,20,0.901,0.71,1,126,2026-09-30,OVERDUE,87.38,CRITICAL
MT-000713,AST-00233,TRD,C10,OHE_REPAIR,OHE_DAMAGE,1,4,0.881,3,1.116,0.261,1,143,2026-09-22,OVERDUE,29.01,LOW
MT-000714,AST-00312,S&T,C18,SIGNAL_REPAIR,RELAY_FAULT,3,4,0.818,3,0.576,0.5,1,132,2026-09-04,OVERDUE,48.72,MEDIUM
MT-000715,AST-00197,TRD,C19,CORRECTIVE,CONTACT_WIRE_DEFECT,5,2,0.767,9,0.54,0.663,1,145,2026-09-15,SCHEDULED,72.5,HIGH
MT-000716,AST-00245,ENGINEERING,C10,PREVENTIVE,STRUCTURAL_DEFECT,1,2,0.614,0,0.643,0,1,94,2026-09-15,OVERDUE,18.81,LOW
MT-000717,AST-00449,ENGINEERING,C16,CORRECTIVE,TRACK_GEOMETRY,4,5,0.736,0,0.687,0.58,1,119,2026-09-09,SCHEDULED,82.09,CRITICAL
MT-000718,AST-00230,ENGINEERING,C20,INSPECTION,TRACK_GEOMETRY,1,3,0.863,0,1.096,0.639,1,79,2026-09-20,OVERDUE,19.82,LOW
MT-000719,AST-00159,TRD,C20,CORRECTIVE,INSULATOR_FAILURE,3,3,0.63,18,1.15,0.462,1,141,2026-09-12,OPEN,64.43,HIGH
MT-000720,AST-00104,TRD,C09,OHE_REPAIR,TRANSFORMER_FAULT,2,5,0.7,14,0.901,0.578,1,137,2026-09-21,OPEN,58.96,MEDIUM
MT-000721,AST-00480,TRD,C08,OHE_REPAIR,TRANSFORMER_FAULT,5,5,0.965,6,0.224,0.854,1,156,2026-09-11,OVERDUE,85.69,CRITICAL
MT-000722,AST-00430,TRD,C07,CORRECTIVE,FEEDER_FAULT,1,5,0.497,4,1.608,0.424,1,96,2026-09-24,OPEN,42.56,MEDIUM
MT-000723,AST-00083,TRD,C03,INSPECTION,CONTACT_WIRE_DEFECT,4,2,0.865,25,0.515,0.722,1,86,2026-09-27,OPEN,65.73,HIGH
MT-000724,AST-00159,TRD,C20,CORRECTIVE,TRANSFORMER_FAULT,1,3,0.63,4,1.432,0.28,1,113,2026-09-09,OVERDUE,25.19,LOW
MT-000725,AST-00465,ENGINEERING,C10,PREVENTIVE,STRUCTURAL_DEFECT,2,2,0.624,3,1.13,0.396,1,73,2026-09-19,SCHEDULED,29.74,LOW
MT-000726,AST-00232,S&T,C18,PREVENTIVE,RELAY_FAULT,5,4,0.686,0,1.094,0.811,1,116,2026-09-10,OVERDUE,82.54,CRITICAL
MT-000727,AST-00330,S&T,C09,SIGNAL_REPAIR,CABLE_FAULT,3,4,0.753,0,1.116,0.415,1,133,2026-09-30,OPEN,70.92,HIGH
MT-000728,AST-00479,S&T,C08,SIGNAL_REPAIR,INTERLOCKING_FAULT,2,3,0.757,10,1.012,0.313,0.975,83,2026-09-23,SCHEDULED,39.65,LOW
MT-000729,AST-00208,ENGINEERING,C19,INSPECTION,POINT_DEFECT,2,3,0.75,0,0.676,0.34,1,35,2026-09-07,SCHEDULED,27.83,LOW
MT-000730,AST-00236,S&T,C01,CORRECTIVE,SIGNAL_FAILURE,1,4,0.827,0,1.13,0.171,1,108,2026-09-16,OPEN,39.44,LOW
MT-000731,AST-00209,ENGINEERING,C15,INSPECTION,BALLAST_DEFECT,5,5,0.683,15,1.012,0.749,1,84,2026-09-13,OPEN,91.69,CRITICAL
MT-000732,AST-00450,TRD,C14,CORRECTIVE,CONTACT_WIRE_DEFECT,4,3,0.729,15,0.441,0.567,1,154,2026-09-13,OVERDUE,54.14,MEDIUM
MT-000733,AST-00344,S&T,C11,SIGNAL_REPAIR,AXLE_COUNTER_FAULT,1,4,0.775,24,0.866,0.463,1,96,2026-09-23,OVERDUE,51.43,MEDIUM
MT-000734,AST-00248,TRD,C15,PREVENTIVE,INSULATOR_FAILURE,5,2,0.579,18,1.55,0.611,1,140,2026-09-06,OVERDUE,85.35,CRITICAL
MT-000735,AST-00357,TRD,C09,PREVENTIVE,OHE_DAMAGE,3,3,0.698,21,1.155,0.423,1,95,2026-09-07,SCHEDULED,65.7,HIGH
MT-000736,AST-00424,ENGINEERING,C04,CORRECTIVE,TRACK_GEOMETRY,1,3,0.481,7,0.835,0.383,1,100,2026-09-06,OPEN,38.95,LOW
MT-000737,AST-00089,TRD,C06,PREVENTIVE,TRANSFORMER_FAULT,4,3,0.748,0,1.245,0.645,1,74,2026-09-07,OPEN,68.21,HIGH
MT-000738,AST-00047,ENGINEERING,C04,REPAIR,POINT_DEFECT,5,3,0.624,11,1.142,0.441,1,174,2026-09-17,OPEN,74.22,HIGH
MT-000739,AST-00089,TRD,C06,OHE_REPAIR,INSULATOR_FAILURE,3,3,0.748,10,1.173,0.456,1,169,2026-09-12,OPEN,56.41,MEDIUM
MT-000740,AST-00478,ENGINEERING,C09,CORRECTIVE,RAIL_CRACK,5,5,0.589,8,0.755,0.873,1,157,2026-09-04,OVERDUE,93.85,CRITICAL
MT-000741,AST-00410,ENGINEERING,C12,REPAIR,RAIL_CRACK,4,3,0.916,4,0.345,0.64,1,143,2026-09-27,OPEN,59.13,MEDIUM
MT-000742,AST-00430,TRD,C07,INSPECTION,CONTACT_WIRE_DEFECT,3,5,0.497,25,1.274,0.479,1,62,2026-09-11,OPEN,79.13,HIGH
MT-000743,AST-00179,S&T,C09,PREVENTIVE,RELAY_FAULT,1,3,0.887,25,0.682,0.421,1,71,2026-09-01,OVERDUE,36.46,LOW
MT-000744,AST-00499,S&T,C20,SIGNAL_REPAIR,CABLE_FAULT,2,4,0.818,15,0.974,0.284,1,134,2026-09-05,OVERDUE,46.92,MEDIUM
MT-000745,AST-00467,ENGINEERING,C13,REPAIR,STRUCTURAL_DEFECT,4,2,0.729,16,0.764,0.588,1,159,2026-09-19,OVERDUE,62.67,HIGH
MT-000746,AST-00371,S&T,C09,CORRECTIVE,CABLE_FAULT,3,3,0.871,5,1.1,0.494,1,149,2026-09-05,OVERDUE,58.17,MEDIUM
MT-000747,AST-00201,TRD,C17,PREVENTIVE,OHE_DAMAGE,3,3,0.908,15,0.85,0.526,1,91,2026-09-22,OVERDUE,54.99,MEDIUM
MT-000748,AST-00287,ENGINEERING,C01,CORRECTIVE,POINT_DEFECT,3,4,0.806,5,0.917,0.223,1,133,2026-09-27,OPEN,62.87,HIGH
MT-000749,AST-00083,TRD,C03,OHE_REPAIR,INSULATOR_FAILURE,4,2,0.865,7,0.465,0.61,1,167,2026-09-22,OVERDUE,62.25,HIGH
MT-000750,AST-00123,ENGINEERING,C14,INSPECTION,RAIL_CRACK,5,5,0.796,23,0.764,0.621,1,73,2026-09-16,OPEN,90.02,CRITICAL
MT-000751,AST-00133,TRD,C16,OHE_REPAIR,TRANSFORMER_FAULT,4,3,0.557,5,0.693,0.462,1,170,2026-09-04,OPEN,68.49,HIGH
MT-000752,AST-00202,TRD,C08,PREVENTIVE,CONTACT_WIRE_DEFECT,4,2,0.756,28,1.227,0.663,1,131,2026-09-12,SCHEDULED,80.65,CRITICAL
MT-000753,AST-00004,S&T,C09,PREVENTIVE,SIGNAL_FAILURE,4,4,0.524,10,1.269,0.581,1,105,2026-09-11,OPEN,84.13,CRITICAL
MT-000754,AST-00001,TRD,C01,CORRECTIVE,INSULATOR_FAILURE,4,2,0.717,0,1.107,0.644,1,131,2026-09-11,SCHEDULED,64.51,HIGH
MT-000755,AST-00430,TRD,C07,INSPECTION,CONTACT_WIRE_DEFECT,2,5,0.497,14,1.728,0.515,1,66,2026-09-13,OPEN,81.03,CRITICAL
MT-000756,AST-00029,S&T,C17,SIGNAL_REPAIR,INTERLOCKING_FAULT,2,4,0.682,0,0.929,0.297,1,109,2026-09-16,SCHEDULED,50.81,MEDIUM
MT-000757,AST-00028,ENGINEERING,C02,CORRECTIVE,TRACK_GEOMETRY,4,2,0.789,0,0.36,0.638,1,141,2026-09-24,OPEN,59.52,MEDIUM
MT-000758,AST-00191,S&T,C17,SIGNAL_REPAIR,CABLE_FAULT,4,4,0.604,11,1.267,0.594,1,107,2026-09-27,OPEN,76.61,HIGH
MT-000759,AST-00387,TRD,C12,INSPECTION,OHE_DAMAGE,3,5,0.505,0,1.049,0.506,1,82,2026-09-25,OVERDUE,67.8,HIGH
MT-000760,AST-00062,TRD,C07,OHE_REPAIR,FEEDER_FAULT,2,3,0.794,7,0.584,0.583,1,141,2026-09-10,OVERDUE,34.8,LOW
MT-000761,AST-00041,ENGINEERING,C20,PREVENTIVE,POINT_DEFECT,1,4,0.529,0,0.858,0.154,1,33,2026-09-30,OVERDUE,31.16,LOW
MT-000762,AST-00081,S&T,C13,SIGNAL_REPAIR,CABLE_FAULT,2,4,0.682,0,0.706,0.367,1,109,2026-09-26,OVERDUE,30.74,LOW
MT-000763,AST-00337,ENGINEERING,C19,PREVENTIVE,BALLAST_DEFECT,3,5,0.889,8,0.871,0.352,1,114,2026-09-21,OPEN,66.99,HIGH
MT-000764,AST-00314,ENGINEERING,C18,CORRECTIVE,RAIL_CRACK,4,3,0.844,4,1.082,0.631,1,105,2026-09-16,OPEN,61.39,HIGH
MT-000765,AST-00047,ENGINEERING,C04,CORRECTIVE,TRACK_GEOMETRY,4,3,0.624,0,1.242,0.623,1,164,2026-09-26,OPEN,75.26,HIGH
MT-000766,AST-00033,ENGINEERING,C07,CORRECTIVE,STRUCTURAL_DEFECT,1,2,0.637,15,0.581,0.553,1,115,2026-09-25,SCHEDULED,36.83,LOW
MT-000767,AST-00119,TRD,C20,INSPECTION,FEEDER_FAULT,4,4,0.773,16,0.372,0.645,1,91,2026-09-03,OPEN,69.98,HIGH
MT-000768,AST-00172,ENGINEERING,C17,INSPECTION,TRACK_GEOMETRY,5,5,0.607,0,0.804,0.925,1,116,2026-09-14,OPEN,92.49,CRITICAL
MT-000769,AST-00092,TRD,C03,PREVENTIVE,INSULATOR_FAILURE,3,4,0.761,4,1.117,0.61,1,61,2026-09-25,OVERDUE,51.29,MEDIUM
MT-000770,AST-00170,ENGINEERING,C11,INSPECTION,RAIL_CRACK,1,2,0.674,0,0.566,0.347,1,58,2026-09-26,OPEN,19.63,LOW
MT-000771,AST-00047,ENGINEERING,C04,INSPECTION,BALLAST_DEFECT,5,3,0.624,9,1.547,0.769,1,74,2026-09-03,OPEN,82.21,CRITICAL
MT-000772,AST-00470,ENGINEERING,C03,INSPECTION,TRACK_GEOMETRY,5,5,0.506,6,1.277,0.538,1,77,2026-09-26,SCHEDULED,88.32,CRITICAL
MT-000773,AST-00317,TRD,C18,PREVENTIVE,FEEDER_FAULT,5,1,0.792,7,0.34,0.634,1,103,2026-09-24,SCHEDULED,57.21,MEDIUM
MT-000774,AST-00376,S&T,C10,SIGNAL_REPAIR,AXLE_COUNTER_FAULT,5,5,1.0,0,0.867,0.48,1,133,2026-09-06,OPEN,78.05,HIGH
MT-000775,AST-00156,ENGINEERING,C13,INSPECTION,STRUCTURAL_DEFECT,3,3,0.793,21,0.815,0.458,1,86,2026-09-09,SCHEDULED,60.0,MEDIUM
MT-000776,AST-00289,TRD,C17,OHE_REPAIR,FEEDER_FAULT,4,5,0.769,4,1.281,0.669,1,165,2026-09-27,OPEN,77.22,HIGH
MT-000777,AST-00211,TRD,C20,CORRECTIVE,TRANSFORMER_FAULT,4,3,0.545,3,1.562,0.896,1,110,2026-09-02,OPEN,74.48,HIGH
MT-000778,AST-00048,S&T,C09,SIGNAL_REPAIR,SIGNAL_FAILURE,4,3,0.814,0,0.874,0.459,1,130,2026-09-24,OVERDUE,68.94,HIGH
MT-000779,AST-00384,ENGINEERING,C13,REPAIR,RAIL_CRACK,2,5,0.636,27,0.554,0.518,1,129,2026-09-09,OVERDUE,59.44,MEDIUM
MT-000780,AST-00064,S&T,C10,CORRECTIVE,SIGNAL_FAILURE,4,2,0.812,0,1.211,0.786,1,152,2026-09-16,OVERDUE,64.41,HIGH
MT-000781,AST-00351,TRD,C06,INSPECTION,INSULATOR_FAILURE,5,3,0.711,0,0.764,0.861,1,112,2026-09-19,OPEN,76.05,HIGH
MT-000782,AST-00210,TRD,C02,PREVENTIVE,FEEDER_FAULT,4,4,0.557,0,1.121,0.647,1,84,2026-09-24,OPEN,56.12,MEDIUM
MT-000783,AST-00173,TRD,C10,PREVENTIVE,TRANSFORMER_FAULT,4,5,0.811,12,0.596,0.587,1,69,2026-09-12,SCHEDULED,67.4,HIGH
MT-000784,AST-00200,TRD,C08,OHE_REPAIR,CONTACT_WIRE_DEFECT,4,4,0.784,26,0.664,0.672,1,152,2026-09-17,OVERDUE,82.14,CRITICAL
MT-000785,AST-00018,S&T,C01,CORRECTIVE,RELAY_FAULT,1,4,0.581,19,1.113,0.27,1,102,2026-09-24,SCHEDULED,38.96,LOW
MT-000786,AST-00229,S&T,C05,PREVENTIVE,CABLE_FAULT,5,2,0.834,18,0.339,0.356,1,83,2026-09-01,OVERDUE,50.91,MEDIUM
MT-000787,AST-00080,TRD,C18,OHE_REPAIR,INSULATOR_FAILURE,2,3,0.774,2,0.678,0.754,1,159,2026-09-15,OPEN,48.38,MEDIUM
MT-000788,AST-00145,TRD,C16,PREVENTIVE,INSULATOR_FAILURE,4,3,0.951,11,0.15,0.683,1,90,2026-09-16,SCHEDULED,53.78,MEDIUM
MT-000789,AST-00021,TRD,C17,INSPECTION,TRANSFORMER_FAULT,2,4,0.758,15,1.159,0.674,1,30,2026-09-08,OPEN,49.3,MEDIUM
MT-000790,AST-00220,ENGINEERING,C06,CORRECTIVE,POINT_DEFECT,5,4,0.523,3,1.673,0.743,1,169,2026-09-17,OPEN,85.66,CRITICAL
MT-000791,AST-00105,S&T,C07,SIGNAL_REPAIR,INTERLOCKING_FAULT,4,1,0.741,17,1.371,0.556,1,132,2026-09-12,OVERDUE,62.89,HIGH
MT-000792,AST-00333,TRD,C08,OHE_REPAIR,FEEDER_FAULT,5,5,0.659,19,0.943,0.745,1,175,2026-09-12,OPEN,95.79,CRITICAL
MT-000793,AST-00385,ENGINEERING,C09,REPAIR,STRUCTURAL_DEFECT,3,4,0.601,21,0.984,0.584,1,143,2026-09-05,SCHEDULED,67.7,HIGH
MT-000794,AST-00127,S&T,C16,CORRECTIVE,SIGNAL_FAILURE,1,4,0.737,27,1.202,0.409,1,95,2026-09-03,OVERDUE,60.88,HIGH
MT-000795,AST-00061,S&T,C07,INSPECTION,AXLE_COUNTER_FAULT,4,4,0.798,0,0.416,0.66,1,86,2026-09-06,OPEN,65.8,HIGH
MT-000796,AST-00393,ENGINEERING,C20,CORRECTIVE,POINT_DEFECT,4,1,0.599,4,1.487,0.462,1,113,2026-09-28,OVERDUE,52.62,MEDIUM
MT-000797,AST-00190,ENGINEERING,C15,INSPECTION,RAIL_CRACK,2,3,0.775,18,1.187,0.413,1,58,2026-09-17,OPEN,50.22,MEDIUM
MT-000798,AST-00152,TRD,C02,PREVENTIVE,CONTACT_WIRE_DEFECT,2,4,0.619,5,1.243,0.289,1,80,2026-09-08,OVERDUE,43.29,MEDIUM
MT-000799,AST-00370,ENGINEERING,C17,REPAIR,RAIL_CRACK,4,4,0.739,9,0.759,0.67,1,185,2026-09-03,OPEN,64.3,HIGH
MT-000800,AST-00033,ENGINEERING,C07,PREVENTIVE,BALLAST_DEFECT,2,2,0.637,21,1.282,0.353,1,74,2026-09-08,OPEN,44.99,MEDIUM
MT-000801,AST-00366,S&T,C12,INSPECTION,SIGNAL_FAILURE,3,2,0.704,3,0.808,0.531,0.951,62,2026-09-16,SCHEDULED,47.78,MEDIUM
MT-000802,AST-00005,S&T,C09,SIGNAL_REPAIR,AXLE_COUNTER_FAULT,2,2,0.673,17,1.161,0.361,1,124,2026-09-23,OVERDUE,50.64,MEDIUM
MT-000803,AST-00429,TRD,C15,CORRECTIVE,CONTACT_WIRE_DEFECT,4,2,0.751,18,0.894,0.531,1,104,2026-09-24,OPEN,67.06,HIGH
MT-000804,AST-00030,TRD,C16,INSPECTION,OHE_DAMAGE,5,4,0.789,21,1.185,0.71,1,77,2026-09-08,OVERDUE,83.93,CRITICAL
MT-000805,AST-00278,TRD,C20,OHE_REPAIR,OHE_DAMAGE,1,2,0.703,28,1.14,0.533,1,127,2026-09-26,SCHEDULED,54.86,MEDIUM
MT-000806,AST-00145,TRD,C16,INSPECTION,OHE_DAMAGE,1,3,0.951,0,0.391,0.265,1,86,2026-09-06,OPEN,26.29,LOW
MT-000807,AST-00365,ENGINEERING,C03,REPAIR,BALLAST_DEFECT,3,4,0.599,12,0.767,0.564,1,130,2026-09-21,SCHEDULED,60.87,HIGH
MT-000808,AST-00114,ENGINEERING,C10,CORRECTIVE,BALLAST_DEFECT,3,2,0.825,0,0.916,0.654,1,133,2026-09-05,SCHEDULED,56.92,MEDIUM
MT-000809,AST-00103,TRD,C11,OHE_REPAIR,INSULATOR_FAILURE,4,4,0.617,11,0.986,0.531,1,165,2026-09-18,OPEN,77.67,HIGH
MT-000810,AST-00184,S&T,C09,INSPECTION,CABLE_FAULT,2,3,0.849,30,0.266,0.322,1,55,2026-09-18,OVERDUE,43.48,MEDIUM
MT-000811,AST-00293,TRD,C13,PREVENTIVE,TRANSFORMER_FAULT,3,3,0.909,17,0.404,0.456,1,98,2026-09-09,OVERDUE,47.44,MEDIUM
MT-000812,AST-00497,ENGINEERING,C01,INSPECTION,TRACK_GEOMETRY,4,3,0.749,0,1.135,0.625,1,103,2026-09-08,SCHEDULED,54.87,MEDIUM
MT-000813,AST-00413,ENGINEERING,C05,CORRECTIVE,TRACK_GEOMETRY,4,3,0.741,32,0.493,0.476,1,116,2026-09-29,SCHEDULED,78.39,HIGH
MT-000814,AST-00457,TRD,C10,OHE_REPAIR,INSULATOR_FAILURE,2,3,0.689,0,1.412,0.41,1,146,2026-09-21,OPEN,53.74,MEDIUM
MT-000815,AST-00407,ENGINEERING,C08,CORRECTIVE,TRACK_GEOMETRY,5,3,0.748,16,1.185,0.784,1,134,2026-09-02,SCHEDULED,86.28,CRITICAL
MT-000816,AST-00448,ENGINEERING,C17,REPAIR,RAIL_CRACK,5,1,0.687,4,0.826,0.667,1,176,2026-09-26,OVERDUE,53.92,MEDIUM
MT-000817,AST-00028,ENGINEERING,C02,PREVENTIVE,STRUCTURAL_DEFECT,5,2,0.789,0,1.271,0.758,1,123,2026-09-20,OPEN,72.87,HIGH
MT-000818,AST-00449,ENGINEERING,C16,CORRECTIVE,TRACK_GEOMETRY,5,5,0.736,44,1.372,0.545,1,129,2026-09-22,OPEN,92.79,CRITICAL
MT-000819,AST-00475,ENGINEERING,C09,INSPECTION,STRUCTURAL_DEFECT,5,5,0.823,17,0.789,0.789,1,94,2026-09-29,OVERDUE,88.96,CRITICAL
MT-000820,AST-00210,TRD,C02,CORRECTIVE,TRANSFORMER_FAULT,4,4,0.557,21,1.533,0.658,1,118,2026-09-07,SCHEDULED,82.13,CRITICAL
MT-000821,AST-00021,TRD,C17,OHE_REPAIR,INSULATOR_FAILURE,2,4,0.758,34,0.703,0.375,1,140,2026-09-05,OVERDUE,59.92,MEDIUM
MT-000822,AST-00024,ENGINEERING,C05,REPAIR,BALLAST_DEFECT,5,4,0.747,8,0.898,0.736,1,179,2026-09-11,OVERDUE,87.74,CRITICAL
MT-000823,AST-00115,S&T,C19,PREVENTIVE,CABLE_FAULT,3,4,0.591,3,1.436,0.617,1,85,2026-09-02,OPEN,70.75,HIGH
MT-000824,AST-00246,S&T,C12,SIGNAL_REPAIR,CABLE_FAULT,3,3,0.848,9,0.24,0.552,1,113,2026-09-19,SCHEDULED,43.64,MEDIUM
MT-000825,AST-00480,TRD,C08,OHE_REPAIR,CONTACT_WIRE_DEFECT,3,5,0.965,21,0.933,0.53,1,131,2026-09-19,OVERDUE,61.4,HIGH
MT-000826,AST-00423,TRD,C02,PREVENTIVE,OHE_DAMAGE,2,4,0.697,1,1.446,0.333,1,89,2026-09-09,SCHEDULED,56.59,MEDIUM
MT-000827,AST-00314,ENGINEERING,C18,REPAIR,RAIL_CRACK,5,3,0.844,10,0.386,0.737,1,181,2026-09-08,OPEN,74.85,HIGH
MT-000828,AST-00438,TRD,C17,OHE_REPAIR,INSULATOR_FAILURE,3,3,0.829,16,0.89,0.397,1,147,2026-09-08,OPEN,62.15,HIGH
MT-000829,AST-00388,TRD,C12,PREVENTIVE,TRANSFORMER_FAULT,3,3,0.741,0,1.303,0.446,1,70,2026-09-07,OPEN,52.25,MEDIUM
MT-000830,AST-00150,ENGINEERING,C16,PREVENTIVE,POINT_DEFECT,4,4,0.836,21,1.197,0.561,1,87,2026-09-20,SCHEDULED,81.84,CRITICAL
MT-000831,AST-00321,S&T,C13,CORRECTIVE,AXLE_COUNTER_FAULT,3,4,0.56,12,0.688,0.485,1,116,2026-09-19,OPEN,62.43,HIGH
MT-000832,AST-00376,S&T,C10,SIGNAL_REPAIR,CABLE_FAULT,1,5,1.0,0,0.174,0.432,1,136,2026-09-08,OPEN,28.84,LOW
MT-000833,AST-00406,S&T,C02,PREVENTIVE,AXLE_COUNTER_FAULT,5,4,0.817,1,0.679,0.7,1,115,2026-09-20,OVERDUE,84.54,CRITICAL
MT-000834,AST-00444,S&T,C17,SIGNAL_REPAIR,CABLE_FAULT,5,2,0.719,25,0.645,0.682,1,119,2026-09-17,OPEN,77.04,HIGH
MT-000835,AST-00201,TRD,C17,CORRECTIVE,TRANSFORMER_FAULT,4,3,0.908,38,0.87,0.846,1,144,2026-09-28,OVERDUE,84.83,CRITICAL
MT-000836,AST-00238,TRD,C15,PREVENTIVE,TRANSFORMER_FAULT,4,4,0.77,13,0.862,0.546,1,83,2026-09-03,SCHEDULED,65.37,HIGH
MT-000837,AST-00120,TRD,C09,PREVENTIVE,TRANSFORMER_FAULT,2,1,0.905,10,0.549,0.329,1,79,2026-09-15,OVERDUE,20.68,LOW
MT-000838,AST-00200,TRD,C08,CORRECTIVE,TRANSFORMER_FAULT,5,4,0.784,31,0.62,0.722,1,156,2026-09-23,OVERDUE,87.92,CRITICAL
MT-000839,AST-00088,TRD,C12,OHE_REPAIR,INSULATOR_FAILURE,4,4,0.747,9,0.804,0.661,1,149,2026-09-17,OPEN,79.97,HIGH
MT-000840,AST-00457,TRD,C10,PREVENTIVE,INSULATOR_FAILURE,4,3,0.689,0,0.949,0.585,1,107,2026-09-30,OVERDUE,62.62,HIGH
MT-000841,AST-00186,ENGINEERING,C10,REPAIR,TRACK_GEOMETRY,2,3,0.782,22,1.226,0.315,1,155,2026-09-06,OVERDUE,48.07,MEDIUM
MT-000842,AST-00472,TRD,C16,INSPECTION,INSULATOR_FAILURE,5,3,0.596,8,1.345,0.621,1,88,2026-09-03,OPEN,65.83,HIGH
MT-000843,AST-00251,S&T,C09,INSPECTION,AXLE_COUNTER_FAULT,3,2,0.716,12,0.434,0.488,0.979,99,2026-09-21,OVERDUE,48.49,MEDIUM
MT-000844,AST-00444,S&T,C17,PREVENTIVE,INTERLOCKING_FAULT,2,2,0.719,11,1.103,0.432,1,81,2026-09-07,OPEN,45.28,MEDIUM
MT-000845,AST-00259,ENGINEERING,C15,CORRECTIVE,POINT_DEFECT,1,4,0.768,0,0.496,0.136,1,83,2026-09-13,OPEN,34.18,LOW
MT-000846,AST-00413,ENGINEERING,C05,REPAIR,STRUCTURAL_DEFECT,5,3,0.741,20,1.052,0.832,1,179,2026-09-04,OVERDUE,90.81,CRITICAL
MT-000847,AST-00015,TRD,C09,CORRECTIVE,OHE_DAMAGE,3,3,0.801,4,1.053,0.45,1,128,2026-09-22,SCHEDULED,53.25,MEDIUM
MT-000848,AST-00440,ENGINEERING,C11,CORRECTIVE,RAIL_CRACK,3,4,0.856,12,1.209,0.717,1,121,2026-09-15,SCHEDULED,64.53,HIGH
MT-000849,AST-00037,S&T,C14,SIGNAL_REPAIR,CABLE_FAULT,3,2,0.829,28,1.194,0.634,1,114,2026-09-08,OPEN,56.34,MEDIUM
MT-000850,AST-00075,TRD,C08,CORRECTIVE,OHE_DAMAGE,4,3,0.598,21,1.283,0.328,1,133,2026-09-09,SCHEDULED,74.67,HIGH
MT-000851,AST-00244,ENGINEERING,C20,REPAIR,BALLAST_DEFECT,4,4,0.618,0,1.051,0.792,1,178,2026-09-29,OPEN,81.43,CRITICAL
MT-000852,AST-00348,ENGINEERING,C17,CORRECTIVE,RAIL_CRACK,2,3,0.904,15,0.226,0.572,1,118,2026-09-03,SCHEDULED,41.87,MEDIUM
MT-000853,AST-00383,TRD,C03,OHE_REPAIR,FEEDER_FAULT,3,3,0.64,17,0.565,0.476,1,138,2026-09-23,OPEN,61.18,HIGH
MT-000854,AST-00193,ENGINEERING,C07,PREVENTIVE,STRUCTURAL_DEFECT,3,4,0.863,16,0.613,0.502,1,82,2026-09-17,OVERDUE,54.22,MEDIUM
MT-000855,AST-00312,S&T,C18,CORRECTIVE,RELAY_FAULT,4,4,0.818,19,0.517,0.771,1,141,2026-09-27,SCHEDULED,82.67,CRITICAL
MT-000856,AST-00105,S&T,C07,INSPECTION,RELAY_FAULT,3,1,0.741,12,1.163,0.439,1,79,2026-09-18,SCHEDULED,32.58,LOW
MT-000857,AST-00348,ENGINEERING,C17,CORRECTIVE,RAIL_CRACK,3,3,0.904,34,1.14,0.371,1,139,2026-09-08,OVERDUE,69.98,HIGH
MT-000858,AST-00064,S&T,C10,CORRECTIVE,SIGNAL_FAILURE,4,2,0.812,0,0.686,0.703,1,155,2026-09-25,SCHEDULED,58.55,MEDIUM
MT-000859,AST-00054,ENGINEERING,C06,CORRECTIVE,RAIL_CRACK,4,5,0.499,7,1.422,0.625,1,117,2026-09-04,OVERDUE,90.22,CRITICAL
MT-000860,AST-00399,ENGINEERING,C05,REPAIR,POINT_DEFECT,2,4,0.778,16,0.751,0.362,1,130,2026-09-19,OVERDUE,50.21,MEDIUM
MT-000861,AST-00054,ENGINEERING,C06,REPAIR,TRACK_GEOMETRY,4,5,0.499,28,1.055,0.573,1,174,2026-09-10,OPEN,86.22,CRITICAL
MT-000862,AST-00455,S&T,C18,SIGNAL_REPAIR,SIGNAL_FAILURE,3,1,0.807,3,0.397,0.45,1,107,2026-09-08,OPEN,26.85,LOW
MT-000863,AST-00366,S&T,C12,INSPECTION,CABLE_FAULT,3,2,0.704,12,1.384,0.717,1,94,2026-09-20,OVERDUE,53.91,MEDIUM
MT-000864,AST-00361,TRD,C03,CORRECTIVE,INSULATOR_FAILURE,2,2,0.858,9,0.409,0.297,1,122,2026-09-05,OPEN,27.83,LOW
MT-000865,AST-00058,S&T,C17,INSPECTION,RELAY_FAULT,1,4,0.827,11,0.31,0.151,1,31,2026-09-15,OVERDUE,27.41,LOW
MT-000866,AST-00146,ENGINEERING,C10,REPAIR,RAIL_CRACK,3,2,0.948,18,0.24,0.229,1,163,2026-09-30,OVERDUE,31.82,LOW
MT-000867,AST-00362,ENGINEERING,C20,REPAIR,POINT_DEFECT,5,5,0.714,10,0.532,0.742,1,180,2026-09-06,OVERDUE,89.65,CRITICAL
MT-000868,AST-00398,ENGINEERING,C05,INSPECTION,STRUCTURAL_DEFECT,2,2,0.637,5,1.002,0.426,1,67,2026-09-30,OVERDUE,32.8,LOW
MT-000869,AST-00282,TRD,C19,INSPECTION,INSULATOR_FAILURE,4,4,0.849,7,1.181,0.764,1,77,2026-09-23,OVERDUE,67.73,HIGH
MT-000870,AST-00418,ENGINEERING,C09,REPAIR,RAIL_CRACK,1,5,0.637,15,0.874,0.265,1,142,2026-09-22,OVERDUE,60.98,HIGH
MT-000871,AST-00021,TRD,C17,INSPECTION,FEEDER_FAULT,3,4,0.758,25,0.52,0.348,1,54,2026-09-24,OVERDUE,56.8,MEDIUM
MT-000872,AST-00415,S&T,C03,PREVENTIVE,INTERLOCKING_FAULT,3,4,0.499,17,1.025,0.426,1,117,2026-09-06,OPEN,66.05,HIGH
MT-000873,AST-00277,TRD,C12,OHE_REPAIR,INSULATOR_FAILURE,3,3,0.859,7,0.997,0.432,1,171,2026-09-09,OPEN,50.76,MEDIUM
MT-000874,AST-00324,ENGINEERING,C15,PREVENTIVE,STRUCTURAL_DEFECT,2,2,0.799,0,1.004,0.366,0.96,85,2026-09-06,OPEN,32.56,LOW
MT-000875,AST-00495,ENGINEERING,C16,REPAIR,TRACK_GEOMETRY,3,5,0.742,8,0.841,0.752,1,151,2026-09-25,OPEN,78.93,HIGH
MT-000876,AST-00233,TRD,C10,PREVENTIVE,INSULATOR_FAILURE,2,4,0.881,5,0.769,0.489,1,67,2026-09-26,OPEN,43.91,MEDIUM
MT-000877,AST-00355,ENGINEERING,C01,REPAIR,BALLAST_DEFECT,5,4,0.796,0,0.429,0.797,1,195,2026-09-01,SCHEDULED,85.84,CRITICAL
MT-000878,AST-00352,S&T,C09,INSPECTION,AXLE_COUNTER_FAULT,5,2,0.74,12,0.439,0.687,1,98,2026-09-21,SCHEDULED,65.53,HIGH
MT-000879,AST-00105,S&T,C07,SIGNAL_REPAIR,RELAY_FAULT,5,1,0.741,8,1.042,0.705,0.943,158,2026-09-08,OPEN,62.97,HIGH
MT-000880,AST-00086,TRD,C02,CORRECTIVE,TRANSFORMER_FAULT,2,5,0.584,24,1.178,0.49,1,121,2026-09-04,OVERDUE,76.88,HIGH
MT-000881,AST-00033,ENGINEERING,C07,PREVENTIVE,POINT_DEFECT,2,2,0.637,5,1.35,0.393,1,91,2026-09-26,OPEN,31.55,LOW
MT-000882,AST-00351,TRD,C06,INSPECTION,FEEDER_FAULT,2,3,0.711,5,1.061,0.532,1,62,2026-09-18,OPEN,37.09,LOW
MT-000883,AST-00415,S&T,C03,CORRECTIVE,INTERLOCKING_FAULT,2,4,0.499,20,1.629,0.444,1,110,2026-09-28,OPEN,53.39,MEDIUM
MT-000884,AST-00102,S&T,C15,PREVENTIVE,INTERLOCKING_FAULT,4,3,0.732,0,0.621,0.608,1,126,2026-09-02,OVERDUE,69.84,HIGH
MT-000885,AST-00494,S&T,C01,CORRECTIVE,RELAY_FAULT,4,3,0.611,9,0.947,0.626,1,111,2026-09-25,OPEN,69.62,HIGH
MT-000886,AST-00448,ENGINEERING,C17,CORRECTIVE,TRACK_GEOMETRY,5,1,0.687,0,0.68,0.641,0.922,134,2026-09-24,OVERDUE,55.84,MEDIUM
MT-000887,AST-00168,ENGINEERING,C05,CORRECTIVE,STRUCTURAL_DEFECT,4,3,0.483,20,1.378,0.339,1,151,2026-09-03,OPEN,74.25,HIGH
MT-000888,AST-00484,ENGINEERING,C16,INSPECTION,RAIL_CRACK,3,3,0.592,24,1.023,0.485,1,92,2026-09-15,OPEN,51.51,MEDIUM
MT-000889,AST-00020,TRD,C17,OHE_REPAIR,CONTACT_WIRE_DEFECT,3,4,0.707,0,0.963,0.522,1,160,2026-09-17,OPEN,63.15,HIGH
MT-000890,AST-00343,TRD,C14,PREVENTIVE,TRANSFORMER_FAULT,2,3,0.775,8,0.629,0.311,1,84,2026-09-15,OVERDUE,43.72,MEDIUM
MT-000891,AST-00309,S&T,C12,CORRECTIVE,INTERLOCKING_FAULT,1,3,0.735,9,0.438,0.431,1,101,2026-09-15,OPEN,28.38,LOW
MT-000892,AST-00056,S&T,C07,PREVENTIVE,CABLE_FAULT,3,3,0.964,10,0.522,0.53,1,107,2026-09-07,OPEN,40.06,MEDIUM
MT-000893,AST-00259,ENGINEERING,C15,PREVENTIVE,TRACK_GEOMETRY,3,4,0.768,17,0.77,0.537,1,81,2026-09-11,OPEN,56.71,MEDIUM
MT-000894,AST-00289,TRD,C17,PREVENTIVE,CONTACT_WIRE_DEFECT,2,5,0.769,20,0.48,0.566,1,64,2026-09-21,SCHEDULED,57.76,MEDIUM
MT-000895,AST-00035,ENGINEERING,C08,REPAIR,POINT_DEFECT,5,5,0.586,11,1.416,0.686,1,182,2026-09-11,OVERDUE,94.24,CRITICAL
MT-000896,AST-00046,TRD,C01,OHE_REPAIR,TRANSFORMER_FAULT,3,3,0.962,8,0.565,0.451,1,146,2026-09-13,OVERDUE,42.01,MEDIUM
MT-000897,AST-00261,ENGINEERING,C05,PREVENTIVE,RAIL_CRACK,5,4,0.77,0,0.654,0.858,1,119,2026-09-27,SCHEDULED,81.65,CRITICAL
MT-000898,AST-00423,TRD,C02,CORRECTIVE,OHE_DAMAGE,4,4,0.697,17,0.521,0.783,1,107,2026-09-08,OPEN,73.11,HIGH
MT-000899,AST-00208,ENGINEERING,C19,INSPECTION,RAIL_CRACK,5,3,0.75,7,0.844,0.685,1,82,2026-09-27,OPEN,73.78,HIGH
MT-000900,AST-00128,S&T,C01,CORRECTIVE,INTERLOCKING_FAULT,3,3,0.898,26,0.47,0.362,1,102,2026-09-01,OVERDUE,54.16,MEDIUM
MT-000901,AST-00462,S&T,C15,CORRECTIVE,CABLE_FAULT,1,3,0.569,12,0.881,0.36,1,81,2026-09-24,SCHEDULED,38.74,LOW
MT-000902,AST-00483,ENGINEERING,C18,REPAIR,RAIL_CRACK,5,2,0.744,19,0.852,0.668,1,170,2026-09-07,OPEN,71.46,HIGH
MT-000903,AST-00054,ENGINEERING,C06,REPAIR,STRUCTURAL_DEFECT,1,5,0.499,11,1.395,0.232,1,138,2026-09-15,OPEN,65.59,HIGH
MT-000904,AST-00092,TRD,C03,PREVENTIVE,OHE_DAMAGE,5,4,0.761,4,1.233,0.828,1,98,2026-09-26,OPEN,81.65,CRITICAL
MT-000905,AST-00159,TRD,C20,INSPECTION,FEEDER_FAULT,1,3,0.63,2,1.043,0.44,1,51,2026-09-29,OVERDUE,28.09,LOW
MT-000906,AST-00319,TRD,C18,PREVENTIVE,OHE_DAMAGE,1,5,0.618,16,1.039,0.199,1,83,2026-09-27,OPEN,52.47,MEDIUM
MT-000907,AST-00092,TRD,C03,PREVENTIVE,OHE_DAMAGE,3,4,0.761,9,1.01,0.288,1,94,2026-09-05,OPEN,61.09,HIGH
MT-000908,AST-00454,S&T,C20,INSPECTION,CABLE_FAULT,5,3,0.695,0,0.467,0.857,1,112,2026-09-11,OPEN,76.65,HIGH
MT-000909,AST-00039,TRD,C17,CORRECTIVE,INSULATOR_FAILURE,3,2,0.972,9,0.657,0.523,1,123,2026-09-01,OVERDUE,27.56,LOW
MT-000910,AST-00349,TRD,C16,OHE_REPAIR,FEEDER_FAULT,2,3,0.94,5,0.971,0.418,1,133,2026-09-10,OPEN,46.21,MEDIUM
MT-000911,AST-00011,TRD,C06,CORRECTIVE,TRANSFORMER_FAULT,2,4,0.648,14,1.092,0.357,1,115,2026-09-17,OPEN,55.92,MEDIUM
MT-000912,AST-00360,TRD,C11,OHE_REPAIR,TRANSFORMER_FAULT,4,4,0.886,21,0.307,0.44,1,141,2026-09-20,OPEN,71.62,HIGH
MT-000913,AST-00285,TRD,C19,CORRECTIVE,CONTACT_WIRE_DEFECT,3,2,0.679,0,0.622,0.483,1,119,2026-09-15,OVERDUE,38.36,LOW
MT-000914,AST-00143,ENGINEERING,C12,REPAIR,BALLAST_DEFECT,1,3,0.716,14,1.071,0.549,1,139,2026-09-17,OPEN,28.62,LOW
MT-000915,AST-00235,TRD,C18,CORRECTIVE,INSULATOR_FAILURE,3,4,0.502,7,1.356,0.323,1,120,2026-09-06,OPEN,70.25,HIGH
MT-000916,AST-00443,TRD,C06,PREVENTIVE,TRANSFORMER_FAULT,3,1,0.669,11,0.554,0.457,1,103,2026-09-28,SCHEDULED,34.11,LOW
MT-000917,AST-00459,TRD,C12,PREVENTIVE,TRANSFORMER_FAULT,3,2,0.857,0,0.412,0.499,1,90,2026-09-26,SCHEDULED,32.88,LOW
MT-000918,AST-00285,TRD,C19,PREVENTIVE,TRANSFORMER_FAULT,4,2,0.679,8,1.039,0.495,1,97,2026-09-06,OPEN,52.21,MEDIUM
MT-000919,AST-00401,ENGINEERING,C11,REPAIR,TRACK_GEOMETRY,5,5,0.707,7,0.539,0.762,1,159,2026-09-10,SCHEDULED,93.21,CRITICAL
MT-000920,AST-00249,TRD,C12,OHE_REPAIR,TRANSFORMER_FAULT,2,2,0.808,0,0.639,0.463,1,133,2026-09-10,SCHEDULED,32.84,LOW
MT-000921,AST-00361,TRD,C03,CORRECTIVE,TRANSFORMER_FAULT,3,2,0.858,31,0.567,0.443,1,148,2026-09-08,OPEN,46.94,MEDIUM
MT-000922,AST-00477,TRD,C12,INSPECTION,OHE_DAMAGE,2,2,0.817,19,0.849,0.652,1,57,2026-09-09,OPEN,33.17,LOW
MT-000923,AST-00293,TRD,C13,OHE_REPAIR,TRANSFORMER_FAULT,2,3,0.909,11,0.89,0.324,1,147,2026-09-25,OVERDUE,45.05,MEDIUM
MT-000924,AST-00337,ENGINEERING,C19,PREVENTIVE,TRACK_GEOMETRY,2,5,0.889,24,0.981,0.349,1,100,2026-09-16,OVERDUE,57.37,MEDIUM
MT-000925,AST-00348,ENGINEERING,C17,CORRECTIVE,POINT_DEFECT,1,3,0.904,5,0.567,0.251,1,96,2026-09-27,OPEN,21.13,LOW
MT-000926,AST-00412,ENGINEERING,C14,REPAIR,STRUCTURAL_DEFECT,5,5,0.503,9,1.437,0.53,1,153,2026-09-08,OVERDUE,94.31,CRITICAL
MT-000927,AST-00099,ENGINEERING,C14,REPAIR,POINT_DEFECT,2,3,0.786,1,0.437,0.457,1,133,2026-09-28,SCHEDULED,39.52,LOW
MT-000928,AST-00264,ENGINEERING,C20,PREVENTIVE,BALLAST_DEFECT,4,5,0.815,0,0.501,0.497,1,97,2026-09-06,OVERDUE,53.9,MEDIUM
MT-000929,AST-00284,S&T,C10,PREVENTIVE,INTERLOCKING_FAULT,3,4,0.574,21,0.722,0.394,1,100,2026-09-04,OPEN,70.45,HIGH
MT-000930,AST-00068,ENGINEERING,C10,REPAIR,BALLAST_DEFECT,4,5,0.643,4,1.031,0.626,1,190,2026-09-06,OVERDUE,79.26,HIGH
MT-000931,AST-00113,ENGINEERING,C03,REPAIR,TRACK_GEOMETRY,3,4,0.75,8,0.767,0.547,1,139,2026-09-21,OVERDUE,75.17,HIGH
MT-000932,AST-00348,ENGINEERING,C17,PREVENTIVE,TRACK_GEOMETRY,5,3,0.904,18,0.804,0.872,1,86,2026-09-14,OVERDUE,76.37,HIGH
MT-000933,AST-00231,ENGINEERING,C04,PREVENTIVE,POINT_DEFECT,3,4,0.598,4,1.254,0.461,1,91,2026-09-02,SCHEDULED,69.46,HIGH
MT-000934,AST-00140,S&T,C16,PREVENTIVE,AXLE_COUNTER_FAULT,4,1,0.752,2,1.126,0.569,1,110,2026-09-18,OPEN,49.14,MEDIUM
MT-000935,AST-00460,S&T,C19,SIGNAL_REPAIR,SIGNAL_FAILURE,3,2,0.891,8,1.046,0.599,1,123,2026-09-16,OVERDUE,41.81,MEDIUM
MT-000936,AST-00104,TRD,C09,CORRECTIVE,INSULATOR_FAILURE,2,5,0.7,4,0.596,0.506,1,101,2026-09-30,OVERDUE,55.93,MEDIUM
MT-000937,AST-00026,TRD,C13,OHE_REPAIR,CONTACT_WIRE_DEFECT,3,3,0.729,0,0.649,0.646,1,133,2026-09-26,SCHEDULED,45.28,MEDIUM
MT-000938,AST-00334,TRD,C14,PREVENTIVE,TRANSFORMER_FAULT,3,4,0.997,9,0.374,0.279,1,92,2026-09-22,OVERDUE,50.41,MEDIUM
MT-000939,AST-00145,TRD,C16,CORRECTIVE,CONTACT_WIRE_DEFECT,2,3,0.951,7,0.664,0.242,1,106,2026-09-09,OVERDUE,37.73,LOW
MT-000940,AST-00081,S&T,C13,SIGNAL_REPAIR,RELAY_FAULT,5,4,0.682,25,0.784,0.675,1,139,2026-09-28,OPEN,92.98,CRITICAL
MT-000941,AST-00158,TRD,C04,INSPECTION,TRANSFORMER_FAULT,4,3,0.732,26,1.039,0.611,1,86,2026-09-18,OVERDUE,68.15,HIGH
MT-000942,AST-00223,S&T,C10,SIGNAL_REPAIR,INTERLOCKING_FAULT,5,2,0.705,19,1.232,0.737,1,127,2026-09-27,OPEN,69.51,HIGH
MT-000943,AST-00238,TRD,C15,PREVENTIVE,INSULATOR_FAILURE,3,4,0.77,0,1.191,0.561,1,101,2026-09-05,SCHEDULED,60.84,HIGH
MT-000944,AST-00349,TRD,C16,INSPECTION,CONTACT_WIRE_DEFECT,1,3,0.94,13,0.103,0.193,1,39,2026-09-13,OVERDUE,20.41,LOW
MT-000945,AST-00179,S&T,C09,PREVENTIVE,RELAY_FAULT,2,3,0.887,11,0.633,0.216,1,57,2026-09-13,OVERDUE,30.98,LOW
MT-000946,AST-00292,S&T,C18,SIGNAL_REPAIR,CABLE_FAULT,4,3,0.592,1,1.058,0.703,1,145,2026-09-27,OPEN,81.75,CRITICAL
MT-000947,AST-00181,ENGINEERING,C02,REPAIR,POINT_DEFECT,4,4,0.995,0,0.977,0.622,1,171,2026-09-12,OVERDUE,69.62,HIGH
MT-000948,AST-00474,ENGINEERING,C10,CORRECTIVE,BALLAST_DEFECT,4,3,1.0,8,0.749,0.459,1,139,2026-09-12,OPEN,62.43,HIGH
MT-000949,AST-00497,ENGINEERING,C01,CORRECTIVE,STRUCTURAL_DEFECT,5,3,0.749,0,1.007,0.742,1,146,2026-09-18,OPEN,84.7,CRITICAL
MT-000950,AST-00241,TRD,C10,CORRECTIVE,CONTACT_WIRE_DEFECT,3,4,0.786,11,0.904,0.509,1,108,2026-09-13,SCHEDULED,55.73,MEDIUM
MT-000951,AST-00489,TRD,C08,CORRECTIVE,INSULATOR_FAILURE,2,4,0.927,7,1.023,0.349,1,134,2026-09-02,OVERDUE,49.25,MEDIUM
MT-000952,AST-00499,S&T,C20,INSPECTION,SIGNAL_FAILURE,2,4,0.818,31,0.344,0.657,1,82,2026-09-13,OVERDUE,59.5,MEDIUM
MT-000953,AST-00250,S&T,C15,CORRECTIVE,CABLE_FAULT,3,4,0.602,13,1.529,0.578,1,109,2026-09-15,OPEN,69.05,HIGH
MT-000954,AST-00376,S&T,C10,INSPECTION,INTERLOCKING_FAULT,5,5,1.0,13,0.761,0.716,1,94,2026-09-04,OPEN,84.43,CRITICAL
MT-000955,AST-00032,TRD,C04,INSPECTION,CONTACT_WIRE_DEFECT,1,3,0.655,8,0.996,0.477,1,38,2026-09-13,OVERDUE,30.51,LOW
MT-000956,AST-00390,ENGINEERING,C04,REPAIR,BALLAST_DEFECT,3,5,0.646,4,0.774,0.527,1,169,2026-09-27,OVERDUE,77.69,HIGH
MT-000957,AST-00155,S&T,C10,SIGNAL_REPAIR,CABLE_FAULT,1,2,0.782,11,0.771,0.332,1,113,2026-09-08,OPEN,21.01,LOW
MT-000958,AST-00159,TRD,C20,PREVENTIVE,CONTACT_WIRE_DEFECT,3,3,0.63,5,1.317,0.275,1,87,2026-09-15,OVERDUE,50.85,MEDIUM
MT-000959,AST-00030,TRD,C16,CORRECTIVE,FEEDER_FAULT,2,4,0.789,5,1.271,0.452,1,101,2026-09-12,OPEN,40.61,MEDIUM
MT-000960,AST-00446,TRD,C03,PREVENTIVE,OHE_DAMAGE,2,3,0.915,33,0.481,0.366,1,127,2026-09-26,OVERDUE,41.12,MEDIUM
MT-000961,AST-00010,ENGINEERING,C09,REPAIR,RAIL_CRACK,2,4,0.72,41,0.54,0.626,1,154,2026-09-02,OPEN,73.1,HIGH
MT-000962,AST-00191,S&T,C17,CORRECTIVE,AXLE_COUNTER_FAULT,4,4,0.604,17,1.268,0.737,1,133,2026-09-26,OVERDUE,82.86,CRITICAL
MT-000963,AST-00210,TRD,C02,PREVENTIVE,TRANSFORMER_FAULT,3,4,0.557,15,1.324,0.643,1,109,2026-09-13,SCHEDULED,76.93,HIGH
MT-000964,AST-00415,S&T,C03,INSPECTION,AXLE_COUNTER_FAULT,3,4,0.499,21,1.141,0.611,1,65,2026-09-22,OVERDUE,70.56,HIGH
MT-000965,AST-00395,ENGINEERING,C11,CORRECTIVE,STRUCTURAL_DEFECT,3,5,0.62,0,1.461,0.576,1,139,2026-09-07,OPEN,72.66,HIGH
MT-000966,AST-00312,S&T,C18,INSPECTION,SIGNAL_FAILURE,3,4,0.818,15,1.038,0.455,1,55,2026-09-15,OVERDUE,46.62,MEDIUM
MT-000967,AST-00317,TRD,C18,INSPECTION,INSULATOR_FAILURE,3,1,0.792,7,1.199,0.347,0.974,77,2026-09-23,OPEN,24.29,LOW
MT-000968,AST-00274,TRD,C02,PREVENTIVE,TRANSFORMER_FAULT,3,3,0.633,0,1.239,0.433,1,85,2026-09-13,SCHEDULED,53.85,MEDIUM
MT-000969,AST-00112,ENGINEERING,C07,INSPECTION,STRUCTURAL_DEFECT,3,4,0.821,21,0.537,0.493,1,52,2026-09-01,OPEN,62.45,HIGH
MT-000970,AST-00048,S&T,C09,INSPECTION,RELAY_FAULT,4,3,0.814,17,1.083,0.655,1,93,2026-09-29,OPEN,69.83,HIGH
MT-000971,AST-00274,TRD,C02,CORRECTIVE,FEEDER_FAULT,3,3,0.633,26,1.322,0.483,1,116,2026-09-08,OPEN,62.72,HIGH
MT-000972,AST-00499,S&T,C20,SIGNAL_REPAIR,RELAY_FAULT,5,4,0.818,19,0.937,0.574,1,142,2026-09-23,OVERDUE,84.43,CRITICAL
MT-000973,AST-00019,S&T,C11,SIGNAL_REPAIR,RELAY_FAULT,3,1,0.613,26,1.455,0.505,0.878,123,2026-09-06,OPEN,62.64,HIGH
MT-000974,AST-00488,TRD,C11,PREVENTIVE,TRANSFORMER_FAULT,4,4,0.703,0,1.357,0.539,1,87,2026-09-24,OPEN,64.82,HIGH
MT-000975,AST-00071,ENGINEERING,C08,CORRECTIVE,POINT_DEFECT,3,3,0.703,20,0.786,0.443,1,156,2026-09-02,OVERDUE,66.7,HIGH
MT-000976,AST-00110,ENGINEERING,C14,PREVENTIVE,RAIL_CRACK,1,4,0.781,17,0.499,0.337,1,60,2026-09-13,OPEN,36.46,LOW
MT-000977,AST-00035,ENGINEERING,C08,REPAIR,BALLAST_DEFECT,4,5,0.586,0,1.472,0.481,1,159,2026-09-22,OPEN,79.26,HIGH
MT-000978,AST-00421,S&T,C14,PREVENTIVE,INTERLOCKING_FAULT,4,5,0.855,12,0.757,0.603,1,90,2026-09-05,OPEN,74.35,HIGH
MT-000979,AST-00409,TRD,C20,OHE_REPAIR,CONTACT_WIRE_DEFECT,2,3,0.828,0,1.13,0.321,0.993,154,2026-09-13,SCHEDULED,41.43,MEDIUM
MT-000980,AST-00230,ENGINEERING,C20,INSPECTION,TRACK_GEOMETRY,4,3,0.863,0,0.629,0.667,1,78,2026-09-17,SCHEDULED,54.69,MEDIUM
MT-000981,AST-00014,S&T,C15,PREVENTIVE,RELAY_FAULT,4,3,0.59,7,1.39,0.568,1,75,2026-09-14,SCHEDULED,78.66,HIGH
MT-000982,AST-00400,S&T,C18,CORRECTIVE,SIGNAL_FAILURE,2,4,0.731,12,0.862,0.407,1,103,2026-09-19,OPEN,52.42,MEDIUM
MT-000983,AST-00281,ENGINEERING,C17,PREVENTIVE,STRUCTURAL_DEFECT,3,2,0.592,0,1.28,0.641,1,69,2026-09-12,OVERDUE,51.31,MEDIUM
MT-000984,AST-00173,TRD,C10,CORRECTIVE,CONTACT_WIRE_DEFECT,4,5,0.811,0,0.965,0.48,1,107,2026-09-25,SCHEDULED,82.51,CRITICAL
MT-000985,AST-00234,TRD,C17,PREVENTIVE,CONTACT_WIRE_DEFECT,2,2,0.771,23,0.794,0.25,1,69,2026-09-01,OPEN,23.45,LOW
MT-000986,AST-00159,TRD,C20,OHE_REPAIR,FEEDER_FAULT,2,3,0.63,0,0.782,0.45,1,135,2026-09-19,SCHEDULED,36.34,LOW
MT-000987,AST-00287,ENGINEERING,C01,CORRECTIVE,TRACK_GEOMETRY,4,4,0.806,14,0.33,0.484,1,125,2026-09-17,OVERDUE,73.07,HIGH
MT-000988,AST-00314,ENGINEERING,C18,CORRECTIVE,POINT_DEFECT,2,3,0.844,14,0.835,0.432,1,112,2026-09-02,OPEN,39.34,LOW
MT-000989,AST-00476,TRD,C01,PREVENTIVE,CONTACT_WIRE_DEFECT,2,4,0.829,6,0.884,0.388,1,82,2026-09-03,OVERDUE,49.42,MEDIUM
MT-000990,AST-00160,TRD,C04,OHE_REPAIR,CONTACT_WIRE_DEFECT,5,1,0.553,24,1.156,0.755,1,188,2026-09-30,OVERDUE,79.15,HIGH
MT-000991,AST-00255,S&T,C06,CORRECTIVE,CABLE_FAULT,4,2,0.688,0,0.666,0.903,1,139,2026-09-23,OPEN,59.99,MEDIUM
MT-000992,AST-00423,TRD,C02,INSPECTION,CONTACT_WIRE_DEFECT,2,4,0.697,10,1.357,0.601,1,41,2026-09-04,OPEN,44.17,MEDIUM
MT-000993,AST-00472,TRD,C16,CORRECTIVE,CONTACT_WIRE_DEFECT,4,3,0.596,0,1.349,0.505,1,153,2026-09-05,OPEN,63.08,HIGH
MT-000994,AST-00208,ENGINEERING,C19,PREVENTIVE,POINT_DEFECT,2,3,0.75,0,0.733,0.456,1,73,2026-09-29,OPEN,40.02,MEDIUM
MT-000995,AST-00462,S&T,C15,PREVENTIVE,AXLE_COUNTER_FAULT,2,3,0.569,13,0.841,0.395,1,98,2026-09-29,OVERDUE,44.26,MEDIUM
MT-000996,AST-00011,TRD,C06,INSPECTION,OHE_DAMAGE,1,4,0.648,22,0.551,0.454,1,52,2026-09-26,OVERDUE,44.26,MEDIUM
MT-000997,AST-00382,TRD,C18,OHE_REPAIR,CONTACT_WIRE_DEFECT,3,4,0.624,14,0.666,0.452,1,142,2026-09-05,OPEN,68.37,HIGH
MT-000998,AST-00391,TRD,C08,INSPECTION,FEEDER_FAULT,1,4,0.882,0,1.02,0.29,1,45,2026-09-26,OVERDUE,28.73,LOW
MT-000999,AST-00145,TRD,C16,CORRECTIVE,FEEDER_FAULT,3,3,0.951,29,0.781,0.634,1,99,2026-09-25,OPEN,51.34,MEDIUM
MT-001000,AST-00273,S&T,C16,INSPECTION,CABLE_FAULT,4,3,0.64,44,0.914,0.648,1,85,2026-09-07,OPEN,79.42,HIGH
MT-001001,AST-00288,TRD,C02,INSPECTION,TRANSFORMER_FAULT,5,4,0.686,0,1.083,0.723,1,113,2026-09-16,OVERDUE,87.26,CRITICAL
MT-001002,AST-00183,TRD,C07,CORRECTIVE,TRANSFORMER_FAULT,3,2,0.612,24,1.458,0.319,1,90,2026-09-04,OPEN,51.59,MEDIUM
MT-001003,AST-00340,S&T,C12,PREVENTIVE,RELAY_FAULT,3,3,0.77,26,1.12,0.543,1,79,2026-09-17,OVERDUE,57.13,MEDIUM
MT-001004,AST-00294,TRD,C12,PREVENTIVE,TRANSFORMER_FAULT,3,4,0.783,3,0.499,0.462,1,89,2026-09-19,SCHEDULED,52.22,MEDIUM
MT-001005,AST-00452,ENGINEERING,C02,INSPECTION,RAIL_CRACK,4,2,0.77,14,0.463,0.619,1,91,2026-09-30,SCHEDULED,46.83,MEDIUM
MT-001006,AST-00368,S&T,C01,PREVENTIVE,CABLE_FAULT,4,3,0.646,6,0.923,0.752,1,75,2026-09-05,OPEN,69.79,HIGH
MT-001007,AST-00122,ENGINEERING,C12,CORRECTIVE,STRUCTURAL_DEFECT,5,3,0.902,20,0.459,0.683,1,146,2026-09-24,OVERDUE,78.76,HIGH
MT-001008,AST-00189,TRD,C19,OHE_REPAIR,OHE_DAMAGE,4,4,0.643,0,1.359,0.584,1,151,2026-09-23,OPEN,73.54,HIGH
MT-001009,AST-00325,TRD,C02,PREVENTIVE,FEEDER_FAULT,5,5,0.665,5,0.837,0.74,1,119,2026-09-29,OVERDUE,90.83,CRITICAL
MT-001010,AST-00038,ENGINEERING,C18,CORRECTIVE,TRACK_GEOMETRY,1,4,0.511,2,1.419,0.39,1,95,2026-09-27,OVERDUE,45.25,MEDIUM
MT-001011,AST-00469,ENGINEERING,C13,INSPECTION,POINT_DEFECT,4,2,0.697,14,0.941,0.603,1,91,2026-09-13,OPEN,47.58,MEDIUM
MT-001012,AST-00450,TRD,C14,INSPECTION,OHE_DAMAGE,4,3,0.729,8,0.831,0.841,1,71,2026-09-24,SCHEDULED,76.32,HIGH
MT-001013,AST-00148,S&T,C08,INSPECTION,AXLE_COUNTER_FAULT,2,4,0.706,14,0.612,0.266,1,69,2026-09-20,OVERDUE,44.77,MEDIUM
MT-001014,AST-00279,S&T,C18,PREVENTIVE,SIGNAL_FAILURE,4,4,0.772,17,1.282,0.414,1,107,2026-09-06,OVERDUE,67.54,HIGH
MT-001015,AST-00269,TRD,C13,CORRECTIVE,CONTACT_WIRE_DEFECT,3,2,0.65,0,1.224,0.417,1,125,2026-09-08,OVERDUE,46.43,MEDIUM
MT-001016,AST-00396,TRD,C20,CORRECTIVE,CONTACT_WIRE_DEFECT,2,4,0.804,23,1.081,0.524,1,103,2026-09-16,OPEN,56.03,MEDIUM
MT-001017,AST-00303,S&T,C15,INSPECTION,CABLE_FAULT,4,2,0.712,11,1.319,0.473,1,68,2026-09-25,OPEN,48.47,MEDIUM
MT-001018,AST-00409,TRD,C20,OHE_REPAIR,INSULATOR_FAILURE,3,3,0.828,0,0.73,0.415,1,123,2026-09-03,OPEN,49.33,MEDIUM
MT-001019,AST-00166,S&T,C07,INSPECTION,CABLE_FAULT,2,2,0.596,0,0.757,0.401,1,80,2026-09-01,SCHEDULED,22.92,LOW
MT-001020,AST-00303,S&T,C15,INSPECTION,AXLE_COUNTER_FAULT,3,2,0.712,16,1.383,0.515,1,61,2026-09-13,OVERDUE,57.88,MEDIUM
MT-001021,AST-00300,TRD,C18,OHE_REPAIR,FEEDER_FAULT,1,5,0.694,0,1.318,0.196,1,108,2026-09-13,OVERDUE,45.02,MEDIUM
MT-001022,AST-00419,TRD,C19,OHE_REPAIR,OHE_DAMAGE,5,4,0.882,0,0.489,0.692,1,193,2026-09-19,OVERDUE,77.7,HIGH
MT-001023,AST-00254,S&T,C11,PREVENTIVE,INTERLOCKING_FAULT,2,4,0.879,2,0.545,0.322,1,65,2026-09-09,SCHEDULED,44.39,MEDIUM
MT-001024,AST-00233,TRD,C10,INSPECTION,OHE_DAMAGE,5,4,0.881,13,0.46,0.732,1,74,2026-09-11,SCHEDULED,84.75,CRITICAL
MT-001025,AST-00127,S&T,C16,INSPECTION,RELAY_FAULT,5,4,0.737,11,1.389,0.773,1,108,2026-09-07,OVERDUE,86.51,CRITICAL
MT-001026,AST-00093,S&T,C04,PREVENTIVE,INTERLOCKING_FAULT,3,5,0.916,6,0.463,0.673,1,101,2026-09-27,OPEN,67.0,HIGH
MT-001027,AST-00040,TRD,C08,OHE_REPAIR,FEEDER_FAULT,3,2,0.958,13,0.341,0.686,1,142,2026-09-23,OVERDUE,55.45,MEDIUM
MT-001028,AST-00006,S&T,C20,INSPECTION,AXLE_COUNTER_FAULT,4,5,0.849,3,1.085,0.779,1,48,2026-09-25,OVERDUE,82.57,CRITICAL
MT-001029,AST-00249,TRD,C12,CORRECTIVE,OHE_DAMAGE,4,2,0.808,14,0.417,0.484,1,107,2026-09-21,SCHEDULED,53.85,MEDIUM
MT-001030,AST-00025,ENGINEERING,C17,REPAIR,POINT_DEFECT,2,4,0.985,36,0.566,0.427,1,126,2026-09-18,OVERDUE,44.69,MEDIUM
MT-001031,AST-00474,ENGINEERING,C10,REPAIR,TRACK_GEOMETRY,2,3,1.0,8,0.546,0.278,1,132,2026-09-10,OVERDUE,38.76,LOW
MT-001032,AST-00276,TRD,C13,PREVENTIVE,INSULATOR_FAILURE,5,1,0.735,14,0.549,0.784,1,113,2026-09-15,OVERDUE,65.32,HIGH
MT-001033,AST-00058,S&T,C17,SIGNAL_REPAIR,CABLE_FAULT,2,4,0.827,25,0.428,0.247,1,112,2026-09-21,OVERDUE,48.41,MEDIUM
MT-001034,AST-00286,TRD,C05,OHE_REPAIR,CONTACT_WIRE_DEFECT,2,1,0.594,2,1.07,0.351,1,154,2026-09-27,OPEN,29.02,LOW
MT-001035,AST-00170,ENGINEERING,C11,PREVENTIVE,STRUCTURAL_DEFECT,4,2,0.674,12,0.787,0.724,1,106,2026-09-21,SCHEDULED,62.01,HIGH
MT-001036,AST-00239,ENGINEERING,C15,INSPECTION,TRACK_GEOMETRY,4,2,0.584,31,0.66,0.497,1,88,2026-09-10,OPEN,73.07,HIGH
MT-001037,AST-00423,TRD,C02,CORRECTIVE,CONTACT_WIRE_DEFECT,2,4,0.697,14,1.363,0.398,1,134,2026-09-02,SCHEDULED,53.65,MEDIUM
MT-001038,AST-00280,ENGINEERING,C05,PREVENTIVE,STRUCTURAL_DEFECT,2,5,0.699,7,0.666,0.392,1,37,2026-09-21,OVERDUE,56.09,MEDIUM
MT-001039,AST-00451,TRD,C09,CORRECTIVE,CONTACT_WIRE_DEFECT,3,4,0.572,11,1.156,0.414,1,108,2026-09-19,OVERDUE,72.99,HIGH
MT-001040,AST-00443,TRD,C06,PREVENTIVE,CONTACT_WIRE_DEFECT,3,1,0.669,13,1.299,0.555,1,78,2026-09-24,OPEN,30.63,LOW
MT-001041,AST-00209,ENGINEERING,C15,REPAIR,POINT_DEFECT,4,5,0.683,0,1.216,0.653,1,158,2026-09-12,OVERDUE,79.24,HIGH
MT-001042,AST-00461,ENGINEERING,C10,CORRECTIVE,STRUCTURAL_DEFECT,2,3,0.824,16,0.711,0.678,1,124,2026-09-16,OVERDUE,40.49,MEDIUM
MT-001043,AST-00249,TRD,C12,CORRECTIVE,OHE_DAMAGE,3,2,0.808,7,1.073,0.57,1,124,2026-09-27,OPEN,37.72,LOW
MT-001044,AST-00277,TRD,C12,PREVENTIVE,OHE_DAMAGE,4,3,0.859,16,0.471,0.523,1,95,2026-09-01,OPEN,58.46,MEDIUM
MT-001045,AST-00479,S&T,C08,INSPECTION,AXLE_COUNTER_FAULT,3,3,0.757,16,0.951,0.568,1,69,2026-09-06,OVERDUE,49.98,MEDIUM
MT-001046,AST-00213,TRD,C10,OHE_REPAIR,CONTACT_WIRE_DEFECT,2,5,0.697,0,1.044,0.371,1,122,2026-09-27,OVERDUE,43.92,MEDIUM
MT-001047,AST-00077,TRD,C03,OHE_REPAIR,FEEDER_FAULT,4,3,0.722,17,1.358,0.673,1,159,2026-09-01,OPEN,77.75,HIGH
MT-001048,AST-00400,S&T,C18,CORRECTIVE,SIGNAL_FAILURE,4,4,0.731,17,1.146,0.451,1,122,2026-09-30,OVERDUE,77.23,HIGH
MT-001049,AST-00032,TRD,C04,PREVENTIVE,TRANSFORMER_FAULT,4,3,0.655,25,0.842,0.479,1,83,2026-09-08,OPEN,77.61,HIGH
MT-001050,AST-00164,ENGINEERING,C15,REPAIR,TRACK_GEOMETRY,3,5,0.572,11,0.831,0.619,1,143,2026-09-12,OPEN,79.36,HIGH
MT-001051,AST-00094,S&T,C17,INSPECTION,AXLE_COUNTER_FAULT,2,4,0.688,21,0.9,0.405,1,74,2026-09-04,OPEN,53.79,MEDIUM
MT-001052,AST-00308,S&T,C11,INSPECTION,RELAY_FAULT,1,4,0.76,0,1.063,0.396,1,30,2026-09-19,OPEN,37.53,LOW
MT-001053,AST-00370,ENGINEERING,C17,INSPECTION,POINT_DEFECT,3,4,0.739,0,0.466,0.477,1,78,2026-09-10,OPEN,51.71,MEDIUM
MT-001054,AST-00344,S&T,C11,SIGNAL_REPAIR,CABLE_FAULT,4,4,0.775,27,0.59,0.619,1,114,2026-09-23,OPEN,71.42,HIGH
MT-001055,AST-00410,ENGINEERING,C12,REPAIR,POINT_DEFECT,3,3,0.916,15,0.47,0.397,1,161,2026-09-03,SCHEDULED,58.52,MEDIUM
MT-001056,AST-00028,ENGINEERING,C02,INSPECTION,POINT_DEFECT,3,2,0.789,30,1.017,0.648,0.994,69,2026-09-22,OPEN,58.63,MEDIUM
MT-001057,AST-00233,TRD,C10,PREVENTIVE,TRANSFORMER_FAULT,1,4,0.881,45,0.694,0.235,1,45,2026-09-27,OVERDUE,41.73,MEDIUM
MT-001058,AST-00031,ENGINEERING,C04,INSPECTION,BALLAST_DEFECT,4,5,0.756,32,0.553,0.713,1,120,2026-09-24,OVERDUE,87.07,CRITICAL
MT-001059,AST-00029,S&T,C17,SIGNAL_REPAIR,INTERLOCKING_FAULT,3,4,0.682,15,0.638,0.21,1,127,2026-09-14,OPEN,52.52,MEDIUM
MT-001060,AST-00257,S&T,C05,PREVENTIVE,INTERLOCKING_FAULT,3,4,0.682,17,0.677,0.488,1,96,2026-09-26,SCHEDULED,71.7,HIGH
MT-001061,AST-00221,S&T,C08,INSPECTION,RELAY_FAULT,5,4,0.721,31,1.411,0.579,1,87,2026-09-18,OPEN,89.27,CRITICAL
MT-001062,AST-00175,ENGINEERING,C20,REPAIR,BALLAST_DEFECT,3,4,0.703,5,0.911,0.286,1,168,2026-09-26,SCHEDULED,66.02,HIGH
MT-001063,AST-00346,S&T,C18,PREVENTIVE,AXLE_COUNTER_FAULT,5,4,0.714,0,1.103,0.849,1,109,2026-09-27,SCHEDULED,84.59,CRITICAL
MT-001064,AST-00149,TRD,C01,OHE_REPAIR,OHE_DAMAGE,3,4,0.772,5,0.804,0.255,1,128,2026-09-03,OVERDUE,60.22,HIGH
MT-001065,AST-00135,S&T,C14,SIGNAL_REPAIR,SIGNAL_FAILURE,2,5,0.552,1,0.759,0.266,1,93,2026-09-14,OPEN,62.94,HIGH
MT-001066,AST-00016,ENGINEERING,C16,CORRECTIVE,STRUCTURAL_DEFECT,3,4,0.654,0,1.325,0.786,1,142,2026-09-16,OPEN,73.2,HIGH
MT-001067,AST-00424,ENGINEERING,C04,PREVENTIVE,STRUCTURAL_DEFECT,3,3,0.481,22,1.702,0.419,1,98,2026-09-20,SCHEDULED,64.21,HIGH
MT-001068,AST-00235,TRD,C18,PREVENTIVE,CONTACT_WIRE_DEFECT,5,4,0.502,13,1.614,0.821,1,95,2026-09-10,OPEN,88.07,CRITICAL
MT-001069,AST-00279,S&T,C18,CORRECTIVE,INTERLOCKING_FAULT,5,4,0.772,0,0.685,0.503,1,158,2026-09-21,OVERDUE,81.1,CRITICAL
MT-001070,AST-00448,ENGINEERING,C17,PREVENTIVE,RAIL_CRACK,2,1,0.687,30,1.452,0.535,0.833,76,2026-09-21,OVERDUE,40.09,MEDIUM
MT-001071,AST-00288,TRD,C02,CORRECTIVE,INSULATOR_FAILURE,1,4,0.686,22,0.768,0.491,1,99,2026-09-13,OPEN,60.13,HIGH
MT-001072,AST-00177,S&T,C04,INSPECTION,CABLE_FAULT,4,3,0.868,16,0.634,0.793,1,73,2026-09-18,OPEN,64.73,HIGH
MT-001073,AST-00494,S&T,C01,CORRECTIVE,CABLE_FAULT,3,3,0.611,0,1.292,0.49,1,111,2026-09-12,OVERDUE,42.48,MEDIUM
MT-001074,AST-00096,S&T,C15,CORRECTIVE,CABLE_FAULT,4,4,1.0,0,0.802,0.739,1,129,2026-09-12,OVERDUE,72.71,HIGH
MT-001075,AST-00248,TRD,C15,OHE_REPAIR,CONTACT_WIRE_DEFECT,2,2,0.579,30,1.321,0.589,1,132,2026-09-28,OVERDUE,33.53,LOW
MT-001076,AST-00057,ENGINEERING,C01,REPAIR,BALLAST_DEFECT,1,2,0.628,18,1.364,0.329,1,146,2026-09-13,OPEN,18.28,LOW
MT-001077,AST-00168,ENGINEERING,C05,CORRECTIVE,BALLAST_DEFECT,2,3,0.483,22,1.66,0.375,1,133,2026-09-23,OPEN,53.63,MEDIUM
MT-001078,AST-00326,ENGINEERING,C20,REPAIR,TRACK_GEOMETRY,2,3,0.466,7,1.441,0.213,1,147,2026-09-18,OPEN,36.84,LOW
MT-001079,AST-00332,TRD,C14,CORRECTIVE,OHE_DAMAGE,1,2,0.812,21,1.278,0.207,1,93,2026-09-16,OPEN,20.98,LOW
MT-001080,AST-00347,ENGINEERING,C02,REPAIR,STRUCTURAL_DEFECT,3,3,0.441,0,1.505,0.625,1,174,2026-09-13,OPEN,74.64,HIGH
MT-001081,AST-00270,ENGINEERING,C15,REPAIR,BALLAST_DEFECT,1,2,0.602,0,0.835,0.519,1,144,2026-09-26,OVERDUE,31.74,LOW
MT-001082,AST-00351,TRD,C06,PREVENTIVE,INSULATOR_FAILURE,3,3,0.711,0,0.463,0.339,1,91,2026-09-26,OPEN,34.6,LOW
MT-001083,AST-00054,ENGINEERING,C06,CORRECTIVE,POINT_DEFECT,1,5,0.499,0,1.472,0.278,1,103,2026-09-01,OPEN,58.19,MEDIUM
MT-001084,AST-00312,S&T,C18,CORRECTIVE,CABLE_FAULT,3,4,0.818,2,1.052,0.576,1,117,2026-09-20,OVERDUE,55.89,MEDIUM
MT-001085,AST-00372,ENGINEERING,C09,REPAIR,STRUCTURAL_DEFECT,3,4,0.736,12,0.496,0.461,1,164,2026-09-23,OPEN,56.95,MEDIUM
MT-001086,AST-00170,ENGINEERING,C11,PREVENTIVE,POINT_DEFECT,3,2,0.674,0,0.52,0.535,1,83,2026-09-29,OVERDUE,43.57,MEDIUM
MT-001087,AST-00011,TRD,C06,CORRECTIVE,FEEDER_FAULT,3,4,0.648,19,0.587,0.403,1,124,2026-09-24,OVERDUE,60.91,HIGH
MT-001088,AST-00008,TRD,C03,PREVENTIVE,TRANSFORMER_FAULT,3,4,0.542,18,1.216,0.893,1,70,2026-09-19,OVERDUE,65.01,HIGH
MT-001089,AST-00135,S&T,C14,CORRECTIVE,RELAY_FAULT,2,5,0.552,4,1.475,0.477,1,100,2026-09-06,OVERDUE,62.99,HIGH
MT-001090,AST-00043,TRD,C15,CORRECTIVE,FEEDER_FAULT,2,1,0.921,2,0.126,0.314,1,119,2026-09-01,OPEN,16.13,LOW
MT-001091,AST-00323,ENGINEERING,C01,PREVENTIVE,TRACK_GEOMETRY,2,3,0.61,35,1.319,0.371,1,81,2026-09-21,OVERDUE,53.23,MEDIUM
MT-001092,AST-00153,S&T,C05,SIGNAL_REPAIR,RELAY_FAULT,1,3,0.668,0,1.131,0.239,1,124,2026-09-30,OVERDUE,31.97,LOW
MT-001093,AST-00285,TRD,C19,PREVENTIVE,TRANSFORMER_FAULT,3,2,0.679,16,0.786,0.378,1,123,2026-09-10,OPEN,44.07,MEDIUM
MT-001094,AST-00348,ENGINEERING,C17,REPAIR,STRUCTURAL_DEFECT,2,3,0.904,4,0.6,0.435,1,103,2026-09-02,OPEN,32.62,LOW
MT-001095,AST-00380,TRD,C05,OHE_REPAIR,OHE_DAMAGE,2,3,0.708,14,0.764,0.582,1,146,2026-09-08,OPEN,48.42,MEDIUM
MT-001096,AST-00460,S&T,C19,PREVENTIVE,CABLE_FAULT,2,2,0.891,29,1.153,0.327,1,80,2026-09-28,OPEN,27.02,LOW
MT-001097,AST-00471,ENGINEERING,C11,REPAIR,TRACK_GEOMETRY,3,2,0.712,17,1.276,0.419,1,150,2026-09-21,SCHEDULED,57.99,MEDIUM
MT-001098,AST-00087,ENGINEERING,C05,REPAIR,TRACK_GEOMETRY,2,4,0.782,19,0.455,0.526,1,155,2026-09-21,OVERDUE,51.22,MEDIUM
MT-001099,AST-00014,S&T,C15,CORRECTIVE,RELAY_FAULT,4,3,0.59,9,1.331,0.578,1,155,2026-09-03,OPEN,77.02,HIGH
MT-001100,AST-00323,ENGINEERING,C01,INSPECTION,RAIL_CRACK,3,3,0.61,10,1.376,0.393,1,86,2026-09-30,OPEN,49.75,MEDIUM
MT-001101,AST-00195,TRD,C17,INSPECTION,FEEDER_FAULT,4,2,0.95,3,0.166,0.47,1,80,2026-09-29,SCHEDULED,45.5,MEDIUM
MT-001102,AST-00075,TRD,C08,INSPECTION,FEEDER_FAULT,2,3,0.598,4,0.77,0.424,1,67,2026-09-25,OPEN,41.8,MEDIUM
MT-001103,AST-00425,TRD,C17,CORRECTIVE,OHE_DAMAGE,5,5,0.947,3,0.998,0.621,1,129,2026-09-07,OPEN,85.11,CRITICAL
MT-001104,AST-00001,TRD,C01,INSPECTION,TRANSFORMER_FAULT,3,2,0.717,11,0.607,0.599,1,72,2026-09-27,OVERDUE,45.54,MEDIUM
MT-001105,AST-00167,ENGINEERING,C07,INSPECTION,POINT_DEFECT,3,4,0.657,40,0.522,0.679,1,64,2026-09-21,OVERDUE,74.61,HIGH
MT-001106,AST-00145,TRD,C16,INSPECTION,CONTACT_WIRE_DEFECT,3,3,0.951,0,0.319,0.307,1,69,2026-09-16,OPEN,31.97,LOW
MT-001107,AST-00008,TRD,C03,PREVENTIVE,TRANSFORMER_FAULT,5,4,0.542,0,1.617,0.713,1,100,2026-09-15,SCHEDULED,84.1,CRITICAL
MT-001108,AST-00249,TRD,C12,INSPECTION,TRANSFORMER_FAULT,3,2,0.808,0,0.52,0.415,1,82,2026-09-16,OPEN,30.75,LOW
MT-001109,AST-00202,TRD,C08,INSPECTION,OHE_DAMAGE,4,2,0.756,10,0.395,0.828,1,103,2026-09-16,SCHEDULED,57.99,MEDIUM
MT-001110,AST-00189,TRD,C19,CORRECTIVE,CONTACT_WIRE_DEFECT,4,4,0.643,0,0.997,0.441,1,149,2026-09-18,SCHEDULED,65.07,HIGH
MT-001111,AST-00007,TRD,C13,INSPECTION,INSULATOR_FAILURE,4,4,0.466,2,1.346,0.599,1,89,2026-09-25,OVERDUE,84.79,CRITICAL
MT-001112,AST-00207,S&T,C03,INSPECTION,INTERLOCKING_FAULT,5,5,0.781,17,1.028,0.639,1,81,2026-09-13,OPEN,90.26,CRITICAL
MT-001113,AST-00471,ENGINEERING,C11,REPAIR,RAIL_CRACK,2,2,0.712,24,0.95,0.162,1,141,2026-09-24,OVERDUE,48.0,MEDIUM
MT-001114,AST-00282,TRD,C19,INSPECTION,CONTACT_WIRE_DEFECT,4,4,0.849,14,0.894,0.539,1,102,2026-09-14,OVERDUE,78.27,HIGH
MT-001115,AST-00356,ENGINEERING,C02,PREVENTIVE,POINT_DEFECT,3,3,0.775,12,0.542,0.667,1,75,2026-09-05,OPEN,58.53,MEDIUM
MT-001116,AST-00095,S&T,C14,SIGNAL_REPAIR,AXLE_COUNTER_FAULT,3,5,0.878,24,0.305,0.411,1,138,2026-09-08,OPEN,74.38,HIGH
MT-001117,AST-00177,S&T,C04,PREVENTIVE,CABLE_FAULT,2,3,0.868,6,0.495,0.58,1,70,2026-09-15,OVERDUE,40.3,MEDIUM
MT-001118,AST-00474,ENGINEERING,C10,INSPECTION,POINT_DEFECT,1,3,1.0,12,0.224,0.306,1,51,2026-09-10,OVERDUE,17.69,LOW
MT-001119,AST-00349,TRD,C16,PREVENTIVE,INSULATOR_FAILURE,4,3,0.94,8,0.83,0.601,1,86,2026-09-05,OVERDUE,55.36,MEDIUM
MT-001120,AST-00012,TRD,C02,OHE_REPAIR,OHE_DAMAGE,2,5,0.864,0,0.633,0.389,1,142,2026-09-05,SCHEDULED,37.43,LOW
MT-001121,AST-00345,TRD,C16,OHE_REPAIR,TRANSFORMER_FAULT,4,2,0.894,0,0.175,0.497,1,141,2026-09-28,OPEN,51.17,MEDIUM
MT-001122,AST-00326,ENGINEERING,C20,INSPECTION,POINT_DEFECT,4,3,0.466,8,1.632,0.586,1,105,2026-09-06,SCHEDULED,87.12,CRITICAL
MT-001123,AST-00307,TRD,C06,OHE_REPAIR,OHE_DAMAGE,3,1,0.458,3,1.369,0.438,1,142,2026-09-23,OPEN,49.17,MEDIUM
MT-001124,AST-00074,S&T,C09,PREVENTIVE,INTERLOCKING_FAULT,3,5,0.775,27,0.781,0.549,1,105,2026-09-16,OPEN,69.81,HIGH
MT-001125,AST-00369,TRD,C13,OHE_REPAIR,INSULATOR_FAILURE,4,2,0.551,0,1.23,0.507,1,178,2026-09-27,OPEN,57.52,MEDIUM
MT-001126,AST-00371,S&T,C09,SIGNAL_REPAIR,SIGNAL_FAILURE,5,3,0.871,0,1.102,0.721,1,132,2026-09-23,OVERDUE,76.37,HIGH
MT-001127,AST-00059,S&T,C04,SIGNAL_REPAIR,SIGNAL_FAILURE,5,3,0.805,14,0.83,0.83,0.994,150,2026-09-05,OPEN,80.54,CRITICAL
MT-001128,AST-00109,ENGINEERING,C02,CORRECTIVE,POINT_DEFECT,4,3,0.705,0,0.552,0.506,1,118,2026-09-13,OPEN,51.44,MEDIUM
MT-001129,AST-00248,TRD,C15,OHE_REPAIR,CONTACT_WIRE_DEFECT,1,2,0.579,32,1.579,0.265,0.901,121,2026-09-23,SCHEDULED,45.41,MEDIUM
MT-001130,AST-00455,S&T,C18,INSPECTION,INTERLOCKING_FAULT,3,1,0.807,11,1.031,0.469,1,82,2026-09-11,OVERDUE,34.32,LOW
MT-001131,AST-00376,S&T,C10,PREVENTIVE,RELAY_FAULT,2,5,1.0,14,0.683,0.311,1,86,2026-09-12,SCHEDULED,41.26,MEDIUM
MT-001132,AST-00491,TRD,C06,INSPECTION,OHE_DAMAGE,2,3,0.936,8,0.402,0.334,1,82,2026-09-24,OPEN,33.08,LOW
MT-001133,AST-00345,TRD,C16,CORRECTIVE,OHE_DAMAGE,3,2,0.894,18,0.935,0.534,1,129,2026-09-20,OPEN,50.32,MEDIUM
MT-001134,AST-00279,S&T,C18,CORRECTIVE,AXLE_COUNTER_FAULT,3,4,0.772,0,0.494,0.504,1,160,2026-09-15,OPEN,52.84,MEDIUM
MT-001135,AST-00006,S&T,C20,SIGNAL_REPAIR,CABLE_FAULT,4,5,0.849,4,1.059,0.522,1,135,2026-09-13,SCHEDULED,78.3,HIGH
MT-001136,AST-00330,S&T,C09,PREVENTIVE,RELAY_FAULT,4,4,0.753,9,0.502,0.64,1,115,2026-09-21,OVERDUE,73.97,HIGH
MT-001137,AST-00495,ENGINEERING,C16,CORRECTIVE,RAIL_CRACK,5,5,0.742,13,0.752,0.726,1,168,2026-09-13,OPEN,90.03,CRITICAL
MT-001138,AST-00242,S&T,C13,PREVENTIVE,CABLE_FAULT,2,5,0.805,10,0.331,0.354,1,96,2026-09-02,OVERDUE,50.24,MEDIUM
MT-001139,AST-00295,ENGINEERING,C18,INSPECTION,TRACK_GEOMETRY,5,2,0.829,6,1.014,0.748,0.988,79,2026-09-27,OVERDUE,63.54,HIGH
MT-001140,AST-00214,S&T,C19,CORRECTIVE,AXLE_COUNTER_FAULT,5,5,0.529,10,1.679,0.682,1,126,2026-09-18,SCHEDULED,93.26,CRITICAL
MT-001141,AST-00140,S&T,C16,SIGNAL_REPAIR,AXLE_COUNTER_FAULT,4,1,0.752,7,0.947,0.704,1,130,2026-09-30,OPEN,61.22,HIGH
MT-001142,AST-00419,TRD,C19,OHE_REPAIR,FEEDER_FAULT,4,4,0.882,5,0.736,0.648,1,176,2026-09-03,SCHEDULED,70.27,HIGH
MT-001143,AST-00038,ENGINEERING,C18,CORRECTIVE,POINT_DEFECT,2,4,0.511,10,0.851,0.322,1,117,2026-09-23,OVERDUE,63.28,HIGH
MT-001144,AST-00224,TRD,C09,INSPECTION,FEEDER_FAULT,3,4,0.588,31,1.502,0.23,1,90,2026-09-21,OVERDUE,67.43,HIGH
MT-001145,AST-00011,TRD,C06,INSPECTION,TRANSFORMER_FAULT,3,4,0.648,9,0.568,0.478,1,102,2026-09-19,SCHEDULED,54.67,MEDIUM
MT-001146,AST-00172,ENGINEERING,C17,PREVENTIVE,TRACK_GEOMETRY,4,5,0.607,2,0.988,0.72,1,99,2026-09-07,OVERDUE,81.58,CRITICAL
MT-001147,AST-00360,TRD,C11,INSPECTION,INSULATOR_FAILURE,3,4,0.886,19,0.462,0.356,1,76,2026-09-05,OPEN,52.4,MEDIUM
MT-001148,AST-00286,TRD,C05,OHE_REPAIR,CONTACT_WIRE_DEFECT,3,1,0.594,12,1.097,0.649,1,158,2026-09-15,OPEN,43.26,MEDIUM
MT-001149,AST-00153,S&T,C05,INSPECTION,SIGNAL_FAILURE,2,3,0.668,12,1.337,0.124,1,84,2026-09-24,OPEN,41.21,MEDIUM
MT-001150,AST-00201,TRD,C17,CORRECTIVE,INSULATOR_FAILURE,2,3,0.908,27,0.673,0.617,1,111,2026-09-20,OVERDUE,39.77,LOW
MT-001151,AST-00289,TRD,C17,PREVENTIVE,FEEDER_FAULT,5,5,0.769,14,1.26,0.878,1,110,2026-09-01,OVERDUE,89.65,CRITICAL
MT-001152,AST-00393,ENGINEERING,C20,INSPECTION,RAIL_CRACK,3,1,0.599,24,1.004,0.494,1,57,2026-09-04,SCHEDULED,43.02,MEDIUM
MT-001153,AST-00223,S&T,C10,PREVENTIVE,CABLE_FAULT,5,2,0.705,11,0.999,0.936,1,105,2026-09-06,OPEN,83.96,CRITICAL
MT-001154,AST-00309,S&T,C12,CORRECTIVE,SIGNAL_FAILURE,4,3,0.735,15,0.952,0.715,1,163,2026-09-27,OVERDUE,65.03,HIGH
MT-001155,AST-00237,TRD,C04,CORRECTIVE,TRANSFORMER_FAULT,3,1,0.889,0,1.083,0.361,1,134,2026-09-01,OPEN,27.35,LOW
MT-001156,AST-00314,ENGINEERING,C18,REPAIR,RAIL_CRACK,2,3,0.844,0,0.468,0.361,0.976,141,2026-09-07,OVERDUE,24.19,LOW
MT-001157,AST-00363,TRD,C15,CORRECTIVE,CONTACT_WIRE_DEFECT,2,3,0.856,12,0.895,0.502,1,108,2026-09-02,OVERDUE,39.54,LOW
MT-001158,AST-00015,TRD,C09,PREVENTIVE,TRANSFORMER_FAULT,5,3,0.801,15,0.928,0.633,1,97,2026-09-28,OVERDUE,80.57,CRITICAL
MT-001159,AST-00406,S&T,C02,SIGNAL_REPAIR,CABLE_FAULT,3,4,0.817,29,0.74,0.427,1,110,2026-09-04,OVERDUE,65.78,HIGH
MT-001160,AST-00419,TRD,C19,CORRECTIVE,TRANSFORMER_FAULT,3,4,0.882,11,0.179,0.681,1,124,2026-09-14,OVERDUE,65.94,HIGH
MT-001161,AST-00277,TRD,C12,OHE_REPAIR,FEEDER_FAULT,3,3,0.859,0,0.973,0.498,1,147,2026-09-28,OVERDUE,49.52,MEDIUM
MT-001162,AST-00291,TRD,C08,OHE_REPAIR,FEEDER_FAULT,1,4,0.751,7,0.591,0.47,1,128,2026-09-07,SCHEDULED,40.22,MEDIUM
MT-001163,AST-00277,TRD,C12,PREVENTIVE,OHE_DAMAGE,3,3,0.859,13,1.129,0.607,1,90,2026-09-18,OPEN,57.57,MEDIUM
MT-001164,AST-00278,TRD,C20,INSPECTION,TRANSFORMER_FAULT,2,2,0.703,27,0.629,0.379,1,93,2026-09-24,OPEN,31.6,LOW
MT-001165,AST-00267,ENGINEERING,C13,INSPECTION,TRACK_GEOMETRY,5,2,0.617,18,0.603,0.601,1,70,2026-09-07,OVERDUE,74.13,HIGH
MT-001166,AST-00262,TRD,C03,PREVENTIVE,INSULATOR_FAILURE,3,2,0.777,20,1.031,0.505,1,82,2026-09-24,OPEN,52.86,MEDIUM
MT-001167,AST-00424,ENGINEERING,C04,CORRECTIVE,POINT_DEFECT,1,3,0.481,10,1.351,0.224,1,94,2026-09-26,OPEN,33.62,LOW
MT-001168,AST-00477,TRD,C12,CORRECTIVE,TRANSFORMER_FAULT,4,2,0.817,0,1.001,0.467,1,125,2026-09-10,OPEN,44.25,MEDIUM
MT-001169,AST-00096,S&T,C15,INSPECTION,AXLE_COUNTER_FAULT,5,4,1.0,0,0.827,0.844,1,103,2026-09-19,SCHEDULED,77.53,HIGH
MT-001170,AST-00286,TRD,C05,OHE_REPAIR,TRANSFORMER_FAULT,3,1,0.594,13,1.193,0.441,0.911,145,2026-09-17,OPEN,30.54,LOW
MT-001171,AST-00499,S&T,C20,PREVENTIVE,CABLE_FAULT,2,4,0.818,0,0.409,0.544,1,76,2026-09-15,OPEN,40.87,MEDIUM
MT-001172,AST-00094,S&T,C17,INSPECTION,CABLE_FAULT,1,4,0.688,25,1.232,0.246,1,59,2026-09-05,OPEN,38.05,LOW
MT-001173,AST-00108,ENGINEERING,C16,PREVENTIVE,TRACK_GEOMETRY,5,5,0.586,0,1.179,0.606,1,90,2026-09-29,OPEN,82.66,CRITICAL
MT-001174,AST-00251,S&T,C09,INSPECTION,RELAY_FAULT,4,2,0.716,15,0.825,0.492,1,99,2026-09-06,OVERDUE,65.56,HIGH
MT-001175,AST-00192,TRD,C10,PREVENTIVE,FEEDER_FAULT,4,3,0.622,31,1.41,0.545,1,124,2026-09-27,OPEN,75.19,HIGH
MT-001176,AST-00309,S&T,C12,PREVENTIVE,CABLE_FAULT,5,3,0.735,22,1.346,0.611,1,103,2026-09-27,OVERDUE,77.32,HIGH
MT-001177,AST-00308,S&T,C11,CORRECTIVE,CABLE_FAULT,2,4,0.76,14,0.456,0.617,1,104,2026-09-30,OPEN,46.08,MEDIUM
MT-001178,AST-00278,TRD,C20,PREVENTIVE,OHE_DAMAGE,3,2,0.703,10,0.721,0.342,1,98,2026-09-04,OVERDUE,41.43,MEDIUM
MT-001179,AST-00146,ENGINEERING,C10,INSPECTION,RAIL_CRACK,3,2,0.948,38,0.42,0.615,1,91,2026-09-17,OPEN,59.81,MEDIUM
MT-001180,AST-00057,ENGINEERING,C01,CORRECTIVE,RAIL_CRACK,2,2,0.628,29,1.423,0.485,1,110,2026-09-21,OPEN,44.59,MEDIUM
MT-001181,AST-00022,TRD,C20,INSPECTION,CONTACT_WIRE_DEFECT,2,3,0.863,1,0.206,0.211,1,62,2026-09-26,OVERDUE,29.43,LOW
MT-001182,AST-00185,TRD,C20,PREVENTIVE,INSULATOR_FAILURE,5,5,1.0,0,0.624,0.685,1,126,2026-09-12,OVERDUE,82.76,CRITICAL
MT-001183,AST-00164,ENGINEERING,C15,PREVENTIVE,RAIL_CRACK,2,5,0.572,40,1.388,0.127,1,68,2026-09-11,OVERDUE,70.61,HIGH
MT-001184,AST-00393,ENGINEERING,C20,CORRECTIVE,TRACK_GEOMETRY,5,1,0.599,35,0.768,0.883,0.93,111,2026-09-12,OPEN,85.35,CRITICAL
MT-001185,AST-00163,S&T,C04,PREVENTIVE,SIGNAL_FAILURE,3,3,0.701,22,1.373,0.566,1,71,2026-09-01,OVERDUE,65.49,HIGH
MT-001186,AST-00017,ENGINEERING,C06,PREVENTIVE,POINT_DEFECT,2,4,0.741,1,0.711,0.419,1,105,2026-09-11,OVERDUE,39.02,LOW
MT-001187,AST-00239,ENGINEERING,C15,INSPECTION,STRUCTURAL_DEFECT,4,2,0.584,25,0.802,0.638,1,63,2026-09-08,OPEN,65.15,HIGH
MT-001188,AST-00144,ENGINEERING,C06,REPAIR,RAIL_CRACK,3,4,0.633,11,1.277,0.414,1,163,2026-09-20,OPEN,70.04,HIGH
MT-001189,AST-00165,TRD,C18,CORRECTIVE,INSULATOR_FAILURE,2,5,0.83,22,1.119,0.225,1,115,2026-09-04,OVERDUE,65.95,HIGH
MT-001190,AST-00442,ENGINEERING,C04,CORRECTIVE,TRACK_GEOMETRY,5,4,0.701,29,0.534,0.66,1,141,2026-09-05,OVERDUE,86.23,CRITICAL
MT-001191,AST-00351,TRD,C06,INSPECTION,FEEDER_FAULT,3,3,0.711,0,0.516,0.675,1,75,2026-09-01,OVERDUE,52.52,MEDIUM
MT-001192,AST-00267,ENGINEERING,C13,INSPECTION,TRACK_GEOMETRY,2,2,0.617,0,1.288,0.42,1,81,2026-09-10,OPEN,31.74,LOW
MT-001193,AST-00125,S&T,C01,PREVENTIVE,INTERLOCKING_FAULT,2,4,0.852,9,0.537,0.288,1,98,2026-09-14,OPEN,46.47,MEDIUM
MT-001194,AST-00068,ENGINEERING,C10,REPAIR,STRUCTURAL_DEFECT,3,5,0.643,21,1.473,0.518,1,152,2026-09-28,SCHEDULED,81.45,CRITICAL
MT-001195,AST-00098,TRD,C09,CORRECTIVE,CONTACT_WIRE_DEFECT,4,1,0.884,13,0.592,0.605,0.847,122,2026-09-01,SCHEDULED,41.77,MEDIUM
MT-001196,AST-00145,TRD,C16,INSPECTION,CONTACT_WIRE_DEFECT,3,3,0.951,28,0.28,0.371,1,82,2026-09-11,SCHEDULED,41.82,MEDIUM
MT-001197,AST-00431,ENGINEERING,C13,CORRECTIVE,TRACK_GEOMETRY,3,2,0.838,12,0.793,0.516,1,131,2026-09-06,OVERDUE,51.23,MEDIUM
MT-001198,AST-00345,TRD,C16,CORRECTIVE,FEEDER_FAULT,4,2,0.894,10,0.478,0.612,1,130,2026-09-13,SCHEDULED,45.72,MEDIUM
MT-001199,AST-00312,S&T,C18,INSPECTION,RELAY_FAULT,4,4,0.818,3,0.916,0.494,1,85,2026-09-16,OPEN,70.91,HIGH
MT-001200,AST-00037,S&T,C14,INSPECTION,AXLE_COUNTER_FAULT,3,2,0.829,11,0.742,0.489,1,90,2026-09-04,OVERDUE,47.25,MEDIUM
MT-001201,AST-00183,TRD,C07,OHE_REPAIR,FEEDER_FAULT,4,2,0.612,12,1.245,0.5,1,148,2026-09-09,OPEN,66.09,HIGH
MT-001202,AST-00369,TRD,C13,OHE_REPAIR,TRANSFORMER_FAULT,4,2,0.551,6,0.82,0.625,1,146,2026-09-26,OPEN,57.66,MEDIUM
MT-001203,AST-00038,ENGINEERING,C18,PREVENTIVE,STRUCTURAL_DEFECT,5,4,0.511,6,0.747,0.714,1,135,2026-09-18,OPEN,85.72,CRITICAL
MT-001204,AST-00282,TRD,C19,PREVENTIVE,CONTACT_WIRE_DEFECT,5,4,0.849,8,1.14,0.787,1,123,2026-09-26,OPEN,81.99,CRITICAL
MT-001205,AST-00059,S&T,C04,SIGNAL_REPAIR,RELAY_FAULT,3,3,0.805,12,0.549,0.433,1,158,2026-09-12,OPEN,53.21,MEDIUM
MT-001206,AST-00166,S&T,C07,INSPECTION,CABLE_FAULT,3,2,0.596,8,1.501,0.31,1,80,2026-09-20,OVERDUE,37.57,LOW
MT-001207,AST-00239,ENGINEERING,C15,REPAIR,BALLAST_DEFECT,5,2,0.584,2,1.486,0.539,1,195,2026-09-17,OPEN,83.63,CRITICAL
MT-001208,AST-00059,S&T,C04,CORRECTIVE,SIGNAL_FAILURE,4,3,0.805,12,1.282,0.638,1,130,2026-09-04,OPEN,69.89,HIGH
MT-001209,AST-00096,S&T,C15,CORRECTIVE,RELAY_FAULT,2,4,1.0,10,0.288,0.342,1,107,2026-09-25,OVERDUE,44.15,MEDIUM
MT-001210,AST-00168,ENGINEERING,C05,CORRECTIVE,STRUCTURAL_DEFECT,2,3,0.483,19,0.79,0.217,1,104,2026-09-20,OPEN,53.46,MEDIUM
MT-001211,AST-00367,S&T,C09,INSPECTION,SIGNAL_FAILURE,4,3,0.661,0,0.727,0.5,1,91,2026-09-19,OPEN,61.87,HIGH
MT-001212,AST-00412,ENGINEERING,C14,INSPECTION,POINT_DEFECT,2,5,0.503,21,1.506,0.366,1,90,2026-09-25,OVERDUE,75.22,HIGH
MT-001213,AST-00251,S&T,C09,SIGNAL_REPAIR,RELAY_FAULT,5,2,0.716,0,0.958,0.698,0.898,160,2026-09-26,OPEN,75.42,HIGH
MT-001214,AST-00029,S&T,C17,CORRECTIVE,SIGNAL_FAILURE,5,4,0.682,16,1.148,0.483,1,140,2026-09-13,OPEN,82.24,CRITICAL
MT-001215,AST-00474,ENGINEERING,C10,INSPECTION,RAIL_CRACK,4,3,1.0,6,0.372,0.734,1,106,2026-09-13,SCHEDULED,55.13,MEDIUM
MT-001216,AST-00096,S&T,C15,PREVENTIVE,INTERLOCKING_FAULT,5,4,1.0,4,0.163,0.71,1,136,2026-09-19,SCHEDULED,73.53,HIGH
MT-001217,AST-00240,S&T,C13,SIGNAL_REPAIR,SIGNAL_FAILURE,1,3,0.901,18,0.986,0.178,1,108,2026-09-04,OVERDUE,25.7,LOW
MT-001218,AST-00169,ENGINEERING,C09,REPAIR,POINT_DEFECT,3,2,0.786,12,0.476,0.466,0.986,148,2026-09-24,OPEN,38.34,LOW
MT-001219,AST-00056,S&T,C07,INSPECTION,CABLE_FAULT,3,3,0.964,3,0.898,0.784,1,53,2026-09-11,OVERDUE,61.16,HIGH
MT-001220,AST-00151,S&T,C07,PREVENTIVE,RELAY_FAULT,2,4,0.66,9,1.049,0.535,1,86,2026-09-06,OVERDUE,53.15,MEDIUM
MT-001221,AST-00188,ENGINEERING,C14,INSPECTION,STRUCTURAL_DEFECT,2,3,0.912,7,0.321,0.529,1,75,2026-09-26,SCHEDULED,24.41,LOW
MT-001222,AST-00436,S&T,C06,PREVENTIVE,RELAY_FAULT,2,5,0.825,16,0.527,0.502,1,74,2026-09-24,OPEN,54.55,MEDIUM
MT-001223,AST-00222,ENGINEERING,C16,INSPECTION,BALLAST_DEFECT,2,3,0.594,14,1.184,0.565,1,92,2026-09-14,OVERDUE,48.61,MEDIUM
MT-001224,AST-00231,ENGINEERING,C04,CORRECTIVE,STRUCTURAL_DEFECT,3,4,0.598,16,1.008,0.521,1,151,2026-09-02,OVERDUE,61.7,HIGH
MT-001225,AST-00063,S&T,C11,PREVENTIVE,RELAY_FAULT,4,3,0.613,0,1.401,0.463,1,91,2026-09-05,SCHEDULED,70.15,HIGH
MT-001226,AST-00051,ENGINEERING,C05,INSPECTION,STRUCTURAL_DEFECT,2,4,0.953,25,0.222,0.384,1,87,2026-09-16,OVERDUE,39.62,LOW
MT-001227,AST-00477,TRD,C12,CORRECTIVE,CONTACT_WIRE_DEFECT,2,2,0.817,0,1.252,0.347,1,101,2026-09-06,OPEN,25.93,LOW
MT-001228,AST-00150,ENGINEERING,C16,PREVENTIVE,STRUCTURAL_DEFECT,3,4,0.836,2,0.363,0.643,1,87,2026-09-10,OPEN,60.96,HIGH
MT-001229,AST-00206,TRD,C10,CORRECTIVE,INSULATOR_FAILURE,5,3,0.848,7,0.958,0.93,1,136,2026-09-16,OPEN,80.13,CRITICAL
MT-001230,AST-00304,S&T,C04,SIGNAL_REPAIR,CABLE_FAULT,2,2,0.726,0,1.227,0.225,1,110,2026-09-04,OVERDUE,22.9,LOW
MT-001231,AST-00207,S&T,C03,PREVENTIVE,CABLE_FAULT,4,5,0.781,4,0.868,0.504,1,74,2026-09-05,OPEN,64.65,HIGH
MT-001232,AST-00314,ENGINEERING,C18,PREVENTIVE,RAIL_CRACK,2,3,0.844,15,1.085,0.373,1,72,2026-09-04,SCHEDULED,39.89,LOW
MT-001233,AST-00251,S&T,C09,PREVENTIVE,AXLE_COUNTER_FAULT,1,2,0.716,6,1.082,0.164,1,69,2026-09-16,OPEN,21.2,LOW
MT-001234,AST-00372,ENGINEERING,C09,REPAIR,RAIL_CRACK,2,4,0.736,13,0.896,0.412,1,140,2026-09-03,OPEN,50.45,MEDIUM
MT-001235,AST-00117,TRD,C15,PREVENTIVE,INSULATOR_FAILURE,2,3,0.559,0,1.58,0.665,1,65,2026-09-04,OVERDUE,39.23,LOW
MT-001236,AST-00251,S&T,C09,INSPECTION,SIGNAL_FAILURE,4,2,0.716,1,0.811,0.658,1,55,2026-09-22,SCHEDULED,48.92,MEDIUM
MT-001237,AST-00391,TRD,C08,INSPECTION,FEEDER_FAULT,2,4,0.882,17,1.078,0.483,1,40,2026-09-17,OPEN,37.1,LOW
MT-001238,AST-00217,S&T,C12,INSPECTION,AXLE_COUNTER_FAULT,2,5,0.758,23,0.78,0.505,1,33,2026-09-15,SCHEDULED,66.94,HIGH
MT-001239,AST-00122,ENGINEERING,C12,PREVENTIVE,BALLAST_DEFECT,3,3,0.902,6,0.842,0.587,1,48,2026-09-30,OPEN,46.91,MEDIUM
MT-001240,AST-00276,TRD,C13,PREVENTIVE,TRANSFORMER_FAULT,3,1,0.735,14,0.768,0.569,1,78,2026-09-17,OVERDUE,54.43,MEDIUM
MT-001241,AST-00214,S&T,C19,SIGNAL_REPAIR,CABLE_FAULT,1,5,0.529,5,1.083,0.469,1,97,2026-09-18,OPEN,59.3,MEDIUM
MT-001242,AST-00091,ENGINEERING,C10,INSPECTION,TRACK_GEOMETRY,2,1,0.656,34,1.132,0.257,1,32,2026-09-11,OPEN,35.14,LOW
MT-001243,AST-00043,TRD,C15,CORRECTIVE,INSULATOR_FAILURE,2,1,0.921,30,0.446,0.288,1,104,2026-09-17,OPEN,28.25,LOW
MT-001244,AST-00364,TRD,C13,INSPECTION,TRANSFORMER_FAULT,3,4,0.709,14,0.591,0.628,1,72,2026-09-06,OPEN,64.89,HIGH
MT-001245,AST-00374,S&T,C15,SIGNAL_REPAIR,RELAY_FAULT,3,3,0.759,2,1.264,0.522,1,123,2026-09-14,OVERDUE,64.26,HIGH
MT-001246,AST-00404,ENGINEERING,C08,CORRECTIVE,POINT_DEFECT,3,3,0.968,23,0.393,0.603,1,127,2026-09-26,OVERDUE,42.63,MEDIUM
MT-001247,AST-00006,S&T,C20,CORRECTIVE,RELAY_FAULT,2,5,0.849,13,0.546,0.34,1,108,2026-09-12,OVERDUE,47.76,MEDIUM
MT-001248,AST-00497,ENGINEERING,C01,INSPECTION,POINT_DEFECT,1,3,0.749,4,0.665,0.418,1,72,2026-09-04,OPEN,25.67,LOW
MT-001249,AST-00166,S&T,C07,SIGNAL_REPAIR,SIGNAL_FAILURE,2,2,0.596,0,0.657,0.274,1,95,2026-09-11,OVERDUE,30.16,LOW
MT-001250,AST-00149,TRD,C01,CORRECTIVE,FEEDER_FAULT,4,4,0.772,6,0.662,0.487,1,110,2026-09-07,OPEN,66.89,HIGH
MT-001251,AST-00406,S&T,C02,INSPECTION,CABLE_FAULT,1,4,0.817,23,0.987,0.232,1,81,2026-09-28,OPEN,39.53,LOW
MT-001252,AST-00268,S&T,C11,INSPECTION,CABLE_FAULT,3,3,0.679,26,0.629,0.401,1,54,2026-09-05,OVERDUE,54.37,MEDIUM
MT-001253,AST-00235,TRD,C18,PREVENTIVE,FEEDER_FAULT,1,4,0.502,33,1.032,0.336,1,78,2026-09-17,SCHEDULED,46.41,MEDIUM
MT-001254,AST-00121,S&T,C15,SIGNAL_REPAIR,SIGNAL_FAILURE,3,4,0.76,10,1.335,0.396,1,138,2026-09-06,SCHEDULED,73.53,HIGH
MT-001255,AST-00200,TRD,C08,INSPECTION,CONTACT_WIRE_DEFECT,4,4,0.784,0,0.435,0.306,1,83,2026-09-25,OPEN,54.21,MEDIUM
MT-001256,AST-00323,ENGINEERING,C01,INSPECTION,TRACK_GEOMETRY,1,3,0.61,0,1.527,0.357,1,77,2026-09-19,SCHEDULED,30.87,LOW
MT-001257,AST-00403,S&T,C15,SIGNAL_REPAIR,RELAY_FAULT,2,4,0.893,0,0.905,0.324,1,105,2026-09-09,SCHEDULED,50.36,MEDIUM
MT-001258,AST-00465,ENGINEERING,C10,PREVENTIVE,RAIL_CRACK,3,2,0.624,36,0.59,0.378,1,85,2026-09-08,SCHEDULED,47.89,MEDIUM
MT-001259,AST-00240,S&T,C13,PREVENTIVE,SIGNAL_FAILURE,3,3,0.901,10,0.915,0.586,1,72,2026-09-23,OPEN,44.53,MEDIUM
MT-001260,AST-00133,TRD,C16,CORRECTIVE,INSULATOR_FAILURE,2,3,0.557,16,0.848,0.264,1,122,2026-09-11,OPEN,47.97,MEDIUM
MT-001261,AST-00302,ENGINEERING,C10,PREVENTIVE,STRUCTURAL_DEFECT,2,4,1.0,2,0.319,0.412,1,49,2026-09-01,SCHEDULED,30.08,LOW
MT-001262,AST-00260,ENGINEERING,C14,CORRECTIVE,RAIL_CRACK,3,5,0.996,23,0.336,0.493,1,119,2026-09-23,OPEN,55.72,MEDIUM
MT-001263,AST-00325,TRD,C02,OHE_REPAIR,INSULATOR_FAILURE,3,5,0.665,10,1.339,0.405,1,145,2026-09-26,OPEN,69.66,HIGH
MT-001264,AST-00273,S&T,C16,SIGNAL_REPAIR,INTERLOCKING_FAULT,3,3,0.64,23,0.947,0.558,1,141,2026-09-15,OPEN,61.94,HIGH
MT-001265,AST-00200,TRD,C08,INSPECTION,CONTACT_WIRE_DEFECT,1,4,0.784,6,0.698,0.046,1,46,2026-09-14,OVERDUE,33.8,LOW
MT-001266,AST-00066,S&T,C20,CORRECTIVE,RELAY_FAULT,3,3,0.848,23,0.887,0.554,1,115,2026-09-30,OPEN,53.38,MEDIUM
MT-001267,AST-00446,TRD,C03,OHE_REPAIR,OHE_DAMAGE,2,3,0.915,3,0.741,0.501,1,147,2026-09-12,OPEN,38.23,LOW
MT-001268,AST-00312,S&T,C18,PREVENTIVE,RELAY_FAULT,4,4,0.818,26,0.653,0.617,1,110,2026-09-30,SCHEDULED,79.9,HIGH
MT-001269,AST-00193,ENGINEERING,C07,CORRECTIVE,STRUCTURAL_DEFECT,3,4,0.863,0,0.664,0.469,1,111,2026-09-04,OPEN,54.26,MEDIUM
MT-001270,AST-00061,S&T,C07,INSPECTION,RELAY_FAULT,2,4,0.798,19,0.736,0.511,1,67,2026-09-21,OVERDUE,58.12,MEDIUM
MT-001271,AST-00270,ENGINEERING,C15,INSPECTION,BALLAST_DEFECT,2,2,0.602,21,1.207,0.426,1,57,2026-09-26,OPEN,36.14,LOW
MT-001272,AST-00249,TRD,C12,INSPECTION,TRANSFORMER_FAULT,4,2,0.808,1,0.503,0.602,1,99,2026-09-06,SCHEDULED,54.73,MEDIUM
MT-001273,AST-00459,TRD,C12,CORRECTIVE,OHE_DAMAGE,3,2,0.857,17,0.774,0.539,0.881,137,2026-09-19,OPEN,31.57,LOW
MT-001274,AST-00125,S&T,C01,CORRECTIVE,SIGNAL_FAILURE,2,4,0.852,25,0.481,0.469,1,113,2026-09-20,OVERDUE,53.99,MEDIUM
MT-001275,AST-00322,S&T,C06,INSPECTION,AXLE_COUNTER_FAULT,2,3,0.771,18,0.752,0.437,1,88,2026-09-28,OPEN,41.94,MEDIUM
MT-001276,AST-00230,ENGINEERING,C20,PREVENTIVE,BALLAST_DEFECT,1,3,0.863,9,0.789,0.112,1,78,2026-09-02,SCHEDULED,20.26,LOW
MT-001277,AST-00212,TRD,C02,CORRECTIVE,FEEDER_FAULT,1,2,0.887,35,0.249,0.264,1,104,2026-09-15,OPEN,29.88,LOW
MT-001278,AST-00232,S&T,C18,PREVENTIVE,INTERLOCKING_FAULT,2,4,0.686,24,0.691,0.499,1,72,2026-09-29,OVERDUE,56.79,MEDIUM
MT-001279,AST-00500,S&T,C02,PREVENTIVE,CABLE_FAULT,4,3,0.544,0,0.971,0.899,1,80,2026-09-08,SCHEDULED,73.09,HIGH
MT-001280,AST-00342,ENGINEERING,C08,PREVENTIVE,BALLAST_DEFECT,3,1,0.574,31,0.78,0.325,0.772,81,2026-09-28,SCHEDULED,52.46,MEDIUM
MT-001281,AST-00402,ENGINEERING,C18,REPAIR,BALLAST_DEFECT,5,4,0.751,23,1.321,0.654,1,168,2026-09-16,OVERDUE,91.04,CRITICAL
MT-001282,AST-00118,TRD,C15,OHE_REPAIR,OHE_DAMAGE,2,4,0.621,15,0.92,0.456,1,155,2026-09-28,SCHEDULED,52.44,MEDIUM
MT-001283,AST-00376,S&T,C10,PREVENTIVE,INTERLOCKING_FAULT,3,5,1.0,3,0.458,0.426,1,85,2026-09-16,OVERDUE,44.07,MEDIUM
MT-001284,AST-00458,ENGINEERING,C09,CORRECTIVE,POINT_DEFECT,3,1,0.828,0,0.829,0.482,0.812,108,2026-09-16,OPEN,26.62,LOW
MT-001285,AST-00068,ENGINEERING,C10,PREVENTIVE,TRACK_GEOMETRY,5,5,0.643,12,1.076,0.737,1,106,2026-09-27,OVERDUE,89.87,CRITICAL
MT-001286,AST-00125,S&T,C01,CORRECTIVE,RELAY_FAULT,1,4,0.852,22,0.746,0.393,1,119,2026-09-07,OVERDUE,41.37,MEDIUM
MT-001287,AST-00356,ENGINEERING,C02,CORRECTIVE,BALLAST_DEFECT,4,3,0.775,0,0.382,0.617,1,146,2026-09-06,OPEN,63.19,HIGH
MT-001288,AST-00360,TRD,C11,PREVENTIVE,OHE_DAMAGE,2,4,0.886,0,0.178,0.449,1,55,2026-09-24,OPEN,39.87,LOW
MT-001289,AST-00117,TRD,C15,OHE_REPAIR,INSULATOR_FAILURE,2,3,0.559,30,0.682,0.568,1,132,2026-09-27,OPEN,64.35,HIGH
MT-001290,AST-00332,TRD,C14,CORRECTIVE,OHE_DAMAGE,4,2,0.812,1,0.858,0.601,1,153,2026-09-30,OPEN,68.84,HIGH
MT-001291,AST-00271,S&T,C14,INSPECTION,SIGNAL_FAILURE,1,5,0.866,27,0.933,0.182,1,54,2026-09-27,OPEN,55.3,MEDIUM
MT-001292,AST-00254,S&T,C11,INSPECTION,CABLE_FAULT,3,4,0.879,7,0.268,0.445,1,84,2026-09-06,OVERDUE,51.48,MEDIUM
MT-001293,AST-00432,ENGINEERING,C18,PREVENTIVE,BALLAST_DEFECT,3,4,0.718,0,0.94,0.345,1,97,2026-09-12,OPEN,50.28,MEDIUM
MT-001294,AST-00457,TRD,C10,OHE_REPAIR,CONTACT_WIRE_DEFECT,4,3,0.689,0,0.896,0.572,1,175,2026-09-24,OPEN,71.24,HIGH
MT-001295,AST-00049,ENGINEERING,C14,REPAIR,BALLAST_DEFECT,5,2,0.785,19,1.231,0.855,0.985,178,2026-09-07,OPEN,86.43,CRITICAL
MT-001296,AST-00130,S&T,C08,PREVENTIVE,RELAY_FAULT,3,4,0.825,10,0.788,0.515,1,81,2026-09-12,SCHEDULED,48.02,MEDIUM
MT-001297,AST-00339,ENGINEERING,C20,INSPECTION,RAIL_CRACK,3,3,0.633,7,1.506,0.742,1,70,2026-09-30,OPEN,55.48,MEDIUM
MT-001298,AST-00075,TRD,C08,OHE_REPAIR,INSULATOR_FAILURE,5,3,0.598,13,0.916,0.73,1,180,2026-09-13,OPEN,84.39,CRITICAL
MT-001299,AST-00171,TRD,C17,OHE_REPAIR,FEEDER_FAULT,2,4,0.624,9,0.595,0.479,1,125,2026-09-01,OPEN,53.28,MEDIUM
MT-001300,AST-00007,TRD,C13,CORRECTIVE,OHE_DAMAGE,3,4,0.466,25,0.939,0.46,1,114,2026-09-10,OPEN,77.94,HIGH
MT-001301,AST-00218,ENGINEERING,C05,CORRECTIVE,RAIL_CRACK,3,3,0.658,19,0.892,0.355,1,111,2026-09-30,OPEN,56.64,MEDIUM
MT-001302,AST-00473,S&T,C06,SIGNAL_REPAIR,CABLE_FAULT,4,1,0.685,0,0.774,0.504,1,126,2026-09-22,OVERDUE,47.93,MEDIUM
MT-001303,AST-00356,ENGINEERING,C02,CORRECTIVE,RAIL_CRACK,1,3,0.775,19,1.277,0.408,1,143,2026-09-05,OPEN,44.83,MEDIUM
MT-001304,AST-00168,ENGINEERING,C05,PREVENTIVE,POINT_DEFECT,3,3,0.483,5,1.42,0.579,1,59,2026-09-01,OPEN,58.11,MEDIUM
MT-001305,AST-00250,S&T,C15,INSPECTION,AXLE_COUNTER_FAULT,1,4,0.602,14,1.481,0.314,1,71,2026-09-29,OVERDUE,39.5,LOW
MT-001306,AST-00115,S&T,C19,SIGNAL_REPAIR,AXLE_COUNTER_FAULT,5,4,0.591,3,1.223,0.679,1,126,2026-09-04,SCHEDULED,79.12,HIGH
MT-001307,AST-00299,S&T,C07,SIGNAL_REPAIR,INTERLOCKING_FAULT,4,5,0.684,16,1.038,0.724,1,121,2026-09-27,OVERDUE,77.76,HIGH
MT-001308,AST-00480,TRD,C08,INSPECTION,TRANSFORMER_FAULT,3,5,0.965,0,0.94,0.582,1,96,2026-09-07,OVERDUE,69.16,HIGH
MT-001309,AST-00162,TRD,C18,CORRECTIVE,INSULATOR_FAILURE,1,4,0.778,4,0.619,0.177,1,106,2026-09-17,OPEN,32.35,LOW
MT-001310,AST-00189,TRD,C19,INSPECTION,FEEDER_FAULT,3,4,0.643,11,0.599,0.492,1,77,2026-09-23,OVERDUE,69.24,HIGH
MT-001311,AST-00262,TRD,C03,PREVENTIVE,OHE_DAMAGE,2,2,0.777,28,0.503,0.405,1,77,2026-09-21,OVERDUE,36.69,LOW
MT-001312,AST-00296,TRD,C08,OHE_REPAIR,OHE_DAMAGE,3,4,0.54,0,1.414,0.514,1,135,2026-09-12,OVERDUE,56.98,MEDIUM
MT-001313,AST-00307,TRD,C06,PREVENTIVE,FEEDER_FAULT,4,1,0.458,4,0.991,0.666,1,108,2026-09-05,OVERDUE,53.49,MEDIUM
MT-001314,AST-00184,S&T,C09,INSPECTION,RELAY_FAULT,3,3,0.849,11,1.185,0.463,1,83,2026-09-30,SCHEDULED,50.44,MEDIUM
MT-001315,AST-00295,ENGINEERING,C18,PREVENTIVE,TRACK_GEOMETRY,2,2,0.829,13,0.911,0.547,1,57,2026-09-24,OPEN,25.43,LOW
MT-001316,AST-00170,ENGINEERING,C11,REPAIR,POINT_DEFECT,2,2,0.674,19,1.0,0.374,1,133,2026-09-22,OVERDUE,30.91,LOW
MT-001317,AST-00424,ENGINEERING,C04,INSPECTION,STRUCTURAL_DEFECT,2,3,0.481,8,1.172,0.354,1,86,2026-09-24,OPEN,44.35,MEDIUM
MT-001318,AST-00383,TRD,C03,OHE_REPAIR,OHE_DAMAGE,2,3,0.64,0,0.752,0.452,1,162,2026-09-04,OPEN,35.39,LOW
MT-001319,AST-00148,S&T,C08,SIGNAL_REPAIR,AXLE_COUNTER_FAULT,2,4,0.706,22,1.4,0.476,1,79,2026-09-15,OVERDUE,51.73,MEDIUM
MT-001320,AST-00491,TRD,C06,INSPECTION,OHE_DAMAGE,3,3,0.936,0,0.157,0.6,1,74,2026-09-18,OPEN,44.84,MEDIUM
MT-001321,AST-00295,ENGINEERING,C18,INSPECTION,RAIL_CRACK,3,2,0.829,0,0.503,0.531,1,85,2026-09-20,SCHEDULED,41.44,MEDIUM
MT-001322,AST-00323,ENGINEERING,C01,CORRECTIVE,RAIL_CRACK,2,3,0.61,11,1.562,0.419,1,89,2026-09-07,OVERDUE,42.98,MEDIUM
MT-001323,AST-00093,S&T,C04,PREVENTIVE,AXLE_COUNTER_FAULT,4,5,0.916,26,0.835,0.617,1,92,2026-09-01,SCHEDULED,72.88,HIGH
MT-001324,AST-00291,TRD,C08,OHE_REPAIR,CONTACT_WIRE_DEFECT,4,4,0.751,0,0.788,0.642,1,185,2026-09-02,OPEN,65.52,HIGH
MT-001325,AST-00413,ENGINEERING,C05,PREVENTIVE,RAIL_CRACK,4,3,0.741,17,1.199,0.645,1,108,2026-09-22,OPEN,74.98,HIGH
MT-001326,AST-00102,S&T,C15,SIGNAL_REPAIR,AXLE_COUNTER_FAULT,3,3,0.732,19,1.22,0.468,1,127,2026-09-16,OVERDUE,61.5,HIGH
MT-001327,AST-00452,ENGINEERING,C02,PREVENTIVE,TRACK_GEOMETRY,1,2,0.77,0,0.51,0.49,1,100,2026-09-30,OPEN,25.08,LOW
MT-001328,AST-00318,ENGINEERING,C07,REPAIR,TRACK_GEOMETRY,2,2,0.835,37,1.194,0.434,1,117,2026-09-24,OPEN,52.12,MEDIUM
MT-001329,AST-00463,ENGINEERING,C04,REPAIR,RAIL_CRACK,4,3,0.713,0,0.51,0.522,1,165,2026-09-21,OVERDUE,68.37,HIGH
MT-001330,AST-00031,ENGINEERING,C04,PREVENTIVE,POINT_DEFECT,4,5,0.756,12,1.19,0.673,1,80,2026-09-12,OVERDUE,78.15,HIGH
MT-001331,AST-00033,ENGINEERING,C07,INSPECTION,TRACK_GEOMETRY,4,2,0.637,20,0.715,0.757,1,99,2026-09-09,OVERDUE,69.55,HIGH
MT-001332,AST-00005,S&T,C09,PREVENTIVE,AXLE_COUNTER_FAULT,5,2,0.673,17,0.661,0.68,0.976,134,2026-09-14,OPEN,76.29,HIGH
MT-001333,AST-00270,ENGINEERING,C15,REPAIR,RAIL_CRACK,5,2,0.602,3,1.391,0.862,0.949,153,2026-09-22,OVERDUE,81.28,CRITICAL
MT-001334,AST-00205,ENGINEERING,C03,INSPECTION,STRUCTURAL_DEFECT,5,3,0.778,21,1.282,0.812,1,97,2026-09-19,OVERDUE,78.97,HIGH
MT-001335,AST-00261,ENGINEERING,C05,PREVENTIVE,RAIL_CRACK,2,4,0.77,0,0.958,0.474,1,76,2026-09-10,SCHEDULED,38.61,LOW
MT-001336,AST-00087,ENGINEERING,C05,INSPECTION,STRUCTURAL_DEFECT,2,4,0.782,13,0.469,0.188,1,80,2026-09-07,OPEN,45.25,MEDIUM
MT-001337,AST-00187,ENGINEERING,C13,PREVENTIVE,TRACK_GEOMETRY,3,1,0.679,14,1.076,0.312,1,91,2026-09-27,SCHEDULED,29.46,LOW
MT-001338,AST-00058,S&T,C17,CORRECTIVE,CABLE_FAULT,4,4,0.827,16,0.282,0.581,1,149,2026-09-08,OPEN,71.19,HIGH
MT-001339,AST-00183,TRD,C07,PREVENTIVE,OHE_DAMAGE,4,2,0.612,9,1.562,0.642,1,101,2026-09-10,OVERDUE,68.97,HIGH
MT-001340,AST-00003,ENGINEERING,C20,REPAIR,RAIL_CRACK,2,4,0.454,9,1.319,0.234,1,127,2026-09-09,OVERDUE,56.65,MEDIUM
MT-001341,AST-00016,ENGINEERING,C16,INSPECTION,TRACK_GEOMETRY,1,4,0.654,0,1.32,0.237,1,37,2026-09-17,OVERDUE,29.62,LOW
MT-001342,AST-00138,TRD,C03,CORRECTIVE,OHE_DAMAGE,4,4,0.945,15,0.158,0.671,1,125,2026-09-22,OPEN,73.29,HIGH
MT-001343,AST-00417,TRD,C15,CORRECTIVE,OHE_DAMAGE,3,3,0.854,10,1.176,0.482,1,123,2026-09-18,OPEN,59.68,MEDIUM
MT-001344,AST-00209,ENGINEERING,C15,CORRECTIVE,BALLAST_DEFECT,5,5,0.683,0,1.342,0.735,1,166,2026-09-27,SCHEDULED,89.83,CRITICAL
MT-001345,AST-00430,TRD,C07,INSPECTION,OHE_DAMAGE,5,5,0.497,0,1.285,0.702,1,101,2026-09-05,OPEN,92.7,CRITICAL
MT-001346,AST-00332,TRD,C14,CORRECTIVE,TRANSFORMER_FAULT,3,2,0.812,0,0.59,0.551,1,127,2026-09-05,OPEN,42.01,MEDIUM
MT-001347,AST-00217,S&T,C12,PREVENTIVE,RELAY_FAULT,3,5,0.758,12,0.466,0.556,1,89,2026-09-11,OPEN,64.4,HIGH
MT-001348,AST-00110,ENGINEERING,C14,INSPECTION,BALLAST_DEFECT,4,4,0.781,9,0.467,0.49,1,76,2026-09-17,OVERDUE,53.59,MEDIUM
MT-001349,AST-00166,S&T,C07,CORRECTIVE,SIGNAL_FAILURE,4,2,0.596,7,1.265,0.618,1,126,2026-09-11,SCHEDULED,71.12,HIGH
MT-001350,AST-00056,S&T,C07,INSPECTION,INTERLOCKING_FAULT,2,3,0.964,11,0.522,0.346,1,45,2026-09-21,OPEN,25.48,LOW
MT-001351,AST-00483,ENGINEERING,C18,INSPECTION,TRACK_GEOMETRY,5,2,0.744,20,1.029,0.46,1,72,2026-09-07,OPEN,73.84,HIGH
MT-001352,AST-00295,ENGINEERING,C18,INSPECTION,BALLAST_DEFECT,2,2,0.829,1,0.988,0.348,1,79,2026-09-03,OVERDUE,23.55,LOW
MT-001353,AST-00091,ENGINEERING,C10,REPAIR,STRUCTURAL_DEFECT,1,1,0.656,12,1.27,0.186,0.748,115,2026-09-14,OVERDUE,22.43,LOW
MT-001354,AST-00193,ENGINEERING,C07,CORRECTIVE,POINT_DEFECT,4,4,0.863,0,0.706,0.587,1,99,2026-09-24,OPEN,66.53,HIGH
MT-001355,AST-00271,S&T,C14,CORRECTIVE,CABLE_FAULT,1,5,0.866,40,1.0,0.276,1,82,2026-09-01,OVERDUE,58.03,MEDIUM
MT-001356,AST-00173,TRD,C10,INSPECTION,FEEDER_FAULT,3,5,0.811,0,0.62,0.415,1,79,2026-09-08,OVERDUE,53.81,MEDIUM
MT-001357,AST-00276,TRD,C13,OHE_REPAIR,OHE_DAMAGE,5,1,0.735,3,0.522,0.851,1,155,2026-09-05,OPEN,69.66,HIGH
MT-001358,AST-00365,ENGINEERING,C03,PREVENTIVE,RAIL_CRACK,4,4,0.599,0,1.576,0.525,1,87,2026-09-24,OPEN,80.24,CRITICAL
MT-001359,AST-00088,TRD,C12,PREVENTIVE,INSULATOR_FAILURE,3,4,0.747,2,1.356,0.667,1,75,2026-09-02,OPEN,57.93,MEDIUM
MT-001360,AST-00170,ENGINEERING,C11,INSPECTION,RAIL_CRACK,3,2,0.674,1,1.271,0.42,1,73,2026-09-12,SCHEDULED,47.5,MEDIUM
MT-001361,AST-00082,ENGINEERING,C18,INSPECTION,POINT_DEFECT,3,5,0.447,22,1.146,0.644,1,72,2026-09-19,OPEN,78.48,HIGH
MT-001362,AST-00062,TRD,C07,PREVENTIVE,INSULATOR_FAILURE,1,3,0.794,10,1.306,0.209,1,55,2026-09-29,OVERDUE,26.01,LOW
MT-001363,AST-00380,TRD,C05,PREVENTIVE,TRANSFORMER_FAULT,2,3,0.708,24,0.84,0.564,1,85,2026-09-27,OVERDUE,41.83,MEDIUM
MT-001364,AST-00153,S&T,C05,CORRECTIVE,SIGNAL_FAILURE,4,3,0.668,25,1.094,0.8,1,123,2026-09-13,OPEN,79.53,HIGH
MT-001365,AST-00184,S&T,C09,CORRECTIVE,AXLE_COUNTER_FAULT,2,3,0.849,32,1.199,0.376,1,106,2026-09-29,OVERDUE,48.31,MEDIUM
MT-001366,AST-00300,TRD,C18,CORRECTIVE,INSULATOR_FAILURE,3,5,0.694,7,1.231,0.632,1,129,2026-09-04,OPEN,77.3,HIGH
MT-001367,AST-00400,S&T,C18,INSPECTION,INTERLOCKING_FAULT,4,4,0.731,11,0.476,0.62,1,102,2026-09-30,SCHEDULED,71.42,HIGH
MT-001368,AST-00284,S&T,C10,INSPECTION,AXLE_COUNTER_FAULT,4,4,0.574,27,0.691,0.374,1,85,2026-09-03,OPEN,79.75,HIGH
MT-001369,AST-00487,S&T,C04,CORRECTIVE,CABLE_FAULT,2,2,0.738,3,1.211,0.442,1,122,2026-09-13,SCHEDULED,30.92,LOW
MT-001370,AST-00204,TRD,C19,INSPECTION,INSULATOR_FAILURE,3,5,0.718,11,1.135,0.485,1,72,2026-09-29,SCHEDULED,69.29,HIGH
MT-001371,AST-00210,TRD,C02,PREVENTIVE,FEEDER_FAULT,3,4,0.557,9,1.145,0.403,1,72,2026-09-30,OVERDUE,66.87,HIGH
MT-001372,AST-00091,ENGINEERING,C10,REPAIR,TRACK_GEOMETRY,3,1,0.656,4,0.916,0.577,0.966,149,2026-09-12,OPEN,48.82,MEDIUM
MT-001373,AST-00403,S&T,C15,PREVENTIVE,INTERLOCKING_FAULT,3,4,0.893,0,0.599,0.525,1,114,2026-09-14,OVERDUE,43.86,MEDIUM
MT-001374,AST-00270,ENGINEERING,C15,REPAIR,RAIL_CRACK,4,2,0.602,7,1.529,0.7,1,157,2026-09-01,OPEN,69.91,HIGH
MT-001375,AST-00486,ENGINEERING,C12,CORRECTIVE,BALLAST_DEFECT,4,3,0.625,11,1.561,0.709,1,132,2026-09-22,SCHEDULED,77.12,HIGH
MT-001376,AST-00229,S&T,C05,SIGNAL_REPAIR,SIGNAL_FAILURE,2,2,0.834,7,0.967,0.371,1,110,2026-09-26,OVERDUE,32.42,LOW
MT-001377,AST-00326,ENGINEERING,C20,CORRECTIVE,BALLAST_DEFECT,1,3,0.466,15,1.465,0.38,1,55,2026-09-18,OPEN,44.33,MEDIUM
MT-001378,AST-00492,S&T,C11,INSPECTION,RELAY_FAULT,4,3,0.508,15,1.264,0.71,1,124,2026-09-28,OVERDUE,81.79,CRITICAL
MT-001379,AST-00395,ENGINEERING,C11,CORRECTIVE,POINT_DEFECT,5,5,0.62,34,1.295,0.898,1,143,2026-09-30,OPEN,92.18,CRITICAL
MT-001380,AST-00176,S&T,C20,SIGNAL_REPAIR,SIGNAL_FAILURE,4,3,0.886,21,0.741,0.55,1,130,2026-09-28,SCHEDULED,61.47,HIGH
MT-001381,AST-00275,TRD,C16,OHE_REPAIR,TRANSFORMER_FAULT,2,3,0.583,8,0.786,0.374,1,134,2026-09-07,OVERDUE,45.05,MEDIUM
MT-001382,AST-00077,TRD,C03,CORRECTIVE,OHE_DAMAGE,3,3,0.722,0,1.227,0.466,1,120,2026-09-12,OPEN,55.91,MEDIUM
MT-001383,AST-00239,ENGINEERING,C15,PREVENTIVE,POINT_DEFECT,4,2,0.584,13,1.339,0.442,1,104,2026-09-20,OPEN,71.64,HIGH
MT-001384,AST-00156,ENGINEERING,C13,PREVENTIVE,STRUCTURAL_DEFECT,3,3,0.793,11,0.348,0.682,1,100,2026-09-27,OVERDUE,68.18,HIGH
MT-001385,AST-00177,S&T,C04,PREVENTIVE,AXLE_COUNTER_FAULT,3,3,0.868,0,0.598,0.823,1,85,2026-09-24,OPEN,47.6,MEDIUM
MT-001386,AST-00154,TRD,C17,OHE_REPAIR,INSULATOR_FAILURE,2,5,0.822,0,0.693,0.321,1,132,2026-09-17,SCHEDULED,44.33,MEDIUM
MT-001387,AST-00479,S&T,C08,SIGNAL_REPAIR,RELAY_FAULT,3,3,0.757,16,1.071,0.461,1,123,2026-09-16,OVERDUE,59.35,MEDIUM
MT-001388,AST-00156,ENGINEERING,C13,PREVENTIVE,POINT_DEFECT,2,3,0.793,2,0.983,0.361,1,64,2026-09-17,OPEN,43.57,MEDIUM
MT-001389,AST-00064,S&T,C10,CORRECTIVE,INTERLOCKING_FAULT,3,2,0.812,26,0.292,0.493,1,125,2026-09-08,OPEN,53.72,MEDIUM
MT-001390,AST-00342,ENGINEERING,C08,PREVENTIVE,STRUCTURAL_DEFECT,3,1,0.574,0,1.087,0.531,1,72,2026-09-10,OPEN,32.65,LOW
MT-001391,AST-00109,ENGINEERING,C02,PREVENTIVE,POINT_DEFECT,4,3,0.705,0,1.313,0.64,1,107,2026-09-27,OVERDUE,55.54,MEDIUM
MT-001392,AST-00025,ENGINEERING,C17,CORRECTIVE,BALLAST_DEFECT,3,4,0.985,15,0.699,0.278,1,103,2026-09-22,OPEN,43.51,MEDIUM
MT-001393,AST-00129,ENGINEERING,C04,INSPECTION,POINT_DEFECT,4,4,0.517,0,1.547,0.51,1,68,2026-09-25,OPEN,71.42,HIGH
MT-001394,AST-00252,TRD,C09,CORRECTIVE,OHE_DAMAGE,3,4,0.711,11,1.077,0.584,1,85,2026-09-07,OPEN,63.32,HIGH
MT-001395,AST-00047,ENGINEERING,C04,CORRECTIVE,RAIL_CRACK,1,3,0.624,0,0.948,0.216,1,96,2026-09-06,OPEN,32.29,LOW
MT-001396,AST-00176,S&T,C20,SIGNAL_REPAIR,SIGNAL_FAILURE,1,3,0.886,20,1.045,0.319,1,86,2026-09-05,OVERDUE,32.92,LOW
MT-001397,AST-00286,TRD,C05,CORRECTIVE,CONTACT_WIRE_DEFECT,3,1,0.594,17,0.68,0.472,0.917,114,2026-09-23,OPEN,36.4,LOW
MT-001398,AST-00405,TRD,C16,OHE_REPAIR,TRANSFORMER_FAULT,1,3,0.774,2,0.854,0.336,1,146,2026-09-27,SCHEDULED,27.42,LOW
MT-001399,AST-00284,S&T,C10,PREVENTIVE,SIGNAL_FAILURE,5,4,0.574,4,1.601,0.709,1,64,2026-09-13,OPEN,85.42,CRITICAL
MT-001400,AST-00014,S&T,C15,PREVENTIVE,RELAY_FAULT,2,3,0.59,12,1.018,0.384,1,81,2026-09-04,SCHEDULED,37.02,LOW
MT-001401,AST-00439,TRD,C18,CORRECTIVE,OHE_DAMAGE,4,4,0.632,20,0.883,0.615,1,123,2026-09-15,OPEN,82.05,CRITICAL
MT-001402,AST-00467,ENGINEERING,C13,REPAIR,STRUCTURAL_DEFECT,3,2,0.729,15,1.194,0.468,1,173,2026-09-15,OPEN,44.59,MEDIUM
MT-001403,AST-00445,S&T,C04,INSPECTION,INTERLOCKING_FAULT,5,4,0.529,26,1.667,0.699,1,81,2026-09-06,OPEN,87.26,CRITICAL
MT-001404,AST-00400,S&T,C18,SIGNAL_REPAIR,CABLE_FAULT,5,4,0.731,8,1.402,0.819,1,149,2026-09-18,SCHEDULED,87.12,CRITICAL
MT-001405,AST-00134,S&T,C11,SIGNAL_REPAIR,INTERLOCKING_FAULT,3,5,0.71,0,0.519,0.568,1,128,2026-09-21,OPEN,71.73,HIGH
MT-001406,AST-00007,TRD,C13,CORRECTIVE,FEEDER_FAULT,5,4,0.466,14,1.685,0.843,1,161,2026-09-18,OVERDUE,92.67,CRITICAL
MT-001407,AST-00036,ENGINEERING,C01,PREVENTIVE,BALLAST_DEFECT,1,3,0.839,0,0.473,0.33,1,65,2026-09-02,OPEN,17.45,LOW
MT-001408,AST-00483,ENGINEERING,C18,INSPECTION,POINT_DEFECT,4,2,0.744,9,0.759,0.809,1,100,2026-09-15,OPEN,63.53,HIGH
MT-001409,AST-00048,S&T,C09,CORRECTIVE,INTERLOCKING_FAULT,4,3,0.814,9,0.509,0.495,1,138,2026-09-09,OPEN,59.38,MEDIUM
MT-001410,AST-00301,ENGINEERING,C13,CORRECTIVE,BALLAST_DEFECT,3,5,0.894,8,0.279,0.412,1,122,2026-09-07,OPEN,57.38,MEDIUM
MT-001411,AST-00275,TRD,C16,OHE_REPAIR,FEEDER_FAULT,4,3,0.583,3,1.32,0.645,1,134,2026-09-04,SCHEDULED,66.28,HIGH
MT-001412,AST-00094,S&T,C17,SIGNAL_REPAIR,INTERLOCKING_FAULT,1,4,0.688,12,0.601,0.205,1,120,2026-09-30,SCHEDULED,39.87,LOW
MT-001413,AST-00188,ENGINEERING,C14,REPAIR,STRUCTURAL_DEFECT,5,3,0.912,26,0.334,0.705,1,168,2026-09-08,OPEN,82.87,CRITICAL
MT-001414,AST-00294,TRD,C12,CORRECTIVE,OHE_DAMAGE,4,4,0.783,25,0.635,0.636,1,117,2026-09-04,OPEN,81.81,CRITICAL
MT-001415,AST-00377,S&T,C09,SIGNAL_REPAIR,INTERLOCKING_FAULT,4,2,0.665,20,1.177,0.555,1,114,2026-09-20,SCHEDULED,59.89,MEDIUM
MT-001416,AST-00311,S&T,C08,CORRECTIVE,INTERLOCKING_FAULT,1,3,0.786,28,1.21,0.213,1,88,2026-09-03,OVERDUE,36.51,LOW
MT-001417,AST-00387,TRD,C12,CORRECTIVE,TRANSFORMER_FAULT,3,5,0.505,11,1.07,0.552,1,119,2026-09-02,OPEN,67.25,HIGH
MT-001418,AST-00095,S&T,C14,PREVENTIVE,SIGNAL_FAILURE,5,5,0.878,4,0.278,0.395,1,117,2026-09-26,OPEN,82.08,CRITICAL
MT-001419,AST-00049,ENGINEERING,C14,INSPECTION,BALLAST_DEFECT,3,2,0.785,11,0.983,0.468,1,69,2026-09-08,OPEN,43.51,MEDIUM
MT-001420,AST-00360,TRD,C11,INSPECTION,FEEDER_FAULT,2,4,0.886,15,1.083,0.369,1,64,2026-09-02,SCHEDULED,41.94,MEDIUM
MT-001421,AST-00264,ENGINEERING,C20,PREVENTIVE,RAIL_CRACK,3,5,0.815,27,0.861,0.356,1,71,2026-09-09,OVERDUE,68.94,HIGH
MT-001422,AST-00379,TRD,C15,PREVENTIVE,INSULATOR_FAILURE,4,5,0.749,6,0.838,0.608,1,104,2026-09-12,OPEN,83.04,CRITICAL
MT-001423,AST-00483,ENGINEERING,C18,PREVENTIVE,POINT_DEFECT,2,2,0.744,2,1.373,0.475,1,90,2026-09-14,OPEN,24.08,LOW
MT-001424,AST-00177,S&T,C04,INSPECTION,SIGNAL_FAILURE,5,3,0.868,12,0.5,0.78,1,90,2026-09-16,OVERDUE,78.88,HIGH
MT-001425,AST-00020,TRD,C17,PREVENTIVE,TRANSFORMER_FAULT,3,4,0.707,18,0.666,0.561,1,88,2026-09-07,OVERDUE,61.52,HIGH
MT-001426,AST-00050,ENGINEERING,C15,CORRECTIVE,STRUCTURAL_DEFECT,5,4,0.898,25,0.317,0.759,1,146,2026-09-13,OPEN,78.35,HIGH
MT-001427,AST-00394,S&T,C03,PREVENTIVE,AXLE_COUNTER_FAULT,3,2,0.922,0,0.404,0.525,1,102,2026-09-23,SCHEDULED,32.46,LOW
MT-001428,AST-00362,ENGINEERING,C20,PREVENTIVE,BALLAST_DEFECT,3,5,0.714,9,0.777,0.568,1,95,2026-09-23,OVERDUE,56.9,MEDIUM
MT-001429,AST-00324,ENGINEERING,C15,PREVENTIVE,RAIL_CRACK,2,2,0.799,10,0.352,0.411,1,84,2026-09-06,OPEN,30.68,LOW
MT-001430,AST-00323,ENGINEERING,C01,INSPECTION,STRUCTURAL_DEFECT,5,3,0.61,0,1.534,0.854,1,111,2026-09-12,OPEN,77.94,HIGH
MT-001431,AST-00023,S&T,C08,PREVENTIVE,INTERLOCKING_FAULT,3,2,0.596,7,1.013,0.532,1,108,2026-09-27,OPEN,49.17,MEDIUM
MT-001432,AST-00139,TRD,C13,PREVENTIVE,OHE_DAMAGE,3,5,0.701,21,0.546,0.472,1,63,2026-09-18,OPEN,55.15,MEDIUM
MT-001433,AST-00207,S&T,C03,CORRECTIVE,SIGNAL_FAILURE,3,5,0.781,5,0.345,0.631,1,122,2026-09-24,OVERDUE,63.12,HIGH
MT-001434,AST-00317,TRD,C18,INSPECTION,TRANSFORMER_FAULT,4,1,0.792,15,0.892,0.53,1,87,2026-09-15,OPEN,51.03,MEDIUM
MT-001435,AST-00148,S&T,C08,PREVENTIVE,CABLE_FAULT,3,4,0.706,7,1.333,0.49,1,117,2026-09-12,OPEN,74.2,HIGH
MT-001436,AST-00442,ENGINEERING,C04,INSPECTION,BALLAST_DEFECT,2,4,0.701,17,1.421,0.577,1,48,2026-09-21,OPEN,60.21,HIGH
MT-001437,AST-00014,S&T,C15,INSPECTION,AXLE_COUNTER_FAULT,3,3,0.59,0,1.506,0.554,1,60,2026-09-30,OVERDUE,69.57,HIGH
MT-001438,AST-00322,S&T,C06,SIGNAL_REPAIR,RELAY_FAULT,4,3,0.771,8,0.983,0.604,1,130,2026-09-18,SCHEDULED,67.87,HIGH
MT-001439,AST-00181,ENGINEERING,C02,PREVENTIVE,RAIL_CRACK,2,4,0.995,0,0.931,0.457,1,65,2026-09-14,OPEN,36.83,LOW
MT-001440,AST-00468,ENGINEERING,C01,PREVENTIVE,BALLAST_DEFECT,3,5,0.555,0,1.081,0.421,1,67,2026-09-05,SCHEDULED,62.57,HIGH
MT-001441,AST-00330,S&T,C09,PREVENTIVE,INTERLOCKING_FAULT,3,4,0.753,8,0.765,0.615,1,86,2026-09-12,OVERDUE,58.41,MEDIUM
MT-001442,AST-00228,ENGINEERING,C04,REPAIR,RAIL_CRACK,4,4,0.751,11,0.995,0.723,1,149,2026-09-19,SCHEDULED,77.23,HIGH
MT-001443,AST-00447,S&T,C06,PREVENTIVE,SIGNAL_FAILURE,2,5,0.846,23,0.542,0.435,1,96,2026-09-19,OVERDUE,58.19,MEDIUM
MT-001444,AST-00010,ENGINEERING,C09,PREVENTIVE,TRACK_GEOMETRY,1,4,0.72,22,0.441,0.238,1,75,2026-09-17,OPEN,35.37,LOW
MT-001445,AST-00073,TRD,C15,CORRECTIVE,OHE_DAMAGE,3,3,0.704,2,1.25,0.413,1,123,2026-09-17,OPEN,54.49,MEDIUM
MT-001446,AST-00209,ENGINEERING,C15,CORRECTIVE,POINT_DEFECT,4,5,0.683,9,1.427,0.755,1,94,2026-09-02,OVERDUE,72.7,HIGH
MT-001447,AST-00225,TRD,C17,CORRECTIVE,INSULATOR_FAILURE,2,3,0.596,3,1.448,0.304,1,110,2026-09-29,OPEN,35.59,LOW
MT-001448,AST-00439,TRD,C18,PREVENTIVE,TRANSFORMER_FAULT,3,4,0.632,12,1.302,0.553,1,108,2026-09-15,OPEN,67.14,HIGH
MT-001449,AST-00401,ENGINEERING,C11,PREVENTIVE,POINT_DEFECT,3,5,0.707,3,1.146,0.529,1,75,2026-09-16,SCHEDULED,69.36,HIGH
MT-001450,AST-00054,ENGINEERING,C06,REPAIR,STRUCTURAL_DEFECT,4,5,0.499,15,1.154,0.683,1,142,2026-09-22,OVERDUE,86.89,CRITICAL
MT-001451,AST-00168,ENGINEERING,C05,REPAIR,POINT_DEFECT,4,3,0.483,7,1.381,0.543,1,167,2026-09-12,OPEN,69.02,HIGH
MT-001452,AST-00292,S&T,C18,SIGNAL_REPAIR,CABLE_FAULT,4,3,0.592,12,1.419,0.665,1,103,2026-09-12,OPEN,75.32,HIGH
MT-001453,AST-00173,TRD,C10,PREVENTIVE,FEEDER_FAULT,3,5,0.811,0,0.513,0.622,1,134,2026-09-20,OPEN,76.65,HIGH
MT-001454,AST-00053,ENGINEERING,C04,CORRECTIVE,RAIL_CRACK,5,3,0.801,0,1.295,0.791,1,131,2026-09-30,OPEN,83.65,CRITICAL
MT-001455,AST-00408,ENGINEERING,C04,INSPECTION,BALLAST_DEFECT,3,3,0.684,16,1.036,0.335,1,78,2026-09-04,SCHEDULED,49.36,MEDIUM
MT-001456,AST-00263,S&T,C10,SIGNAL_REPAIR,INTERLOCKING_FAULT,3,4,0.973,10,0.369,0.349,1,125,2026-09-29,OVERDUE,47.49,MEDIUM
MT-001457,AST-00336,ENGINEERING,C09,INSPECTION,TRACK_GEOMETRY,3,4,0.715,11,0.884,0.466,1,86,2026-09-26,SCHEDULED,60.91,HIGH
MT-001458,AST-00289,TRD,C17,CORRECTIVE,FEEDER_FAULT,5,5,0.769,51,0.606,0.642,1,174,2026-09-10,OPEN,89.97,CRITICAL
MT-001459,AST-00033,ENGINEERING,C07,INSPECTION,RAIL_CRACK,1,2,0.637,10,0.552,0.267,0.951,55,2026-09-23,OVERDUE,18.15,LOW
MT-001460,AST-00120,TRD,C09,INSPECTION,TRANSFORMER_FAULT,3,1,0.905,4,0.465,0.364,1,94,2026-09-26,OPEN,25.22,LOW
MT-001461,AST-00421,S&T,C14,PREVENTIVE,AXLE_COUNTER_FAULT,3,5,0.855,0,0.76,0.38,1,99,2026-09-16,OPEN,65.42,HIGH
MT-001462,AST-00443,TRD,C06,CORRECTIVE,OHE_DAMAGE,4,1,0.669,11,0.584,0.73,1,147,2026-09-14,OVERDUE,50.47,MEDIUM
MT-001463,AST-00399,ENGINEERING,C05,REPAIR,STRUCTURAL_DEFECT,2,4,0.778,8,0.952,0.352,1,132,2026-09-30,OVERDUE,43.4,MEDIUM
MT-001464,AST-00176,S&T,C20,SIGNAL_REPAIR,AXLE_COUNTER_FAULT,5,3,0.886,0,0.171,0.742,1,141,2026-09-02,OPEN,71.16,HIGH
MT-001465,AST-00335,S&T,C11,CORRECTIVE,CABLE_FAULT,5,2,0.745,7,1.336,0.629,1,154,2026-09-26,OVERDUE,70.22,HIGH
MT-001466,AST-00003,ENGINEERING,C20,PREVENTIVE,STRUCTURAL_DEFECT,1,4,0.454,19,1.127,0.307,1,67,2026-09-08,OVERDUE,36.49,LOW
MT-001467,AST-00179,S&T,C09,SIGNAL_REPAIR,AXLE_COUNTER_FAULT,3,3,0.887,3,0.203,0.429,1,123,2026-09-26,OVERDUE,44.82,MEDIUM
MT-001468,AST-00065,S&T,C06,PREVENTIVE,RELAY_FAULT,1,1,0.864,18,0.432,0.233,1,81,2026-09-14,SCHEDULED,19.92,LOW
MT-001469,AST-00488,TRD,C11,CORRECTIVE,FEEDER_FAULT,3,4,0.703,17,0.568,0.602,1,99,2026-09-27,OPEN,67.63,HIGH
MT-001470,AST-00402,ENGINEERING,C18,INSPECTION,POINT_DEFECT,4,4,0.751,31,0.854,0.536,1,98,2026-09-04,OPEN,76.21,HIGH
MT-001471,AST-00167,ENGINEERING,C07,INSPECTION,STRUCTURAL_DEFECT,4,4,0.657,0,0.994,0.418,1,95,2026-09-21,SCHEDULED,64.09,HIGH
MT-001472,AST-00051,ENGINEERING,C05,REPAIR,BALLAST_DEFECT,3,4,0.953,6,1.057,0.42,1,125,2026-09-29,OVERDUE,52.5,MEDIUM
MT-001473,AST-00343,TRD,C14,PREVENTIVE,FEEDER_FAULT,3,3,0.775,15,0.633,0.509,1,88,2026-09-10,OVERDUE,45.84,MEDIUM
MT-001474,AST-00098,TRD,C09,CORRECTIVE,INSULATOR_FAILURE,3,1,0.884,0,1.12,0.558,1,103,2026-09-08,OPEN,27.25,LOW
MT-001475,AST-00447,S&T,C06,CORRECTIVE,INTERLOCKING_FAULT,3,5,0.846,5,0.26,0.517,1,129,2026-09-20,SCHEDULED,60.41,HIGH
MT-001476,AST-00153,S&T,C05,CORRECTIVE,AXLE_COUNTER_FAULT,4,3,0.668,0,0.823,0.674,1,110,2026-09-05,OPEN,67.6,HIGH
MT-001477,AST-00363,TRD,C15,OHE_REPAIR,FEEDER_FAULT,4,3,0.856,0,0.867,0.468,1,171,2026-09-18,OVERDUE,70.41,HIGH
MT-001478,AST-00287,ENGINEERING,C01,CORRECTIVE,STRUCTURAL_DEFECT,2,4,0.806,9,0.406,0.348,1,119,2026-09-21,OVERDUE,32.86,LOW
MT-001479,AST-00219,TRD,C17,CORRECTIVE,OHE_DAMAGE,3,4,0.504,0,1.742,0.384,1,141,2026-09-04,OPEN,79.51,HIGH
MT-001480,AST-00288,TRD,C02,INSPECTION,CONTACT_WIRE_DEFECT,3,4,0.686,9,1.057,0.528,1,78,2026-09-18,OVERDUE,57.82,MEDIUM
MT-001481,AST-00148,S&T,C08,CORRECTIVE,AXLE_COUNTER_FAULT,2,4,0.706,0,0.453,0.304,1,121,2026-09-12,OPEN,44.11,MEDIUM
MT-001482,AST-00124,S&T,C11,INSPECTION,SIGNAL_FAILURE,3,3,0.903,24,0.591,0.552,0.908,45,2026-09-16,SCHEDULED,44.33,MEDIUM
MT-001483,AST-00157,ENGINEERING,C18,CORRECTIVE,STRUCTURAL_DEFECT,2,4,0.511,3,0.893,0.401,1,147,2026-09-30,OPEN,46.01,MEDIUM
MT-001484,AST-00295,ENGINEERING,C18,PREVENTIVE,RAIL_CRACK,4,2,0.829,14,0.378,0.612,1,92,2026-09-27,OVERDUE,52.82,MEDIUM
MT-001485,AST-00105,S&T,C07,SIGNAL_REPAIR,RELAY_FAULT,2,1,0.741,2,0.773,0.398,1,124,2026-09-17,OPEN,20.32,LOW
MT-001486,AST-00331,TRD,C14,PREVENTIVE,OHE_DAMAGE,4,5,0.664,26,0.762,0.521,1,97,2026-09-18,SCHEDULED,80.25,CRITICAL
MT-001487,AST-00481,S&T,C06,PREVENTIVE,AXLE_COUNTER_FAULT,1,4,0.577,0,0.758,0.327,1,85,2026-09-03,OVERDUE,46.61,MEDIUM
MT-001488,AST-00415,S&T,C03,PREVENTIVE,SIGNAL_FAILURE,1,4,0.499,6,0.95,0.373,1,54,2026-09-16,OPEN,30.56,LOW
MT-001489,AST-00051,ENGINEERING,C05,REPAIR,TRACK_GEOMETRY,3,4,0.953,11,0.376,0.596,1,135,2026-09-25,SCHEDULED,49.44,MEDIUM
MT-001490,AST-00218,ENGINEERING,C05,PREVENTIVE,RAIL_CRACK,5,3,0.658,0,1.121,0.644,1,100,2026-09-18,OPEN,79.95,HIGH
MT-001491,AST-00259,ENGINEERING,C15,PREVENTIVE,BALLAST_DEFECT,4,4,0.768,0,1.313,0.503,1,125,2026-09-01,OPEN,76.71,HIGH
MT-001492,AST-00286,TRD,C05,OHE_REPAIR,CONTACT_WIRE_DEFECT,2,1,0.594,17,1.283,0.364,1,160,2026-09-14,SCHEDULED,36.35,LOW
MT-001493,AST-00259,ENGINEERING,C15,INSPECTION,BALLAST_DEFECT,3,4,0.768,0,0.435,0.415,1,107,2026-09-05,OPEN,63.46,HIGH
MT-001494,AST-00363,TRD,C15,PREVENTIVE,INSULATOR_FAILURE,5,3,0.856,14,1.092,0.677,1,95,2026-09-19,OPEN,78.27,HIGH
MT-001495,AST-00408,ENGINEERING,C04,CORRECTIVE,STRUCTURAL_DEFECT,5,3,0.684,8,1.43,0.378,1,181,2026-09-10,SCHEDULED,88.07,CRITICAL
MT-001496,AST-00170,ENGINEERING,C11,PREVENTIVE,TRACK_GEOMETRY,2,2,0.674,43,1.304,0.455,1,70,2026-09-28,SCHEDULED,49.84,MEDIUM
MT-001497,AST-00146,ENGINEERING,C10,INSPECTION,RAIL_CRACK,2,2,0.948,20,0.451,0.211,0.954,45,2026-09-21,OPEN,19.12,LOW
MT-001498,AST-00358,TRD,C06,CORRECTIVE,INSULATOR_FAILURE,1,1,0.696,23,0.828,0.238,1,81,2026-09-05,SCHEDULED,20.77,LOW
MT-001499,AST-00092,TRD,C03,OHE_REPAIR,OHE_DAMAGE,1,4,0.761,17,1.109,0.335,1,140,2026-09-19,SCHEDULED,46.12,MEDIUM
MT-001500,AST-00301,ENGINEERING,C13,REPAIR,BALLAST_DEFECT,5,5,0.894,1,0.837,0.687,1,175,2026-09-15,OPEN,83.55,CRITICAL
MT-001501,AST-00352,S&T,C09,PREVENTIVE,CABLE_FAULT,4,2,0.74,8,0.837,0.607,1,88,2026-09-21,SCHEDULED,51.31,MEDIUM
MT-001502,AST-00020,TRD,C17,OHE_REPAIR,INSULATOR_FAILURE,2,4,0.707,0,1.378,0.292,1,146,2026-09-08,OPEN,53.55,MEDIUM
MT-001503,AST-00281,ENGINEERING,C17,INSPECTION,RAIL_CRACK,1,2,0.592,8,1.583,0.105,1,55,2026-09-07,OVERDUE,37.49,LOW
MT-001504,AST-00194,ENGINEERING,C16,CORRECTIVE,BALLAST_DEFECT,4,2,0.76,9,0.631,0.439,1,142,2026-09-23,OVERDUE,51.04,MEDIUM
MT-001505,AST-00198,S&T,C20,INSPECTION,AXLE_COUNTER_FAULT,1,5,0.743,0,0.954,0.353,1,62,2026-09-09,OVERDUE,31.48,LOW
MT-001506,AST-00485,ENGINEERING,C06,INSPECTION,RAIL_CRACK,1,4,0.794,9,0.615,0.215,1,44,2026-09-28,OVERDUE,21.27,LOW
MT-001507,AST-00005,S&T,C09,INSPECTION,CABLE_FAULT,5,2,0.673,15,1.334,0.634,1,113,2026-09-05,OVERDUE,77.58,HIGH
MT-001508,AST-00362,ENGINEERING,C20,CORRECTIVE,POINT_DEFECT,1,5,0.714,0,0.999,0.188,1,111,2026-09-18,OPEN,40.41,MEDIUM
MT-001509,AST-00166,S&T,C07,SIGNAL_REPAIR,INTERLOCKING_FAULT,3,2,0.596,17,1.056,0.347,1,88,2026-09-25,OVERDUE,47.34,MEDIUM
MT-001510,AST-00310,TRD,C10,OHE_REPAIR,INSULATOR_FAILURE,5,4,0.641,12,0.624,0.635,1,190,2026-09-02,OPEN,76.81,HIGH
MT-001511,AST-00266,ENGINEERING,C18,REPAIR,POINT_DEFECT,5,4,0.789,6,1.246,0.531,1,181,2026-09-23,SCHEDULED,82.79,CRITICAL
MT-001512,AST-00297,TRD,C02,INSPECTION,INSULATOR_FAILURE,4,2,0.517,5,0.831,0.554,1,66,2026-09-06,OVERDUE,55.98,MEDIUM
MT-001513,AST-00285,TRD,C19,INSPECTION,FEEDER_FAULT,2,2,0.679,8,1.151,0.424,0.965,48,2026-09-13,OVERDUE,28.65,LOW
MT-001514,AST-00277,TRD,C12,PREVENTIVE,FEEDER_FAULT,3,3,0.859,14,0.215,0.663,1,91,2026-09-16,OVERDUE,46.1,MEDIUM
MT-001515,AST-00221,S&T,C08,PREVENTIVE,SIGNAL_FAILURE,1,4,0.721,18,1.341,0.379,1,60,2026-09-21,OPEN,52.38,MEDIUM
MT-001516,AST-00376,S&T,C10,INSPECTION,INTERLOCKING_FAULT,3,5,1.0,23,0.456,0.307,1,89,2026-09-29,SCHEDULED,52.16,MEDIUM
MT-001517,AST-00427,TRD,C04,PREVENTIVE,CONTACT_WIRE_DEFECT,2,3,0.707,17,0.845,0.46,1,72,2026-09-18,OPEN,43.33,MEDIUM
MT-001518,AST-00055,TRD,C14,PREVENTIVE,OHE_DAMAGE,2,2,0.683,15,0.644,0.284,1,84,2026-09-07,OVERDUE,25.98,LOW
MT-001519,AST-00141,TRD,C10,CORRECTIVE,OHE_DAMAGE,5,2,0.696,15,1.311,0.646,1,138,2026-09-19,OVERDUE,80.3,CRITICAL
MT-001520,AST-00366,S&T,C12,PREVENTIVE,CABLE_FAULT,2,2,0.704,25,1.146,0.315,1,49,2026-09-16,OPEN,38.78,LOW
MT-001521,AST-00442,ENGINEERING,C04,PREVENTIVE,POINT_DEFECT,3,4,0.701,3,0.527,0.746,1,96,2026-09-19,OPEN,51.15,MEDIUM
MT-001522,AST-00233,TRD,C10,OHE_REPAIR,CONTACT_WIRE_DEFECT,3,4,0.881,35,0.926,0.724,1,150,2026-09-05,OPEN,71.04,HIGH
MT-001523,AST-00179,S&T,C09,SIGNAL_REPAIR,SIGNAL_FAILURE,3,3,0.887,0,0.732,0.437,1,101,2026-09-01,OPEN,49.36,MEDIUM
MT-001524,AST-00345,TRD,C16,PREVENTIVE,CONTACT_WIRE_DEFECT,3,2,0.894,19,0.909,0.517,1,86,2026-09-23,OVERDUE,39.78,LOW
MT-001525,AST-00035,ENGINEERING,C08,PREVENTIVE,BALLAST_DEFECT,5,5,0.586,12,1.304,0.632,1,110,2026-09-30,OVERDUE,91.05,CRITICAL
MT-001526,AST-00285,TRD,C19,PREVENTIVE,OHE_DAMAGE,3,2,0.679,20,0.913,0.423,1,71,2026-09-20,OPEN,45.77,MEDIUM
MT-001527,AST-00264,ENGINEERING,C20,CORRECTIVE,STRUCTURAL_DEFECT,3,5,0.815,1,0.877,0.47,1,118,2026-09-13,OVERDUE,74.57,HIGH
MT-001528,AST-00042,S&T,C11,INSPECTION,AXLE_COUNTER_FAULT,2,3,0.641,0,0.556,0.417,1,67,2026-09-21,OVERDUE,37.63,LOW
MT-001529,AST-00330,S&T,C09,PREVENTIVE,AXLE_COUNTER_FAULT,4,4,0.753,3,1.051,0.605,1,99,2026-09-26,OPEN,67.16,HIGH
MT-001530,AST-00348,ENGINEERING,C17,CORRECTIVE,POINT_DEFECT,5,3,0.904,3,0.603,0.737,1,114,2026-09-07,OVERDUE,76.73,HIGH
MT-001531,AST-00137,TRD,C04,CORRECTIVE,FEEDER_FAULT,2,1,0.966,29,0.341,0.202,1,107,2026-09-13,SCHEDULED,31.19,LOW
MT-001532,AST-00363,TRD,C15,OHE_REPAIR,INSULATOR_FAILURE,5,3,0.856,11,0.484,0.637,1,176,2026-09-21,SCHEDULED,84.54,CRITICAL
MT-001533,AST-00016,ENGINEERING,C16,CORRECTIVE,POINT_DEFECT,2,4,0.654,3,1.412,0.391,1,85,2026-09-16,SCHEDULED,54.23,MEDIUM
MT-001534,AST-00347,ENGINEERING,C02,REPAIR,TRACK_GEOMETRY,1,3,0.441,11,1.006,0.07,1,135,2026-09-08,OVERDUE,30.37,LOW
MT-001535,AST-00489,TRD,C08,OHE_REPAIR,FEEDER_FAULT,2,4,0.927,0,0.649,0.492,1,153,2026-09-08,OVERDUE,33.1,LOW
MT-001536,AST-00144,ENGINEERING,C06,CORRECTIVE,STRUCTURAL_DEFECT,4,4,0.633,23,1.086,0.685,1,107,2026-09-14,OVERDUE,71.42,HIGH
MT-001537,AST-00301,ENGINEERING,C13,INSPECTION,POINT_DEFECT,2,5,0.894,0,0.169,0.299,1,61,2026-09-12,OPEN,34.8,LOW
MT-001538,AST-00305,S&T,C06,SIGNAL_REPAIR,INTERLOCKING_FAULT,3,4,0.56,16,1.347,0.582,1,109,2026-09-11,SCHEDULED,66.36,HIGH
MT-001539,AST-00275,TRD,C16,CORRECTIVE,CONTACT_WIRE_DEFECT,5,3,0.583,22,1.456,0.787,1,160,2026-09-24,OPEN,88.71,CRITICAL
MT-001540,AST-00362,ENGINEERING,C20,REPAIR,TRACK_GEOMETRY,4,5,0.714,0,1.353,0.613,1,182,2026-09-30,OPEN,80.19,CRITICAL
MT-001541,AST-00369,TRD,C13,OHE_REPAIR,CONTACT_WIRE_DEFECT,2,2,0.551,0,0.906,0.419,1,142,2026-09-01,OPEN,25.88,LOW
MT-001542,AST-00151,S&T,C07,PREVENTIVE,CABLE_FAULT,1,4,0.66,0,0.699,0.233,1,43,2026-09-27,OPEN,27.28,LOW
MT-001543,AST-00403,S&T,C15,PREVENTIVE,SIGNAL_FAILURE,3,4,0.893,9,0.92,0.337,1,93,2026-09-12,OPEN,57.15,MEDIUM
MT-001544,AST-00361,TRD,C03,PREVENTIVE,CONTACT_WIRE_DEFECT,4,2,0.858,20,0.619,0.766,1,109,2026-09-21,OVERDUE,64.28,HIGH
MT-001545,AST-00369,TRD,C13,CORRECTIVE,TRANSFORMER_FAULT,4,2,0.551,28,1.108,0.51,1,132,2026-09-03,OPEN,74.6,HIGH
MT-001546,AST-00082,ENGINEERING,C18,CORRECTIVE,STRUCTURAL_DEFECT,5,5,0.447,37,0.901,0.534,1,132,2026-09-11,OPEN,94.39,CRITICAL
MT-001547,AST-00274,TRD,C02,CORRECTIVE,CONTACT_WIRE_DEFECT,4,3,0.633,28,1.044,0.612,1,106,2026-09-01,OVERDUE,78.54,HIGH
MT-001548,AST-00015,TRD,C09,OHE_REPAIR,FEEDER_FAULT,5,3,0.801,13,1.275,0.724,1,160,2026-09-27,OPEN,82.2,CRITICAL
MT-001549,AST-00215,TRD,C13,OHE_REPAIR,CONTACT_WIRE_DEFECT,1,3,0.488,2,1.573,0.136,1,126,2026-09-23,OVERDUE,26.88,LOW
MT-001550,AST-00072,ENGINEERING,C05,REPAIR,TRACK_GEOMETRY,5,4,0.708,11,0.611,0.482,1,167,2026-09-01,OVERDUE,81.98,CRITICAL
MT-001551,AST-00185,TRD,C20,PREVENTIVE,INSULATOR_FAILURE,4,5,1.0,0,0.593,0.342,1,104,2026-09-14,OPEN,56.32,MEDIUM
MT-001552,AST-00141,TRD,C10,CORRECTIVE,TRANSFORMER_FAULT,3,2,0.696,7,0.52,0.437,1,98,2026-09-06,SCHEDULED,34.41,LOW
MT-001553,AST-00497,ENGINEERING,C01,PREVENTIVE,TRACK_GEOMETRY,5,3,0.749,6,1.368,0.685,1,95,2026-09-29,OPEN,80.48,CRITICAL
MT-001554,AST-00226,ENGINEERING,C03,CORRECTIVE,TRACK_GEOMETRY,4,5,0.83,12,0.464,0.552,1,115,2026-09-17,OVERDUE,77.92,HIGH
MT-001555,AST-00337,ENGINEERING,C19,INSPECTION,POINT_DEFECT,5,5,0.889,10,0.407,0.686,1,96,2026-09-25,SCHEDULED,81.18,CRITICAL
MT-001556,AST-00165,TRD,C18,CORRECTIVE,INSULATOR_FAILURE,4,5,0.83,0,0.661,0.809,1,134,2026-09-27,SCHEDULED,77.67,HIGH
MT-001557,AST-00449,ENGINEERING,C16,INSPECTION,POINT_DEFECT,4,5,0.736,11,1.313,0.521,1,64,2026-09-29,SCHEDULED,80.31,CRITICAL
MT-001558,AST-00089,TRD,C06,PREVENTIVE,TRANSFORMER_FAULT,2,3,0.748,44,1.1,0.329,1,64,2026-09-09,OPEN,61.23,HIGH
MT-001559,AST-00127,S&T,C16,SIGNAL_REPAIR,SIGNAL_FAILURE,2,4,0.737,0,0.831,0.598,1,88,2026-09-15,OVERDUE,44.1,MEDIUM
MT-001560,AST-00032,TRD,C04,OHE_REPAIR,OHE_DAMAGE,4,3,0.655,0,1.36,0.732,1,179,2026-09-18,OVERDUE,70.34,HIGH
MT-001561,AST-00346,S&T,C18,PREVENTIVE,CABLE_FAULT,5,4,0.714,0,1.391,0.419,1,116,2026-09-11,OVERDUE,82.06,CRITICAL
MT-001562,AST-00347,ENGINEERING,C02,CORRECTIVE,BALLAST_DEFECT,2,3,0.441,1,1.289,0.395,1,99,2026-09-27,SCHEDULED,40.3,MEDIUM
MT-001563,AST-00263,S&T,C10,INSPECTION,RELAY_FAULT,4,4,0.973,19,0.71,0.69,1,112,2026-09-29,OVERDUE,81.5,CRITICAL
MT-001564,AST-00215,TRD,C13,OHE_REPAIR,OHE_DAMAGE,2,3,0.488,9,0.99,0.376,1,162,2026-09-03,SCHEDULED,41.27,MEDIUM
MT-001565,AST-00162,TRD,C18,PREVENTIVE,TRANSFORMER_FAULT,3,4,0.778,28,1.3,0.47,1,93,2026-09-04,OPEN,75.7,HIGH
MT-001566,AST-00057,ENGINEERING,C01,REPAIR,RAIL_CRACK,2,2,0.628,3,0.884,0.4,1,167,2026-09-25,OPEN,40.99,MEDIUM
MT-001567,AST-00001,TRD,C01,CORRECTIVE,CONTACT_WIRE_DEFECT,1,2,0.717,11,0.836,0.364,1,85,2026-09-05,SCHEDULED,28.52,LOW
MT-001568,AST-00478,ENGINEERING,C09,CORRECTIVE,POINT_DEFECT,1,5,0.589,21,1.549,0.271,1,131,2026-09-08,OPEN,54.87,MEDIUM
MT-001569,AST-00290,S&T,C09,CORRECTIVE,RELAY_FAULT,4,2,0.887,31,0.322,0.674,1,147,2026-09-11,OPEN,67.08,HIGH
MT-001570,AST-00200,TRD,C08,CORRECTIVE,CONTACT_WIRE_DEFECT,2,4,0.784,15,0.807,0.352,1,124,2026-09-26,SCHEDULED,51.67,MEDIUM
MT-001571,AST-00351,TRD,C06,CORRECTIVE,FEEDER_FAULT,3,3,0.711,7,1.297,0.511,1,122,2026-09-24,OVERDUE,59.83,MEDIUM
MT-001572,AST-00298,ENGINEERING,C06,PREVENTIVE,BALLAST_DEFECT,5,4,0.872,20,0.239,0.776,1,127,2026-09-25,SCHEDULED,75.06,HIGH
MT-001573,AST-00222,ENGINEERING,C16,CORRECTIVE,POINT_DEFECT,3,3,0.594,17,0.77,0.349,1,106,2026-09-19,OVERDUE,45.5,MEDIUM
MT-001574,AST-00162,TRD,C18,CORRECTIVE,INSULATOR_FAILURE,2,4,0.778,6,0.408,0.458,1,110,2026-09-30,SCHEDULED,41.87,MEDIUM
MT-001575,AST-00275,TRD,C16,INSPECTION,INSULATOR_FAILURE,2,3,0.583,11,1.415,0.413,1,83,2026-09-08,OVERDUE,62.36,HIGH
MT-001576,AST-00390,ENGINEERING,C04,CORRECTIVE,POINT_DEFECT,4,5,0.646,34,0.921,0.897,1,136,2026-09-15,OPEN,88.55,CRITICAL
MT-001577,AST-00344,S&T,C11,INSPECTION,AXLE_COUNTER_FAULT,2,4,0.775,13,0.774,0.345,1,62,2026-09-06,OPEN,47.27,MEDIUM
MT-001578,AST-00339,ENGINEERING,C20,PREVENTIVE,STRUCTURAL_DEFECT,4,3,0.633,3,0.768,0.595,0.91,86,2026-09-11,OPEN,55.81,MEDIUM
MT-001579,AST-00008,TRD,C03,INSPECTION,FEEDER_FAULT,4,4,0.542,6,0.746,0.772,1,104,2026-09-07,OVERDUE,68.53,HIGH
MT-001580,AST-00007,TRD,C13,OHE_REPAIR,INSULATOR_FAILURE,4,4,0.466,7,1.05,0.498,1,145,2026-09-22,OVERDUE,78.97,HIGH
MT-001581,AST-00417,TRD,C15,INSPECTION,FEEDER_FAULT,4,3,0.854,44,0.39,0.652,1,102,2026-09-29,OVERDUE,73.77,HIGH
MT-001582,AST-00286,TRD,C05,OHE_REPAIR,TRANSFORMER_FAULT,3,1,0.594,0,0.766,0.482,0.907,159,2026-09-23,OPEN,29.83,LOW
MT-001583,AST-00098,TRD,C09,PREVENTIVE,CONTACT_WIRE_DEFECT,3,1,0.884,20,0.228,0.739,0.985,80,2026-09-01,OVERDUE,39.27,LOW
MT-001584,AST-00026,TRD,C13,CORRECTIVE,TRANSFORMER_FAULT,5,3,0.729,5,0.519,0.71,1,151,2026-09-30,OVERDUE,72.2,HIGH
MT-001585,AST-00262,TRD,C03,PREVENTIVE,FEEDER_FAULT,2,2,0.777,6,0.915,0.53,1,92,2026-09-02,SCHEDULED,36.31,LOW
MT-001586,AST-00091,ENGINEERING,C10,INSPECTION,TRACK_GEOMETRY,3,1,0.656,0,1.438,0.592,0.977,78,2026-09-19,OVERDUE,45.5,MEDIUM
MT-001587,AST-00298,ENGINEERING,C06,PREVENTIVE,BALLAST_DEFECT,4,4,0.872,25,1.112,0.843,1,95,2026-09-18,OVERDUE,74.65,HIGH
MT-001588,AST-00117,TRD,C15,OHE_REPAIR,OHE_DAMAGE,4,3,0.559,0,1.597,0.692,1,159,2026-09-07,OPEN,81.16,CRITICAL
MT-001589,AST-00433,TRD,C07,CORRECTIVE,FEEDER_FAULT,5,3,0.82,6,0.755,0.726,1,129,2026-09-05,OVERDUE,77.34,HIGH
MT-001590,AST-00008,TRD,C03,PREVENTIVE,FEEDER_FAULT,2,4,0.542,12,1.673,0.696,1,75,2026-09-15,OVERDUE,64.75,HIGH
MT-001591,AST-00378,ENGINEERING,C18,REPAIR,POINT_DEFECT,4,5,0.711,9,0.594,0.69,1,184,2026-09-30,OPEN,74.32,HIGH
MT-001592,AST-00362,ENGINEERING,C20,PREVENTIVE,BALLAST_DEFECT,2,5,0.714,0,0.604,0.42,1,77,2026-09-18,OVERDUE,55.72,MEDIUM
MT-001593,AST-00500,S&T,C02,PREVENTIVE,RELAY_FAULT,5,3,0.544,9,1.226,0.775,1,108,2026-09-22,OPEN,82.73,CRITICAL
MT-001594,AST-00377,S&T,C09,PREVENTIVE,AXLE_COUNTER_FAULT,2,2,0.665,29,1.083,0.302,0.982,58,2026-09-22,SCHEDULED,35.72,LOW
MT-001595,AST-00422,S&T,C12,SIGNAL_REPAIR,RELAY_FAULT,3,2,0.711,0,1.082,0.516,1,134,2026-09-14,OPEN,50.5,MEDIUM
MT-001596,AST-00414,S&T,C05,CORRECTIVE,CABLE_FAULT,2,4,0.952,20,0.306,0.384,1,160,2026-09-22,OVERDUE,60.0,HIGH
MT-001597,AST-00360,TRD,C11,INSPECTION,TRANSFORMER_FAULT,2,4,0.886,0,0.437,0.265,1,63,2026-09-24,OPEN,28.7,LOW
MT-001598,AST-00352,S&T,C09,CORRECTIVE,SIGNAL_FAILURE,3,2,0.74,28,0.834,0.703,1,120,2026-09-28,OVERDUE,46.31,MEDIUM
MT-001599,AST-00467,ENGINEERING,C13,CORRECTIVE,POINT_DEFECT,3,2,0.729,0,0.965,0.608,1,107,2026-09-28,OVERDUE,27.82,LOW
MT-001600,AST-00497,ENGINEERING,C01,REPAIR,STRUCTURAL_DEFECT,3,3,0.749,15,0.96,0.383,1,161,2026-09-16,SCHEDULED,50.73,MEDIUM
MT-001601,AST-00112,ENGINEERING,C07,CORRECTIVE,TRACK_GEOMETRY,4,4,0.821,0,1.011,0.408,1,119,2026-09-11,OPEN,69.86,HIGH
MT-001602,AST-00408,ENGINEERING,C04,PREVENTIVE,BALLAST_DEFECT,3,3,0.684,0,0.872,0.538,1,103,2026-09-18,OPEN,50.21,MEDIUM
MT-001603,AST-00127,S&T,C16,PREVENTIVE,AXLE_COUNTER_FAULT,2,4,0.737,9,0.459,0.184,1,74,2026-09-12,OVERDUE,41.15,MEDIUM
MT-001604,AST-00171,TRD,C17,OHE_REPAIR,FEEDER_FAULT,1,4,0.624,6,0.831,0.336,1,122,2026-09-30,OVERDUE,37.75,LOW
MT-001605,AST-00066,S&T,C20,PREVENTIVE,INTERLOCKING_FAULT,5,3,0.848,13,0.333,0.45,1,117,2026-09-21,SCHEDULED,68.06,HIGH
MT-001606,AST-00337,ENGINEERING,C19,REPAIR,POINT_DEFECT,1,5,0.889,15,0.284,0.165,1,125,2026-09-29,OVERDUE,23.82,LOW
MT-001607,AST-00062,TRD,C07,OHE_REPAIR,OHE_DAMAGE,3,3,0.794,15,0.976,0.373,1,142,2026-09-21,OPEN,63.05,HIGH
MT-001608,AST-00331,TRD,C14,INSPECTION,OHE_DAMAGE,5,5,0.664,0,0.865,0.729,1,77,2026-09-30,OPEN,81.14,CRITICAL
MT-001609,AST-00430,TRD,C07,CORRECTIVE,OHE_DAMAGE,3,5,0.497,17,0.848,0.567,1,117,2026-09-15,OVERDUE,79.3,HIGH
MT-001610,AST-00054,ENGINEERING,C06,CORRECTIVE,RAIL_CRACK,1,5,0.499,9,1.513,0.277,1,122,2026-09-03,OPEN,56.95,MEDIUM
MT-001611,AST-00102,S&T,C15,SIGNAL_REPAIR,CABLE_FAULT,5,3,0.732,11,0.612,0.692,1,131,2026-09-20,OPEN,76.88,HIGH
MT-001612,AST-00140,S&T,C16,INSPECTION,CABLE_FAULT,5,1,0.752,9,1.111,0.566,1,87,2026-09-23,OVERDUE,67.45,HIGH
MT-001613,AST-00416,S&T,C11,PREVENTIVE,AXLE_COUNTER_FAULT,2,1,0.972,15,0.734,0.349,0.953,62,2026-09-04,OPEN,17.49,LOW
MT-001614,AST-00457,TRD,C10,OHE_REPAIR,FEEDER_FAULT,2,3,0.689,21,0.688,0.466,1,143,2026-09-08,OPEN,49.03,MEDIUM
MT-001615,AST-00158,TRD,C04,INSPECTION,CONTACT_WIRE_DEFECT,5,3,0.732,29,0.605,0.754,1,95,2026-09-13,OVERDUE,71.91,HIGH
MT-001616,AST-00467,ENGINEERING,C13,CORRECTIVE,RAIL_CRACK,1,2,0.729,7,0.999,0.346,1,81,2026-09-30,SCHEDULED,23.88,LOW
MT-001617,AST-00141,TRD,C10,PREVENTIVE,CONTACT_WIRE_DEFECT,2,2,0.696,6,1.221,0.375,0.966,100,2026-09-21,OVERDUE,39.71,LOW
MT-001618,AST-00065,S&T,C06,SIGNAL_REPAIR,SIGNAL_FAILURE,2,1,0.864,19,0.218,0.408,0.914,108,2026-09-20,SCHEDULED,22.87,LOW
MT-001619,AST-00172,ENGINEERING,C17,INSPECTION,TRACK_GEOMETRY,3,5,0.607,7,0.837,0.564,1,65,2026-09-04,OVERDUE,70.14,HIGH
MT-001620,AST-00448,ENGINEERING,C17,PREVENTIVE,RAIL_CRACK,2,1,0.687,12,0.73,0.387,1,91,2026-09-23,OPEN,22.98,LOW
MT-001621,AST-00213,TRD,C10,OHE_REPAIR,CONTACT_WIRE_DEFECT,5,5,0.697,13,0.577,0.766,1,176,2026-09-06,SCHEDULED,93.94,CRITICAL
MT-001622,AST-00492,S&T,C11,INSPECTION,AXLE_COUNTER_FAULT,5,3,0.508,18,0.74,0.729,1,82,2026-09-25,OVERDUE,86.0,CRITICAL
MT-001623,AST-00214,S&T,C19,PREVENTIVE,AXLE_COUNTER_FAULT,3,5,0.529,12,1.116,0.617,1,78,2026-09-19,OVERDUE,78.39,HIGH
MT-001624,AST-00312,S&T,C18,PREVENTIVE,RELAY_FAULT,3,4,0.818,28,0.754,0.421,1,102,2026-09-29,OPEN,59.86,MEDIUM
MT-001625,AST-00137,TRD,C04,CORRECTIVE,TRANSFORMER_FAULT,2,1,0.966,13,1.013,0.49,1,113,2026-09-09,OVERDUE,22.95,LOW
MT-001626,AST-00373,TRD,C15,PREVENTIVE,FEEDER_FAULT,1,3,0.632,11,1.372,0.21,1,73,2026-09-28,OPEN,29.32,LOW
MT-001627,AST-00218,ENGINEERING,C05,PREVENTIVE,RAIL_CRACK,1,3,0.658,3,1.433,0.288,1,49,2026-09-20,OPEN,27.66,LOW
MT-001628,AST-00069,ENGINEERING,C16,REPAIR,STRUCTURAL_DEFECT,3,4,0.448,14,1.195,0.572,1,159,2026-09-22,OVERDUE,78.78,HIGH
MT-001629,AST-00182,TRD,C02,INSPECTION,FEEDER_FAULT,4,4,0.706,16,0.958,0.528,1,91,2026-09-09,OPEN,72.08,HIGH
MT-001630,AST-00469,ENGINEERING,C13,REPAIR,BALLAST_DEFECT,5,2,0.697,25,1.394,0.526,1,179,2026-09-16,OVERDUE,85.6,CRITICAL
MT-001631,AST-00331,TRD,C14,OHE_REPAIR,TRANSFORMER_FAULT,1,5,0.664,18,1.02,0.414,1,100,2026-09-29,OPEN,54.48,MEDIUM
MT-001632,AST-00452,ENGINEERING,C02,INSPECTION,RAIL_CRACK,5,2,0.77,0,0.953,0.77,1,84,2026-09-05,OPEN,66.17,HIGH
MT-001633,AST-00089,TRD,C06,PREVENTIVE,CONTACT_WIRE_DEFECT,1,3,0.748,7,1.267,0.053,1,75,2026-09-16,SCHEDULED,25.48,LOW
MT-001634,AST-00450,TRD,C14,INSPECTION,TRANSFORMER_FAULT,1,3,0.729,16,1.339,0.278,1,60,2026-09-02,SCHEDULED,40.54,MEDIUM
MT-001635,AST-00158,TRD,C04,INSPECTION,INSULATOR_FAILURE,2,3,0.732,14,0.531,0.187,1,78,2026-09-24,OPEN,31.77,LOW
MT-001636,AST-00051,ENGINEERING,C05,PREVENTIVE,BALLAST_DEFECT,3,4,0.953,0,0.856,0.437,1,77,2026-09-18,OVERDUE,50.98,MEDIUM
MT-001637,AST-00153,S&T,C05,SIGNAL_REPAIR,SIGNAL_FAILURE,3,3,0.668,17,0.925,0.612,1,108,2026-09-19,OPEN,58.49,MEDIUM
MT-001638,AST-00116,ENGINEERING,C02,PREVENTIVE,BALLAST_DEFECT,2,4,0.707,0,0.662,0.49,1,70,2026-09-02,OPEN,39.27,LOW
MT-001639,AST-00482,ENGINEERING,C12,INSPECTION,STRUCTURAL_DEFECT,5,4,0.816,9,0.318,0.701,1,99,2026-09-15,SCHEDULED,81.62,CRITICAL
MT-001640,AST-00112,ENGINEERING,C07,INSPECTION,RAIL_CRACK,4,4,0.821,3,1.048,0.83,1,88,2026-09-03,OVERDUE,76.7,HIGH
MT-001641,AST-00355,ENGINEERING,C01,CORRECTIVE,STRUCTURAL_DEFECT,3,4,0.796,8,0.561,0.54,1,127,2026-09-13,OPEN,50.79,MEDIUM
MT-001642,AST-00299,S&T,C07,PREVENTIVE,INTERLOCKING_FAULT,3,5,0.684,23,0.516,0.638,1,98,2026-09-06,OVERDUE,71.74,HIGH
MT-001643,AST-00266,ENGINEERING,C18,INSPECTION,RAIL_CRACK,2,4,0.789,24,1.008,0.313,1,93,2026-09-13,OPEN,62.76,HIGH
MT-001644,AST-00387,TRD,C12,OHE_REPAIR,FEEDER_FAULT,2,5,0.505,13,1.516,0.57,1,171,2026-09-13,OVERDUE,69.46,HIGH
MT-001645,AST-00219,TRD,C17,PREVENTIVE,FEEDER_FAULT,4,4,0.504,0,1.655,0.604,1,107,2026-09-03,OVERDUE,80.99,CRITICAL
MT-001646,AST-00356,ENGINEERING,C02,INSPECTION,STRUCTURAL_DEFECT,3,3,0.775,0,0.878,0.644,1,79,2026-09-20,OPEN,46.67,MEDIUM
MT-001647,AST-00061,S&T,C07,SIGNAL_REPAIR,SIGNAL_FAILURE,4,4,0.798,1,0.679,0.551,1,155,2026-09-09,SCHEDULED,74.75,HIGH
MT-001648,AST-00343,TRD,C14,CORRECTIVE,TRANSFORMER_FAULT,3,3,0.775,5,0.729,0.494,1,107,2026-09-05,OVERDUE,39.5,LOW
MT-001649,AST-00182,TRD,C02,INSPECTION,OHE_DAMAGE,4,4,0.706,29,0.771,0.636,1,86,2026-09-04,OPEN,77.18,HIGH
MT-001650,AST-00044,TRD,C03,OHE_REPAIR,INSULATOR_FAILURE,3,3,0.797,36,0.863,0.367,1,168,2026-09-01,OPEN,60.3,HIGH
MT-001651,AST-00339,ENGINEERING,C20,INSPECTION,RAIL_CRACK,2,3,0.633,4,1.057,0.387,1,49,2026-09-21,OPEN,39.16,LOW
MT-001652,AST-00010,ENGINEERING,C09,PREVENTIVE,TRACK_GEOMETRY,4,4,0.72,17,0.96,0.506,1,105,2026-09-11,OPEN,76.84,HIGH
MT-001653,AST-00165,TRD,C18,CORRECTIVE,OHE_DAMAGE,3,5,0.83,10,0.397,0.377,1,118,2026-09-03,OVERDUE,61.94,HIGH
MT-001654,AST-00009,ENGINEERING,C04,REPAIR,POINT_DEFECT,1,3,0.768,0,0.624,0.403,1,143,2026-09-22,OPEN,30.54,LOW
MT-001655,AST-00373,TRD,C15,PREVENTIVE,INSULATOR_FAILURE,2,3,0.632,3,1.175,0.254,1,71,2026-09-20,OPEN,35.89,LOW
MT-001656,AST-00468,ENGINEERING,C01,PREVENTIVE,STRUCTURAL_DEFECT,4,5,0.555,30,1.189,0.671,1,113,2026-09-29,OVERDUE,93.35,CRITICAL
MT-001657,AST-00295,ENGINEERING,C18,CORRECTIVE,POINT_DEFECT,3,2,0.829,26,0.624,0.56,1,119,2026-09-26,OVERDUE,56.52,MEDIUM
MT-001658,AST-00387,TRD,C12,OHE_REPAIR,OHE_DAMAGE,2,5,0.505,26,1.333,0.506,1,131,2026-09-16,OPEN,78.07,HIGH
MT-001659,AST-00246,S&T,C12,SIGNAL_REPAIR,CABLE_FAULT,3,3,0.848,0,0.955,0.341,1,112,2026-09-20,SCHEDULED,42.71,MEDIUM
MT-001660,AST-00158,TRD,C04,OHE_REPAIR,CONTACT_WIRE_DEFECT,5,3,0.732,12,0.894,0.645,1,185,2026-09-14,SCHEDULED,75.47,HIGH
MT-001661,AST-00321,S&T,C13,CORRECTIVE,AXLE_COUNTER_FAULT,4,4,0.56,15,0.696,0.575,1,133,2026-09-06,SCHEDULED,74.38,HIGH
MT-001662,AST-00133,TRD,C16,CORRECTIVE,OHE_DAMAGE,5,3,0.557,5,0.923,0.802,1,132,2026-09-12,OPEN,81.04,CRITICAL
MT-001663,AST-00070,S&T,C13,CORRECTIVE,CABLE_FAULT,5,2,0.744,0,1.014,0.578,1,141,2026-09-02,OPEN,64.45,HIGH
MT-001664,AST-00003,ENGINEERING,C20,CORRECTIVE,TRACK_GEOMETRY,5,4,0.454,0,1.347,0.662,1,115,2026-09-30,OPEN,88.78,CRITICAL
MT-001665,AST-00427,TRD,C04,CORRECTIVE,TRANSFORMER_FAULT,2,3,0.707,0,1.056,0.394,1,87,2026-09-22,OPEN,44.17,MEDIUM
MT-001666,AST-00497,ENGINEERING,C01,INSPECTION,TRACK_GEOMETRY,3,3,0.749,7,0.915,0.354,1,82,2026-09-20,OPEN,56.02,MEDIUM
MT-001667,AST-00256,ENGINEERING,C16,PREVENTIVE,RAIL_CRACK,1,3,0.48,15,1.562,0.505,1,47,2026-09-09,OPEN,43.69,MEDIUM
MT-001668,AST-00397,S&T,C15,INSPECTION,SIGNAL_FAILURE,3,3,0.711,18,0.963,0.637,1,75,2026-09-20,OPEN,66.48,HIGH
MT-001669,AST-00403,S&T,C15,PREVENTIVE,SIGNAL_FAILURE,3,4,0.893,2,0.706,0.665,1,92,2026-09-18,OPEN,63.13,HIGH
MT-001670,AST-00420,TRD,C01,PREVENTIVE,TRANSFORMER_FAULT,3,5,0.461,11,1.782,0.294,1,113,2026-09-05,OVERDUE,76.77,HIGH
MT-001671,AST-00154,TRD,C17,OHE_REPAIR,OHE_DAMAGE,2,5,0.822,0,0.299,0.368,1,133,2026-09-27,OVERDUE,45.42,MEDIUM
MT-001672,AST-00394,S&T,C03,CORRECTIVE,RELAY_FAULT,5,2,0.922,7,0.73,0.559,1,168,2026-09-02,OPEN,72.17,HIGH
MT-001673,AST-00105,S&T,C07,PREVENTIVE,INTERLOCKING_FAULT,3,1,0.741,19,1.375,0.604,0.92,83,2026-09-14,OPEN,40.45,MEDIUM
MT-001674,AST-00254,S&T,C11,SIGNAL_REPAIR,RELAY_FAULT,3,4,0.879,8,0.793,0.496,1,145,2026-09-22,OPEN,48.98,MEDIUM
MT-001675,AST-00126,S&T,C15,SIGNAL_REPAIR,INTERLOCKING_FAULT,3,3,0.596,0,1.023,0.368,1,143,2026-09-23,OPEN,58.67,MEDIUM
MT-001676,AST-00421,S&T,C14,PREVENTIVE,AXLE_COUNTER_FAULT,2,5,0.855,14,0.835,0.296,1,78,2026-09-08,OPEN,47.14,MEDIUM
MT-001677,AST-00027,ENGINEERING,C08,PREVENTIVE,TRACK_GEOMETRY,3,3,0.552,7,1.499,0.52,1,80,2026-09-07,OVERDUE,40.82,MEDIUM
MT-001678,AST-00399,ENGINEERING,C05,PREVENTIVE,RAIL_CRACK,5,4,0.778,0,0.849,0.779,1,84,2026-09-15,OPEN,80.87,CRITICAL
MT-001679,AST-00230,ENGINEERING,C20,CORRECTIVE,TRACK_GEOMETRY,4,3,0.863,26,0.918,0.664,1,106,2026-09-27,OVERDUE,77.38,HIGH
MT-001680,AST-00128,S&T,C01,PREVENTIVE,SIGNAL_FAILURE,2,3,0.898,5,0.995,0.438,1,88,2026-09-10,OVERDUE,37.86,LOW
MT-001681,AST-00043,TRD,C15,PREVENTIVE,FEEDER_FAULT,1,1,0.921,12,1.07,0.098,1,57,2026-09-15,OVERDUE,16.6,LOW
MT-001682,AST-00222,ENGINEERING,C16,PREVENTIVE,STRUCTURAL_DEFECT,3,3,0.594,0,1.32,0.548,1,96,2026-09-16,OPEN,58.04,MEDIUM
MT-001683,AST-00180,ENGINEERING,C14,INSPECTION,STRUCTURAL_DEFECT,4,4,0.591,7,1.484,0.698,1,111,2026-09-01,OPEN,83.11,CRITICAL
MT-001684,AST-00489,TRD,C08,CORRECTIVE,CONTACT_WIRE_DEFECT,3,4,0.927,0,0.347,0.665,1,132,2026-09-11,OVERDUE,26.82,LOW
MT-001685,AST-00074,S&T,C09,INSPECTION,INTERLOCKING_FAULT,5,5,0.775,6,0.681,0.436,1,85,2026-09-25,OVERDUE,86.05,CRITICAL
MT-001686,AST-00229,S&T,C05,PREVENTIVE,INTERLOCKING_FAULT,3,2,0.834,41,0.641,0.553,1,99,2026-09-05,OVERDUE,50.05,MEDIUM
MT-001687,AST-00258,S&T,C19,CORRECTIVE,SIGNAL_FAILURE,4,2,0.64,6,1.471,0.683,1,120,2026-09-18,OPEN,67.0,HIGH
MT-001688,AST-00205,ENGINEERING,C03,INSPECTION,TRACK_GEOMETRY,2,3,0.778,14,0.735,0.29,1,60,2026-09-26,OPEN,35.8,LOW
MT-001689,AST-00136,TRD,C05,PREVENTIVE,OHE_DAMAGE,4,5,0.924,0,0.743,0.707,1,81,2026-09-03,OVERDUE,76.87,HIGH
MT-001690,AST-00182,TRD,C02,INSPECTION,INSULATOR_FAILURE,4,4,0.706,31,0.677,0.499,1,93,2026-09-19,SCHEDULED,74.76,HIGH
MT-001691,AST-00454,S&T,C20,CORRECTIVE,CABLE_FAULT,3,3,0.695,0,0.624,0.493,1,117,2026-09-07,OVERDUE,37.59,LOW
MT-001692,AST-00338,ENGINEERING,C07,PREVENTIVE,TRACK_GEOMETRY,3,4,0.68,29,0.747,0.52,1,93,2026-09-16,OPEN,64.15,HIGH
MT-001693,AST-00310,TRD,C10,INSPECTION,CONTACT_WIRE_DEFECT,5,4,0.641,18,1.337,0.735,1,110,2026-09-19,OPEN,89.45,CRITICAL
MT-001694,AST-00153,S&T,C05,INSPECTION,CABLE_FAULT,4,3,0.668,15,0.911,0.533,1,81,2026-09-25,OPEN,62.72,HIGH
MT-001695,AST-00152,TRD,C02,PREVENTIVE,FEEDER_FAULT,1,4,0.619,12,1.485,0.505,1,67,2026-09-20,SCHEDULED,43.97,MEDIUM
MT-001696,AST-00190,ENGINEERING,C15,REPAIR,BALLAST_DEFECT,4,3,0.775,26,1.041,0.545,1,147,2026-09-15,OPEN,78.41,HIGH
MT-001697,AST-00414,S&T,C05,INSPECTION,AXLE_COUNTER_FAULT,1,4,0.952,25,0.352,0,1,65,2026-09-21,OPEN,33.52,LOW
MT-001698,AST-00426,S&T,C05,CORRECTIVE,RELAY_FAULT,4,2,0.849,2,0.912,0.642,1,138,2026-09-12,OVERDUE,62.5,HIGH
MT-001699,AST-00151,S&T,C07,CORRECTIVE,AXLE_COUNTER_FAULT,2,4,0.66,0,0.827,0.519,1,119,2026-09-17,SCHEDULED,48.11,MEDIUM
MT-001700,AST-00339,ENGINEERING,C20,PREVENTIVE,RAIL_CRACK,2,3,0.633,0,1.235,0.59,1,71,2026-09-30,OPEN,43.4,MEDIUM
MT-001701,AST-00234,TRD,C17,CORRECTIVE,TRANSFORMER_FAULT,3,2,0.771,22,1.223,0.568,1,122,2026-09-02,OVERDUE,53.15,MEDIUM
MT-001702,AST-00442,ENGINEERING,C04,CORRECTIVE,BALLAST_DEFECT,2,4,0.701,11,1.363,0.489,1,110,2026-09-26,OVERDUE,54.61,MEDIUM
MT-001703,AST-00027,ENGINEERING,C08,PREVENTIVE,RAIL_CRACK,2,3,0.552,3,1.27,0.457,1,74,2026-09-19,OPEN,38.12,LOW
MT-001704,AST-00103,TRD,C11,INSPECTION,TRANSFORMER_FAULT,2,4,0.617,16,0.93,0.41,1,67,2026-09-06,SCHEDULED,50.33,MEDIUM
MT-001705,AST-00042,S&T,C11,PREVENTIVE,AXLE_COUNTER_FAULT,2,3,0.641,24,0.939,0.308,1,71,2026-09-02,OVERDUE,45.8,MEDIUM
MT-001706,AST-00360,TRD,C11,INSPECTION,FEEDER_FAULT,2,4,0.886,18,0.922,0.338,1,55,2026-09-21,OPEN,41.5,MEDIUM
MT-001707,AST-00039,TRD,C17,PREVENTIVE,INSULATOR_FAILURE,3,2,0.972,0,0.993,0.387,1,118,2026-09-08,OVERDUE,41.06,MEDIUM
MT-001708,AST-00046,TRD,C01,INSPECTION,OHE_DAMAGE,4,3,0.962,28,0.612,0.674,1,79,2026-09-30,OPEN,63.21,HIGH
MT-001709,AST-00390,ENGINEERING,C04,REPAIR,TRACK_GEOMETRY,3,5,0.646,3,1.048,0.475,1,151,2026-09-10,OVERDUE,69.61,HIGH
MT-001710,AST-00249,TRD,C12,PREVENTIVE,FEEDER_FAULT,4,2,0.808,0,1.244,0.627,1,80,2026-09-09,OPEN,69.27,HIGH
MT-001711,AST-00125,S&T,C01,PREVENTIVE,INTERLOCKING_FAULT,4,4,0.852,22,1.146,0.794,1,100,2026-09-22,SCHEDULED,75.56,HIGH
MT-001712,AST-00082,ENGINEERING,C18,PREVENTIVE,BALLAST_DEFECT,2,5,0.447,0,1.484,0.391,1,78,2026-09-14,SCHEDULED,64.38,HIGH
MT-001713,AST-00248,TRD,C15,INSPECTION,TRANSFORMER_FAULT,5,2,0.579,0,1.406,0.554,1,75,2026-09-25,OPEN,62.71,HIGH
MT-001714,AST-00324,ENGINEERING,C15,CORRECTIVE,RAIL_CRACK,5,2,0.799,6,1.183,0.711,1,122,2026-09-17,OPEN,64.86,HIGH
MT-001715,AST-00111,S&T,C19,PREVENTIVE,SIGNAL_FAILURE,4,4,0.768,12,0.934,0.614,1,119,2026-09-29,OPEN,67.96,HIGH
MT-001716,AST-00059,S&T,C04,PREVENTIVE,RELAY_FAULT,5,3,0.805,13,0.32,0.788,1,129,2026-09-25,SCHEDULED,82.07,CRITICAL
MT-001717,AST-00489,TRD,C08,INSPECTION,CONTACT_WIRE_DEFECT,3,4,0.927,20,0.138,0.558,1,71,2026-09-13,OPEN,53.82,MEDIUM
MT-001718,AST-00271,S&T,C14,PREVENTIVE,RELAY_FAULT,3,5,0.866,10,0.306,0.205,1,100,2026-09-11,OVERDUE,62.0,HIGH
MT-001719,AST-00450,TRD,C14,OHE_REPAIR,TRANSFORMER_FAULT,4,3,0.729,29,1.142,0.691,1,159,2026-09-14,SCHEDULED,81.81,CRITICAL
MT-001720,AST-00409,TRD,C20,CORRECTIVE,OHE_DAMAGE,5,3,0.828,0,1.219,0.662,1,133,2026-09-23,OVERDUE,80.96,CRITICAL
MT-001721,AST-00225,TRD,C17,PREVENTIVE,FEEDER_FAULT,5,3,0.596,2,1.516,0.938,1,121,2026-09-13,SCHEDULED,83.98,CRITICAL
MT-001722,AST-00107,TRD,C04,INSPECTION,OHE_DAMAGE,5,3,0.492,6,1.741,0.617,1,119,2026-09-20,OVERDUE,89.98,CRITICAL
MT-001723,AST-00211,TRD,C20,OHE_REPAIR,TRANSFORMER_FAULT,5,3,0.545,0,1.298,0.748,1,169,2026-09-15,SCHEDULED,78.88,HIGH
MT-001724,AST-00205,ENGINEERING,C03,PREVENTIVE,BALLAST_DEFECT,2,3,0.778,4,0.577,0.241,1,60,2026-09-10,SCHEDULED,34.5,LOW
MT-001725,AST-00494,S&T,C01,SIGNAL_REPAIR,SIGNAL_FAILURE,2,3,0.611,10,0.822,0.453,1,105,2026-09-12,OVERDUE,34.91,LOW
MT-001726,AST-00036,ENGINEERING,C01,CORRECTIVE,RAIL_CRACK,5,3,0.839,11,0.9,0.535,1,149,2026-09-09,SCHEDULED,76.91,HIGH
MT-001727,AST-00194,ENGINEERING,C16,PREVENTIVE,STRUCTURAL_DEFECT,2,2,0.76,10,0.479,0.468,1,84,2026-09-26,OPEN,38.75,LOW
MT-001728,AST-00394,S&T,C03,CORRECTIVE,AXLE_COUNTER_FAULT,2,2,0.922,0,0.364,0.317,1,116,2026-09-30,OPEN,29.27,LOW
MT-001729,AST-00083,TRD,C03,OHE_REPAIR,TRANSFORMER_FAULT,1,2,0.865,14,1.112,0.145,1,117,2026-09-21,OPEN,28.29,LOW
MT-001730,AST-00190,ENGINEERING,C15,PREVENTIVE,BALLAST_DEFECT,4,3,0.775,0,0.625,0.566,1,95,2026-09-23,SCHEDULED,59.76,MEDIUM
MT-001731,AST-00210,TRD,C02,INSPECTION,INSULATOR_FAILURE,1,4,0.557,8,1.402,0.398,1,33,2026-09-08,OVERDUE,42.5,MEDIUM
MT-001732,AST-00175,ENGINEERING,C20,PREVENTIVE,BALLAST_DEFECT,4,4,0.703,20,1.042,0.614,1,105,2026-09-14,OVERDUE,75.6,HIGH
MT-001733,AST-00242,S&T,C13,CORRECTIVE,CABLE_FAULT,1,5,0.805,18,1.034,0.276,1,105,2026-09-29,SCHEDULED,41.49,MEDIUM
MT-001734,AST-00047,ENGINEERING,C04,PREVENTIVE,STRUCTURAL_DEFECT,3,3,0.624,0,0.742,0.415,1,82,2026-09-06,OVERDUE,32.73,LOW
MT-001735,AST-00320,S&T,C05,SIGNAL_REPAIR,INTERLOCKING_FAULT,2,3,0.794,9,0.736,0.459,1,88,2026-09-27,OVERDUE,36.14,LOW
MT-001736,AST-00111,S&T,C19,CORRECTIVE,RELAY_FAULT,2,4,0.768,13,0.502,0.415,1,99,2026-09-27,OPEN,53.72,MEDIUM
MT-001737,AST-00449,ENGINEERING,C16,REPAIR,RAIL_CRACK,3,5,0.736,29,0.699,0.479,1,141,2026-09-05,OVERDUE,70.04,HIGH
MT-001738,AST-00040,TRD,C08,CORRECTIVE,TRANSFORMER_FAULT,3,2,0.958,22,0.154,0.343,1,134,2026-09-27,OVERDUE,33.59,LOW
MT-001739,AST-00470,ENGINEERING,C03,REPAIR,RAIL_CRACK,3,5,0.506,14,0.822,0.346,1,150,2026-09-25,OPEN,69.17,HIGH
MT-001740,AST-00186,ENGINEERING,C10,INSPECTION,BALLAST_DEFECT,4,3,0.782,10,1.064,0.893,1,54,2026-09-15,OPEN,75.29,HIGH
MT-001741,AST-00042,S&T,C11,CORRECTIVE,CABLE_FAULT,3,3,0.641,10,0.96,0.512,1,131,2026-09-04,OPEN,58.01,MEDIUM
MT-001742,AST-00437,ENGINEERING,C03,INSPECTION,STRUCTURAL_DEFECT,3,2,0.57,20,1.001,0.428,1,82,2026-09-17,SCHEDULED,53.53,MEDIUM
MT-001743,AST-00309,S&T,C12,INSPECTION,RELAY_FAULT,4,3,0.735,18,0.659,0.397,1,89,2026-09-26,SCHEDULED,59.83,MEDIUM
MT-001744,AST-00237,TRD,C04,CORRECTIVE,INSULATOR_FAILURE,2,1,0.889,6,0.315,0.573,0.963,106,2026-09-23,OPEN,23.73,LOW
MT-001745,AST-00115,S&T,C19,PREVENTIVE,INTERLOCKING_FAULT,1,4,0.591,7,1.386,0.347,1,88,2026-09-10,OVERDUE,38.8,LOW
MT-001746,AST-00224,TRD,C09,PREVENTIVE,INSULATOR_FAILURE,2,4,0.588,13,0.838,0.359,1,118,2026-09-14,SCHEDULED,48.96,MEDIUM
MT-001747,AST-00356,ENGINEERING,C02,PREVENTIVE,POINT_DEFECT,2,3,0.775,2,0.481,0.612,1,104,2026-09-05,OPEN,26.72,LOW
MT-001748,AST-00423,TRD,C02,OHE_REPAIR,TRANSFORMER_FAULT,4,4,0.697,11,1.267,0.604,1,134,2026-09-20,SCHEDULED,85.72,CRITICAL
MT-001749,AST-00409,TRD,C20,OHE_REPAIR,INSULATOR_FAILURE,1,3,0.828,6,0.397,0.35,1,121,2026-09-05,OPEN,31.38,LOW
MT-001750,AST-00338,ENGINEERING,C07,REPAIR,POINT_DEFECT,5,4,0.68,3,0.508,0.763,1,183,2026-09-24,SCHEDULED,85.31,CRITICAL
MT-001751,AST-00176,S&T,C20,PREVENTIVE,CABLE_FAULT,2,3,0.886,0,0.882,0.319,1,76,2026-09-23,OVERDUE,36.63,LOW
MT-001752,AST-00282,TRD,C19,CORRECTIVE,FEEDER_FAULT,3,4,0.849,20,0.595,0.424,1,120,2026-09-29,OPEN,58.91,MEDIUM
MT-001753,AST-00324,ENGINEERING,C15,INSPECTION,POINT_DEFECT,3,2,0.799,11,0.909,0.563,1,80,2026-09-11,OPEN,55.91,MEDIUM
MT-001754,AST-00256,ENGINEERING,C16,CORRECTIVE,POINT_DEFECT,5,3,0.48,2,0.783,0.726,1,152,2026-09-05,OVERDUE,79.12,HIGH
MT-001755,AST-00462,S&T,C15,CORRECTIVE,RELAY_FAULT,3,3,0.569,1,0.966,0.618,1,127,2026-09-11,OPEN,49.34,MEDIUM
MT-001756,AST-00032,TRD,C04,INSPECTION,OHE_DAMAGE,3,3,0.655,4,0.813,0.688,1,89,2026-09-09,SCHEDULED,63.78,HIGH
MT-001757,AST-00096,S&T,C15,INSPECTION,AXLE_COUNTER_FAULT,5,4,1.0,0,0.468,0.701,1,103,2026-09-26,OVERDUE,74.43,HIGH
MT-001758,AST-00084,ENGINEERING,C11,PREVENTIVE,RAIL_CRACK,4,4,0.819,27,0.305,0.807,1,103,2026-09-28,OPEN,70.34,HIGH
MT-001759,AST-00303,S&T,C15,CORRECTIVE,INTERLOCKING_FAULT,1,2,0.712,7,0.775,0.445,1,97,2026-09-06,OPEN,21.7,LOW
MT-001760,AST-00044,TRD,C03,OHE_REPAIR,FEEDER_FAULT,5,3,0.797,4,0.427,0.81,1,143,2026-09-15,OPEN,80.77,CRITICAL
MT-001761,AST-00098,TRD,C09,OHE_REPAIR,INSULATOR_FAILURE,1,1,0.884,3,0.613,0.318,0.949,113,2026-09-23,OVERDUE,13.19,LOW
MT-001762,AST-00493,ENGINEERING,C03,REPAIR,TRACK_GEOMETRY,2,3,0.693,0,0.88,0.308,1,143,2026-09-01,SCHEDULED,37.12,LOW
MT-001763,AST-00355,ENGINEERING,C01,PREVENTIVE,RAIL_CRACK,3,4,0.796,0,0.676,0.667,1,70,2026-09-25,SCHEDULED,56.85,MEDIUM
MT-001764,AST-00169,ENGINEERING,C09,PREVENTIVE,POINT_DEFECT,4,2,0.786,28,0.959,0.568,1,105,2026-09-24,SCHEDULED,60.58,HIGH
MT-001765,AST-00333,TRD,C08,CORRECTIVE,INSULATOR_FAILURE,5,5,0.659,20,1.191,0.634,1,109,2026-09-10,SCHEDULED,91.99,CRITICAL
MT-001766,AST-00283,S&T,C19,CORRECTIVE,CABLE_FAULT,4,3,0.72,28,1.248,0.614,1,125,2026-09-05,OVERDUE,74.06,HIGH
MT-001767,AST-00155,S&T,C10,INSPECTION,INTERLOCKING_FAULT,2,2,0.782,8,0.682,0.385,1,76,2026-09-27,OVERDUE,38.94,LOW
MT-001768,AST-00372,ENGINEERING,C09,CORRECTIVE,STRUCTURAL_DEFECT,1,4,0.736,0,0.55,0.392,1,105,2026-09-06,OVERDUE,39.54,LOW
MT-001769,AST-00136,TRD,C05,INSPECTION,FEEDER_FAULT,2,5,0.924,27,1.024,0.052,1,80,2026-09-05,OVERDUE,50.06,MEDIUM
MT-001770,AST-00409,TRD,C20,INSPECTION,TRANSFORMER_FAULT,2,3,0.828,19,1.047,0.243,1,51,2026-09-16,OPEN,45.31,MEDIUM
MT-001771,AST-00451,TRD,C09,INSPECTION,OHE_DAMAGE,5,4,0.572,10,1.443,0.696,1,69,2026-09-03,OPEN,88.37,CRITICAL
MT-001772,AST-00312,S&T,C18,PREVENTIVE,CABLE_FAULT,3,4,0.818,12,1.038,0.321,1,87,2026-09-29,OPEN,69.04,HIGH
MT-001773,AST-00391,TRD,C08,OHE_REPAIR,FEEDER_FAULT,3,4,0.882,16,0.878,0.399,1,115,2026-09-13,OVERDUE,58.67,MEDIUM
MT-001774,AST-00253,TRD,C16,OHE_REPAIR,CONTACT_WIRE_DEFECT,2,3,0.792,8,1.046,0.628,1,137,2026-09-04,SCHEDULED,37.18,LOW
MT-001775,AST-00073,TRD,C15,OHE_REPAIR,CONTACT_WIRE_DEFECT,2,3,0.704,0,0.925,0.385,1,127,2026-09-20,OPEN,35.22,LOW
MT-001776,AST-00153,S&T,C05,CORRECTIVE,CABLE_FAULT,3,3,0.668,29,0.775,0.445,1,133,2026-09-29,SCHEDULED,60.59,HIGH
MT-001777,AST-00140,S&T,C16,INSPECTION,SIGNAL_FAILURE,3,1,0.752,0,0.494,0.523,1,67,2026-09-06,OVERDUE,28.1,LOW
MT-001778,AST-00379,TRD,C15,INSPECTION,TRANSFORMER_FAULT,3,5,0.749,0,1.314,0.453,1,70,2026-09-27,SCHEDULED,58.68,MEDIUM
MT-001779,AST-00268,S&T,C11,PREVENTIVE,AXLE_COUNTER_FAULT,3,3,0.679,17,1.087,0.393,1,99,2026-09-09,OPEN,41.76,MEDIUM
MT-001780,AST-00374,S&T,C15,SIGNAL_REPAIR,INTERLOCKING_FAULT,1,3,0.759,0,1.025,0.346,1,110,2026-09-05,OPEN,21.07,LOW
MT-001781,AST-00294,TRD,C12,PREVENTIVE,TRANSFORMER_FAULT,4,4,0.783,10,1.168,0.663,1,120,2026-09-17,OPEN,74.65,HIGH
MT-001782,AST-00405,TRD,C16,PREVENTIVE,FEEDER_FAULT,3,3,0.774,20,0.655,0.567,1,81,2026-09-16,OPEN,51.98,MEDIUM
MT-001783,AST-00308,S&T,C11,INSPECTION,RELAY_FAULT,1,4,0.76,11,0.417,0.352,1,66,2026-09-08,OVERDUE,33.4,LOW
MT-001784,AST-00328,ENGINEERING,C10,REPAIR,TRACK_GEOMETRY,5,5,0.735,0,1.337,0.642,1,184,2026-09-11,OVERDUE,86.6,CRITICAL
MT-001785,AST-00493,ENGINEERING,C03,PREVENTIVE,BALLAST_DEFECT,1,3,0.693,30,0.931,0.251,1,51,2026-09-16,OVERDUE,34.47,LOW
MT-001786,AST-00084,ENGINEERING,C11,PREVENTIVE,STRUCTURAL_DEFECT,3,4,0.819,16,0.897,0.467,1,89,2026-09-17,SCHEDULED,66.22,HIGH
MT-001787,AST-00129,ENGINEERING,C04,REPAIR,BALLAST_DEFECT,5,4,0.517,5,1.561,0.676,1,164,2026-09-17,OPEN,91.75,CRITICAL
MT-001788,AST-00228,ENGINEERING,C04,REPAIR,STRUCTURAL_DEFECT,2,4,0.751,14,1.194,0.475,1,142,2026-09-25,OPEN,57.43,MEDIUM
MT-001789,AST-00065,S&T,C06,PREVENTIVE,SIGNAL_FAILURE,3,1,0.864,13,0.486,0.746,1,106,2026-09-09,OPEN,38.5,LOW
MT-001790,AST-00484,ENGINEERING,C16,INSPECTION,STRUCTURAL_DEFECT,3,3,0.592,31,1.055,0.763,1,66,2026-09-08,OPEN,78.21,HIGH
MT-001791,AST-00163,S&T,C04,PREVENTIVE,AXLE_COUNTER_FAULT,3,3,0.701,9,0.948,0.474,1,53,2026-09-27,OPEN,60.69,HIGH
MT-001792,AST-00261,ENGINEERING,C05,PREVENTIVE,TRACK_GEOMETRY,1,4,0.77,0,0.995,0.372,1,78,2026-09-30,OVERDUE,38.2,LOW
MT-001793,AST-00211,TRD,C20,PREVENTIVE,FEEDER_FAULT,3,3,0.545,4,0.844,0.541,1,92,2026-09-22,OVERDUE,57.42,MEDIUM
MT-001794,AST-00167,ENGINEERING,C07,INSPECTION,TRACK_GEOMETRY,3,4,0.657,11,1.004,0.316,1,67,2026-09-13,SCHEDULED,59.0,MEDIUM
MT-001795,AST-00067,ENGINEERING,C16,INSPECTION,STRUCTURAL_DEFECT,2,4,0.627,0,0.965,0.451,1,65,2026-09-15,SCHEDULED,56.6,MEDIUM
MT-001796,AST-00399,ENGINEERING,C05,PREVENTIVE,RAIL_CRACK,1,4,0.778,25,0.849,0.619,1,74,2026-09-30,OPEN,43.41,MEDIUM
MT-001797,AST-00442,ENGINEERING,C04,PREVENTIVE,TRACK_GEOMETRY,3,4,0.701,33,0.561,0.313,1,73,2026-09-21,OPEN,66.08,HIGH
MT-001798,AST-00162,TRD,C18,OHE_REPAIR,INSULATOR_FAILURE,5,4,0.778,0,0.617,0.657,1,156,2026-09-05,OPEN,77.51,HIGH
MT-001799,AST-00385,ENGINEERING,C09,PREVENTIVE,RAIL_CRACK,3,4,0.601,13,1.009,0.308,1,77,2026-09-13,OPEN,59.3,MEDIUM
MT-001800,AST-00115,S&T,C19,PREVENTIVE,INTERLOCKING_FAULT,3,4,0.591,2,1.21,0.293,1,100,2026-09-18,OVERDUE,53.63,MEDIUM
MT-001801,AST-00077,TRD,C03,INSPECTION,FEEDER_FAULT,3,3,0.722,2,0.503,0.719,1,79,2026-09-14,OPEN,50.86,MEDIUM
MT-001802,AST-00355,ENGINEERING,C01,INSPECTION,BALLAST_DEFECT,2,4,0.796,22,0.336,0.346,1,98,2026-09-07,OVERDUE,60.28,HIGH
MT-001803,AST-00062,TRD,C07,INSPECTION,CONTACT_WIRE_DEFECT,2,3,0.794,7,0.487,0.299,1,83,2026-09-28,SCHEDULED,35.22,LOW
MT-001804,AST-00171,TRD,C17,INSPECTION,FEEDER_FAULT,1,4,0.624,22,1.049,0.221,1,76,2026-09-09,OPEN,38.77,LOW
MT-001805,AST-00004,S&T,C09,INSPECTION,INTERLOCKING_FAULT,3,4,0.524,20,1.19,0.661,1,56,2026-09-21,SCHEDULED,79.13,HIGH
MT-001806,AST-00224,TRD,C09,PREVENTIVE,CONTACT_WIRE_DEFECT,3,4,0.588,32,1.085,0.603,1,101,2026-09-29,OVERDUE,72.94,HIGH
MT-001807,AST-00351,TRD,C06,CORRECTIVE,TRANSFORMER_FAULT,5,3,0.711,10,1.13,0.689,1,144,2026-09-04,OVERDUE,82.85,CRITICAL
MT-001808,AST-00377,S&T,C09,SIGNAL_REPAIR,INTERLOCKING_FAULT,3,2,0.665,36,1.273,0.54,1,133,2026-09-16,SCHEDULED,71.85,HIGH
MT-001809,AST-00448,ENGINEERING,C17,PREVENTIVE,RAIL_CRACK,2,1,0.687,13,1.443,0.426,1,77,2026-09-01,OPEN,31.62,LOW
MT-001810,AST-00367,S&T,C09,PREVENTIVE,CABLE_FAULT,3,3,0.661,6,1.314,0.525,1,65,2026-09-21,OVERDUE,49.63,MEDIUM
MT-001811,AST-00029,S&T,C17,SIGNAL_REPAIR,INTERLOCKING_FAULT,5,4,0.682,9,0.939,0.755,1,127,2026-09-01,OVERDUE,89.36,CRITICAL
MT-001812,AST-00478,ENGINEERING,C09,INSPECTION,STRUCTURAL_DEFECT,2,5,0.589,25,1.25,0.309,1,62,2026-09-05,SCHEDULED,73.11,HIGH
MT-001813,AST-00047,ENGINEERING,C04,CORRECTIVE,BALLAST_DEFECT,5,3,0.624,14,0.836,0.495,1,122,2026-09-29,OVERDUE,84.35,CRITICAL
MT-001814,AST-00074,S&T,C09,SIGNAL_REPAIR,AXLE_COUNTER_FAULT,2,5,0.775,25,1.289,0.474,1,94,2026-09-03,OPEN,67.59,HIGH
MT-001815,AST-00102,S&T,C15,PREVENTIVE,SIGNAL_FAILURE,3,3,0.732,24,1.202,0.413,1,66,2026-09-29,SCHEDULED,56.11,MEDIUM
MT-001816,AST-00282,TRD,C19,PREVENTIVE,TRANSFORMER_FAULT,3,4,0.849,7,1.138,0.412,1,106,2026-09-06,OPEN,64.46,HIGH
MT-001817,AST-00057,ENGINEERING,C01,REPAIR,BALLAST_DEFECT,1,2,0.628,13,0.79,0.373,1,162,2026-09-24,OVERDUE,29.21,LOW
MT-001818,AST-00496,TRD,C08,INSPECTION,OHE_DAMAGE,4,3,0.724,28,1.029,0.642,1,82,2026-09-16,OVERDUE,65.57,HIGH
MT-001819,AST-00290,S&T,C09,PREVENTIVE,AXLE_COUNTER_FAULT,2,2,0.887,6,0.253,0.477,0.936,51,2026-09-16,OPEN,18.45,LOW
MT-001820,AST-00481,S&T,C06,SIGNAL_REPAIR,INTERLOCKING_FAULT,3,4,0.577,13,1.535,0.431,1,123,2026-09-05,OVERDUE,63.26,HIGH
MT-001821,AST-00175,ENGINEERING,C20,PREVENTIVE,RAIL_CRACK,5,4,0.703,15,1.378,0.89,1,118,2026-09-24,OPEN,91.79,CRITICAL
MT-001822,AST-00117,TRD,C15,OHE_REPAIR,INSULATOR_FAILURE,2,3,0.559,6,1.637,0.602,1,131,2026-09-05,OPEN,51.38,MEDIUM
MT-001823,AST-00173,TRD,C10,INSPECTION,CONTACT_WIRE_DEFECT,2,5,0.811,27,1.151,0.279,1,35,2026-09-11,OVERDUE,44.38,MEDIUM
MT-001824,AST-00493,ENGINEERING,C03,PREVENTIVE,BALLAST_DEFECT,4,3,0.693,0,1.005,0.635,1,73,2026-09-16,OVERDUE,64.09,HIGH
MT-001825,AST-00084,ENGINEERING,C11,PREVENTIVE,RAIL_CRACK,4,4,0.819,0,0.776,0.527,1,100,2026-09-18,OPEN,64.39,HIGH
MT-001826,AST-00271,S&T,C14,PREVENTIVE,SIGNAL_FAILURE,4,5,0.866,13,0.422,0.668,1,114,2026-09-07,OPEN,77.26,HIGH
MT-001827,AST-00142,ENGINEERING,C06,REPAIR,RAIL_CRACK,5,5,0.649,0,0.977,0.829,1,152,2026-09-30,OPEN,87.4,CRITICAL
MT-001828,AST-00150,ENGINEERING,C16,REPAIR,STRUCTURAL_DEFECT,3,4,0.836,11,0.248,0.467,1,154,2026-09-08,OPEN,64.84,HIGH
MT-001829,AST-00375,TRD,C05,PREVENTIVE,FEEDER_FAULT,2,3,0.651,8,1.508,0.407,1,60,2026-09-30,OPEN,44.08,MEDIUM
MT-001830,AST-00355,ENGINEERING,C01,CORRECTIVE,RAIL_CRACK,2,4,0.796,17,1.177,0.602,1,122,2026-09-19,OVERDUE,59.35,MEDIUM
MT-001831,AST-00251,S&T,C09,PREVENTIVE,AXLE_COUNTER_FAULT,3,2,0.716,19,1.33,0.529,1,96,2026-09-29,OVERDUE,65.41,HIGH
MT-001832,AST-00404,ENGINEERING,C08,INSPECTION,RAIL_CRACK,2,3,0.968,20,0.121,0.311,1,58,2026-09-22,SCHEDULED,36.28,LOW
MT-001833,AST-00350,TRD,C18,CORRECTIVE,CONTACT_WIRE_DEFECT,3,1,0.744,0,0.863,0.259,0.984,128,2026-09-04,OPEN,34.93,LOW
MT-001834,AST-00423,TRD,C02,INSPECTION,CONTACT_WIRE_DEFECT,3,4,0.697,20,0.536,0.521,1,69,2026-09-20,OPEN,60.17,HIGH
MT-001835,AST-00208,ENGINEERING,C19,INSPECTION,STRUCTURAL_DEFECT,3,3,0.75,6,1.196,0.165,1,68,2026-09-08,OPEN,43.06,MEDIUM
MT-001836,AST-00498,ENGINEERING,C03,CORRECTIVE,POINT_DEFECT,5,5,0.916,5,0.268,0.727,1,133,2026-09-27,OPEN,82.52,CRITICAL
MT-001837,AST-00433,TRD,C07,PREVENTIVE,INSULATOR_FAILURE,2,3,0.82,0,1.23,0.356,1,100,2026-09-29,OPEN,33.76,LOW
MT-001838,AST-00238,TRD,C15,INSPECTION,CONTACT_WIRE_DEFECT,5,4,0.77,10,0.436,0.645,1,87,2026-09-02,SCHEDULED,83.5,CRITICAL
MT-001839,AST-00141,TRD,C10,CORRECTIVE,OHE_DAMAGE,2,2,0.696,0,0.908,0.466,0.951,86,2026-09-04,OVERDUE,28.25,LOW
MT-001840,AST-00141,TRD,C10,PREVENTIVE,FEEDER_FAULT,5,2,0.696,4,0.597,0.638,1,111,2026-09-20,OPEN,69.41,HIGH
MT-001841,AST-00042,S&T,C11,PREVENTIVE,INTERLOCKING_FAULT,4,3,0.641,4,1.137,0.802,1,90,2026-09-13,OVERDUE,69.09,HIGH
MT-001842,AST-00365,ENGINEERING,C03,CORRECTIVE,RAIL_CRACK,2,4,0.599,21,0.958,0.423,1,117,2026-09-03,SCHEDULED,65.43,HIGH
MT-001843,AST-00372,ENGINEERING,C09,INSPECTION,RAIL_CRACK,4,4,0.736,1,1.065,0.694,1,99,2026-09-15,OPEN,75.1,HIGH
MT-001844,AST-00064,S&T,C10,SIGNAL_REPAIR,INTERLOCKING_FAULT,2,2,0.812,6,1.144,0.289,1,97,2026-09-09,OVERDUE,31.44,LOW
MT-001845,AST-00321,S&T,C13,CORRECTIVE,SIGNAL_FAILURE,3,4,0.56,0,1.388,0.301,1,86,2026-09-16,OVERDUE,59.16,MEDIUM
MT-001846,AST-00398,ENGINEERING,C05,REPAIR,BALLAST_DEFECT,3,2,0.637,11,0.746,0.634,1,118,2026-09-07,OVERDUE,53.24,MEDIUM
MT-001847,AST-00099,ENGINEERING,C14,REPAIR,POINT_DEFECT,2,3,0.786,34,0.599,0.609,0.945,138,2026-09-14,OVERDUE,48.88,MEDIUM
MT-001848,AST-00075,TRD,C08,PREVENTIVE,TRANSFORMER_FAULT,2,3,0.598,12,0.755,0.285,1,82,2026-09-16,OPEN,46.08,MEDIUM
MT-001849,AST-00098,TRD,C09,PREVENTIVE,INSULATOR_FAILURE,4,1,0.884,4,0.256,0.778,1,80,2026-09-09,OVERDUE,33.46,LOW
MT-001850,AST-00012,TRD,C02,PREVENTIVE,FEEDER_FAULT,3,5,0.864,14,0.893,0.491,1,74,2026-09-22,OPEN,67.13,HIGH
MT-001851,AST-00078,S&T,C19,CORRECTIVE,RELAY_FAULT,2,5,0.627,7,1.18,0.331,1,107,2026-09-05,OPEN,64.66,HIGH
MT-001852,AST-00118,TRD,C15,INSPECTION,CONTACT_WIRE_DEFECT,2,4,0.621,9,0.791,0.283,1,48,2026-09-23,OVERDUE,49.37,MEDIUM
MT-001853,AST-00462,S&T,C15,SIGNAL_REPAIR,RELAY_FAULT,2,3,0.569,0,1.235,0.336,1,123,2026-09-26,OVERDUE,41.3,MEDIUM
MT-001854,AST-00145,TRD,C16,OHE_REPAIR,FEEDER_FAULT,3,3,0.951,1,0.693,0.587,1,149,2026-09-17,OPEN,51.05,MEDIUM
MT-001855,AST-00453,S&T,C11,PREVENTIVE,INTERLOCKING_FAULT,2,3,0.598,19,0.677,0.409,1,80,2026-09-04,OPEN,39.09,LOW
MT-001856,AST-00258,S&T,C19,INSPECTION,INTERLOCKING_FAULT,5,2,0.64,10,0.86,0.573,1,99,2026-09-08,OPEN,68.75,HIGH
MT-001857,AST-00008,TRD,C03,OHE_REPAIR,INSULATOR_FAILURE,3,4,0.542,15,0.971,0.436,1,135,2026-09-27,OPEN,67.76,HIGH
MT-001858,AST-00212,TRD,C02,INSPECTION,CONTACT_WIRE_DEFECT,4,2,0.887,0,0.236,0.765,0.958,80,2026-09-13,OVERDUE,57.18,MEDIUM
MT-001859,AST-00167,ENGINEERING,C07,INSPECTION,POINT_DEFECT,2,4,0.657,0,1.505,0.318,1,53,2026-09-07,OPEN,53.92,MEDIUM
MT-001860,AST-00001,TRD,C01,INSPECTION,INSULATOR_FAILURE,3,2,0.717,10,0.484,0.666,0.994,80,2026-09-06,OPEN,38.44,LOW
MT-001861,AST-00473,S&T,C06,SIGNAL_REPAIR,SIGNAL_FAILURE,4,1,0.685,15,0.958,0.388,1,159,2026-09-11,OVERDUE,56.69,MEDIUM
MT-001862,AST-00489,TRD,C08,PREVENTIVE,TRANSFORMER_FAULT,4,4,0.927,20,0.835,0.69,1,111,2026-09-19,OPEN,71.35,HIGH
MT-001863,AST-00152,TRD,C02,PREVENTIVE,OHE_DAMAGE,5,4,0.619,11,0.694,0.65,1,79,2026-09-03,OPEN,80.38,CRITICAL
MT-001864,AST-00251,S&T,C09,CORRECTIVE,INTERLOCKING_FAULT,2,2,0.716,29,1.027,0.286,1,116,2026-09-27,OVERDUE,37.35,LOW
MT-001865,AST-00164,ENGINEERING,C15,REPAIR,TRACK_GEOMETRY,2,5,0.572,1,0.712,0.415,1,130,2026-09-17,OVERDUE,45.47,MEDIUM
MT-001866,AST-00175,ENGINEERING,C20,CORRECTIVE,BALLAST_DEFECT,3,4,0.703,9,1.313,0.37,1,128,2026-09-09,OPEN,61.84,HIGH
MT-001867,AST-00474,ENGINEERING,C10,REPAIR,STRUCTURAL_DEFECT,3,3,1.0,4,0.131,0.593,1,147,2026-09-27,OPEN,30.79,LOW
MT-001868,AST-00270,ENGINEERING,C15,INSPECTION,STRUCTURAL_DEFECT,5,2,0.602,0,0.93,0.631,1,94,2026-09-30,OVERDUE,65.19,HIGH
MT-001869,AST-00355,ENGINEERING,C01,INSPECTION,BALLAST_DEFECT,4,4,0.796,13,1.003,0.589,1,74,2026-09-25,OVERDUE,67.06,HIGH
MT-001870,AST-00289,TRD,C17,PREVENTIVE,FEEDER_FAULT,4,5,0.769,0,0.683,0.632,1,98,2026-09-03,OPEN,83.72,CRITICAL
MT-001871,AST-00316,TRD,C02,OHE_REPAIR,CONTACT_WIRE_DEFECT,3,2,0.86,5,0.827,0.398,1,156,2026-09-16,OPEN,42.33,MEDIUM
MT-001872,AST-00355,ENGINEERING,C01,REPAIR,POINT_DEFECT,5,4,0.796,15,0.68,0.929,1,165,2026-09-17,OPEN,87.08,CRITICAL
MT-001873,AST-00242,S&T,C13,PREVENTIVE,RELAY_FAULT,3,5,0.805,1,0.401,0.503,1,89,2026-09-21,SCHEDULED,56.01,MEDIUM
MT-001874,AST-00024,ENGINEERING,C05,REPAIR,BALLAST_DEFECT,1,4,0.747,18,0.945,0.337,1,128,2026-09-05,OVERDUE,46.16,MEDIUM
MT-001875,AST-00249,TRD,C12,INSPECTION,OHE_DAMAGE,3,2,0.808,22,1.049,0.525,0.96,59,2026-09-12,SCHEDULED,53.12,MEDIUM
MT-001876,AST-00273,S&T,C16,CORRECTIVE,AXLE_COUNTER_FAULT,3,3,0.64,12,1.227,0.695,1,113,2026-09-10,OPEN,60.2,HIGH
MT-001877,AST-00267,ENGINEERING,C13,CORRECTIVE,STRUCTURAL_DEFECT,4,2,0.617,0,0.707,0.686,1,120,2026-09-02,SCHEDULED,52.34,MEDIUM
MT-001878,AST-00273,S&T,C16,SIGNAL_REPAIR,SIGNAL_FAILURE,2,3,0.64,19,0.831,0.507,1,133,2026-09-01,SCHEDULED,51.79,MEDIUM
MT-001879,AST-00246,S&T,C12,INSPECTION,INTERLOCKING_FAULT,3,3,0.848,9,1.218,0.578,1,60,2026-09-01,OVERDUE,62.98,HIGH
MT-001880,AST-00341,S&T,C04,INSPECTION,RELAY_FAULT,3,3,0.847,5,0.827,0.492,1,62,2026-09-27,OVERDUE,45.73,MEDIUM
MT-001881,AST-00135,S&T,C14,CORRECTIVE,RELAY_FAULT,2,5,0.552,11,1.665,0.388,1,99,2026-09-25,OVERDUE,66.55,HIGH
MT-001882,AST-00297,TRD,C02,CORRECTIVE,CONTACT_WIRE_DEFECT,5,2,0.517,16,1.589,0.828,1,120,2026-09-03,OVERDUE,88.74,CRITICAL
MT-001883,AST-00232,S&T,C18,PREVENTIVE,INTERLOCKING_FAULT,3,4,0.686,15,1.182,0.362,1,86,2026-09-09,OVERDUE,55.5,MEDIUM
MT-001884,AST-00008,TRD,C03,INSPECTION,OHE_DAMAGE,4,4,0.542,0,1.058,0.577,1,75,2026-09-25,OPEN,74.41,HIGH
MT-001885,AST-00174,S&T,C04,INSPECTION,SIGNAL_FAILURE,3,4,0.826,9,0.303,0.404,1,69,2026-09-21,OPEN,49.93,MEDIUM
MT-001886,AST-00152,TRD,C02,OHE_REPAIR,OHE_DAMAGE,3,4,0.619,0,1.257,0.742,1,143,2026-09-25,OVERDUE,67.35,HIGH
MT-001887,AST-00349,TRD,C16,PREVENTIVE,INSULATOR_FAILURE,3,3,0.94,6,0.214,0.505,1,92,2026-09-29,OVERDUE,46.57,MEDIUM
MT-001888,AST-00164,ENGINEERING,C15,CORRECTIVE,POINT_DEFECT,4,5,0.572,24,1.366,0.589,1,118,2026-09-29,OPEN,88.89,CRITICAL
MT-001889,AST-00364,TRD,C13,PREVENTIVE,INSULATOR_FAILURE,1,4,0.709,14,0.946,0.343,1,97,2026-09-04,OVERDUE,37.02,LOW
MT-001890,AST-00105,S&T,C07,CORRECTIVE,INTERLOCKING_FAULT,5,1,0.741,13,0.426,0.754,1,124,2026-09-10,SCHEDULED,75.95,HIGH
MT-001891,AST-00268,S&T,C11,SIGNAL_REPAIR,AXLE_COUNTER_FAULT,4,3,0.679,17,0.894,0.615,1,133,2026-09-15,OPEN,74.53,HIGH
MT-001892,AST-00145,TRD,C16,PREVENTIVE,CONTACT_WIRE_DEFECT,2,3,0.951,27,0.678,0.137,1,79,2026-09-17,SCHEDULED,28.49,LOW
MT-001893,AST-00361,TRD,C03,OHE_REPAIR,OHE_DAMAGE,4,2,0.858,3,0.723,0.576,1,141,2026-09-18,OVERDUE,54.24,MEDIUM
MT-001894,AST-00065,S&T,C06,PREVENTIVE,SIGNAL_FAILURE,3,1,0.864,2,0.836,0.407,1,79,2026-09-23,OVERDUE,19.26,LOW
MT-001895,AST-00335,S&T,C11,CORRECTIVE,SIGNAL_FAILURE,5,2,0.745,0,1.321,0.605,1,129,2026-09-23,SCHEDULED,75.15,HIGH
MT-001896,AST-00051,ENGINEERING,C05,CORRECTIVE,RAIL_CRACK,4,4,0.953,0,0.981,0.744,1,129,2026-09-02,SCHEDULED,66.3,HIGH
MT-001897,AST-00435,ENGINEERING,C01,CORRECTIVE,TRACK_GEOMETRY,1,5,0.809,16,0.931,0.237,1,143,2026-09-21,OVERDUE,37.69,LOW
MT-001898,AST-00329,S&T,C20,SIGNAL_REPAIR,RELAY_FAULT,1,5,0.765,21,0.762,0.169,1,101,2026-09-28,SCHEDULED,42.16,MEDIUM
MT-001899,AST-00414,S&T,C05,PREVENTIVE,AXLE_COUNTER_FAULT,2,4,0.952,5,0.386,0.247,1,63,2026-09-18,OVERDUE,40.78,MEDIUM
MT-001900,AST-00495,ENGINEERING,C16,INSPECTION,POINT_DEFECT,2,5,0.742,20,0.91,0.38,1,95,2026-09-20,OVERDUE,60.43,HIGH
MT-001901,AST-00256,ENGINEERING,C16,PREVENTIVE,POINT_DEFECT,3,3,0.48,25,1.018,0.521,1,134,2026-09-06,SCHEDULED,65.18,HIGH
MT-001902,AST-00004,S&T,C09,CORRECTIVE,SIGNAL_FAILURE,5,4,0.524,8,1.064,0.756,1,145,2026-09-04,OVERDUE,85.93,CRITICAL
MT-001903,AST-00361,TRD,C03,PREVENTIVE,TRANSFORMER_FAULT,2,2,0.858,15,0.661,0.351,1,88,2026-09-03,OPEN,28.68,LOW
MT-001904,AST-00305,S&T,C06,SIGNAL_REPAIR,CABLE_FAULT,2,4,0.56,9,0.684,0.203,1,116,2026-09-10,OVERDUE,46.66,MEDIUM
MT-001905,AST-00493,ENGINEERING,C03,REPAIR,RAIL_CRACK,4,3,0.693,0,0.99,0.667,1,172,2026-09-16,SCHEDULED,59.69,MEDIUM
MT-001906,AST-00341,S&T,C04,SIGNAL_REPAIR,CABLE_FAULT,4,3,0.847,0,0.348,0.562,1,119,2026-09-06,OVERDUE,46.39,MEDIUM
MT-001907,AST-00405,TRD,C16,CORRECTIVE,CONTACT_WIRE_DEFECT,2,3,0.774,11,0.831,0.5,1,106,2026-09-26,SCHEDULED,47.97,MEDIUM
MT-001908,AST-00220,ENGINEERING,C06,REPAIR,RAIL_CRACK,3,4,0.523,12,1.091,0.402,1,144,2026-09-17,OVERDUE,62.56,HIGH
MT-001909,AST-00407,ENGINEERING,C08,PREVENTIVE,RAIL_CRACK,3,3,0.748,19,1.303,0.369,1,90,2026-09-18,SCHEDULED,52.75,MEDIUM
MT-001910,AST-00185,TRD,C20,PREVENTIVE,FEEDER_FAULT,3,5,1.0,0,0.128,0.399,1,104,2026-09-22,OPEN,51.93,MEDIUM
MT-001911,AST-00304,S&T,C04,SIGNAL_REPAIR,RELAY_FAULT,2,2,0.726,22,0.991,0.344,1,116,2026-09-06,OPEN,35.21,LOW
MT-001912,AST-00173,TRD,C10,CORRECTIVE,OHE_DAMAGE,5,5,0.811,0,1.046,0.862,1,141,2026-09-25,OPEN,83.02,CRITICAL
MT-001913,AST-00056,S&T,C07,CORRECTIVE,RELAY_FAULT,1,3,0.964,20,0.93,0.212,1,79,2026-09-17,OPEN,26.96,LOW
MT-001914,AST-00120,TRD,C09,CORRECTIVE,TRANSFORMER_FAULT,2,1,0.905,11,0.971,0.495,0.963,101,2026-09-02,OPEN,20.93,LOW
MT-001915,AST-00168,ENGINEERING,C05,REPAIR,POINT_DEFECT,4,3,0.483,5,1.361,0.491,1,149,2026-09-12,OVERDUE,73.57,HIGH
MT-001916,AST-00224,TRD,C09,INSPECTION,OHE_DAMAGE,3,4,0.588,11,1.164,0.604,1,70,2026-09-18,SCHEDULED,68.9,HIGH
MT-001917,AST-00189,TRD,C19,INSPECTION,CONTACT_WIRE_DEFECT,3,4,0.643,16,0.812,0.411,1,99,2026-09-17,OPEN,63.26,HIGH
MT-001918,AST-00446,TRD,C03,PREVENTIVE,OHE_DAMAGE,5,3,0.915,2,0.207,0.813,1,96,2026-09-19,OVERDUE,67.13,HIGH
MT-001919,AST-00144,ENGINEERING,C06,CORRECTIVE,TRACK_GEOMETRY,5,4,0.633,9,0.655,0.488,1,147,2026-09-23,OVERDUE,85.9,CRITICAL
MT-001920,AST-00309,S&T,C12,CORRECTIVE,CABLE_FAULT,3,3,0.735,2,1.013,0.338,1,104,2026-09-01,OPEN,56.1,MEDIUM
MT-001921,AST-00207,S&T,C03,SIGNAL_REPAIR,SIGNAL_FAILURE,4,5,0.781,16,0.705,0.782,1,128,2026-09-30,OVERDUE,84.79,CRITICAL
MT-001922,AST-00341,S&T,C04,INSPECTION,CABLE_FAULT,5,3,0.847,0,0.713,0.857,1,86,2026-09-02,OPEN,73.14,HIGH
MT-001923,AST-00189,TRD,C19,OHE_REPAIR,INSULATOR_FAILURE,2,4,0.643,14,1.305,0.409,1,123,2026-09-19,SCHEDULED,69.98,HIGH
MT-001924,AST-00362,ENGINEERING,C20,REPAIR,POINT_DEFECT,4,5,0.714,20,0.539,0.678,1,166,2026-09-20,OVERDUE,85.75,CRITICAL
MT-001925,AST-00110,ENGINEERING,C14,PREVENTIVE,TRACK_GEOMETRY,4,4,0.781,0,0.417,0.62,1,76,2026-09-05,OVERDUE,62.56,HIGH
MT-001926,AST-00472,TRD,C16,CORRECTIVE,INSULATOR_FAILURE,2,3,0.596,11,0.981,0.489,1,119,2026-09-13,OPEN,54.63,MEDIUM
MT-001927,AST-00092,TRD,C03,PREVENTIVE,TRANSFORMER_FAULT,2,4,0.761,15,1.345,0.483,1,86,2026-09-09,SCHEDULED,61.77,HIGH
MT-001928,AST-00444,S&T,C17,CORRECTIVE,AXLE_COUNTER_FAULT,3,2,0.719,8,0.662,0.516,1,131,2026-09-18,OVERDUE,43.89,MEDIUM
MT-001929,AST-00350,TRD,C18,OHE_REPAIR,FEEDER_FAULT,2,1,0.744,11,0.593,0.415,1,138,2026-09-10,OVERDUE,21.07,LOW
MT-001930,AST-00407,ENGINEERING,C08,REPAIR,RAIL_CRACK,5,3,0.748,0,1.32,0.67,1,171,2026-09-14,OVERDUE,83.81,CRITICAL
MT-001931,AST-00250,S&T,C15,PREVENTIVE,INTERLOCKING_FAULT,4,4,0.602,18,1.209,0.546,1,124,2026-09-15,SCHEDULED,82.37,CRITICAL
MT-001932,AST-00373,TRD,C15,OHE_REPAIR,FEEDER_FAULT,4,3,0.632,19,1.355,0.559,1,173,2026-09-19,OVERDUE,77.33,HIGH
MT-001933,AST-00098,TRD,C09,CORRECTIVE,TRANSFORMER_FAULT,5,1,0.884,9,0.594,0.595,1,132,2026-09-08,OPEN,56.82,MEDIUM
MT-001934,AST-00278,TRD,C20,CORRECTIVE,OHE_DAMAGE,4,2,0.703,0,1.078,0.381,0.977,123,2026-09-27,OPEN,56.54,MEDIUM
MT-001935,AST-00459,TRD,C12,INSPECTION,TRANSFORMER_FAULT,1,2,0.857,9,0.679,0.062,1,65,2026-09-28,OVERDUE,13.31,LOW
MT-001936,AST-00282,TRD,C19,OHE_REPAIR,CONTACT_WIRE_DEFECT,2,4,0.849,27,0.716,0.42,1,105,2026-09-17,OPEN,52.59,MEDIUM
MT-001937,AST-00378,ENGINEERING,C18,CORRECTIVE,STRUCTURAL_DEFECT,3,5,0.711,30,1.266,0.61,1,89,2026-09-06,OVERDUE,86.03,CRITICAL
MT-001938,AST-00368,S&T,C01,INSPECTION,SIGNAL_FAILURE,3,3,0.646,5,1.492,0.556,1,76,2026-09-29,OVERDUE,47.85,MEDIUM
MT-001939,AST-00182,TRD,C02,CORRECTIVE,OHE_DAMAGE,3,4,0.706,2,1.202,0.489,1,132,2026-09-26,OPEN,66.0,HIGH
MT-001940,AST-00407,ENGINEERING,C08,CORRECTIVE,RAIL_CRACK,3,3,0.748,10,1.098,0.509,1,119,2026-09-15,SCHEDULED,47.24,MEDIUM
MT-001941,AST-00432,ENGINEERING,C18,INSPECTION,RAIL_CRACK,2,4,0.718,24,1.143,0.274,1,73,2026-09-14,OPEN,45.24,MEDIUM
MT-001942,AST-00074,S&T,C09,CORRECTIVE,AXLE_COUNTER_FAULT,5,5,0.775,0,1.178,0.621,1,156,2026-09-27,OVERDUE,86.89,CRITICAL
MT-001943,AST-00045,S&T,C08,INSPECTION,CABLE_FAULT,2,4,0.751,0,0.415,0.329,1,51,2026-09-21,OPEN,30.32,LOW
MT-001944,AST-00318,ENGINEERING,C07,CORRECTIVE,TRACK_GEOMETRY,2,2,0.835,10,0.824,0.41,1,134,2026-09-06,SCHEDULED,27.98,LOW
MT-001945,AST-00077,TRD,C03,CORRECTIVE,OHE_DAMAGE,4,3,0.722,25,1.345,0.638,1,125,2026-09-10,OPEN,76.35,HIGH
MT-001946,AST-00237,TRD,C04,CORRECTIVE,OHE_DAMAGE,5,1,0.889,22,0.378,0.529,1,138,2026-09-12,OVERDUE,59.98,MEDIUM
MT-001947,AST-00377,S&T,C09,CORRECTIVE,RELAY_FAULT,2,2,0.665,0,0.869,0.459,1,121,2026-09-14,SCHEDULED,30.17,LOW
MT-001948,AST-00189,TRD,C19,INSPECTION,OHE_DAMAGE,2,4,0.643,7,0.567,0.54,1,74,2026-09-02,OPEN,50.05,MEDIUM
MT-001949,AST-00474,ENGINEERING,C10,INSPECTION,STRUCTURAL_DEFECT,4,3,1.0,7,0.108,0.404,1,59,2026-09-26,OVERDUE,48.98,MEDIUM
MT-001950,AST-00491,TRD,C06,CORRECTIVE,FEEDER_FAULT,3,3,0.936,29,0.368,0.682,1,142,2026-09-28,OPEN,68.63,HIGH
MT-001951,AST-00197,TRD,C19,OHE_REPAIR,CONTACT_WIRE_DEFECT,3,2,0.767,0,0.81,0.58,1,158,2026-09-04,OPEN,50.81,MEDIUM
MT-001952,AST-00048,S&T,C09,CORRECTIVE,INTERLOCKING_FAULT,2,3,0.814,0,0.91,0.311,1,118,2026-09-05,SCHEDULED,35.34,LOW
MT-001953,AST-00157,ENGINEERING,C18,PREVENTIVE,STRUCTURAL_DEFECT,5,4,0.511,25,1.087,0.53,1,125,2026-09-22,OPEN,86.82,CRITICAL
MT-001954,AST-00135,S&T,C14,INSPECTION,AXLE_COUNTER_FAULT,4,5,0.552,12,1.665,0.554,1,69,2026-09-15,OVERDUE,85.29,CRITICAL
MT-001955,AST-00284,S&T,C10,CORRECTIVE,RELAY_FAULT,1,4,0.574,8,1.025,0.154,1,93,2026-09-15,OPEN,43.08,MEDIUM
MT-001956,AST-00270,ENGINEERING,C15,CORRECTIVE,POINT_DEFECT,2,2,0.602,18,0.651,0.389,1,98,2026-09-27,SCHEDULED,40.72,MEDIUM
MT-001957,AST-00033,ENGINEERING,C07,INSPECTION,RAIL_CRACK,3,2,0.637,1,0.69,0.316,1,97,2026-09-30,OPEN,42.1,MEDIUM
MT-001958,AST-00157,ENGINEERING,C18,CORRECTIVE,RAIL_CRACK,3,4,0.511,3,0.821,0.281,1,124,2026-09-23,SCHEDULED,57.19,MEDIUM
MT-001959,AST-00071,ENGINEERING,C08,CORRECTIVE,BALLAST_DEFECT,2,3,0.703,33,0.702,0.688,1,90,2026-09-02,SCHEDULED,57.81,MEDIUM
MT-001960,AST-00488,TRD,C11,CORRECTIVE,OHE_DAMAGE,2,4,0.703,6,0.784,0.264,1,115,2026-09-05,OPEN,38.38,LOW
MT-001961,AST-00076,TRD,C05,INSPECTION,TRANSFORMER_FAULT,4,3,0.691,6,0.742,0.846,1,81,2026-09-22,OVERDUE,73.87,HIGH
MT-001962,AST-00276,TRD,C13,OHE_REPAIR,OHE_DAMAGE,3,1,0.735,0,0.652,0.516,1,134,2026-09-28,OPEN,41.35,MEDIUM
MT-001963,AST-00079,S&T,C01,INSPECTION,AXLE_COUNTER_FAULT,4,5,0.746,24,0.951,0.651,1,59,2026-09-07,OPEN,85.74,CRITICAL
MT-001964,AST-00045,S&T,C08,INSPECTION,RELAY_FAULT,5,4,0.751,0,0.541,0.752,1,97,2026-09-26,OPEN,76.13,HIGH
MT-001965,AST-00259,ENGINEERING,C15,REPAIR,RAIL_CRACK,5,4,0.768,10,0.744,0.584,1,216,2026-09-02,OVERDUE,83.69,CRITICAL
MT-001966,AST-00065,S&T,C06,PREVENTIVE,SIGNAL_FAILURE,2,1,0.864,8,0.997,0.304,1,76,2026-09-02,OPEN,21.35,LOW
MT-001967,AST-00409,TRD,C20,CORRECTIVE,INSULATOR_FAILURE,2,3,0.828,8,1.107,0.389,1,118,2026-09-08,SCHEDULED,36.54,LOW
MT-001968,AST-00490,ENGINEERING,C01,INSPECTION,BALLAST_DEFECT,2,3,0.824,9,0.915,0.66,1,69,2026-09-29,OPEN,34.39,LOW
MT-001969,AST-00486,ENGINEERING,C12,PREVENTIVE,TRACK_GEOMETRY,3,3,0.625,0,0.691,0.471,1,89,2026-09-07,SCHEDULED,50.69,MEDIUM
MT-001970,AST-00014,S&T,C15,SIGNAL_REPAIR,RELAY_FAULT,3,3,0.59,31,1.179,0.476,1,104,2026-09-01,OPEN,72.76,HIGH
MT-001971,AST-00384,ENGINEERING,C13,PREVENTIVE,POINT_DEFECT,4,5,0.636,24,0.562,0.641,1,108,2026-09-04,OPEN,73.59,HIGH
MT-001972,AST-00487,S&T,C04,SIGNAL_REPAIR,AXLE_COUNTER_FAULT,2,2,0.738,22,0.551,0.48,0.912,94,2026-09-24,OPEN,34.58,LOW
MT-001973,AST-00043,TRD,C15,CORRECTIVE,CONTACT_WIRE_DEFECT,2,1,0.921,2,0.218,0.391,1,95,2026-09-18,SCHEDULED,27.62,LOW
MT-001974,AST-00093,S&T,C04,INSPECTION,RELAY_FAULT,5,5,0.916,3,0.923,0.773,1,60,2026-09-17,OPEN,82.17,CRITICAL
MT-001975,AST-00232,S&T,C18,SIGNAL_REPAIR,CABLE_FAULT,4,4,0.686,5,1.342,0.61,1,112,2026-09-08,OVERDUE,81.97,CRITICAL
MT-001976,AST-00006,S&T,C20,SIGNAL_REPAIR,CABLE_FAULT,5,5,0.849,4,0.591,0.649,1,127,2026-09-29,OPEN,81.07,CRITICAL
MT-001977,AST-00165,TRD,C18,PREVENTIVE,INSULATOR_FAILURE,5,5,0.83,23,0.406,0.763,1,111,2026-09-29,OPEN,92.49,CRITICAL
MT-001978,AST-00240,S&T,C13,INSPECTION,INTERLOCKING_FAULT,1,3,0.901,11,0.691,0.379,1,34,2026-09-25,OVERDUE,25.3,LOW
MT-001979,AST-00399,ENGINEERING,C05,CORRECTIVE,RAIL_CRACK,4,4,0.778,28,1.054,0.442,1,139,2026-09-21,OVERDUE,72.66,HIGH
MT-001980,AST-00277,TRD,C12,OHE_REPAIR,CONTACT_WIRE_DEFECT,4,3,0.859,8,0.577,0.571,1,164,2026-09-23,SCHEDULED,73.88,HIGH
MT-001981,AST-00492,S&T,C11,CORRECTIVE,AXLE_COUNTER_FAULT,4,3,0.508,10,0.954,0.532,1,127,2026-09-30,OVERDUE,71.67,HIGH
MT-001982,AST-00374,S&T,C15,SIGNAL_REPAIR,RELAY_FAULT,5,3,0.759,5,0.458,0.815,1,130,2026-09-18,OVERDUE,75.06,HIGH
MT-001983,AST-00090,S&T,C07,PREVENTIVE,CABLE_FAULT,3,4,0.619,22,0.771,0.378,1,107,2026-09-03,OVERDUE,59.83,MEDIUM
MT-001984,AST-00332,TRD,C14,INSPECTION,FEEDER_FAULT,3,2,0.812,8,0.301,0.676,1,83,2026-09-17,SCHEDULED,37.77,LOW
MT-001985,AST-00052,ENGINEERING,C12,CORRECTIVE,RAIL_CRACK,5,5,0.607,0,1.222,0.601,1,164,2026-09-07,OPEN,91.61,CRITICAL
MT-001986,AST-00293,TRD,C13,INSPECTION,TRANSFORMER_FAULT,3,3,0.909,15,0.839,0.555,1,84,2026-09-26,OVERDUE,52.63,MEDIUM
MT-001987,AST-00398,ENGINEERING,C05,PREVENTIVE,TRACK_GEOMETRY,2,2,0.637,14,1.218,0.559,1,76,2026-09-23,OPEN,39.72,LOW
MT-001988,AST-00021,TRD,C17,PREVENTIVE,FEEDER_FAULT,1,4,0.758,0,0.748,0.197,1,86,2026-09-08,OVERDUE,18.09,LOW
MT-001989,AST-00157,ENGINEERING,C18,CORRECTIVE,RAIL_CRACK,4,4,0.511,31,0.922,0.699,1,138,2026-09-10,OVERDUE,88.19,CRITICAL
MT-001990,AST-00360,TRD,C11,PREVENTIVE,TRANSFORMER_FAULT,4,4,0.886,22,0.334,0.585,1,134,2026-09-11,OPEN,65.98,HIGH
MT-001991,AST-00295,ENGINEERING,C18,INSPECTION,STRUCTURAL_DEFECT,2,2,0.829,6,1.135,0.305,1,58,2026-09-14,OPEN,21.58,LOW
MT-001992,AST-00100,S&T,C03,SIGNAL_REPAIR,AXLE_COUNTER_FAULT,2,3,0.714,0,0.674,0.311,1,110,2026-09-16,OPEN,41.47,MEDIUM
MT-001993,AST-00151,S&T,C07,CORRECTIVE,RELAY_FAULT,3,4,0.66,17,1.127,0.708,1,118,2026-09-28,OPEN,71.89,HIGH
MT-001994,AST-00407,ENGINEERING,C08,PREVENTIVE,TRACK_GEOMETRY,2,3,0.748,14,1.16,0.382,1,84,2026-09-25,OPEN,51.68,MEDIUM
MT-001995,AST-00485,ENGINEERING,C06,INSPECTION,TRACK_GEOMETRY,2,4,0.794,3,1.307,0.415,1,51,2026-09-19,OPEN,56.94,MEDIUM
MT-001996,AST-00084,ENGINEERING,C11,REPAIR,POINT_DEFECT,4,4,0.819,16,0.371,0.281,1,153,2026-09-02,OVERDUE,62.81,HIGH
MT-001997,AST-00381,TRD,C13,OHE_REPAIR,FEEDER_FAULT,5,4,0.505,20,0.815,0.695,1,176,2026-09-16,SCHEDULED,87.68,CRITICAL
MT-001998,AST-00188,ENGINEERING,C14,PREVENTIVE,RAIL_CRACK,4,3,0.912,9,0.221,0.524,1,83,2026-09-03,OVERDUE,55.47,MEDIUM
MT-001999,AST-00450,TRD,C14,OHE_REPAIR,FEEDER_FAULT,4,3,0.729,18,1.242,0.498,1,150,2026-09-22,OVERDUE,77.74,HIGH
MT-002000,AST-00221,S&T,C08,SIGNAL_REPAIR,INTERLOCKING_FAULT,4,4,0.721,4,1.143,0.535,1,127,2026-09-30,OPEN,76.67,HIGH
MT-002001,AST-00318,ENGINEERING,C07,CORRECTIVE,POINT_DEFECT,2,2,0.835,1,0.654,0.426,1,118,2026-09-22,SCHEDULED,30.97,LOW
MT-002002,AST-00158,TRD,C04,OHE_REPAIR,OHE_DAMAGE,4,3,0.732,8,1.214,0.553,1,166,2026-09-24,OVERDUE,71.47,HIGH
MT-002003,AST-00176,S&T,C20,INSPECTION,INTERLOCKING_FAULT,3,3,0.886,13,1.078,0.653,1,107,2026-09-15,OVERDUE,69.56,HIGH
MT-002004,AST-00157,ENGINEERING,C18,REPAIR,TRACK_GEOMETRY,4,4,0.511,12,1.088,0.537,1,177,2026-09-11,OPEN,80.88,CRITICAL
MT-002005,AST-00495,ENGINEERING,C16,INSPECTION,TRACK_GEOMETRY,4,5,0.742,11,0.668,0.5,1,97,2026-09-25,OPEN,77.71,HIGH
MT-002006,AST-00286,TRD,C05,OHE_REPAIR,INSULATOR_FAILURE,3,1,0.594,0,1.389,0.195,1,196,2026-09-27,OVERDUE,30.82,LOW
MT-002007,AST-00220,ENGINEERING,C06,REPAIR,RAIL_CRACK,4,4,0.523,0,1.461,0.689,1,132,2026-09-19,OVERDUE,79.27,HIGH
MT-002008,AST-00368,S&T,C01,CORRECTIVE,AXLE_COUNTER_FAULT,4,3,0.646,12,1.421,0.827,1,121,2026-09-13,OVERDUE,76.67,HIGH
MT-002009,AST-00240,S&T,C13,SIGNAL_REPAIR,INTERLOCKING_FAULT,5,3,0.901,35,0.859,0.788,1,119,2026-09-13,OPEN,81.56,CRITICAL
MT-002010,AST-00323,ENGINEERING,C01,PREVENTIVE,TRACK_GEOMETRY,2,3,0.61,16,1.441,0.467,1,84,2026-09-03,OVERDUE,51.3,MEDIUM
MT-002011,AST-00443,TRD,C06,INSPECTION,FEEDER_FAULT,1,1,0.669,15,0.779,0.186,1,89,2026-09-01,OPEN,19.99,LOW
MT-002012,AST-00240,S&T,C13,CORRECTIVE,RELAY_FAULT,3,3,0.901,9,0.31,0.56,1,134,2026-09-19,OPEN,49.84,MEDIUM
MT-002013,AST-00352,S&T,C09,PREVENTIVE,AXLE_COUNTER_FAULT,4,2,0.74,16,0.592,0.625,1,105,2026-09-19,OPEN,51.92,MEDIUM
MT-002014,AST-00103,TRD,C11,INSPECTION,FEEDER_FAULT,3,4,0.617,0,0.828,0.556,1,95,2026-09-04,SCHEDULED,56.21,MEDIUM
MT-002015,AST-00230,ENGINEERING,C20,INSPECTION,STRUCTURAL_DEFECT,3,3,0.863,15,0.863,0.501,1,85,2026-09-17,OPEN,64.13,HIGH
MT-002016,AST-00235,TRD,C18,INSPECTION,TRANSFORMER_FAULT,4,4,0.502,16,0.791,0.699,1,78,2026-09-17,OPEN,87.37,CRITICAL
MT-002017,AST-00191,S&T,C17,PREVENTIVE,RELAY_FAULT,4,4,0.604,26,1.248,0.661,1,97,2026-09-26,OVERDUE,83.14,CRITICAL
MT-002018,AST-00142,ENGINEERING,C06,PREVENTIVE,POINT_DEFECT,3,5,0.649,0,0.866,0.513,1,124,2026-09-28,OPEN,56.41,MEDIUM
MT-002019,AST-00089,TRD,C06,INSPECTION,OHE_DAMAGE,3,3,0.748,18,1.004,0.603,1,73,2026-09-15,OPEN,64.26,HIGH
MT-002020,AST-00100,S&T,C03,CORRECTIVE,CABLE_FAULT,3,3,0.714,20,0.981,0.454,1,123,2026-09-26,SCHEDULED,50.98,MEDIUM
MT-002021,AST-00236,S&T,C01,PREVENTIVE,CABLE_FAULT,4,4,0.827,7,0.313,0.665,1,95,2026-09-03,OVERDUE,66.6,HIGH
MT-002022,AST-00277,TRD,C12,OHE_REPAIR,CONTACT_WIRE_DEFECT,4,3,0.859,0,0.355,0.483,1,165,2026-09-09,OVERDUE,47.31,MEDIUM
MT-002023,AST-00097,ENGINEERING,C11,PREVENTIVE,RAIL_CRACK,2,3,0.587,0,1.337,0.278,1,63,2026-09-24,OVERDUE,46.12,MEDIUM
MT-002024,AST-00335,S&T,C11,INSPECTION,RELAY_FAULT,3,2,0.745,0,0.913,0.371,1,73,2026-09-12,OPEN,39.35,LOW
MT-002025,AST-00217,S&T,C12,INSPECTION,RELAY_FAULT,2,5,0.758,21,1.355,0.395,1,88,2026-09-20,OPEN,66.13,HIGH
MT-002026,AST-00350,TRD,C18,PREVENTIVE,OHE_DAMAGE,4,1,0.744,2,0.929,0.428,1,96,2026-09-18,OVERDUE,42.91,MEDIUM
MT-002027,AST-00214,S&T,C19,CORRECTIVE,INTERLOCKING_FAULT,4,5,0.529,11,1.186,0.628,1,107,2026-09-19,OVERDUE,90.29,CRITICAL
MT-002028,AST-00354,TRD,C03,INSPECTION,TRANSFORMER_FAULT,2,3,0.931,2,0.892,0.434,1,56,2026-09-21,OPEN,21.45,LOW
MT-002029,AST-00446,TRD,C03,CORRECTIVE,FEEDER_FAULT,1,3,0.915,4,0.165,0.18,1,91,2026-09-26,OVERDUE,22.24,LOW
MT-002030,AST-00154,TRD,C17,CORRECTIVE,OHE_DAMAGE,1,5,0.822,9,0.576,0.421,1,95,2026-09-23,SCHEDULED,46.44,MEDIUM
MT-002031,AST-00432,ENGINEERING,C18,INSPECTION,POINT_DEFECT,3,4,0.718,15,0.526,0.579,1,70,2026-09-23,OVERDUE,54.02,MEDIUM
MT-002032,AST-00222,ENGINEERING,C16,INSPECTION,POINT_DEFECT,3,3,0.594,29,1.503,0.291,1,67,2026-09-12,SCHEDULED,53.18,MEDIUM
MT-002033,AST-00071,ENGINEERING,C08,CORRECTIVE,STRUCTURAL_DEFECT,5,3,0.703,5,1.082,0.83,1,134,2026-09-14,OVERDUE,87.65,CRITICAL
MT-002034,AST-00330,S&T,C09,CORRECTIVE,AXLE_COUNTER_FAULT,3,4,0.753,0,0.701,0.474,1,121,2026-09-27,OPEN,44.7,MEDIUM
MT-002035,AST-00268,S&T,C11,INSPECTION,SIGNAL_FAILURE,1,3,0.679,4,1.079,0.192,0.953,62,2026-09-04,SCHEDULED,25.32,LOW
MT-002036,AST-00018,S&T,C01,PREVENTIVE,SIGNAL_FAILURE,4,4,0.581,7,1.48,0.523,1,111,2026-09-28,OVERDUE,81.83,CRITICAL
MT-002037,AST-00377,S&T,C09,INSPECTION,AXLE_COUNTER_FAULT,4,2,0.665,5,1.21,0.84,1,66,2026-09-24,SCHEDULED,66.06,HIGH
MT-002038,AST-00347,ENGINEERING,C02,REPAIR,RAIL_CRACK,4,3,0.441,54,1.79,0.37,1,163,2026-09-20,OPEN,78.73,HIGH
MT-002039,AST-00049,ENGINEERING,C14,PREVENTIVE,BALLAST_DEFECT,3,2,0.785,6,0.993,0.454,1,83,2026-09-12,OPEN,46.54,MEDIUM
MT-002040,AST-00344,S&T,C11,PREVENTIVE,CABLE_FAULT,3,4,0.775,4,0.548,0.306,1,93,2026-09-15,OPEN,45.1,MEDIUM
MT-002041,AST-00191,S&T,C17,PREVENTIVE,RELAY_FAULT,4,4,0.604,14,1.144,0.644,1,114,2026-09-23,OVERDUE,79.94,HIGH
MT-002042,AST-00246,S&T,C12,PREVENTIVE,SIGNAL_FAILURE,4,3,0.848,9,0.439,0.405,1,97,2026-09-07,SCHEDULED,58.58,MEDIUM
MT-002043,AST-00133,TRD,C16,PREVENTIVE,FEEDER_FAULT,2,3,0.557,11,0.761,0.518,1,57,2026-09-10,SCHEDULED,45.44,MEDIUM
MT-002044,AST-00014,S&T,C15,PREVENTIVE,RELAY_FAULT,3,3,0.59,2,1.459,0.505,1,105,2026-09-02,OPEN,54.03,MEDIUM
MT-002045,AST-00477,TRD,C12,INSPECTION,OHE_DAMAGE,2,2,0.817,0,0.967,0.578,1,46,2026-09-18,OPEN,17.8,LOW
MT-002046,AST-00082,ENGINEERING,C18,PREVENTIVE,RAIL_CRACK,1,5,0.447,16,1.231,0.417,1,42,2026-09-16,SCHEDULED,64.0,HIGH
MT-002047,AST-00273,S&T,C16,CORRECTIVE,RELAY_FAULT,5,3,0.64,0,0.673,0.659,1,154,2026-09-22,OPEN,74.68,HIGH
MT-002048,AST-00435,ENGINEERING,C01,REPAIR,RAIL_CRACK,3,5,0.809,29,0.688,0.588,1,146,2026-09-02,OPEN,74.3,HIGH
MT-002049,AST-00099,ENGINEERING,C14,CORRECTIVE,POINT_DEFECT,1,3,0.786,13,0.545,0.386,1,104,2026-09-19,OVERDUE,35.06,LOW
MT-002050,AST-00410,ENGINEERING,C12,REPAIR,STRUCTURAL_DEFECT,2,3,0.916,5,0.988,0.488,1,147,2026-09-10,OPEN,40.49,MEDIUM
MT-002051,AST-00170,ENGINEERING,C11,REPAIR,STRUCTURAL_DEFECT,3,2,0.674,0,0.62,0.594,1,160,2026-09-11,OVERDUE,52.29,MEDIUM
MT-002052,AST-00119,TRD,C20,OHE_REPAIR,OHE_DAMAGE,3,4,0.773,12,1.337,0.575,1,151,2026-09-20,SCHEDULED,70.55,HIGH
MT-002053,AST-00410,ENGINEERING,C12,REPAIR,TRACK_GEOMETRY,5,3,0.916,0,0.833,0.466,1,138,2026-09-05,SCHEDULED,64.5,HIGH
MT-002054,AST-00281,ENGINEERING,C17,CORRECTIVE,STRUCTURAL_DEFECT,4,2,0.592,6,0.855,0.662,1,156,2026-09-30,OVERDUE,62.81,HIGH
MT-002055,AST-00291,TRD,C08,PREVENTIVE,CONTACT_WIRE_DEFECT,2,4,0.751,0,0.721,0.444,1,93,2026-09-15,OPEN,47.01,MEDIUM
MT-002056,AST-00152,TRD,C02,OHE_REPAIR,TRANSFORMER_FAULT,3,4,0.619,3,1.001,0.629,1,143,2026-09-30,SCHEDULED,66.91,HIGH
MT-002057,AST-00338,ENGINEERING,C07,INSPECTION,RAIL_CRACK,4,4,0.68,14,1.408,0.562,1,107,2026-09-11,OVERDUE,78.35,HIGH
MT-002058,AST-00327,ENGINEERING,C02,CORRECTIVE,RAIL_CRACK,2,4,0.696,19,1.403,0.417,1,107,2026-09-21,OPEN,62.97,HIGH
MT-002059,AST-00464,S&T,C15,INSPECTION,INTERLOCKING_FAULT,4,3,0.788,6,1.277,0.632,1,101,2026-09-23,OPEN,62.68,HIGH
MT-002060,AST-00105,S&T,C07,CORRECTIVE,AXLE_COUNTER_FAULT,5,1,0.741,11,0.453,0.936,1,124,2026-09-21,OVERDUE,74.19,HIGH
MT-002061,AST-00310,TRD,C10,INSPECTION,OHE_DAMAGE,1,4,0.641,7,0.902,0.435,1,49,2026-09-13,OVERDUE,38.63,LOW
MT-002062,AST-00171,TRD,C17,OHE_REPAIR,OHE_DAMAGE,1,4,0.624,19,1.306,0.306,1,130,2026-09-20,OPEN,69.82,HIGH
MT-002063,AST-00277,TRD,C12,INSPECTION,FEEDER_FAULT,3,3,0.859,1,0.623,0.591,1,72,2026-09-10,OPEN,41.17,MEDIUM
MT-002064,AST-00209,ENGINEERING,C15,PREVENTIVE,POINT_DEFECT,2,5,0.683,6,0.552,0.5,1,102,2026-09-29,OVERDUE,49.39,MEDIUM
MT-002065,AST-00044,TRD,C03,INSPECTION,INSULATOR_FAILURE,2,3,0.797,8,1.253,0.276,1,80,2026-09-23,OPEN,35.67,LOW
MT-002066,AST-00059,S&T,C04,CORRECTIVE,INTERLOCKING_FAULT,3,3,0.805,12,0.81,0.617,1,106,2026-09-11,OPEN,59.99,MEDIUM
MT-002067,AST-00195,TRD,C17,PREVENTIVE,CONTACT_WIRE_DEFECT,4,2,0.95,15,0.966,0.52,1,94,2026-09-05,OVERDUE,52.04,MEDIUM
MT-002068,AST-00020,TRD,C17,PREVENTIVE,INSULATOR_FAILURE,5,4,0.707,15,0.787,0.634,1,82,2026-09-01,OPEN,80.29,CRITICAL
MT-002069,AST-00410,ENGINEERING,C12,INSPECTION,POINT_DEFECT,2,3,0.916,14,0.543,0.374,1,58,2026-09-21,OPEN,26.74,LOW
MT-002070,AST-00224,TRD,C09,PREVENTIVE,FEEDER_FAULT,4,4,0.588,0,1.188,0.547,1,74,2026-09-05,OPEN,62.22,HIGH
MT-002071,AST-00432,ENGINEERING,C18,PREVENTIVE,TRACK_GEOMETRY,4,4,0.718,28,1.108,0.615,1,138,2026-09-27,OPEN,87.18,CRITICAL
MT-002072,AST-00212,TRD,C02,OHE_REPAIR,FEEDER_FAULT,3,2,0.887,6,0.553,0.51,1,121,2026-09-18,SCHEDULED,31.41,LOW
MT-002073,AST-00079,S&T,C01,CORRECTIVE,CABLE_FAULT,4,5,0.746,0,0.684,0.835,1,136,2026-09-24,OPEN,83.04,CRITICAL
MT-002074,AST-00214,S&T,C19,CORRECTIVE,INTERLOCKING_FAULT,4,5,0.529,1,1.609,0.492,1,123,2026-09-12,SCHEDULED,76.16,HIGH
MT-002075,AST-00156,ENGINEERING,C13,PREVENTIVE,POINT_DEFECT,5,3,0.793,0,1.252,0.882,1,92,2026-09-10,SCHEDULED,83.06,CRITICAL
MT-002076,AST-00010,ENGINEERING,C09,INSPECTION,TRACK_GEOMETRY,3,4,0.72,19,0.861,0.44,1,58,2026-09-25,OPEN,58.55,MEDIUM
MT-002077,AST-00111,S&T,C19,PREVENTIVE,INTERLOCKING_FAULT,2,4,0.768,3,1.163,0.335,1,58,2026-09-27,OPEN,51.71,MEDIUM
MT-002078,AST-00163,S&T,C04,INSPECTION,RELAY_FAULT,2,3,0.701,15,1.414,0.427,1,98,2026-09-07,OVERDUE,46.89,MEDIUM
MT-002079,AST-00489,TRD,C08,PREVENTIVE,INSULATOR_FAILURE,2,4,0.927,23,0.959,0.377,1,70,2026-09-26,OPEN,43.44,MEDIUM
MT-002080,AST-00425,TRD,C17,OHE_REPAIR,FEEDER_FAULT,3,5,0.947,0,0.914,0.604,1,158,2026-09-22,OPEN,61.61,HIGH
MT-002081,AST-00235,TRD,C18,CORRECTIVE,TRANSFORMER_FAULT,4,4,0.502,6,1.191,0.714,1,136,2026-09-30,OPEN,80.9,CRITICAL
MT-002082,AST-00409,TRD,C20,OHE_REPAIR,FEEDER_FAULT,2,3,0.828,21,0.907,0.446,1,123,2026-09-06,SCHEDULED,45.47,MEDIUM
MT-002083,AST-00446,TRD,C03,INSPECTION,TRANSFORMER_FAULT,3,3,0.915,12,0.529,0.476,1,82,2026-09-09,SCHEDULED,26.71,LOW
MT-002084,AST-00017,ENGINEERING,C06,CORRECTIVE,BALLAST_DEFECT,3,4,0.741,6,1.241,0.554,1,148,2026-09-02,SCHEDULED,67.05,HIGH
MT-002085,AST-00004,S&T,C09,PREVENTIVE,INTERLOCKING_FAULT,3,4,0.524,0,1.15,0.658,1,99,2026-09-26,SCHEDULED,69.11,HIGH
MT-002086,AST-00198,S&T,C20,PREVENTIVE,RELAY_FAULT,4,5,0.743,22,1.355,0.508,1,94,2026-09-21,OPEN,86.22,CRITICAL
MT-002087,AST-00010,ENGINEERING,C09,CORRECTIVE,STRUCTURAL_DEFECT,5,4,0.72,0,0.932,0.585,0.994,145,2026-09-30,OVERDUE,83.16,CRITICAL
MT-002088,AST-00481,S&T,C06,INSPECTION,INTERLOCKING_FAULT,5,4,0.577,0,1.419,0.644,1,104,2026-09-22,OPEN,84.38,CRITICAL
MT-002089,AST-00118,TRD,C15,INSPECTION,INSULATOR_FAILURE,3,4,0.621,10,0.617,0.43,1,81,2026-09-05,OVERDUE,53.31,MEDIUM
MT-002090,AST-00195,TRD,C17,INSPECTION,FEEDER_FAULT,2,2,0.95,10,0.64,0.437,1,80,2026-09-13,OVERDUE,30.85,LOW
MT-002091,AST-00416,S&T,C11,SIGNAL_REPAIR,CABLE_FAULT,5,1,0.972,0,0.167,0.563,0.903,151,2026-09-29,SCHEDULED,61.41,HIGH
MT-002092,AST-00187,ENGINEERING,C13,CORRECTIVE,BALLAST_DEFECT,4,1,0.679,12,1.404,0.432,1,108,2026-09-02,OVERDUE,61.84,HIGH
MT-002093,AST-00408,ENGINEERING,C04,PREVENTIVE,TRACK_GEOMETRY,3,3,0.684,13,0.713,0.254,1,101,2026-09-11,SCHEDULED,67.19,HIGH
MT-002094,AST-00161,S&T,C04,INSPECTION,CABLE_FAULT,4,3,0.731,7,0.543,0.556,1,83,2026-09-06,SCHEDULED,69.39,HIGH
MT-002095,AST-00044,TRD,C03,PREVENTIVE,TRANSFORMER_FAULT,4,3,0.797,22,0.515,0.586,1,80,2026-09-29,OPEN,56.48,MEDIUM
MT-002096,AST-00432,ENGINEERING,C18,REPAIR,POINT_DEFECT,2,4,0.718,17,1.017,0.263,1,163,2026-09-02,OPEN,46.07,MEDIUM
MT-002097,AST-00287,ENGINEERING,C01,CORRECTIVE,POINT_DEFECT,5,4,0.806,0,0.96,0.84,1,135,2026-09-24,OVERDUE,86.32,CRITICAL
MT-002098,AST-00366,S&T,C12,SIGNAL_REPAIR,SIGNAL_FAILURE,4,2,0.704,17,0.968,0.476,1,140,2026-09-08,SCHEDULED,57.31,MEDIUM
MT-002099,AST-00364,TRD,C13,PREVENTIVE,CONTACT_WIRE_DEFECT,3,4,0.709,0,1.397,0.364,1,83,2026-09-17,OPEN,51.85,MEDIUM
MT-002100,AST-00387,TRD,C12,OHE_REPAIR,TRANSFORMER_FAULT,1,5,0.505,4,0.938,0.231,1,146,2026-09-30,OPEN,56.86,MEDIUM
MT-002101,AST-00316,TRD,C02,PREVENTIVE,INSULATOR_FAILURE,4,2,0.86,0,0.456,0.631,1,98,2026-09-17,OPEN,43.26,MEDIUM
MT-002102,AST-00012,TRD,C02,OHE_REPAIR,CONTACT_WIRE_DEFECT,4,5,0.864,0,0.552,0.668,1,159,2026-09-05,OPEN,82.0,CRITICAL
MT-002103,AST-00361,TRD,C03,PREVENTIVE,OHE_DAMAGE,3,2,0.858,5,0.714,0.429,1,87,2026-09-20,OVERDUE,34.05,LOW
MT-002104,AST-00280,ENGINEERING,C05,INSPECTION,RAIL_CRACK,3,5,0.699,0,1.206,0.372,1,71,2026-09-17,OPEN,55.75,MEDIUM
MT-002105,AST-00153,S&T,C05,SIGNAL_REPAIR,CABLE_FAULT,2,3,0.668,4,0.9,0.252,1,132,2026-09-07,OVERDUE,36.72,LOW
MT-002106,AST-00355,ENGINEERING,C01,REPAIR,STRUCTURAL_DEFECT,3,4,0.796,21,1.183,0.46,1,146,2026-09-07,OVERDUE,64.94,HIGH
MT-002107,AST-00223,S&T,C10,INSPECTION,SIGNAL_FAILURE,5,2,0.705,0,0.895,0.652,1,98,2026-09-19,OVERDUE,70.32,HIGH
MT-002108,AST-00274,TRD,C02,OHE_REPAIR,TRANSFORMER_FAULT,3,3,0.633,24,0.798,0.563,1,143,2026-09-14,OVERDUE,63.68,HIGH
MT-002109,AST-00392,ENGINEERING,C06,INSPECTION,RAIL_CRACK,5,4,0.704,11,1.077,0.771,1,96,2026-09-27,SCHEDULED,88.54,CRITICAL
MT-002110,AST-00045,S&T,C08,INSPECTION,INTERLOCKING_FAULT,5,4,0.751,0,0.652,0.744,1,124,2026-09-19,SCHEDULED,85.88,CRITICAL
MT-002111,AST-00054,ENGINEERING,C06,INSPECTION,RAIL_CRACK,4,5,0.499,18,1.453,0.936,1,104,2026-09-26,OVERDUE,86.18,CRITICAL
MT-002112,AST-00039,TRD,C17,CORRECTIVE,OHE_DAMAGE,3,2,0.972,4,0.936,0.311,0.994,119,2026-09-27,SCHEDULED,27.59,LOW
MT-002113,AST-00402,ENGINEERING,C18,PREVENTIVE,BALLAST_DEFECT,4,4,0.751,3,0.637,0.596,1,98,2026-09-08,OVERDUE,70.17,HIGH
MT-002114,AST-00210,TRD,C02,OHE_REPAIR,FEEDER_FAULT,1,4,0.557,8,1.601,0.366,1,109,2026-09-07,OVERDUE,47.06,MEDIUM
MT-002115,AST-00309,S&T,C12,SIGNAL_REPAIR,INTERLOCKING_FAULT,3,3,0.735,0,1.003,0.471,1,94,2026-09-07,OVERDUE,49.92,MEDIUM
MT-002116,AST-00493,ENGINEERING,C03,CORRECTIVE,POINT_DEFECT,4,3,0.693,4,1.376,0.736,1,111,2026-09-08,SCHEDULED,77.97,HIGH
MT-002117,AST-00052,ENGINEERING,C12,PREVENTIVE,STRUCTURAL_DEFECT,4,5,0.607,21,0.792,0.538,1,113,2026-09-03,OVERDUE,84.56,CRITICAL
MT-002118,AST-00273,S&T,C16,INSPECTION,RELAY_FAULT,2,3,0.64,0,0.617,0.339,1,69,2026-09-24,SCHEDULED,33.28,LOW
MT-002119,AST-00394,S&T,C03,SIGNAL_REPAIR,CABLE_FAULT,4,2,0.922,12,0.584,0.546,1,136,2026-09-11,OVERDUE,63.16,HIGH
MT-002120,AST-00419,TRD,C19,INSPECTION,TRANSFORMER_FAULT,2,4,0.882,0,0.744,0.362,1,75,2026-09-04,SCHEDULED,41.54,MEDIUM
MT-002121,AST-00067,ENGINEERING,C16,CORRECTIVE,BALLAST_DEFECT,3,4,0.627,0,1.279,0.342,1,121,2026-09-29,SCHEDULED,61.86,HIGH
MT-002122,AST-00068,ENGINEERING,C10,INSPECTION,POINT_DEFECT,5,5,0.643,30,1.459,0.82,1,105,2026-09-08,OVERDUE,94.24,CRITICAL
MT-002123,AST-00111,S&T,C19,CORRECTIVE,SIGNAL_FAILURE,1,4,0.768,0,0.955,0.23,1,77,2026-09-11,OVERDUE,36.71,LOW
MT-002124,AST-00220,ENGINEERING,C06,REPAIR,POINT_DEFECT,4,4,0.523,29,1.37,0.553,1,164,2026-09-08,OPEN,89.17,CRITICAL
MT-002125,AST-00278,TRD,C20,CORRECTIVE,OHE_DAMAGE,2,2,0.703,15,0.929,0.284,1,117,2026-09-16,OPEN,27.97,LOW
MT-002126,AST-00497,ENGINEERING,C01,CORRECTIVE,TRACK_GEOMETRY,3,3,0.749,6,1.138,0.33,1,134,2026-09-12,OVERDUE,40.37,MEDIUM
MT-002127,AST-00360,TRD,C11,CORRECTIVE,INSULATOR_FAILURE,2,4,0.886,2,0.999,0.347,1,97,2026-09-04,OVERDUE,39.73,LOW
MT-002128,AST-00357,TRD,C09,PREVENTIVE,OHE_DAMAGE,3,3,0.698,24,1.212,0.764,1,100,2026-09-17,SCHEDULED,74.0,HIGH
MT-002129,AST-00076,TRD,C05,CORRECTIVE,FEEDER_FAULT,4,3,0.691,7,0.731,0.635,1,155,2026-09-28,OPEN,72.5,HIGH
MT-002130,AST-00437,ENGINEERING,C03,INSPECTION,TRACK_GEOMETRY,3,2,0.57,3,1.155,0.442,1,64,2026-09-29,OPEN,37.31,LOW
MT-002131,AST-00073,TRD,C15,INSPECTION,OHE_DAMAGE,2,3,0.704,11,0.466,0.458,1,40,2026-09-09,OVERDUE,29.06,LOW
MT-002132,AST-00239,ENGINEERING,C15,CORRECTIVE,RAIL_CRACK,2,2,0.584,0,0.732,0.435,0.992,90,2026-09-25,SCHEDULED,44.08,MEDIUM
MT-002133,AST-00284,S&T,C10,PREVENTIVE,INTERLOCKING_FAULT,3,4,0.574,4,1.244,0.424,1,96,2026-09-29,OVERDUE,60.72,HIGH
MT-002134,AST-00457,TRD,C10,OHE_REPAIR,OHE_DAMAGE,1,3,0.689,26,1.185,0.262,1,116,2026-09-26,OVERDUE,40.72,MEDIUM
MT-002135,AST-00456,TRD,C01,OHE_REPAIR,FEEDER_FAULT,4,1,0.903,0,0.358,0.786,1,150,2026-09-09,OPEN,39.8,LOW
MT-002136,AST-00003,ENGINEERING,C20,PREVENTIVE,STRUCTURAL_DEFECT,5,4,0.454,1,0.9,0.763,1,114,2026-09-24,OVERDUE,86.42,CRITICAL
MT-002137,AST-00495,ENGINEERING,C16,PREVENTIVE,RAIL_CRACK,3,5,0.742,0,1.315,0.633,1,90,2026-09-05,SCHEDULED,71.31,HIGH
MT-002138,AST-00308,S&T,C11,CORRECTIVE,RELAY_FAULT,4,4,0.76,10,1.16,0.749,1,139,2026-09-06,OVERDUE,81.39,CRITICAL
MT-002139,AST-00014,S&T,C15,CORRECTIVE,INTERLOCKING_FAULT,5,3,0.59,17,1.587,0.738,1,136,2026-09-17,OPEN,82.73,CRITICAL
MT-002140,AST-00346,S&T,C18,SIGNAL_REPAIR,INTERLOCKING_FAULT,4,4,0.714,7,0.907,0.539,1,163,2026-09-27,SCHEDULED,78.29,HIGH
MT-002141,AST-00296,TRD,C08,OHE_REPAIR,OHE_DAMAGE,1,4,0.54,19,1.084,0.303,1,128,2026-09-05,OPEN,46.87,MEDIUM
MT-002142,AST-00174,S&T,C04,PREVENTIVE,CABLE_FAULT,3,4,0.826,0,0.42,0.695,1,105,2026-09-11,OVERDUE,45.95,MEDIUM
MT-002143,AST-00369,TRD,C13,PREVENTIVE,TRANSFORMER_FAULT,2,2,0.551,3,1.272,0.54,1,76,2026-09-27,OPEN,32.16,LOW
MT-002144,AST-00069,ENGINEERING,C16,REPAIR,RAIL_CRACK,1,4,0.448,0,0.98,0.294,1,156,2026-09-30,OVERDUE,54.73,MEDIUM
MT-002145,AST-00328,ENGINEERING,C10,REPAIR,POINT_DEFECT,2,5,0.735,8,0.714,0.589,1,131,2026-09-03,OPEN,49.0,MEDIUM
MT-002146,AST-00154,TRD,C17,OHE_REPAIR,TRANSFORMER_FAULT,4,5,0.822,0,0.418,0.732,1,154,2026-09-17,OVERDUE,71.34,HIGH
MT-002147,AST-00435,ENGINEERING,C01,REPAIR,POINT_DEFECT,1,5,0.809,23,1.159,0.441,1,130,2026-09-25,OPEN,60.61,HIGH
MT-002148,AST-00203,TRD,C03,PREVENTIVE,CONTACT_WIRE_DEFECT,4,3,0.769,9,0.43,0.621,1,68,2026-09-20,OPEN,63.87,HIGH
MT-002149,AST-00422,S&T,C12,PREVENTIVE,AXLE_COUNTER_FAULT,4,2,0.711,3,1.195,0.59,1,93,2026-09-24,OPEN,53.6,MEDIUM
MT-002150,AST-00153,S&T,C05,INSPECTION,SIGNAL_FAILURE,4,3,0.668,22,1.339,0.69,1,83,2026-09-17,SCHEDULED,82.79,CRITICAL
MT-002151,AST-00432,ENGINEERING,C18,CORRECTIVE,TRACK_GEOMETRY,4,4,0.718,9,0.501,0.422,1,147,2026-09-06,OPEN,68.94,HIGH
MT-002152,AST-00450,TRD,C14,INSPECTION,CONTACT_WIRE_DEFECT,3,3,0.729,10,0.97,0.545,1,65,2026-09-30,OPEN,54.92,MEDIUM
MT-002153,AST-00047,ENGINEERING,C04,PREVENTIVE,RAIL_CRACK,4,3,0.624,9,1.436,0.631,1,113,2026-09-22,OPEN,81.19,CRITICAL
MT-002154,AST-00417,TRD,C15,PREVENTIVE,TRANSFORMER_FAULT,4,3,0.854,0,1.125,0.509,1,98,2026-09-21,OPEN,57.45,MEDIUM
MT-002155,AST-00121,S&T,C15,SIGNAL_REPAIR,INTERLOCKING_FAULT,3,4,0.76,4,0.577,0.526,1,116,2026-09-14,OVERDUE,50.93,MEDIUM
MT-002156,AST-00116,ENGINEERING,C02,PREVENTIVE,TRACK_GEOMETRY,5,4,0.707,10,1.194,0.926,1,102,2026-09-14,OVERDUE,88.82,CRITICAL
MT-002157,AST-00120,TRD,C09,INSPECTION,TRANSFORMER_FAULT,4,1,0.905,0,0.663,0.577,0.91,101,2026-09-14,OPEN,39.67,LOW
MT-002158,AST-00015,TRD,C09,INSPECTION,TRANSFORMER_FAULT,3,3,0.801,16,0.942,0.541,0.976,64,2026-09-03,OVERDUE,52.43,MEDIUM
MT-002159,AST-00254,S&T,C11,CORRECTIVE,CABLE_FAULT,4,4,0.879,10,1.047,0.428,1,143,2026-09-26,OVERDUE,69.76,HIGH
MT-002160,AST-00370,ENGINEERING,C17,INSPECTION,BALLAST_DEFECT,3,4,0.739,25,1.014,0.336,1,88,2026-09-21,OPEN,66.4,HIGH
MT-002161,AST-00388,TRD,C12,PREVENTIVE,TRANSFORMER_FAULT,4,3,0.741,1,0.742,0.476,1,85,2026-09-13,OVERDUE,64.03,HIGH
MT-002162,AST-00372,ENGINEERING,C09,CORRECTIVE,TRACK_GEOMETRY,2,4,0.736,5,0.949,0.613,1,146,2026-09-15,OVERDUE,58.01,MEDIUM
MT-002163,AST-00179,S&T,C09,PREVENTIVE,AXLE_COUNTER_FAULT,4,3,0.887,21,0.588,0.56,1,115,2026-09-06,OPEN,72.55,HIGH
MT-002164,AST-00174,S&T,C04,INSPECTION,AXLE_COUNTER_FAULT,3,4,0.826,0,0.813,0.402,1,67,2026-09-20,OPEN,51.89,MEDIUM
MT-002165,AST-00475,ENGINEERING,C09,INSPECTION,POINT_DEFECT,3,5,0.823,6,0.416,0.511,1,88,2026-09-29,OPEN,52.44,MEDIUM
MT-002166,AST-00471,ENGINEERING,C11,PREVENTIVE,BALLAST_DEFECT,2,2,0.712,20,0.693,0.327,1,78,2026-09-24,SCHEDULED,24.72,LOW
MT-002167,AST-00219,TRD,C17,OHE_REPAIR,FEEDER_FAULT,3,4,0.504,6,1.364,0.711,1,131,2026-09-19,SCHEDULED,65.31,HIGH
MT-002168,AST-00104,TRD,C09,PREVENTIVE,TRANSFORMER_FAULT,2,5,0.7,23,1.21,0.452,1,85,2026-09-29,OPEN,61.24,HIGH
MT-002169,AST-00500,S&T,C02,SIGNAL_REPAIR,SIGNAL_FAILURE,5,3,0.544,0,0.933,0.76,1,114,2026-09-09,OVERDUE,85.88,CRITICAL
MT-002170,AST-00421,S&T,C14,CORRECTIVE,AXLE_COUNTER_FAULT,3,5,0.855,12,0.808,0.558,1,136,2026-09-18,OVERDUE,77.97,HIGH
MT-002171,AST-00396,TRD,C20,PREVENTIVE,TRANSFORMER_FAULT,5,4,0.804,34,0.469,0.843,1,128,2026-09-29,OVERDUE,90.72,CRITICAL
MT-002172,AST-00347,ENGINEERING,C02,PREVENTIVE,STRUCTURAL_DEFECT,3,3,0.441,0,1.59,0.543,1,73,2026-09-02,OPEN,59.55,MEDIUM
MT-002173,AST-00339,ENGINEERING,C20,PREVENTIVE,TRACK_GEOMETRY,5,3,0.633,22,1.325,0.781,1,95,2026-09-05,OPEN,84.17,CRITICAL
MT-002174,AST-00350,TRD,C18,INSPECTION,TRANSFORMER_FAULT,1,1,0.744,27,1.254,0.356,0.975,40,2026-09-30,OPEN,20.97,LOW
MT-002175,AST-00149,TRD,C01,INSPECTION,OHE_DAMAGE,1,4,0.772,2,0.9,0.217,1,66,2026-09-11,OPEN,36.8,LOW
MT-002176,AST-00426,S&T,C05,PREVENTIVE,CABLE_FAULT,3,2,0.849,4,0.501,0.871,1,118,2026-09-21,OPEN,46.37,MEDIUM
MT-002177,AST-00098,TRD,C09,INSPECTION,INSULATOR_FAILURE,1,1,0.884,11,0.319,0.31,1,51,2026-09-16,SCHEDULED,14.94,LOW
MT-002178,AST-00069,ENGINEERING,C16,INSPECTION,BALLAST_DEFECT,5,4,0.448,8,1.51,0.517,1,98,2026-09-05,OPEN,87.9,CRITICAL
MT-002179,AST-00267,ENGINEERING,C13,CORRECTIVE,STRUCTURAL_DEFECT,2,2,0.617,9,1.069,0.286,1,128,2026-09-13,OVERDUE,38.93,LOW
MT-002180,AST-00466,S&T,C17,INSPECTION,AXLE_COUNTER_FAULT,5,4,0.744,12,0.732,0.707,1,94,2026-09-08,OPEN,78.42,HIGH
MT-002181,AST-00346,S&T,C18,CORRECTIVE,INTERLOCKING_FAULT,2,4,0.714,3,0.838,0.38,1,104,2026-09-27,OPEN,53.79,MEDIUM
MT-002182,AST-00362,ENGINEERING,C20,REPAIR,STRUCTURAL_DEFECT,4,5,0.714,0,0.956,0.556,1,146,2026-09-11,SCHEDULED,72.06,HIGH
MT-002183,AST-00144,ENGINEERING,C06,CORRECTIVE,POINT_DEFECT,5,4,0.633,9,0.668,0.545,1,135,2026-09-17,OVERDUE,89.29,CRITICAL
MT-002184,AST-00302,ENGINEERING,C10,INSPECTION,POINT_DEFECT,3,4,1.0,9,0.383,0.545,1,63,2026-09-18,OPEN,49.94,MEDIUM
MT-002185,AST-00164,ENGINEERING,C15,CORRECTIVE,TRACK_GEOMETRY,2,5,0.572,33,1.219,0.391,1,105,2026-09-12,SCHEDULED,69.01,HIGH
MT-002186,AST-00208,ENGINEERING,C19,PREVENTIVE,BALLAST_DEFECT,2,3,0.75,0,1.198,0.592,1,68,2026-09-14,OVERDUE,44.97,MEDIUM
MT-002187,AST-00448,ENGINEERING,C17,CORRECTIVE,BALLAST_DEFECT,1,1,0.687,9,1.309,0.248,1,126,2026-09-06,OVERDUE,25.8,LOW
MT-002188,AST-00233,TRD,C10,PREVENTIVE,CONTACT_WIRE_DEFECT,2,4,0.881,0,0.729,0.472,1,89,2026-09-03,OVERDUE,50.89,MEDIUM
MT-002189,AST-00095,S&T,C14,SIGNAL_REPAIR,AXLE_COUNTER_FAULT,4,5,0.878,0,0.736,0.486,1,113,2026-09-17,OPEN,71.57,HIGH
MT-002190,AST-00147,S&T,C10,INSPECTION,AXLE_COUNTER_FAULT,4,3,0.774,14,0.847,0.656,1,89,2026-09-04,OPEN,64.97,HIGH
MT-002191,AST-00057,ENGINEERING,C01,REPAIR,RAIL_CRACK,3,2,0.628,19,1.387,0.726,1,150,2026-09-20,OPEN,63.41,HIGH
MT-002192,AST-00493,ENGINEERING,C03,PREVENTIVE,STRUCTURAL_DEFECT,4,3,0.693,15,0.724,0.599,1,113,2026-09-28,OVERDUE,67.42,HIGH
MT-002193,AST-00138,TRD,C03,OHE_REPAIR,OHE_DAMAGE,4,4,0.945,15,0.575,0.574,1,165,2026-09-16,OVERDUE,74.63,HIGH
MT-002194,AST-00354,TRD,C03,OHE_REPAIR,FEEDER_FAULT,3,3,0.931,34,0.499,0.525,1,144,2026-09-23,OPEN,65.93,HIGH
MT-002195,AST-00051,ENGINEERING,C05,REPAIR,POINT_DEFECT,3,4,0.953,8,0.281,0.384,1,151,2026-09-18,OVERDUE,52.24,MEDIUM
MT-002196,AST-00279,S&T,C18,CORRECTIVE,INTERLOCKING_FAULT,5,4,0.772,0,1.212,0.739,1,116,2026-09-16,OPEN,84.49,CRITICAL
MT-002197,AST-00098,TRD,C09,PREVENTIVE,FEEDER_FAULT,4,1,0.884,19,0.427,0.601,0.989,127,2026-09-27,SCHEDULED,49.72,MEDIUM
MT-002198,AST-00406,S&T,C02,CORRECTIVE,INTERLOCKING_FAULT,1,4,0.817,24,1.002,0.439,1,109,2026-09-23,OPEN,43.91,MEDIUM
MT-002199,AST-00408,ENGINEERING,C04,PREVENTIVE,RAIL_CRACK,5,3,0.684,16,1.257,0.75,1,151,2026-09-28,OVERDUE,82.6,CRITICAL
MT-002200,AST-00058,S&T,C17,PREVENTIVE,CABLE_FAULT,5,4,0.827,5,0.863,0.662,1,111,2026-09-20,OPEN,86.73,CRITICAL
MT-002201,AST-00061,S&T,C07,PREVENTIVE,CABLE_FAULT,2,4,0.798,5,0.675,0.23,1,72,2026-09-22,OVERDUE,35.03,LOW
MT-002202,AST-00075,TRD,C08,PREVENTIVE,FEEDER_FAULT,3,3,0.598,7,0.733,0.324,1,71,2026-09-23,OPEN,44.37,MEDIUM
MT-002203,AST-00286,TRD,C05,PREVENTIVE,CONTACT_WIRE_DEFECT,5,1,0.594,7,1.48,0.672,1,92,2026-09-26,OPEN,66.76,HIGH
MT-002204,AST-00474,ENGINEERING,C10,CORRECTIVE,POINT_DEFECT,5,3,1.0,12,0.314,0.577,1,124,2026-09-21,SCHEDULED,63.91,HIGH
MT-002205,AST-00274,TRD,C02,INSPECTION,TRANSFORMER_FAULT,3,3,0.633,0,1.097,0.345,1,72,2026-09-13,SCHEDULED,36.35,LOW
MT-002206,AST-00058,S&T,C17,INSPECTION,SIGNAL_FAILURE,4,4,0.827,16,1.169,0.571,1,85,2026-09-25,OVERDUE,78.6,HIGH
MT-002207,AST-00281,ENGINEERING,C17,PREVENTIVE,BALLAST_DEFECT,4,2,0.592,0,0.85,0.53,1,94,2026-09-21,OVERDUE,58.1,MEDIUM
MT-002208,AST-00038,ENGINEERING,C18,REPAIR,TRACK_GEOMETRY,2,4,0.511,6,0.942,0.655,1,159,2026-09-02,OVERDUE,66.18,HIGH
MT-002209,AST-00370,ENGINEERING,C17,CORRECTIVE,STRUCTURAL_DEFECT,4,4,0.739,5,0.427,0.67,1,104,2026-09-13,OVERDUE,64.68,HIGH
MT-002210,AST-00174,S&T,C04,PREVENTIVE,INTERLOCKING_FAULT,5,4,0.826,0,0.967,0.799,1,105,2026-09-20,OPEN,80.12,CRITICAL
MT-002211,AST-00207,S&T,C03,SIGNAL_REPAIR,CABLE_FAULT,2,5,0.781,10,0.696,0.335,1,120,2026-09-25,OPEN,68.07,HIGH
MT-002212,AST-00245,ENGINEERING,C10,REPAIR,STRUCTURAL_DEFECT,4,2,0.614,0,0.843,0.884,1,171,2026-09-27,SCHEDULED,53.0,MEDIUM
MT-002213,AST-00181,ENGINEERING,C02,CORRECTIVE,TRACK_GEOMETRY,2,4,0.995,0,0.581,0.256,1,99,2026-09-15,OPEN,41.28,MEDIUM
MT-002214,AST-00006,S&T,C20,INSPECTION,INTERLOCKING_FAULT,3,5,0.849,1,0.791,0.568,1,77,2026-09-25,SCHEDULED,54.87,MEDIUM
MT-002215,AST-00119,TRD,C20,PREVENTIVE,TRANSFORMER_FAULT,4,4,0.773,0,0.492,0.332,1,84,2026-09-06,SCHEDULED,56.71,MEDIUM
MT-002216,AST-00032,TRD,C04,CORRECTIVE,CONTACT_WIRE_DEFECT,3,3,0.655,7,1.025,0.404,1,100,2026-09-08,SCHEDULED,58.93,MEDIUM
MT-002217,AST-00165,TRD,C18,INSPECTION,OHE_DAMAGE,5,5,0.83,2,1.224,0.597,1,91,2026-09-11,OVERDUE,82.79,CRITICAL
MT-002218,AST-00060,S&T,C11,CORRECTIVE,CABLE_FAULT,5,4,0.991,31,0.04,0.643,1,146,2026-09-27,OPEN,70.71,HIGH
MT-002219,AST-00228,ENGINEERING,C04,CORRECTIVE,TRACK_GEOMETRY,3,4,0.751,0,1.005,0.557,1,122,2026-09-24,OPEN,72.5,HIGH
MT-002220,AST-00147,S&T,C10,INSPECTION,AXLE_COUNTER_FAULT,4,3,0.774,21,0.731,0.582,1,93,2026-09-01,OPEN,70.55,HIGH
MT-002221,AST-00395,ENGINEERING,C11,CORRECTIVE,POINT_DEFECT,2,5,0.62,4,0.85,0.251,1,113,2026-09-16,SCHEDULED,60.92,HIGH
MT-002222,AST-00255,S&T,C06,PREVENTIVE,INTERLOCKING_FAULT,1,2,0.688,18,0.566,0.297,1,42,2026-09-24,OVERDUE,21.78,LOW
MT-002223,AST-00072,ENGINEERING,C05,PREVENTIVE,STRUCTURAL_DEFECT,2,4,0.708,17,1.098,0.492,1,86,2026-09-27,OVERDUE,49.02,MEDIUM
MT-002224,AST-00425,TRD,C17,CORRECTIVE,INSULATOR_FAILURE,3,5,0.947,22,0.317,0.534,1,138,2026-09-27,OPEN,64.76,HIGH
MT-002225,AST-00149,TRD,C01,INSPECTION,OHE_DAMAGE,4,4,0.772,20,1.311,0.665,1,70,2026-09-28,OPEN,83.82,CRITICAL
MT-002226,AST-00313,ENGINEERING,C20,INSPECTION,TRACK_GEOMETRY,1,3,0.511,27,1.604,0.163,1,44,2026-09-11,OPEN,42.68,MEDIUM
MT-002227,AST-00156,ENGINEERING,C13,INSPECTION,TRACK_GEOMETRY,5,3,0.793,2,0.863,0.7,1,87,2026-09-12,OVERDUE,66.99,HIGH
MT-002228,AST-00210,TRD,C02,OHE_REPAIR,OHE_DAMAGE,3,4,0.557,0,0.798,0.576,1,137,2026-09-10,OPEN,63.52,HIGH
MT-002229,AST-00033,ENGINEERING,C07,INSPECTION,BALLAST_DEFECT,3,2,0.637,27,1.399,0.367,1,87,2026-09-01,OPEN,46.81,MEDIUM
MT-002230,AST-00080,TRD,C18,CORRECTIVE,FEEDER_FAULT,3,3,0.774,11,1.169,0.549,1,102,2026-09-24,OPEN,44.99,MEDIUM
MT-002231,AST-00302,ENGINEERING,C10,INSPECTION,RAIL_CRACK,5,4,1.0,0,0.121,0.593,1,128,2026-09-01,OVERDUE,68.4,HIGH
MT-002232,AST-00252,TRD,C09,INSPECTION,TRANSFORMER_FAULT,3,4,0.711,19,0.483,0.3,1,54,2026-09-05,SCHEDULED,58.37,MEDIUM
MT-002233,AST-00337,ENGINEERING,C19,CORRECTIVE,POINT_DEFECT,3,5,0.889,0,0.28,0.413,1,110,2026-09-01,OPEN,52.47,MEDIUM
MT-002234,AST-00187,ENGINEERING,C13,REPAIR,TRACK_GEOMETRY,3,1,0.679,8,1.017,0.579,1,112,2026-09-23,OPEN,44.41,MEDIUM
MT-002235,AST-00486,ENGINEERING,C12,PREVENTIVE,POINT_DEFECT,3,3,0.625,18,1.033,0.587,1,113,2026-09-07,OPEN,61.0,HIGH
MT-002236,AST-00174,S&T,C04,PREVENTIVE,RELAY_FAULT,4,4,0.826,20,0.745,0.517,1,97,2026-09-26,SCHEDULED,67.53,HIGH
MT-002237,AST-00374,S&T,C15,INSPECTION,SIGNAL_FAILURE,2,3,0.759,9,0.842,0.566,1,74,2026-09-26,OVERDUE,43.53,MEDIUM
MT-002238,AST-00295,ENGINEERING,C18,PREVENTIVE,BALLAST_DEFECT,5,2,0.829,24,0.919,0.587,1,91,2026-09-12,SCHEDULED,75.59,HIGH
MT-002239,AST-00432,ENGINEERING,C18,INSPECTION,STRUCTURAL_DEFECT,3,4,0.718,4,1.09,0.137,1,84,2026-09-30,SCHEDULED,58.06,MEDIUM
MT-002240,AST-00096,S&T,C15,PREVENTIVE,AXLE_COUNTER_FAULT,4,4,1.0,6,0.597,0.434,1,112,2026-09-23,OVERDUE,62.07,HIGH
MT-002241,AST-00491,TRD,C06,INSPECTION,FEEDER_FAULT,4,3,0.936,29,0.998,0.717,1,78,2026-09-09,OVERDUE,76.35,HIGH
MT-002242,AST-00121,S&T,C15,PREVENTIVE,AXLE_COUNTER_FAULT,2,4,0.76,6,0.6,0.385,1,83,2026-09-06,OVERDUE,42.55,MEDIUM
MT-002243,AST-00096,S&T,C15,SIGNAL_REPAIR,AXLE_COUNTER_FAULT,2,4,1.0,15,0.325,0.226,1,108,2026-09-14,SCHEDULED,32.61,LOW
MT-002244,AST-00340,S&T,C12,INSPECTION,RELAY_FAULT,3,3,0.77,12,0.553,0.563,1,73,2026-09-05,OVERDUE,51.5,MEDIUM
MT-002245,AST-00149,TRD,C01,OHE_REPAIR,INSULATOR_FAILURE,3,4,0.772,15,0.971,0.466,1,139,2026-09-05,OVERDUE,68.68,HIGH
MT-002246,AST-00498,ENGINEERING,C03,PREVENTIVE,BALLAST_DEFECT,1,5,0.916,18,0.61,0.388,1,53,2026-09-15,OVERDUE,25.14,LOW
MT-002247,AST-00078,S&T,C19,SIGNAL_REPAIR,AXLE_COUNTER_FAULT,3,5,0.627,0,0.869,0.355,1,126,2026-09-03,OVERDUE,53.25,MEDIUM
MT-002248,AST-00058,S&T,C17,PREVENTIVE,AXLE_COUNTER_FAULT,2,4,0.827,13,0.317,0.401,1,83,2026-09-21,OVERDUE,53.77,MEDIUM
MT-002249,AST-00433,TRD,C07,OHE_REPAIR,OHE_DAMAGE,4,3,0.82,22,0.67,0.452,1,184,2026-09-28,OVERDUE,71.27,HIGH
MT-002250,AST-00093,S&T,C04,CORRECTIVE,CABLE_FAULT,4,5,0.916,0,0.368,0.376,1,135,2026-09-19,OPEN,59.45,MEDIUM
MT-002251,AST-00063,S&T,C11,SIGNAL_REPAIR,INTERLOCKING_FAULT,3,3,0.613,15,1.038,0.513,1,130,2026-09-23,SCHEDULED,57.62,MEDIUM
MT-002252,AST-00319,TRD,C18,OHE_REPAIR,FEEDER_FAULT,1,5,0.618,8,1.082,0.329,1,140,2026-09-08,OPEN,50.85,MEDIUM
MT-002253,AST-00356,ENGINEERING,C02,PREVENTIVE,RAIL_CRACK,3,3,0.775,0,0.497,0.474,1,93,2026-09-02,OPEN,49.41,MEDIUM
MT-002254,AST-00036,ENGINEERING,C01,CORRECTIVE,RAIL_CRACK,4,3,0.839,9,0.527,0.509,1,143,2026-09-27,OVERDUE,59.58,MEDIUM
MT-002255,AST-00317,TRD,C18,CORRECTIVE,INSULATOR_FAILURE,4,1,0.792,2,0.665,0.657,1,124,2026-09-03,SCHEDULED,52.4,MEDIUM
MT-002256,AST-00281,ENGINEERING,C17,INSPECTION,STRUCTURAL_DEFECT,3,2,0.592,0,1.433,0.413,1,69,2026-09-08,OPEN,42.99,MEDIUM
MT-002257,AST-00171,TRD,C17,PREVENTIVE,INSULATOR_FAILURE,4,4,0.624,26,1.448,0.514,1,94,2026-09-19,SCHEDULED,73.07,HIGH
MT-002258,AST-00091,ENGINEERING,C10,REPAIR,POINT_DEFECT,1,1,0.656,9,1.257,0.447,0.937,120,2026-09-28,SCHEDULED,22.25,LOW
MT-002259,AST-00470,ENGINEERING,C03,REPAIR,BALLAST_DEFECT,2,5,0.506,22,1.006,0.469,1,133,2026-09-11,OVERDUE,69.71,HIGH
MT-002260,AST-00451,TRD,C09,INSPECTION,TRANSFORMER_FAULT,3,4,0.572,0,1.242,0.386,1,87,2026-09-06,SCHEDULED,63.12,HIGH
MT-002261,AST-00317,TRD,C18,CORRECTIVE,FEEDER_FAULT,3,1,0.792,21,0.631,0.428,1,114,2026-09-01,OPEN,31.45,LOW
MT-002262,AST-00366,S&T,C12,SIGNAL_REPAIR,SIGNAL_FAILURE,4,2,0.704,15,1.306,0.485,1,124,2026-09-11,OVERDUE,60.75,HIGH
MT-002263,AST-00436,S&T,C06,SIGNAL_REPAIR,CABLE_FAULT,2,5,0.825,17,0.752,0.555,1,126,2026-09-30,OPEN,56.68,MEDIUM
MT-002264,AST-00311,S&T,C08,PREVENTIVE,INTERLOCKING_FAULT,2,3,0.786,10,0.621,0.684,1,84,2026-09-25,OPEN,53.92,MEDIUM
MT-002265,AST-00144,ENGINEERING,C06,CORRECTIVE,RAIL_CRACK,5,4,0.633,0,1.263,0.508,1,130,2026-09-21,OVERDUE,80.22,CRITICAL
MT-002266,AST-00256,ENGINEERING,C16,PREVENTIVE,POINT_DEFECT,4,3,0.48,0,1.622,0.733,1,92,2026-09-23,OVERDUE,77.59,HIGH
MT-002267,AST-00085,S&T,C03,CORRECTIVE,CABLE_FAULT,3,5,0.941,13,1.056,0.616,1,125,2026-09-11,OVERDUE,72.58,HIGH
MT-002268,AST-00457,TRD,C10,OHE_REPAIR,INSULATOR_FAILURE,5,3,0.689,9,1.079,0.654,1,153,2026-09-04,OVERDUE,77.22,HIGH
MT-002269,AST-00391,TRD,C08,CORRECTIVE,TRANSFORMER_FAULT,1,4,0.882,25,0.209,0.319,1,115,2026-09-22,OPEN,28.78,LOW
MT-002270,AST-00073,TRD,C15,PREVENTIVE,INSULATOR_FAILURE,2,3,0.704,8,0.939,0.349,1,78,2026-09-28,OVERDUE,40.35,MEDIUM
MT-002271,AST-00275,TRD,C16,PREVENTIVE,CONTACT_WIRE_DEFECT,5,3,0.583,0,0.802,0.764,1,117,2026-09-16,SCHEDULED,83.1,CRITICAL
MT-002272,AST-00243,ENGINEERING,C16,REPAIR,BALLAST_DEFECT,2,5,0.856,22,0.282,0.329,1,142,2026-09-15,OPEN,66.18,HIGH
MT-002273,AST-00297,TRD,C02,CORRECTIVE,TRANSFORMER_FAULT,4,2,0.517,35,1.253,0.612,1.0,118,2026-09-17,OVERDUE,69.81,HIGH
MT-002274,AST-00470,ENGINEERING,C03,REPAIR,RAIL_CRACK,4,5,0.506,4,1.53,0.828,1,159,2026-09-13,OVERDUE,87.12,CRITICAL
MT-002275,AST-00229,S&T,C05,SIGNAL_REPAIR,AXLE_COUNTER_FAULT,2,2,0.834,15,0.367,0.134,1,107,2026-09-16,OVERDUE,21.44,LOW
MT-002276,AST-00294,TRD,C12,INSPECTION,TRANSFORMER_FAULT,3,4,0.783,19,0.936,0.45,1,82,2026-09-01,OPEN,51.4,MEDIUM
MT-002277,AST-00474,ENGINEERING,C10,REPAIR,POINT_DEFECT,5,3,1.0,18,0.761,0.667,1,167,2026-09-25,OPEN,79.79,HIGH
MT-002278,AST-00116,ENGINEERING,C02,PREVENTIVE,BALLAST_DEFECT,3,4,0.707,0,0.627,0.548,1,89,2026-09-16,OPEN,59.92,MEDIUM
MT-002279,AST-00484,ENGINEERING,C16,REPAIR,BALLAST_DEFECT,3,3,0.592,0,0.931,0.507,1,142,2026-09-29,OPEN,48.98,MEDIUM
MT-002280,AST-00146,ENGINEERING,C10,INSPECTION,RAIL_CRACK,3,2,0.948,2,0.573,0.609,1,85,2026-09-06,OPEN,38.24,LOW
MT-002281,AST-00082,ENGINEERING,C18,PREVENTIVE,STRUCTURAL_DEFECT,4,5,0.447,26,1.226,0.571,1,128,2026-09-07,OPEN,88.21,CRITICAL
MT-002282,AST-00102,S&T,C15,INSPECTION,INTERLOCKING_FAULT,4,3,0.732,13,0.698,0.501,1,104,2026-09-07,OVERDUE,63.17,HIGH
MT-002283,AST-00496,TRD,C08,PREVENTIVE,CONTACT_WIRE_DEFECT,3,3,0.724,13,0.668,0.284,1,100,2026-09-29,OVERDUE,51.11,MEDIUM
MT-002284,AST-00403,S&T,C15,SIGNAL_REPAIR,SIGNAL_FAILURE,2,4,0.893,11,1.05,0.521,1,103,2026-09-27,SCHEDULED,39.24,LOW
MT-002285,AST-00475,ENGINEERING,C09,REPAIR,POINT_DEFECT,3,5,0.823,11,0.869,0.482,1,185,2026-09-05,OVERDUE,70.92,HIGH
MT-002286,AST-00294,TRD,C12,INSPECTION,TRANSFORMER_FAULT,4,4,0.783,8,0.487,0.57,1,79,2026-09-09,OPEN,58.78,MEDIUM
MT-002287,AST-00293,TRD,C13,CORRECTIVE,FEEDER_FAULT,2,3,0.909,9,0.678,0.416,1,104,2026-09-04,OPEN,39.65,LOW
MT-002288,AST-00211,TRD,C20,PREVENTIVE,CONTACT_WIRE_DEFECT,3,3,0.545,2,1.121,0.504,1,77,2026-09-03,OPEN,61.26,HIGH
MT-002289,AST-00183,TRD,C07,CORRECTIVE,INSULATOR_FAILURE,3,2,0.612,0,1.267,0.423,1,110,2026-09-04,OVERDUE,53.65,MEDIUM
MT-002290,AST-00310,TRD,C10,CORRECTIVE,TRANSFORMER_FAULT,4,4,0.641,24,1.244,0.899,1,141,2026-09-17,OVERDUE,83.29,CRITICAL
MT-002291,AST-00308,S&T,C11,INSPECTION,AXLE_COUNTER_FAULT,1,4,0.76,10,0.389,0.354,1,54,2026-09-03,OPEN,29.39,LOW
MT-002292,AST-00130,S&T,C08,CORRECTIVE,SIGNAL_FAILURE,4,4,0.825,3,0.802,0.717,1,128,2026-09-18,OPEN,69.33,HIGH
MT-002293,AST-00036,ENGINEERING,C01,INSPECTION,RAIL_CRACK,3,3,0.839,2,1.159,0.551,1,78,2026-09-01,OPEN,35.7,LOW
MT-002294,AST-00113,ENGINEERING,C03,CORRECTIVE,POINT_DEFECT,5,4,0.75,18,0.5,0.54,1,160,2026-09-02,SCHEDULED,75.64,HIGH
MT-002295,AST-00090,S&T,C07,INSPECTION,INTERLOCKING_FAULT,4,4,0.619,30,1.29,0.48,1,97,2026-09-30,OPEN,83.7,CRITICAL
MT-002296,AST-00392,ENGINEERING,C06,CORRECTIVE,STRUCTURAL_DEFECT,4,4,0.704,17,1.271,0.554,1,145,2026-09-30,OVERDUE,81.42,CRITICAL
MT-002297,AST-00185,TRD,C20,CORRECTIVE,TRANSFORMER_FAULT,5,5,1.0,0,0.957,0.788,1,134,2026-09-14,OPEN,83.11,CRITICAL
MT-002298,AST-00086,TRD,C02,INSPECTION,FEEDER_FAULT,3,5,0.584,17,0.999,0.526,1,64,2026-09-16,OPEN,74.97,HIGH
MT-002299,AST-00093,S&T,C04,INSPECTION,SIGNAL_FAILURE,3,5,0.916,0,0.844,0.382,1,49,2026-09-05,OVERDUE,50.68,MEDIUM
MT-002300,AST-00165,TRD,C18,CORRECTIVE,INSULATOR_FAILURE,2,5,0.83,22,1.239,0.329,1,140,2026-09-25,OPEN,59.64,MEDIUM
MT-002301,AST-00245,ENGINEERING,C10,CORRECTIVE,TRACK_GEOMETRY,4,2,0.614,15,1.108,0.337,1,150,2026-09-25,OPEN,54.62,MEDIUM
MT-002302,AST-00270,ENGINEERING,C15,CORRECTIVE,STRUCTURAL_DEFECT,3,2,0.602,10,1.574,0.295,1,92,2026-09-17,OVERDUE,46.59,MEDIUM
MT-002303,AST-00247,ENGINEERING,C13,CORRECTIVE,STRUCTURAL_DEFECT,1,2,0.637,15,0.912,0.378,1,82,2026-09-30,OPEN,23.81,LOW
MT-002304,AST-00303,S&T,C15,PREVENTIVE,RELAY_FAULT,5,2,0.712,0,0.841,0.77,1,98,2026-09-18,OPEN,66.77,HIGH
MT-002305,AST-00218,ENGINEERING,C05,INSPECTION,RAIL_CRACK,1,3,0.658,8,1.432,0.459,1,47,2026-09-08,OVERDUE,38.45,LOW
MT-002306,AST-00354,TRD,C03,CORRECTIVE,CONTACT_WIRE_DEFECT,2,3,0.931,11,0.165,0.196,1,125,2026-09-30,OPEN,28.91,LOW
MT-002307,AST-00219,TRD,C17,OHE_REPAIR,OHE_DAMAGE,5,4,0.504,10,1.155,0.636,1,166,2026-09-08,SCHEDULED,88.37,CRITICAL
MT-002308,AST-00376,S&T,C10,INSPECTION,RELAY_FAULT,5,5,1.0,3,0.182,0.459,1,91,2026-09-28,SCHEDULED,68.07,HIGH
MT-002309,AST-00440,ENGINEERING,C11,CORRECTIVE,TRACK_GEOMETRY,5,4,0.856,42,0.886,0.632,1,138,2026-09-11,OPEN,85.71,CRITICAL
MT-002310,AST-00422,S&T,C12,INSPECTION,SIGNAL_FAILURE,2,2,0.711,13,0.811,0.567,1,49,2026-09-12,OVERDUE,36.72,LOW
MT-002311,AST-00121,S&T,C15,CORRECTIVE,CABLE_FAULT,4,4,0.76,11,0.825,0.483,1,135,2026-09-30,OVERDUE,69.4,HIGH
MT-002312,AST-00362,ENGINEERING,C20,INSPECTION,POINT_DEFECT,5,5,0.714,0,1.272,0.734,1,97,2026-09-22,OPEN,79.39,HIGH
MT-002313,AST-00378,ENGINEERING,C18,INSPECTION,TRACK_GEOMETRY,3,5,0.711,3,0.459,0.547,1,47,2026-09-25,OPEN,63.43,HIGH
MT-002314,AST-00146,ENGINEERING,C10,INSPECTION,POINT_DEFECT,4,2,0.948,33,0.433,0.441,1,106,2026-09-09,OPEN,49.96,MEDIUM
MT-002315,AST-00344,S&T,C11,SIGNAL_REPAIR,SIGNAL_FAILURE,5,4,0.775,0,0.651,0.659,1,149,2026-09-16,OVERDUE,81.64,CRITICAL
MT-002316,AST-00280,ENGINEERING,C05,INSPECTION,BALLAST_DEFECT,3,5,0.699,11,1.39,0.684,1,77,2026-09-24,OPEN,79.4,HIGH
MT-002317,AST-00038,ENGINEERING,C18,INSPECTION,POINT_DEFECT,2,4,0.511,24,0.945,0.451,1,85,2026-09-12,OPEN,77.47,HIGH
MT-002318,AST-00465,ENGINEERING,C10,PREVENTIVE,STRUCTURAL_DEFECT,2,2,0.624,0,1.009,0.402,1,82,2026-09-25,SCHEDULED,39.3,LOW
MT-002319,AST-00373,TRD,C15,CORRECTIVE,OHE_DAMAGE,5,3,0.632,0,0.98,0.69,1,147,2026-09-20,OVERDUE,75.28,HIGH
MT-002320,AST-00391,TRD,C08,OHE_REPAIR,CONTACT_WIRE_DEFECT,3,4,0.882,0,0.922,0.467,1,172,2026-09-02,OVERDUE,59.48,MEDIUM
MT-002321,AST-00153,S&T,C05,CORRECTIVE,RELAY_FAULT,2,3,0.668,12,1.278,0.377,1,106,2026-09-26,OVERDUE,35.42,LOW
MT-002322,AST-00037,S&T,C14,PREVENTIVE,RELAY_FAULT,5,2,0.829,5,1.213,0.88,1,104,2026-09-09,SCHEDULED,72.73,HIGH
MT-002323,AST-00322,S&T,C06,PREVENTIVE,CABLE_FAULT,2,3,0.771,26,0.758,0.335,1,71,2026-09-18,OPEN,40.36,MEDIUM
MT-002324,AST-00001,TRD,C01,CORRECTIVE,OHE_DAMAGE,4,2,0.717,8,1.175,0.649,1,129,2026-09-17,OPEN,64.79,HIGH
MT-002325,AST-00483,ENGINEERING,C18,CORRECTIVE,POINT_DEFECT,4,2,0.744,18,1.308,0.571,1,138,2026-09-30,OPEN,66.02,HIGH
MT-002326,AST-00123,ENGINEERING,C14,INSPECTION,BALLAST_DEFECT,5,5,0.796,23,1.2,0.573,1,88,2026-09-14,OPEN,84.96,CRITICAL
MT-002327,AST-00459,TRD,C12,CORRECTIVE,TRANSFORMER_FAULT,4,2,0.857,0,0.786,0.645,0.938,138,2026-09-21,OPEN,55.64,MEDIUM
MT-002328,AST-00443,TRD,C06,OHE_REPAIR,FEEDER_FAULT,2,1,0.669,15,1.494,0.59,1,125,2026-09-28,OVERDUE,22.34,LOW
MT-002329,AST-00186,ENGINEERING,C10,CORRECTIVE,POINT_DEFECT,5,3,0.782,13,0.335,0.746,1,138,2026-09-24,OPEN,74.12,HIGH
MT-002330,AST-00413,ENGINEERING,C05,PREVENTIVE,TRACK_GEOMETRY,2,3,0.741,26,1.25,0.205,1,78,2026-09-23,OVERDUE,45.66,MEDIUM
MT-002331,AST-00340,S&T,C12,SIGNAL_REPAIR,SIGNAL_FAILURE,2,3,0.77,22,1.159,0.457,1,80,2026-09-27,OPEN,50.1,MEDIUM
MT-002332,AST-00284,S&T,C10,CORRECTIVE,RELAY_FAULT,4,4,0.574,11,1.296,0.614,1,138,2026-09-11,OVERDUE,82.68,CRITICAL
MT-002333,AST-00226,ENGINEERING,C03,INSPECTION,BALLAST_DEFECT,2,5,0.83,0,0.75,0.493,1,49,2026-09-16,OPEN,51.2,MEDIUM
MT-002334,AST-00201,TRD,C17,OHE_REPAIR,TRANSFORMER_FAULT,5,3,0.908,0,0.874,0.54,1,170,2026-09-17,OPEN,69.46,HIGH
MT-002335,AST-00365,ENGINEERING,C03,PREVENTIVE,STRUCTURAL_DEFECT,2,4,0.599,14,0.823,0.144,1,60,2026-09-01,OPEN,43.93,MEDIUM
MT-002336,AST-00421,S&T,C14,SIGNAL_REPAIR,SIGNAL_FAILURE,2,5,0.855,16,0.482,0.333,1,112,2026-09-30,OVERDUE,54.49,MEDIUM
MT-002337,AST-00439,TRD,C18,OHE_REPAIR,INSULATOR_FAILURE,4,4,0.632,34,1.551,0.631,1,162,2026-09-13,OVERDUE,87.26,CRITICAL
MT-002338,AST-00433,TRD,C07,OHE_REPAIR,INSULATOR_FAILURE,2,3,0.82,17,0.281,0.416,1,155,2026-09-12,OVERDUE,32.48,LOW
MT-002339,AST-00235,TRD,C18,PREVENTIVE,INSULATOR_FAILURE,3,4,0.502,0,1.287,0.561,1,88,2026-09-22,OVERDUE,63.08,HIGH
MT-002340,AST-00186,ENGINEERING,C10,INSPECTION,TRACK_GEOMETRY,3,3,0.782,4,1.321,0.336,1,78,2026-09-26,OVERDUE,56.34,MEDIUM
MT-002341,AST-00321,S&T,C13,SIGNAL_REPAIR,SIGNAL_FAILURE,5,4,0.56,16,1.017,0.753,1,152,2026-09-11,OPEN,88.94,CRITICAL
MT-002342,AST-00423,TRD,C02,CORRECTIVE,FEEDER_FAULT,5,4,0.697,27,1.451,0.69,1,151,2026-09-03,SCHEDULED,85.45,CRITICAL
MT-002343,AST-00254,S&T,C11,SIGNAL_REPAIR,INTERLOCKING_FAULT,3,4,0.879,15,0.729,0.463,1,117,2026-09-08,OVERDUE,53.04,MEDIUM
MT-002344,AST-00001,TRD,C01,CORRECTIVE,FEEDER_FAULT,5,2,0.717,14,0.781,0.97,1,124,2026-09-05,OPEN,75.25,HIGH
MT-002345,AST-00032,TRD,C04,PREVENTIVE,OHE_DAMAGE,5,3,0.655,18,0.603,0.603,1,116,2026-09-19,OPEN,72.99,HIGH
MT-002346,AST-00374,S&T,C15,PREVENTIVE,CABLE_FAULT,3,3,0.759,6,1.327,0.262,1,96,2026-09-02,OPEN,62.79,HIGH
MT-002347,AST-00461,ENGINEERING,C10,CORRECTIVE,STRUCTURAL_DEFECT,1,3,0.824,0,0.599,0.409,1,83,2026-09-01,OPEN,26.5,LOW
MT-002348,AST-00143,ENGINEERING,C12,PREVENTIVE,STRUCTURAL_DEFECT,4,3,0.716,15,0.665,0.533,1,116,2026-09-12,OVERDUE,66.72,HIGH
MT-002349,AST-00167,ENGINEERING,C07,PREVENTIVE,BALLAST_DEFECT,1,4,0.657,15,1.028,0.254,1,84,2026-09-19,OPEN,50.98,MEDIUM
MT-002350,AST-00048,S&T,C09,PREVENTIVE,INTERLOCKING_FAULT,5,3,0.814,8,1.198,0.59,1,112,2026-09-08,OVERDUE,74.55,HIGH
MT-002351,AST-00278,TRD,C20,OHE_REPAIR,OHE_DAMAGE,4,2,0.703,0,1.17,0.349,1,149,2026-09-10,OPEN,52.88,MEDIUM
MT-002352,AST-00380,TRD,C05,OHE_REPAIR,OHE_DAMAGE,2,3,0.708,0,1.113,0.415,1,141,2026-09-27,OPEN,42.07,MEDIUM
MT-002353,AST-00146,ENGINEERING,C10,REPAIR,RAIL_CRACK,4,2,0.948,26,0.375,0.755,1,176,2026-09-01,OPEN,64.5,HIGH
MT-002354,AST-00090,S&T,C07,PREVENTIVE,RELAY_FAULT,4,4,0.619,8,0.831,0.853,1,127,2026-09-13,OPEN,73.35,HIGH
MT-002355,AST-00058,S&T,C17,INSPECTION,CABLE_FAULT,4,4,0.827,7,0.98,0.6,1,92,2026-09-13,SCHEDULED,76.86,HIGH
MT-002356,AST-00039,TRD,C17,INSPECTION,TRANSFORMER_FAULT,4,2,0.972,17,0.254,0.762,1,104,2026-09-09,OPEN,47.68,MEDIUM
MT-002357,AST-00040,TRD,C08,INSPECTION,FEEDER_FAULT,4,2,0.958,17,0.789,0.433,1,90,2026-09-01,OVERDUE,55.37,MEDIUM
MT-002358,AST-00479,S&T,C08,INSPECTION,AXLE_COUNTER_FAULT,2,3,0.757,21,0.661,0.526,1,56,2026-09-25,OVERDUE,44.69,MEDIUM
MT-002359,AST-00094,S&T,C17,CORRECTIVE,CABLE_FAULT,4,4,0.688,11,0.673,0.476,1,147,2026-09-27,OPEN,79.02,HIGH
MT-002360,AST-00190,ENGINEERING,C15,CORRECTIVE,BALLAST_DEFECT,4,3,0.775,33,1.04,0.563,1,126,2026-09-17,SCHEDULED,72.09,HIGH
MT-002361,AST-00249,TRD,C12,OHE_REPAIR,INSULATOR_FAILURE,3,2,0.808,13,1.215,0.185,1,130,2026-09-14,OPEN,56.8,MEDIUM
MT-002362,AST-00375,TRD,C05,CORRECTIVE,FEEDER_FAULT,2,3,0.651,8,1.1,0.397,1,122,2026-09-10,OVERDUE,44.4,MEDIUM
MT-002363,AST-00124,S&T,C11,CORRECTIVE,CABLE_FAULT,2,3,0.903,8,0.691,0.654,1,110,2026-09-28,OVERDUE,53.59,MEDIUM
MT-002364,AST-00429,TRD,C15,CORRECTIVE,INSULATOR_FAILURE,5,2,0.751,19,1.138,0.672,1,119,2026-09-07,OPEN,74.98,HIGH
MT-002365,AST-00315,ENGINEERING,C17,REPAIR,TRACK_GEOMETRY,5,4,0.864,0,0.259,0.691,1,169,2026-09-06,OVERDUE,84.68,CRITICAL
MT-002366,AST-00207,S&T,C03,INSPECTION,CABLE_FAULT,5,5,0.781,16,1.262,0.843,1,73,2026-09-14,OVERDUE,89.68,CRITICAL
MT-002367,AST-00249,TRD,C12,OHE_REPAIR,OHE_DAMAGE,4,2,0.808,0,0.296,0.765,1,170,2026-09-20,OVERDUE,57.39,MEDIUM
MT-002368,AST-00449,ENGINEERING,C16,PREVENTIVE,STRUCTURAL_DEFECT,3,5,0.736,0,0.974,0.282,1,85,2026-09-09,OVERDUE,66.17,HIGH
MT-002369,AST-00108,ENGINEERING,C16,PREVENTIVE,POINT_DEFECT,3,5,0.586,37,1.283,0.403,1,97,2026-09-18,OVERDUE,86.79,CRITICAL
MT-002370,AST-00291,TRD,C08,PREVENTIVE,TRANSFORMER_FAULT,4,4,0.751,4,1.277,0.299,1,77,2026-09-19,OPEN,65.59,HIGH
MT-002371,AST-00246,S&T,C12,SIGNAL_REPAIR,AXLE_COUNTER_FAULT,3,3,0.848,24,0.253,0.415,1,103,2026-09-11,OPEN,51.43,MEDIUM
MT-002372,AST-00452,ENGINEERING,C02,CORRECTIVE,POINT_DEFECT,3,2,0.77,7,0.655,0.637,1,155,2026-09-28,SCHEDULED,51.12,MEDIUM
MT-002373,AST-00072,ENGINEERING,C05,INSPECTION,RAIL_CRACK,3,4,0.708,0,0.489,0.557,1,62,2026-09-16,OPEN,44.62,MEDIUM
MT-002374,AST-00293,TRD,C13,INSPECTION,OHE_DAMAGE,5,3,0.909,12,0.89,0.481,1,99,2026-09-20,OVERDUE,73.7,HIGH
MT-002375,AST-00396,TRD,C20,CORRECTIVE,FEEDER_FAULT,5,4,0.804,13,1.063,0.638,1,155,2026-09-16,SCHEDULED,73.46,HIGH
MT-002376,AST-00314,ENGINEERING,C18,REPAIR,TRACK_GEOMETRY,1,3,0.844,0,0.903,0.235,1,110,2026-09-02,OVERDUE,25.46,LOW
MT-002377,AST-00282,TRD,C19,PREVENTIVE,CONTACT_WIRE_DEFECT,1,4,0.849,0,0.496,0.416,1,71,2026-09-14,OPEN,36.21,LOW
MT-002378,AST-00080,TRD,C18,PREVENTIVE,CONTACT_WIRE_DEFECT,3,3,0.774,3,0.536,0.598,1,124,2026-09-21,OPEN,58.54,MEDIUM
MT-002379,AST-00076,TRD,C05,INSPECTION,CONTACT_WIRE_DEFECT,4,3,0.691,20,0.77,0.751,1,85,2026-09-07,OPEN,72.93,HIGH
MT-002380,AST-00493,ENGINEERING,C03,INSPECTION,POINT_DEFECT,4,3,0.693,20,1.068,0.469,1,83,2026-09-07,OPEN,76.29,HIGH
MT-002381,AST-00229,S&T,C05,PREVENTIVE,INTERLOCKING_FAULT,3,2,0.834,16,0.768,0.46,1,116,2026-09-07,OPEN,46.48,MEDIUM
MT-002382,AST-00313,ENGINEERING,C20,INSPECTION,RAIL_CRACK,2,3,0.511,0,1.711,0.295,1,83,2026-09-30,OPEN,39.66,LOW
MT-002383,AST-00337,ENGINEERING,C19,REPAIR,RAIL_CRACK,3,5,0.889,1,0.654,0.71,1,178,2026-09-01,OPEN,65.66,HIGH
MT-002384,AST-00163,S&T,C04,SIGNAL_REPAIR,RELAY_FAULT,4,3,0.701,4,1.437,0.668,1,142,2026-09-04,OPEN,80.7,CRITICAL
MT-002385,AST-00171,TRD,C17,PREVENTIVE,TRANSFORMER_FAULT,5,4,0.624,13,0.859,0.452,1,95,2026-09-21,OPEN,83.57,CRITICAL
MT-002386,AST-00112,ENGINEERING,C07,INSPECTION,BALLAST_DEFECT,4,4,0.821,12,1.238,0.661,1,66,2026-09-03,OPEN,74.49,HIGH
MT-002387,AST-00417,TRD,C15,OHE_REPAIR,FEEDER_FAULT,3,3,0.854,1,0.676,0.628,1,139,2026-09-13,SCHEDULED,46.67,MEDIUM
MT-002388,AST-00414,S&T,C05,CORRECTIVE,AXLE_COUNTER_FAULT,5,4,0.952,10,0.339,0.553,1,140,2026-09-25,OPEN,78.49,HIGH
MT-002389,AST-00226,ENGINEERING,C03,INSPECTION,POINT_DEFECT,5,5,0.83,7,0.905,0.732,1,107,2026-09-15,OPEN,88.99,CRITICAL
MT-002390,AST-00441,TRD,C03,OHE_REPAIR,OHE_DAMAGE,2,5,0.693,0,0.714,0.443,1,122,2026-09-27,OPEN,49.86,MEDIUM
MT-002391,AST-00291,TRD,C08,CORRECTIVE,TRANSFORMER_FAULT,5,4,0.751,18,1.292,0.858,1,116,2026-09-08,OPEN,92.21,CRITICAL
MT-002392,AST-00226,ENGINEERING,C03,INSPECTION,POINT_DEFECT,4,5,0.83,14,1.036,0.534,1,87,2026-09-28,OPEN,75.45,HIGH
MT-002393,AST-00158,TRD,C04,INSPECTION,OHE_DAMAGE,1,3,0.732,18,1.086,0.143,1,42,2026-09-12,OPEN,31.28,LOW
MT-002394,AST-00282,TRD,C19,INSPECTION,INSULATOR_FAILURE,5,4,0.849,0,0.92,0.593,1,101,2026-09-09,OVERDUE,72.65,HIGH
MT-002395,AST-00229,S&T,C05,INSPECTION,INTERLOCKING_FAULT,3,2,0.834,6,0.861,0.224,1,60,2026-09-28,SCHEDULED,43.17,MEDIUM
MT-002396,AST-00264,ENGINEERING,C20,REPAIR,BALLAST_DEFECT,3,5,0.815,20,1.046,0.808,1,135,2026-09-02,OVERDUE,87.05,CRITICAL
MT-002397,AST-00500,S&T,C02,INSPECTION,INTERLOCKING_FAULT,4,3,0.544,12,1.385,0.815,1,64,2026-09-04,OVERDUE,76.52,HIGH
MT-002398,AST-00063,S&T,C11,SIGNAL_REPAIR,CABLE_FAULT,2,3,0.613,8,1.102,0.394,1,114,2026-09-20,OVERDUE,48.55,MEDIUM
MT-002399,AST-00137,TRD,C04,PREVENTIVE,FEEDER_FAULT,1,1,0.966,16,0.134,0.133,1,91,2026-09-15,OPEN,17.73,LOW
MT-002400,AST-00040,TRD,C08,CORRECTIVE,FEEDER_FAULT,5,2,0.958,20,0.96,0.851,1,137,2026-09-30,OPEN,82.94,CRITICAL
MT-002401,AST-00268,S&T,C11,PREVENTIVE,CABLE_FAULT,2,3,0.679,0,0.683,0.427,1,67,2026-09-26,OVERDUE,32.54,LOW
MT-002402,AST-00481,S&T,C06,INSPECTION,RELAY_FAULT,3,4,0.577,13,1.315,0.574,1,110,2026-09-25,OPEN,71.47,HIGH
MT-002403,AST-00232,S&T,C18,PREVENTIVE,CABLE_FAULT,2,4,0.686,20,1.421,0.262,1,63,2026-09-12,OVERDUE,57.88,MEDIUM
MT-002404,AST-00092,TRD,C03,CORRECTIVE,OHE_DAMAGE,3,4,0.761,0,1.176,0.253,1,113,2026-09-20,OPEN,42.52,MEDIUM
MT-002405,AST-00306,ENGINEERING,C13,CORRECTIVE,STRUCTURAL_DEFECT,2,4,0.665,0,0.815,0.504,1,99,2026-09-26,OVERDUE,53.03,MEDIUM
MT-002406,AST-00281,ENGINEERING,C17,REPAIR,RAIL_CRACK,5,2,0.592,9,0.75,0.93,1,195,2026-09-26,OPEN,78.59,HIGH
MT-002407,AST-00410,ENGINEERING,C12,INSPECTION,RAIL_CRACK,4,3,0.916,12,0.508,0.426,1,75,2026-09-19,OVERDUE,53.84,MEDIUM
MT-002408,AST-00245,ENGINEERING,C10,INSPECTION,RAIL_CRACK,2,2,0.614,17,1.166,0.474,1,50,2026-09-05,OPEN,46.85,MEDIUM
MT-002409,AST-00262,TRD,C03,OHE_REPAIR,FEEDER_FAULT,2,2,0.777,9,0.489,0.521,1,142,2026-09-29,SCHEDULED,33.74,LOW
MT-002410,AST-00122,ENGINEERING,C12,REPAIR,RAIL_CRACK,5,3,0.902,0,0.341,0.638,1,147,2026-09-23,OVERDUE,73.45,HIGH
MT-002411,AST-00476,TRD,C01,CORRECTIVE,FEEDER_FAULT,1,4,0.829,20,1.164,0.242,1,116,2026-09-22,OPEN,39.18,LOW
MT-002412,AST-00224,TRD,C09,PREVENTIVE,OHE_DAMAGE,5,4,0.588,0,0.783,0.45,1,96,2026-09-05,OPEN,80.71,CRITICAL
MT-002413,AST-00398,ENGINEERING,C05,CORRECTIVE,TRACK_GEOMETRY,1,2,0.637,5,1.028,0.417,1,112,2026-09-16,OPEN,26.23,LOW
MT-002414,AST-00443,TRD,C06,PREVENTIVE,OHE_DAMAGE,4,1,0.669,2,1.0,0.579,1,116,2026-09-04,OPEN,44.72,MEDIUM
MT-002415,AST-00312,S&T,C18,SIGNAL_REPAIR,INTERLOCKING_FAULT,4,4,0.818,4,1.122,0.582,1,134,2026-09-10,SCHEDULED,67.9,HIGH
MT-002416,AST-00085,S&T,C03,PREVENTIVE,RELAY_FAULT,2,5,0.941,5,0.302,0.476,1,92,2026-09-12,OPEN,36.83,LOW
MT-002417,AST-00165,TRD,C18,INSPECTION,CONTACT_WIRE_DEFECT,3,5,0.83,0,0.475,0.478,1,102,2026-09-28,OPEN,53.23,MEDIUM
MT-002418,AST-00147,S&T,C10,SIGNAL_REPAIR,RELAY_FAULT,3,3,0.774,0,1.041,0.532,1,116,2026-09-13,OPEN,51.21,MEDIUM
MT-002419,AST-00355,ENGINEERING,C01,PREVENTIVE,BALLAST_DEFECT,2,4,0.796,0,0.748,0.419,1,84,2026-09-13,SCHEDULED,45.91,MEDIUM
MT-002420,AST-00449,ENGINEERING,C16,CORRECTIVE,BALLAST_DEFECT,3,5,0.736,26,0.775,0.412,1,107,2026-09-19,OPEN,76.72,HIGH
MT-002421,AST-00179,S&T,C09,PREVENTIVE,SIGNAL_FAILURE,2,3,0.887,18,0.583,0.291,1,86,2026-09-15,OVERDUE,22.96,LOW
MT-002422,AST-00062,TRD,C07,OHE_REPAIR,TRANSFORMER_FAULT,2,3,0.794,4,0.715,0.209,1,139,2026-09-19,SCHEDULED,24.69,LOW
MT-002423,AST-00073,TRD,C15,PREVENTIVE,OHE_DAMAGE,3,3,0.704,18,0.841,0.394,1,81,2026-09-12,OVERDUE,43.57,MEDIUM
MT-002424,AST-00194,ENGINEERING,C16,PREVENTIVE,TRACK_GEOMETRY,2,2,0.76,24,0.784,0.355,1,90,2026-09-04,OVERDUE,34.41,LOW
MT-002425,AST-00338,ENGINEERING,C07,CORRECTIVE,POINT_DEFECT,2,4,0.68,4,0.661,0.284,1,108,2026-09-30,OVERDUE,37.91,LOW
MT-002426,AST-00415,S&T,C03,INSPECTION,SIGNAL_FAILURE,4,4,0.499,8,1.21,0.578,1,95,2026-09-01,SCHEDULED,79.42,HIGH
MT-002427,AST-00445,S&T,C04,INSPECTION,INTERLOCKING_FAULT,5,4,0.529,5,1.026,0.921,1,72,2026-09-12,OVERDUE,86.57,CRITICAL
MT-002428,AST-00224,TRD,C09,OHE_REPAIR,FEEDER_FAULT,4,4,0.588,16,0.946,0.705,1,184,2026-09-20,OPEN,83.42,CRITICAL
MT-002429,AST-00027,ENGINEERING,C08,REPAIR,STRUCTURAL_DEFECT,3,3,0.552,6,1.134,0.668,1,132,2026-09-30,OVERDUE,51.8,MEDIUM
MT-002430,AST-00356,ENGINEERING,C02,PREVENTIVE,BALLAST_DEFECT,4,3,0.775,7,1.123,0.499,1,107,2026-09-21,OVERDUE,74.13,HIGH
MT-002431,AST-00413,ENGINEERING,C05,INSPECTION,BALLAST_DEFECT,2,3,0.741,0,1.357,0.22,1,49,2026-09-28,SCHEDULED,36.17,LOW
MT-002432,AST-00211,TRD,C20,PREVENTIVE,INSULATOR_FAILURE,4,3,0.545,12,1.046,0.53,1,113,2026-09-14,OVERDUE,64.22,HIGH
MT-002433,AST-00103,TRD,C11,OHE_REPAIR,CONTACT_WIRE_DEFECT,5,4,0.617,0,0.954,0.49,1,176,2026-09-30,OPEN,86.72,CRITICAL
MT-002434,AST-00355,ENGINEERING,C01,CORRECTIVE,POINT_DEFECT,4,4,0.796,0,0.68,0.775,1,147,2026-09-11,OPEN,79.83,HIGH
MT-002435,AST-00267,ENGINEERING,C13,PREVENTIVE,POINT_DEFECT,5,2,0.617,0,0.93,0.633,1,124,2026-09-06,OVERDUE,75.71,HIGH
MT-002436,AST-00138,TRD,C03,CORRECTIVE,OHE_DAMAGE,3,4,0.945,12,0.094,0.701,1,126,2026-09-30,OPEN,43.17,MEDIUM
MT-002437,AST-00361,TRD,C03,INSPECTION,INSULATOR_FAILURE,5,2,0.858,6,1.077,0.726,1,79,2026-09-27,OPEN,67.18,HIGH
MT-002438,AST-00088,TRD,C12,PREVENTIVE,TRANSFORMER_FAULT,4,4,0.747,3,0.505,0.455,1,98,2026-09-09,SCHEDULED,62.76,HIGH
MT-002439,AST-00002,TRD,C19,OHE_REPAIR,FEEDER_FAULT,4,1,0.85,0,0.658,0.668,1,158,2026-09-04,SCHEDULED,41.72,MEDIUM
MT-002440,AST-00090,S&T,C07,PREVENTIVE,AXLE_COUNTER_FAULT,2,4,0.619,19,1.21,0.189,1,88,2026-09-17,OPEN,42.49,MEDIUM
MT-002441,AST-00034,ENGINEERING,C18,PREVENTIVE,STRUCTURAL_DEFECT,4,2,0.616,14,0.897,0.71,1,85,2026-09-12,OVERDUE,58.57,MEDIUM
MT-002442,AST-00228,ENGINEERING,C04,CORRECTIVE,TRACK_GEOMETRY,3,4,0.751,0,0.638,0.456,1,111,2026-09-23,OPEN,45.03,MEDIUM
MT-002443,AST-00246,S&T,C12,CORRECTIVE,AXLE_COUNTER_FAULT,1,3,0.848,23,1.206,0.093,1,105,2026-09-27,OPEN,30.84,LOW
MT-002444,AST-00302,ENGINEERING,C10,INSPECTION,POINT_DEFECT,2,4,1.0,19,0.196,0.388,1,55,2026-09-28,SCHEDULED,37.06,LOW
MT-002445,AST-00026,TRD,C13,CORRECTIVE,TRANSFORMER_FAULT,3,3,0.729,0,1.355,0.681,1,113,2026-09-03,OVERDUE,61.11,HIGH
MT-002446,AST-00096,S&T,C15,SIGNAL_REPAIR,INTERLOCKING_FAULT,5,4,1.0,0,0.787,0.717,1,152,2026-09-02,OPEN,69.32,HIGH
MT-002447,AST-00260,ENGINEERING,C14,CORRECTIVE,BALLAST_DEFECT,2,5,0.996,4,0.667,0.351,1,88,2026-09-01,SCHEDULED,33.64,LOW
MT-002448,AST-00486,ENGINEERING,C12,PREVENTIVE,BALLAST_DEFECT,5,3,0.625,8,1.058,0.588,1,72,2026-09-20,SCHEDULED,74.79,HIGH
MT-002449,AST-00184,S&T,C09,CORRECTIVE,INTERLOCKING_FAULT,2,3,0.849,0,0.609,0.636,1,82,2026-09-16,OVERDUE,39.61,LOW
MT-002450,AST-00302,ENGINEERING,C10,PREVENTIVE,TRACK_GEOMETRY,2,4,1.0,1,0.22,0.37,1,89,2026-09-01,OPEN,35.87,LOW
MT-002451,AST-00051,ENGINEERING,C05,INSPECTION,STRUCTURAL_DEFECT,4,4,0.953,0,0.747,0.741,1,104,2026-09-19,SCHEDULED,69.89,HIGH
MT-002452,AST-00286,TRD,C05,CORRECTIVE,INSULATOR_FAILURE,4,1,0.594,36,1.2,0.565,1,116,2026-09-09,SCHEDULED,69.86,HIGH
MT-002453,AST-00230,ENGINEERING,C20,REPAIR,RAIL_CRACK,5,3,0.863,22,0.96,0.66,1,164,2026-09-23,OVERDUE,88.59,CRITICAL
MT-002454,AST-00446,TRD,C03,OHE_REPAIR,CONTACT_WIRE_DEFECT,4,3,0.915,16,0.594,0.528,1,180,2026-09-24,OPEN,62.64,HIGH
MT-002455,AST-00477,TRD,C12,INSPECTION,FEEDER_FAULT,3,2,0.817,0,1.244,0.559,1,73,2026-09-13,SCHEDULED,29.9,LOW
MT-002456,AST-00169,ENGINEERING,C09,REPAIR,TRACK_GEOMETRY,3,2,0.786,0,0.604,0.465,1,157,2026-09-22,OPEN,40.51,MEDIUM
MT-002457,AST-00333,TRD,C08,CORRECTIVE,TRANSFORMER_FAULT,1,5,0.659,0,1.079,0.191,1,85,2026-09-05,OPEN,39.92,LOW
MT-002458,AST-00128,S&T,C01,INSPECTION,INTERLOCKING_FAULT,4,3,0.898,17,0.596,0.601,1,83,2026-09-16,OVERDUE,70.95,HIGH
MT-002459,AST-00255,S&T,C06,CORRECTIVE,CABLE_FAULT,3,2,0.688,0,0.833,0.668,1,117,2026-09-12,OPEN,41.96,MEDIUM
MT-002460,AST-00005,S&T,C09,INSPECTION,AXLE_COUNTER_FAULT,2,2,0.673,0,1.311,0.473,1,65,2026-09-02,OPEN,28.9,LOW
MT-002461,AST-00148,S&T,C08,PREVENTIVE,AXLE_COUNTER_FAULT,5,4,0.706,10,0.543,0.895,1,98,2026-09-10,OVERDUE,90.12,CRITICAL
MT-002462,AST-00095,S&T,C14,SIGNAL_REPAIR,RELAY_FAULT,3,5,0.878,7,0.832,0.466,1,137,2026-09-18,OVERDUE,58.59,MEDIUM
MT-002463,AST-00321,S&T,C13,INSPECTION,RELAY_FAULT,1,4,0.56,0,1.332,0.22,1,43,2026-09-13,OPEN,35.46,LOW
MT-002464,AST-00463,ENGINEERING,C04,INSPECTION,BALLAST_DEFECT,1,3,0.713,10,1.428,0.459,1,63,2026-09-11,OVERDUE,45.35,MEDIUM
MT-002465,AST-00139,TRD,C13,PREVENTIVE,CONTACT_WIRE_DEFECT,5,5,0.701,25,0.941,0.952,1,100,2026-09-18,OPEN,92.39,CRITICAL
MT-002466,AST-00370,ENGINEERING,C17,PREVENTIVE,BALLAST_DEFECT,3,4,0.739,14,1.13,0.698,1,71,2026-09-02,SCHEDULED,72.23,HIGH
MT-002467,AST-00244,ENGINEERING,C20,INSPECTION,STRUCTURAL_DEFECT,3,4,0.618,15,1.034,0.632,1,84,2026-09-06,OVERDUE,66.69,HIGH
MT-002468,AST-00159,TRD,C20,OHE_REPAIR,CONTACT_WIRE_DEFECT,5,3,0.63,1,1.193,0.629,1,177,2026-09-28,OPEN,81.98,CRITICAL
MT-002469,AST-00179,S&T,C09,CORRECTIVE,AXLE_COUNTER_FAULT,3,3,0.887,15,0.342,0.811,1,115,2026-09-08,SCHEDULED,60.01,HIGH
MT-002470,AST-00044,TRD,C03,PREVENTIVE,CONTACT_WIRE_DEFECT,5,3,0.797,6,0.552,0.585,1,123,2026-09-15,OPEN,76.83,HIGH
MT-002471,AST-00342,ENGINEERING,C08,REPAIR,POINT_DEFECT,5,1,0.574,17,0.81,0.851,1,182,2026-09-25,OVERDUE,78.99,HIGH
MT-002472,AST-00312,S&T,C18,CORRECTIVE,AXLE_COUNTER_FAULT,5,4,0.818,6,0.717,0.483,1,138,2026-09-21,OVERDUE,78.42,HIGH
MT-002473,AST-00399,ENGINEERING,C05,PREVENTIVE,POINT_DEFECT,4,4,0.778,9,1.127,0.575,1,111,2026-09-12,SCHEDULED,68.78,HIGH
MT-002474,AST-00453,S&T,C11,INSPECTION,RELAY_FAULT,5,3,0.598,6,0.821,0.69,1,102,2026-09-09,OPEN,78.58,HIGH
MT-002475,AST-00208,ENGINEERING,C19,REPAIR,TRACK_GEOMETRY,3,3,0.75,31,1.279,0.551,1,165,2026-09-06,OPEN,68.78,HIGH
MT-002476,AST-00276,TRD,C13,PREVENTIVE,TRANSFORMER_FAULT,5,1,0.735,38,0.52,0.729,1,86,2026-09-09,SCHEDULED,68.64,HIGH
MT-002477,AST-00220,ENGINEERING,C06,INSPECTION,RAIL_CRACK,5,4,0.523,10,1.403,0.649,1,106,2026-09-14,OPEN,85.91,CRITICAL
MT-002478,AST-00015,TRD,C09,PREVENTIVE,CONTACT_WIRE_DEFECT,4,3,0.801,15,0.793,0.464,1,89,2026-09-26,OPEN,62.25,HIGH
MT-002479,AST-00039,TRD,C17,CORRECTIVE,FEEDER_FAULT,3,2,0.972,21,0.614,0.669,1,128,2026-09-17,OPEN,43.42,MEDIUM
MT-002480,AST-00435,ENGINEERING,C01,PREVENTIVE,STRUCTURAL_DEFECT,3,5,0.809,0,0.32,0.625,1,85,2026-09-28,SCHEDULED,71.69,HIGH
MT-002481,AST-00371,S&T,C09,PREVENTIVE,AXLE_COUNTER_FAULT,5,3,0.871,7,0.894,0.627,1,113,2026-09-08,SCHEDULED,75.91,HIGH
MT-002482,AST-00264,ENGINEERING,C20,CORRECTIVE,RAIL_CRACK,5,5,0.815,0,0.302,0.73,1,122,2026-09-22,OPEN,82.41,CRITICAL
MT-002483,AST-00387,TRD,C12,INSPECTION,OHE_DAMAGE,2,5,0.505,18,1.156,0.385,1,61,2026-09-23,OPEN,69.88,HIGH
MT-002484,AST-00004,S&T,C09,CORRECTIVE,SIGNAL_FAILURE,5,4,0.524,0,1.265,0.916,1,160,2026-09-13,OPEN,90.66,CRITICAL
MT-002485,AST-00198,S&T,C20,SIGNAL_REPAIR,AXLE_COUNTER_FAULT,5,5,0.743,0,0.752,0.521,1,132,2026-09-11,SCHEDULED,80.81,CRITICAL
MT-002486,AST-00045,S&T,C08,PREVENTIVE,INTERLOCKING_FAULT,1,4,0.751,22,0.527,0.412,1,64,2026-09-29,OPEN,45.69,MEDIUM
MT-002487,AST-00243,ENGINEERING,C16,REPAIR,TRACK_GEOMETRY,3,5,0.856,21,0.741,0.316,1,155,2026-09-30,SCHEDULED,72.2,HIGH
MT-002488,AST-00376,S&T,C10,INSPECTION,AXLE_COUNTER_FAULT,4,5,1.0,9,0.593,0.654,1,81,2026-09-22,SCHEDULED,80.26,CRITICAL
MT-002489,AST-00217,S&T,C12,CORRECTIVE,SIGNAL_FAILURE,3,5,0.758,5,1.356,0.36,1,134,2026-09-14,OVERDUE,74.79,HIGH
MT-002490,AST-00315,ENGINEERING,C17,PREVENTIVE,POINT_DEFECT,3,4,0.864,10,1.071,0.663,1,84,2026-09-05,OPEN,74.34,HIGH
MT-002491,AST-00144,ENGINEERING,C06,INSPECTION,STRUCTURAL_DEFECT,4,4,0.633,3,1.391,0.499,1,73,2026-09-11,SCHEDULED,63.98,HIGH
MT-002492,AST-00220,ENGINEERING,C06,CORRECTIVE,RAIL_CRACK,5,4,0.523,0,1.688,0.641,1,123,2026-09-17,OVERDUE,86.24,CRITICAL
MT-002493,AST-00482,ENGINEERING,C12,CORRECTIVE,TRACK_GEOMETRY,5,4,0.816,19,0.996,0.784,1,126,2026-09-13,OVERDUE,89.03,CRITICAL
MT-002494,AST-00171,TRD,C17,INSPECTION,TRANSFORMER_FAULT,1,4,0.624,3,1.226,0.14,1,63,2026-09-11,OVERDUE,41.01,MEDIUM
MT-002495,AST-00112,ENGINEERING,C07,PREVENTIVE,STRUCTURAL_DEFECT,2,4,0.821,24,0.783,0.382,1,69,2026-09-17,OPEN,47.62,MEDIUM
MT-002496,AST-00052,ENGINEERING,C12,PREVENTIVE,RAIL_CRACK,3,5,0.607,7,1.199,0.591,1,70,2026-09-30,OPEN,67.77,HIGH
MT-002497,AST-00287,ENGINEERING,C01,INSPECTION,RAIL_CRACK,4,4,0.806,30,0.494,0.623,1,101,2026-09-28,OVERDUE,79.11,HIGH
MT-002498,AST-00371,S&T,C09,PREVENTIVE,INTERLOCKING_FAULT,2,3,0.871,0,0.635,0.434,1,65,2026-09-22,OVERDUE,28.59,LOW
MT-002499,AST-00169,ENGINEERING,C09,REPAIR,POINT_DEFECT,3,2,0.786,4,0.459,0.387,1,181,2026-09-13,OPEN,42.77,MEDIUM
MT-002500,AST-00311,S&T,C08,INSPECTION,INTERLOCKING_FAULT,1,3,0.786,30,0.333,0.402,1,49,2026-09-18,SCHEDULED,31.4,LOW
MT-002501,AST-00283,S&T,C19,INSPECTION,SIGNAL_FAILURE,5,3,0.72,0,1.327,0.906,1,112,2026-09-22,OPEN,83.84,CRITICAL
MT-002502,AST-00289,TRD,C17,OHE_REPAIR,CONTACT_WIRE_DEFECT,5,5,0.769,28,0.573,0.833,1,152,2026-09-08,OVERDUE,91.62,CRITICAL
MT-002503,AST-00253,TRD,C16,OHE_REPAIR,OHE_DAMAGE,2,3,0.792,17,1.227,0.575,1,153,2026-09-06,OPEN,47.14,MEDIUM
MT-002504,AST-00311,S&T,C08,INSPECTION,CABLE_FAULT,4,3,0.786,5,1.019,0.517,1,80,2026-09-11,SCHEDULED,58.83,MEDIUM
MT-002505,AST-00272,TRD,C07,OHE_REPAIR,CONTACT_WIRE_DEFECT,3,3,0.622,19,1.54,0.572,1,160,2026-09-08,OPEN,66.77,HIGH
MT-002506,AST-00462,S&T,C15,PREVENTIVE,RELAY_FAULT,2,3,0.569,25,1.203,0.492,1,83,2026-09-08,OPEN,61.9,HIGH
MT-002507,AST-00030,TRD,C16,CORRECTIVE,TRANSFORMER_FAULT,4,4,0.789,5,0.973,0.503,1,137,2026-09-08,OVERDUE,71.57,HIGH
MT-002508,AST-00157,ENGINEERING,C18,INSPECTION,STRUCTURAL_DEFECT,3,4,0.511,0,1.077,0.444,1,87,2026-09-09,OPEN,59.43,MEDIUM
MT-002509,AST-00049,ENGINEERING,C14,PREVENTIVE,POINT_DEFECT,2,2,0.785,0,0.39,0.373,1,100,2026-09-28,OPEN,34.09,LOW
MT-002510,AST-00098,TRD,C09,CORRECTIVE,TRANSFORMER_FAULT,3,1,0.884,12,0.912,0.638,0.901,107,2026-09-02,OPEN,32.97,LOW
MT-002511,AST-00122,ENGINEERING,C12,CORRECTIVE,RAIL_CRACK,3,3,0.902,0,0.77,0.403,1,108,2026-09-26,OPEN,37.33,LOW
MT-002512,AST-00274,TRD,C02,PREVENTIVE,FEEDER_FAULT,4,3,0.633,11,1.508,0.612,1,75,2026-09-08,OPEN,71.56,HIGH
MT-002513,AST-00344,S&T,C11,PREVENTIVE,CABLE_FAULT,4,4,0.775,19,0.722,0.565,1,117,2026-09-22,OVERDUE,73.95,HIGH
MT-002514,AST-00493,ENGINEERING,C03,REPAIR,POINT_DEFECT,5,3,0.693,0,1.266,0.85,1,151,2026-09-24,SCHEDULED,84.16,CRITICAL
MT-002515,AST-00062,TRD,C07,CORRECTIVE,OHE_DAMAGE,4,3,0.794,24,0.609,0.635,1,117,2026-09-17,SCHEDULED,76.29,HIGH
MT-002516,AST-00110,ENGINEERING,C14,INSPECTION,STRUCTURAL_DEFECT,2,4,0.781,8,0.784,0.348,1,57,2026-09-12,SCHEDULED,36.08,LOW
MT-002517,AST-00112,ENGINEERING,C07,INSPECTION,BALLAST_DEFECT,5,4,0.821,0,0.912,0.585,1,103,2026-09-11,OVERDUE,70.66,HIGH
MT-002518,AST-00160,TRD,C04,OHE_REPAIR,INSULATOR_FAILURE,4,1,0.553,10,1.562,0.574,1,172,2026-09-26,OPEN,63.59,HIGH
MT-002519,AST-00268,S&T,C11,PREVENTIVE,RELAY_FAULT,4,3,0.679,6,0.515,0.464,1,78,2026-09-09,SCHEDULED,73.82,HIGH
MT-002520,AST-00500,S&T,C02,PREVENTIVE,INTERLOCKING_FAULT,3,3,0.544,15,1.223,0.34,1,106,2026-09-17,SCHEDULED,46.78,MEDIUM
MT-002521,AST-00374,S&T,C15,SIGNAL_REPAIR,INTERLOCKING_FAULT,5,3,0.759,0,0.616,0.708,1,125,2026-09-19,SCHEDULED,63.52,HIGH
MT-002522,AST-00046,TRD,C01,INSPECTION,TRANSFORMER_FAULT,3,3,0.962,27,0.383,0.546,1,113,2026-09-09,SCHEDULED,66.0,HIGH
MT-002523,AST-00077,TRD,C03,INSPECTION,CONTACT_WIRE_DEFECT,3,3,0.722,32,0.902,0.528,1,91,2026-09-03,OPEN,56.36,MEDIUM
MT-002524,AST-00184,S&T,C09,CORRECTIVE,SIGNAL_FAILURE,2,3,0.849,0,0.618,0.466,1,130,2026-09-25,OVERDUE,22.55,LOW
MT-002525,AST-00459,TRD,C12,OHE_REPAIR,INSULATOR_FAILURE,3,2,0.857,17,0.903,0.43,1,152,2026-09-07,OPEN,57.86,MEDIUM
MT-002526,AST-00402,ENGINEERING,C18,INSPECTION,POINT_DEFECT,5,4,0.751,5,0.528,0.559,1,85,2026-09-05,OPEN,72.48,HIGH
MT-002527,AST-00241,TRD,C10,INSPECTION,FEEDER_FAULT,1,4,0.786,5,0.374,0.413,1,36,2026-09-27,OVERDUE,29.46,LOW
MT-002528,AST-00149,TRD,C01,CORRECTIVE,OHE_DAMAGE,3,4,0.772,0,0.921,0.561,1,135,2026-09-20,OPEN,55.98,MEDIUM
MT-002529,AST-00043,TRD,C15,OHE_REPAIR,FEEDER_FAULT,4,1,0.921,12,0.961,0.514,1,161,2026-09-15,SCHEDULED,41.34,MEDIUM
MT-002530,AST-00157,ENGINEERING,C18,INSPECTION,BALLAST_DEFECT,5,4,0.511,10,0.821,0.814,1,95,2026-09-02,OPEN,86.49,CRITICAL
MT-002531,AST-00373,TRD,C15,OHE_REPAIR,CONTACT_WIRE_DEFECT,5,3,0.632,10,0.659,0.862,1,166,2026-09-28,SCHEDULED,83.23,CRITICAL
MT-002532,AST-00125,S&T,C01,INSPECTION,INTERLOCKING_FAULT,3,4,0.852,4,0.507,0.816,1,72,2026-09-20,SCHEDULED,65.38,HIGH
MT-002533,AST-00168,ENGINEERING,C05,CORRECTIVE,BALLAST_DEFECT,4,3,0.483,5,1.646,0.755,1,130,2026-09-30,OVERDUE,75.09,HIGH
MT-002534,AST-00138,TRD,C03,PREVENTIVE,OHE_DAMAGE,4,4,0.945,0,0.993,0.484,1,95,2026-09-06,SCHEDULED,55.34,MEDIUM
MT-002535,AST-00388,TRD,C12,CORRECTIVE,FEEDER_FAULT,1,3,0.741,0,1.353,0.194,1,91,2026-09-09,OPEN,26.08,LOW
MT-002536,AST-00094,S&T,C17,PREVENTIVE,AXLE_COUNTER_FAULT,2,4,0.688,0,1.457,0.417,1,89,2026-09-17,OVERDUE,50.16,MEDIUM
MT-002537,AST-00214,S&T,C19,INSPECTION,CABLE_FAULT,3,5,0.529,2,1.046,0.62,1,72,2026-09-01,OPEN,73.45,HIGH
MT-002538,AST-00333,TRD,C08,INSPECTION,OHE_DAMAGE,4,5,0.659,3,1.47,0.616,1,94,2026-09-18,OVERDUE,81.1,CRITICAL
MT-002539,AST-00460,S&T,C19,SIGNAL_REPAIR,AXLE_COUNTER_FAULT,5,2,0.891,19,0.658,0.39,1,141,2026-09-20,OPEN,73.39,HIGH
MT-002540,AST-00239,ENGINEERING,C15,REPAIR,TRACK_GEOMETRY,3,2,0.584,1,1.062,0.198,1,145,2026-09-28,OVERDUE,39.64,LOW
MT-002541,AST-00027,ENGINEERING,C08,CORRECTIVE,BALLAST_DEFECT,3,3,0.552,10,0.775,0.488,1,123,2026-09-24,OVERDUE,56.06,MEDIUM
MT-002542,AST-00176,S&T,C20,SIGNAL_REPAIR,RELAY_FAULT,3,3,0.886,3,0.404,0.579,1,112,2026-09-24,OVERDUE,56.44,MEDIUM
MT-002543,AST-00080,TRD,C18,PREVENTIVE,FEEDER_FAULT,1,3,0.774,5,0.703,0.045,1,65,2026-09-27,OVERDUE,22.6,LOW
MT-002544,AST-00053,ENGINEERING,C04,CORRECTIVE,RAIL_CRACK,2,3,0.801,0,0.58,0.571,1,115,2026-09-15,OPEN,41.66,MEDIUM
MT-002545,AST-00476,TRD,C01,CORRECTIVE,TRANSFORMER_FAULT,5,4,0.829,6,1.201,0.692,1,134,2026-09-08,SCHEDULED,79.24,HIGH
MT-002546,AST-00135,S&T,C14,CORRECTIVE,SIGNAL_FAILURE,3,5,0.552,27,1.136,0.472,1,121,2026-09-29,OPEN,85.63,CRITICAL
MT-002547,AST-00111,S&T,C19,SIGNAL_REPAIR,AXLE_COUNTER_FAULT,4,4,0.768,29,0.568,0.56,1,130,2026-09-26,OPEN,79.74,HIGH
MT-002548,AST-00265,ENGINEERING,C02,INSPECTION,RAIL_CRACK,2,4,0.891,25,0.298,0.447,1,62,2026-09-12,OPEN,53.72,MEDIUM
MT-002549,AST-00053,ENGINEERING,C04,CORRECTIVE,STRUCTURAL_DEFECT,5,3,0.801,39,1.249,0.639,1,133,2026-09-28,OVERDUE,88.0,CRITICAL
MT-002550,AST-00445,S&T,C04,INSPECTION,AXLE_COUNTER_FAULT,3,4,0.529,2,1.173,0.487,1,85,2026-09-27,OPEN,70.23,HIGH
MT-002551,AST-00397,S&T,C15,PREVENTIVE,SIGNAL_FAILURE,1,3,0.711,14,0.768,0.325,1,71,2026-09-11,OPEN,44.0,MEDIUM
MT-002552,AST-00436,S&T,C06,PREVENTIVE,INTERLOCKING_FAULT,2,5,0.825,0,0.274,0.238,1,62,2026-09-29,OVERDUE,39.68,LOW
MT-002553,AST-00427,TRD,C04,PREVENTIVE,TRANSFORMER_FAULT,5,3,0.707,6,0.714,0.817,1,88,2026-09-15,OPEN,83.62,CRITICAL
MT-002554,AST-00019,S&T,C11,CORRECTIVE,SIGNAL_FAILURE,3,1,0.613,36,0.811,0.381,1,112,2026-09-05,OVERDUE,50.29,MEDIUM
MT-002555,AST-00140,S&T,C16,CORRECTIVE,SIGNAL_FAILURE,3,1,0.752,24,1.068,0.391,1,122,2026-09-02,SCHEDULED,44.32,MEDIUM
MT-002556,AST-00041,ENGINEERING,C20,CORRECTIVE,TRACK_GEOMETRY,3,4,0.529,0,1.023,0.547,1,115,2026-09-02,OVERDUE,60.07,HIGH
MT-002557,AST-00116,ENGINEERING,C02,CORRECTIVE,TRACK_GEOMETRY,5,4,0.707,3,1.309,0.731,1,141,2026-09-02,OVERDUE,85.64,CRITICAL
MT-002558,AST-00415,S&T,C03,CORRECTIVE,AXLE_COUNTER_FAULT,4,4,0.499,4,1.033,0.59,1,105,2026-09-29,SCHEDULED,73.78,HIGH
MT-002559,AST-00205,ENGINEERING,C03,REPAIR,RAIL_CRACK,3,3,0.778,26,0.851,0.769,1,126,2026-09-20,OPEN,63.21,HIGH
MT-002560,AST-00175,ENGINEERING,C20,CORRECTIVE,BALLAST_DEFECT,5,4,0.703,0,0.758,0.607,1,147,2026-09-25,OVERDUE,76.64,HIGH
MT-002561,AST-00010,ENGINEERING,C09,PREVENTIVE,TRACK_GEOMETRY,3,4,0.72,8,0.956,0.347,1,99,2026-09-22,SCHEDULED,54.59,MEDIUM
MT-002562,AST-00223,S&T,C10,INSPECTION,INTERLOCKING_FAULT,1,2,0.705,10,1.399,0.221,1,61,2026-09-19,OPEN,31.28,LOW
MT-002563,AST-00195,TRD,C17,INSPECTION,CONTACT_WIRE_DEFECT,4,2,0.95,21,1.048,0.521,1,77,2026-09-15,OPEN,62.19,HIGH
MT-002564,AST-00388,TRD,C12,INSPECTION,INSULATOR_FAILURE,4,3,0.741,22,0.495,0.833,1,75,2026-09-28,OVERDUE,64.35,HIGH
MT-002565,AST-00039,TRD,C17,CORRECTIVE,CONTACT_WIRE_DEFECT,3,2,0.972,10,0.199,0.369,1,111,2026-09-13,SCHEDULED,46.94,MEDIUM
MT-002566,AST-00082,ENGINEERING,C18,CORRECTIVE,TRACK_GEOMETRY,3,5,0.447,8,1.131,0.642,1,120,2026-09-22,OPEN,82.74,CRITICAL
MT-002567,AST-00492,S&T,C11,CORRECTIVE,CABLE_FAULT,3,3,0.508,21,1.608,0.583,0.977,144,2026-09-01,OPEN,73.09,HIGH
MT-002568,AST-00390,ENGINEERING,C04,INSPECTION,BALLAST_DEFECT,3,5,0.646,19,0.989,0.374,1,80,2026-09-04,SCHEDULED,67.01,HIGH
MT-002569,AST-00435,ENGINEERING,C01,REPAIR,POINT_DEFECT,3,5,0.809,0,1.05,0.615,1,162,2026-09-21,SCHEDULED,72.94,HIGH
MT-002570,AST-00010,ENGINEERING,C09,PREVENTIVE,STRUCTURAL_DEFECT,1,4,0.72,8,0.739,0.199,1,79,2026-09-22,OVERDUE,35.53,LOW
MT-002571,AST-00182,TRD,C02,OHE_REPAIR,CONTACT_WIRE_DEFECT,3,4,0.706,18,1.084,0.462,1,145,2026-09-19,OPEN,57.76,MEDIUM
MT-002572,AST-00386,S&T,C13,INSPECTION,CABLE_FAULT,2,4,0.818,41,0.913,0.43,1,89,2026-09-11,OVERDUE,60.05,HIGH
MT-002573,AST-00215,TRD,C13,PREVENTIVE,FEEDER_FAULT,2,3,0.488,0,1.359,0.48,1,86,2026-09-30,OVERDUE,52.73,MEDIUM
MT-002574,AST-00449,ENGINEERING,C16,CORRECTIVE,RAIL_CRACK,3,5,0.736,16,0.489,0.487,1,139,2026-09-29,SCHEDULED,69.08,HIGH
MT-002575,AST-00021,TRD,C17,INSPECTION,OHE_DAMAGE,4,4,0.758,16,0.699,0.499,1,114,2026-09-26,OVERDUE,76.51,HIGH
MT-002576,AST-00438,TRD,C17,PREVENTIVE,FEEDER_FAULT,2,3,0.829,11,0.407,0.461,1,80,2026-09-14,OVERDUE,41.25,MEDIUM
MT-002577,AST-00186,ENGINEERING,C10,CORRECTIVE,POINT_DEFECT,2,3,0.782,0,0.608,0.463,1,100,2026-09-30,OVERDUE,36.61,LOW
MT-002578,AST-00246,S&T,C12,PREVENTIVE,CABLE_FAULT,3,3,0.848,6,0.354,0.545,1,78,2026-09-22,OVERDUE,44.87,MEDIUM
MT-002579,AST-00356,ENGINEERING,C02,REPAIR,RAIL_CRACK,3,3,0.775,4,1.029,0.573,1,163,2026-09-21,OVERDUE,63.72,HIGH
MT-002580,AST-00086,TRD,C02,INSPECTION,TRANSFORMER_FAULT,4,5,0.584,17,1.1,0.608,1,97,2026-09-16,OPEN,89.28,CRITICAL
MT-002581,AST-00078,S&T,C19,PREVENTIVE,SIGNAL_FAILURE,3,5,0.627,5,1.079,0.509,1,105,2026-09-22,OPEN,71.92,HIGH
MT-002582,AST-00277,TRD,C12,CORRECTIVE,TRANSFORMER_FAULT,1,3,0.859,20,1.095,0.446,1,114,2026-09-11,OVERDUE,37.53,LOW
MT-002583,AST-00248,TRD,C15,OHE_REPAIR,TRANSFORMER_FAULT,3,2,0.579,15,0.947,0.518,1,158,2026-09-19,OPEN,53.96,MEDIUM
MT-002584,AST-00499,S&T,C20,SIGNAL_REPAIR,CABLE_FAULT,5,4,0.818,18,0.81,0.518,1,145,2026-09-16,OPEN,87.68,CRITICAL
MT-002585,AST-00431,ENGINEERING,C13,CORRECTIVE,POINT_DEFECT,5,2,0.838,18,0.802,0.693,1,105,2026-09-16,SCHEDULED,71.33,HIGH
MT-002586,AST-00291,TRD,C08,PREVENTIVE,OHE_DAMAGE,4,4,0.751,18,0.965,0.593,1,84,2026-09-19,OPEN,77.28,HIGH
MT-002587,AST-00453,S&T,C11,PREVENTIVE,INTERLOCKING_FAULT,3,3,0.598,11,0.997,0.544,1,85,2026-09-29,OPEN,57.99,MEDIUM
MT-002588,AST-00149,TRD,C01,OHE_REPAIR,INSULATOR_FAILURE,4,4,0.772,20,1.205,0.644,1,144,2026-09-14,OPEN,81.73,CRITICAL
MT-002589,AST-00029,S&T,C17,CORRECTIVE,AXLE_COUNTER_FAULT,3,4,0.682,25,1.322,0.735,1,92,2026-09-03,OPEN,77.06,HIGH
MT-002590,AST-00367,S&T,C09,SIGNAL_REPAIR,RELAY_FAULT,5,3,0.661,33,1.36,0.632,1,154,2026-09-11,OPEN,92.96,CRITICAL
MT-002591,AST-00272,TRD,C07,CORRECTIVE,OHE_DAMAGE,3,3,0.622,11,0.707,0.428,1,149,2026-09-04,OVERDUE,63.23,HIGH
MT-002592,AST-00186,ENGINEERING,C10,PREVENTIVE,BALLAST_DEFECT,3,3,0.782,19,0.387,0.575,1,85,2026-09-30,SCHEDULED,50.99,MEDIUM
MT-002593,AST-00380,TRD,C05,OHE_REPAIR,INSULATOR_FAILURE,3,3,0.708,13,0.778,0.514,1,154,2026-09-07,OPEN,56.3,MEDIUM
MT-002594,AST-00111,S&T,C19,CORRECTIVE,SIGNAL_FAILURE,4,4,0.768,10,1.16,0.514,1,126,2026-09-28,OPEN,75.8,HIGH
MT-002595,AST-00027,ENGINEERING,C08,PREVENTIVE,POINT_DEFECT,4,3,0.552,0,0.84,0.505,1,101,2026-09-27,SCHEDULED,49.25,MEDIUM
MT-002596,AST-00319,TRD,C18,OHE_REPAIR,FEEDER_FAULT,2,5,0.618,11,0.788,0.321,1,112,2026-09-19,OPEN,62.79,HIGH
MT-002597,AST-00015,TRD,C09,PREVENTIVE,CONTACT_WIRE_DEFECT,4,3,0.801,0,0.986,0.58,1,109,2026-09-25,SCHEDULED,52.82,MEDIUM
MT-002598,AST-00325,TRD,C02,CORRECTIVE,CONTACT_WIRE_DEFECT,3,5,0.665,0,0.765,0.463,1,98,2026-09-02,OVERDUE,58.86,MEDIUM
MT-002599,AST-00423,TRD,C02,CORRECTIVE,INSULATOR_FAILURE,4,4,0.697,1,1.11,0.575,1,111,2026-09-03,OVERDUE,70.34,HIGH
MT-002600,AST-00031,ENGINEERING,C04,REPAIR,STRUCTURAL_DEFECT,2,5,0.756,0,0.88,0.229,1,156,2026-09-20,OVERDUE,47.38,MEDIUM
MT-002601,AST-00323,ENGINEERING,C01,CORRECTIVE,BALLAST_DEFECT,2,3,0.61,5,1.498,0.234,1,124,2026-09-30,OPEN,41.78,MEDIUM
MT-002602,AST-00413,ENGINEERING,C05,REPAIR,STRUCTURAL_DEFECT,3,3,0.741,17,0.45,0.569,1,164,2026-09-21,SCHEDULED,55.62,MEDIUM
MT-002603,AST-00270,ENGINEERING,C15,CORRECTIVE,STRUCTURAL_DEFECT,3,2,0.602,0,1.548,0.547,1,109,2026-09-03,OVERDUE,47.63,MEDIUM
MT-002604,AST-00313,ENGINEERING,C20,REPAIR,TRACK_GEOMETRY,5,3,0.511,24,1.717,0.401,1,197,2026-09-12,OPEN,85.05,CRITICAL
MT-002605,AST-00021,TRD,C17,CORRECTIVE,FEEDER_FAULT,5,4,0.758,8,1.164,0.781,1,133,2026-09-11,OVERDUE,84.48,CRITICAL
MT-002606,AST-00426,S&T,C05,CORRECTIVE,INTERLOCKING_FAULT,4,2,0.849,34,0.708,0.287,1,128,2026-09-30,OVERDUE,52.97,MEDIUM
MT-002607,AST-00064,S&T,C10,CORRECTIVE,SIGNAL_FAILURE,2,2,0.812,0,0.816,0.362,1,119,2026-09-21,OVERDUE,39.77,LOW
MT-002608,AST-00432,ENGINEERING,C18,INSPECTION,POINT_DEFECT,4,4,0.718,0,1.37,0.457,1,97,2026-09-20,OPEN,59.97,MEDIUM
MT-002609,AST-00331,TRD,C14,CORRECTIVE,FEEDER_FAULT,5,5,0.664,13,1.033,0.674,1,141,2026-09-08,OPEN,87.26,CRITICAL
MT-002610,AST-00457,TRD,C10,OHE_REPAIR,FEEDER_FAULT,5,3,0.689,0,0.64,0.678,1,172,2026-09-08,OPEN,75.33,HIGH
MT-002611,AST-00270,ENGINEERING,C15,PREVENTIVE,POINT_DEFECT,4,2,0.602,21,1.207,0.747,1,72,2026-09-24,OPEN,68.29,HIGH
MT-002612,AST-00400,S&T,C18,CORRECTIVE,RELAY_FAULT,3,4,0.731,22,1.187,0.476,1,94,2026-09-13,OPEN,75.65,HIGH
MT-002613,AST-00045,S&T,C08,SIGNAL_REPAIR,RELAY_FAULT,2,4,0.751,7,0.677,0.298,1,112,2026-09-02,OPEN,39.02,LOW
MT-002614,AST-00003,ENGINEERING,C20,REPAIR,RAIL_CRACK,5,4,0.454,0,1.41,0.541,1,187,2026-09-04,OPEN,85.53,CRITICAL
MT-002615,AST-00365,ENGINEERING,C03,REPAIR,TRACK_GEOMETRY,1,4,0.599,2,1.071,0.422,1,136,2026-09-02,OPEN,40.36,MEDIUM
MT-002616,AST-00190,ENGINEERING,C15,CORRECTIVE,TRACK_GEOMETRY,5,3,0.775,2,0.507,0.682,1,141,2026-09-21,OVERDUE,75.75,HIGH
MT-002617,AST-00095,S&T,C14,SIGNAL_REPAIR,AXLE_COUNTER_FAULT,4,5,0.878,10,0.784,0.648,1,122,2026-09-25,OPEN,81.92,CRITICAL
MT-002618,AST-00138,TRD,C03,PREVENTIVE,OHE_DAMAGE,4,4,0.945,0,0.578,0.658,1,95,2026-09-16,OVERDUE,57.2,MEDIUM
MT-002619,AST-00474,ENGINEERING,C10,INSPECTION,TRACK_GEOMETRY,4,3,1.0,0,0.588,0.538,1,81,2026-09-29,OPEN,62.28,HIGH
MT-002620,AST-00477,TRD,C12,PREVENTIVE,FEEDER_FAULT,2,2,0.817,0,0.512,0.421,1,51,2026-09-18,OPEN,29.62,LOW
MT-002621,AST-00144,ENGINEERING,C06,PREVENTIVE,STRUCTURAL_DEFECT,3,4,0.633,23,1.375,0.469,1,83,2026-09-30,OVERDUE,68.66,HIGH
MT-002622,AST-00239,ENGINEERING,C15,REPAIR,RAIL_CRACK,4,2,0.584,14,0.922,0.561,1,154,2026-09-16,OVERDUE,61.38,HIGH
MT-002623,AST-00260,ENGINEERING,C14,CORRECTIVE,RAIL_CRACK,4,5,0.996,26,0.222,0.521,1,122,2026-09-12,OVERDUE,71.91,HIGH
MT-002624,AST-00159,TRD,C20,CORRECTIVE,OHE_DAMAGE,2,3,0.63,18,0.823,0.331,1,77,2026-09-19,SCHEDULED,41.6,MEDIUM
MT-002625,AST-00074,S&T,C09,INSPECTION,RELAY_FAULT,5,5,0.775,6,1.106,0.631,1,91,2026-09-26,OPEN,82.97,CRITICAL
MT-002626,AST-00340,S&T,C12,INSPECTION,INTERLOCKING_FAULT,5,3,0.77,0,1.175,0.718,1,86,2026-09-30,SCHEDULED,74.68,HIGH
MT-002627,AST-00443,TRD,C06,PREVENTIVE,INSULATOR_FAILURE,3,1,0.669,15,1.415,0.576,1,104,2026-09-08,OVERDUE,53.68,MEDIUM
MT-002628,AST-00437,ENGINEERING,C03,INSPECTION,BALLAST_DEFECT,4,2,0.57,43,0.864,0.54,1,74,2026-09-12,OVERDUE,66.41,HIGH
MT-002629,AST-00162,TRD,C18,CORRECTIVE,FEEDER_FAULT,3,4,0.778,20,0.488,0.682,1,146,2026-09-16,OVERDUE,51.47,MEDIUM
MT-002630,AST-00023,S&T,C08,SIGNAL_REPAIR,INTERLOCKING_FAULT,3,2,0.596,26,1.042,0.722,1,109,2026-09-05,OVERDUE,63.72,HIGH
MT-002631,AST-00435,ENGINEERING,C01,REPAIR,RAIL_CRACK,1,5,0.809,18,0.624,0.242,1,126,2026-09-02,OPEN,47.09,MEDIUM
MT-002632,AST-00226,ENGINEERING,C03,REPAIR,BALLAST_DEFECT,3,5,0.83,0,1.111,0.526,1,165,2026-09-27,SCHEDULED,75.6,HIGH
MT-002633,AST-00351,TRD,C06,OHE_REPAIR,INSULATOR_FAILURE,3,3,0.711,6,1.018,0.524,1,160,2026-09-14,OPEN,56.89,MEDIUM
MT-002634,AST-00395,ENGINEERING,C11,CORRECTIVE,BALLAST_DEFECT,2,5,0.62,17,1.094,0.457,1,129,2026-09-07,OVERDUE,70.04,HIGH
MT-002635,AST-00450,TRD,C14,PREVENTIVE,INSULATOR_FAILURE,4,3,0.729,0,0.934,0.546,1,92,2026-09-23,OPEN,61.11,HIGH
MT-002636,AST-00293,TRD,C13,INSPECTION,TRANSFORMER_FAULT,3,3,0.909,1,1.036,0.302,1,77,2026-09-18,OVERDUE,39.45,LOW
MT-002637,AST-00111,S&T,C19,PREVENTIVE,CABLE_FAULT,4,4,0.768,5,0.766,0.358,1,113,2026-09-12,OPEN,62.0,HIGH
MT-002638,AST-00394,S&T,C03,PREVENTIVE,SIGNAL_FAILURE,4,2,0.922,9,1.064,0.513,1,126,2026-09-07,SCHEDULED,48.43,MEDIUM
MT-002639,AST-00040,TRD,C08,PREVENTIVE,FEEDER_FAULT,5,2,0.958,12,0.597,0.585,1,85,2026-09-14,SCHEDULED,65.38,HIGH
MT-002640,AST-00005,S&T,C09,SIGNAL_REPAIR,CABLE_FAULT,2,2,0.673,0,1.3,0.55,0.995,101,2026-09-10,OPEN,37.68,LOW
MT-002641,AST-00113,ENGINEERING,C03,CORRECTIVE,TRACK_GEOMETRY,2,4,0.75,8,1.305,0.476,1,134,2026-09-08,OVERDUE,51.09,MEDIUM
MT-002642,AST-00091,ENGINEERING,C10,INSPECTION,RAIL_CRACK,4,1,0.656,8,0.829,0.72,1,79,2026-09-12,OVERDUE,45.56,MEDIUM
MT-002643,AST-00379,TRD,C15,CORRECTIVE,OHE_DAMAGE,5,5,0.749,13,0.379,0.885,1,145,2026-09-16,OVERDUE,88.01,CRITICAL
MT-002644,AST-00468,ENGINEERING,C01,PREVENTIVE,STRUCTURAL_DEFECT,4,5,0.555,29,0.84,0.66,1,105,2026-09-07,OPEN,89.53,CRITICAL
MT-002645,AST-00005,S&T,C09,PREVENTIVE,CABLE_FAULT,5,2,0.673,13,0.52,0.985,1,126,2026-09-05,OPEN,83.25,CRITICAL
MT-002646,AST-00177,S&T,C04,SIGNAL_REPAIR,RELAY_FAULT,4,3,0.868,5,0.481,0.568,1,107,2026-09-22,OPEN,62.54,HIGH
MT-002647,AST-00307,TRD,C06,CORRECTIVE,FEEDER_FAULT,4,1,0.458,23,1.263,0.687,1,122,2026-09-14,OPEN,61.21,HIGH
MT-002648,AST-00105,S&T,C07,SIGNAL_REPAIR,CABLE_FAULT,2,1,0.741,17,0.707,0.437,0.973,129,2026-09-07,OVERDUE,36.64,LOW
MT-002649,AST-00468,ENGINEERING,C01,REPAIR,RAIL_CRACK,3,5,0.555,0,1.178,0.613,1,149,2026-09-03,SCHEDULED,72.56,HIGH
MT-002650,AST-00151,S&T,C07,SIGNAL_REPAIR,INTERLOCKING_FAULT,3,4,0.66,8,1.464,0.196,1,116,2026-09-13,OPEN,56.03,MEDIUM
MT-002651,AST-00311,S&T,C08,PREVENTIVE,RELAY_FAULT,2,3,0.786,7,1.044,0.212,1,69,2026-09-23,OVERDUE,38.99,LOW
MT-002652,AST-00055,TRD,C14,PREVENTIVE,TRANSFORMER_FAULT,2,2,0.683,11,1.25,0.234,1,68,2026-09-30,OVERDUE,37.47,LOW
MT-002653,AST-00383,TRD,C03,OHE_REPAIR,INSULATOR_FAILURE,3,3,0.64,0,1.307,0.197,1,141,2026-09-14,OPEN,53.63,MEDIUM
MT-002654,AST-00067,ENGINEERING,C16,PREVENTIVE,RAIL_CRACK,5,4,0.627,6,1.401,0.747,1,141,2026-09-09,SCHEDULED,87.56,CRITICAL
MT-002655,AST-00139,TRD,C13,INSPECTION,OHE_DAMAGE,4,5,0.701,25,1.293,0.468,1,65,2026-09-06,OVERDUE,81.18,CRITICAL
MT-002656,AST-00471,ENGINEERING,C11,REPAIR,STRUCTURAL_DEFECT,4,2,0.712,20,0.785,0.668,1,165,2026-09-02,OPEN,72.62,HIGH
MT-002657,AST-00111,S&T,C19,SIGNAL_REPAIR,RELAY_FAULT,2,4,0.768,3,1.099,0.52,1,112,2026-09-25,OVERDUE,39.03,LOW
MT-002658,AST-00198,S&T,C20,PREVENTIVE,RELAY_FAULT,3,5,0.743,11,1.273,0.449,1,93,2026-09-06,OPEN,60.61,HIGH
MT-002659,AST-00417,TRD,C15,PREVENTIVE,OHE_DAMAGE,1,3,0.854,0,0.239,0.225,1,87,2026-09-03,OPEN,21.13,LOW
MT-002660,AST-00074,S&T,C09,PREVENTIVE,CABLE_FAULT,3,5,0.775,1,0.764,0.573,1,96,2026-09-15,OPEN,64.45,HIGH
MT-002661,AST-00059,S&T,C04,CORRECTIVE,AXLE_COUNTER_FAULT,3,3,0.805,10,0.372,0.541,1,120,2026-09-08,OPEN,68.68,HIGH
MT-002662,AST-00243,ENGINEERING,C16,CORRECTIVE,POINT_DEFECT,1,5,0.856,11,0.331,0.357,1,88,2026-09-30,OPEN,45.99,MEDIUM
MT-002663,AST-00403,S&T,C15,CORRECTIVE,RELAY_FAULT,4,4,0.893,0,0.494,0.771,1,118,2026-09-04,OVERDUE,55.57,MEDIUM
MT-002664,AST-00418,ENGINEERING,C09,INSPECTION,POINT_DEFECT,3,5,0.637,13,1.293,0.342,1,71,2026-09-18,OVERDUE,76.07,HIGH
MT-002665,AST-00141,TRD,C10,OHE_REPAIR,OHE_DAMAGE,2,2,0.696,11,0.469,0.445,1,163,2026-09-23,OPEN,37.71,LOW
MT-002666,AST-00281,ENGINEERING,C17,INSPECTION,TRACK_GEOMETRY,4,2,0.592,0,0.942,0.788,1,80,2026-09-13,OVERDUE,49.02,MEDIUM
MT-002667,AST-00421,S&T,C14,INSPECTION,AXLE_COUNTER_FAULT,4,5,0.855,22,0.833,0.624,1,94,2026-09-29,OPEN,77.12,HIGH
MT-002668,AST-00266,ENGINEERING,C18,INSPECTION,RAIL_CRACK,2,4,0.789,32,0.69,0.539,1,67,2026-09-24,OVERDUE,50.39,MEDIUM
MT-002669,AST-00478,ENGINEERING,C09,CORRECTIVE,BALLAST_DEFECT,3,5,0.589,14,1.519,0.745,1,115,2026-09-22,OVERDUE,69.98,HIGH
MT-002670,AST-00434,ENGINEERING,C13,PREVENTIVE,STRUCTURAL_DEFECT,4,3,0.594,22,0.894,0.776,1,89,2026-09-21,OPEN,72.87,HIGH
MT-002671,AST-00281,ENGINEERING,C17,INSPECTION,POINT_DEFECT,3,2,0.592,3,1.112,0.589,0.927,75,2026-09-21,SCHEDULED,43.97,MEDIUM
MT-002672,AST-00257,S&T,C05,SIGNAL_REPAIR,CABLE_FAULT,3,4,0.682,14,0.676,0.579,1,141,2026-09-09,OVERDUE,65.46,HIGH
MT-002673,AST-00477,TRD,C12,CORRECTIVE,CONTACT_WIRE_DEFECT,4,2,0.817,8,0.905,0.571,0.828,137,2026-09-26,OVERDUE,48.47,MEDIUM
MT-002674,AST-00120,TRD,C09,CORRECTIVE,CONTACT_WIRE_DEFECT,3,1,0.905,15,0.576,0.519,1,129,2026-09-02,OPEN,45.41,MEDIUM
MT-002675,AST-00248,TRD,C15,CORRECTIVE,FEEDER_FAULT,4,2,0.579,21,1.115,0.553,1,137,2026-09-12,OVERDUE,74.05,HIGH
MT-002676,AST-00065,S&T,C06,CORRECTIVE,RELAY_FAULT,3,1,0.864,25,0.462,0.467,1,113,2026-09-14,OVERDUE,31.84,LOW
MT-002677,AST-00014,S&T,C15,SIGNAL_REPAIR,AXLE_COUNTER_FAULT,3,3,0.59,17,0.721,0.379,1,109,2026-09-25,OPEN,57.5,MEDIUM
MT-002678,AST-00431,ENGINEERING,C13,CORRECTIVE,BALLAST_DEFECT,5,2,0.838,11,0.965,0.708,1,140,2026-09-05,OVERDUE,74.57,HIGH
MT-002679,AST-00057,ENGINEERING,C01,INSPECTION,POINT_DEFECT,4,2,0.628,6,1.12,0.509,1,95,2026-09-26,OPEN,52.91,MEDIUM
MT-002680,AST-00023,S&T,C08,CORRECTIVE,SIGNAL_FAILURE,4,2,0.596,0,1.262,0.479,1,123,2026-09-03,OPEN,61.41,HIGH
MT-002681,AST-00444,S&T,C17,INSPECTION,INTERLOCKING_FAULT,4,2,0.719,16,0.768,0.728,1,103,2026-09-21,SCHEDULED,64.98,HIGH
MT-002682,AST-00414,S&T,C05,SIGNAL_REPAIR,SIGNAL_FAILURE,2,4,0.952,0,0.15,0.364,1,114,2026-09-22,OVERDUE,34.38,LOW
MT-002683,AST-00054,ENGINEERING,C06,CORRECTIVE,STRUCTURAL_DEFECT,3,5,0.499,9,0.942,0.361,1,134,2026-09-24,SCHEDULED,61.66,HIGH
MT-002684,AST-00023,S&T,C08,SIGNAL_REPAIR,RELAY_FAULT,2,2,0.596,28,1.375,0.489,1,95,2026-09-19,OPEN,38.06,LOW
MT-002685,AST-00334,TRD,C14,INSPECTION,CONTACT_WIRE_DEFECT,2,4,0.997,0,0.662,0.407,1,72,2026-09-04,OVERDUE,38.4,LOW
MT-002686,AST-00047,ENGINEERING,C04,INSPECTION,TRACK_GEOMETRY,3,3,0.624,25,1.555,0.388,1,85,2026-09-12,OPEN,53.04,MEDIUM
MT-002687,AST-00080,TRD,C18,INSPECTION,CONTACT_WIRE_DEFECT,3,3,0.774,17,0.783,0.332,1,67,2026-09-06,OVERDUE,46.59,MEDIUM
MT-002688,AST-00485,ENGINEERING,C06,REPAIR,RAIL_CRACK,3,4,0.794,25,0.766,0.577,1,156,2026-09-04,OPEN,66.95,HIGH
MT-002689,AST-00084,ENGINEERING,C11,REPAIR,TRACK_GEOMETRY,2,4,0.819,3,1.259,0.383,1,130,2026-09-14,OVERDUE,50.25,MEDIUM
MT-002690,AST-00371,S&T,C09,INSPECTION,CABLE_FAULT,1,3,0.871,5,0.214,0.092,1,36,2026-09-11,OVERDUE,21.66,LOW
MT-002691,AST-00307,TRD,C06,INSPECTION,OHE_DAMAGE,4,1,0.458,0,1.651,0.665,1,108,2026-09-28,OPEN,53.8,MEDIUM
MT-002692,AST-00230,ENGINEERING,C20,INSPECTION,BALLAST_DEFECT,3,3,0.863,18,1.17,0.444,1,71,2026-09-30,OVERDUE,49.51,MEDIUM
MT-002693,AST-00178,S&T,C13,PREVENTIVE,AXLE_COUNTER_FAULT,3,4,0.751,25,0.563,0.403,1,86,2026-09-14,SCHEDULED,55.78,MEDIUM
MT-002694,AST-00123,ENGINEERING,C14,INSPECTION,POINT_DEFECT,5,5,0.796,4,0.692,0.58,1,79,2026-09-03,OPEN,82.47,CRITICAL
MT-002695,AST-00354,TRD,C03,CORRECTIVE,OHE_DAMAGE,4,3,0.931,0,0.941,0.762,1,108,2026-09-17,OVERDUE,62.23,HIGH
MT-002696,AST-00456,TRD,C01,INSPECTION,TRANSFORMER_FAULT,5,1,0.903,0,0.203,0.974,0.902,86,2026-09-17,OVERDUE,59.54,MEDIUM
MT-002697,AST-00022,TRD,C20,PREVENTIVE,OHE_DAMAGE,5,3,0.863,0,0.479,0.737,1,99,2026-09-09,SCHEDULED,76.6,HIGH
MT-002698,AST-00085,S&T,C03,PREVENTIVE,SIGNAL_FAILURE,3,5,0.941,12,0.295,0.674,1,89,2026-09-18,OVERDUE,56.49,MEDIUM
MT-002699,AST-00328,ENGINEERING,C10,PREVENTIVE,BALLAST_DEFECT,4,5,0.735,0,0.745,0.496,1,115,2026-09-01,OPEN,83.16,CRITICAL
MT-002700,AST-00364,TRD,C13,PREVENTIVE,CONTACT_WIRE_DEFECT,1,4,0.709,1,1.429,0.289,1,47,2026-09-21,OPEN,35.66,LOW
MT-002701,AST-00328,ENGINEERING,C10,CORRECTIVE,TRACK_GEOMETRY,5,5,0.735,19,0.915,0.651,1,135,2026-09-30,SCHEDULED,87.91,CRITICAL
MT-002702,AST-00257,S&T,C05,INSPECTION,CABLE_FAULT,1,4,0.682,0,1.089,0.397,1,49,2026-09-25,OPEN,26.14,LOW
MT-002703,AST-00150,ENGINEERING,C16,REPAIR,POINT_DEFECT,2,4,0.836,9,0.33,0.35,1,142,2026-09-07,OVERDUE,35.9,LOW
MT-002704,AST-00433,TRD,C07,PREVENTIVE,INSULATOR_FAILURE,4,3,0.82,0,0.896,0.602,1,93,2026-09-01,SCHEDULED,63.9,HIGH
MT-002705,AST-00072,ENGINEERING,C05,INSPECTION,TRACK_GEOMETRY,1,4,0.708,0,1.28,0.097,1,38,2026-09-02,OPEN,31.81,LOW
MT-002706,AST-00318,ENGINEERING,C07,PREVENTIVE,STRUCTURAL_DEFECT,3,2,0.835,29,1.048,0.507,1,104,2026-09-20,OPEN,49.52,MEDIUM
MT-002707,AST-00099,ENGINEERING,C14,INSPECTION,BALLAST_DEFECT,2,3,0.786,16,1.229,0.397,1,69,2026-09-26,SCHEDULED,30.99,LOW
MT-002708,AST-00048,S&T,C09,CORRECTIVE,AXLE_COUNTER_FAULT,3,3,0.814,7,1.193,0.585,1,119,2026-09-18,OVERDUE,54.37,MEDIUM
MT-002709,AST-00104,TRD,C09,OHE_REPAIR,FEEDER_FAULT,3,5,0.7,25,1.228,0.489,1,138,2026-09-13,OPEN,76.1,HIGH
MT-002710,AST-00016,ENGINEERING,C16,REPAIR,POINT_DEFECT,2,4,0.654,0,1.004,0.532,1,152,2026-09-27,OPEN,47.96,MEDIUM
MT-002711,AST-00200,TRD,C08,CORRECTIVE,OHE_DAMAGE,3,4,0.784,0,1.226,0.492,1,133,2026-09-17,SCHEDULED,57.39,MEDIUM
MT-002712,AST-00302,ENGINEERING,C10,PREVENTIVE,RAIL_CRACK,3,4,1.0,24,0.105,0.506,1,90,2026-09-06,SCHEDULED,48.85,MEDIUM
MT-002713,AST-00297,TRD,C02,PREVENTIVE,FEEDER_FAULT,2,2,0.517,0,1.399,0.607,0.886,93,2026-09-16,OPEN,46.25,MEDIUM
MT-002714,AST-00021,TRD,C17,CORRECTIVE,CONTACT_WIRE_DEFECT,2,4,0.758,22,0.541,0.702,1,94,2026-09-08,SCHEDULED,60.65,HIGH
MT-002715,AST-00119,TRD,C20,OHE_REPAIR,CONTACT_WIRE_DEFECT,3,4,0.773,0,0.902,0.414,1,129,2026-09-08,SCHEDULED,63.37,HIGH
MT-002716,AST-00421,S&T,C14,PREVENTIVE,CABLE_FAULT,3,5,0.855,32,0.356,0.606,1,91,2026-09-07,OPEN,74.02,HIGH
MT-002717,AST-00434,ENGINEERING,C13,INSPECTION,RAIL_CRACK,5,3,0.594,11,0.661,0.66,1,89,2026-09-12,OPEN,76.85,HIGH
MT-002718,AST-00435,ENGINEERING,C01,INSPECTION,BALLAST_DEFECT,2,5,0.809,7,1.24,0.424,1,51,2026-09-29,SCHEDULED,59.53,MEDIUM
MT-002719,AST-00445,S&T,C04,PREVENTIVE,SIGNAL_FAILURE,4,4,0.529,10,1.644,0.636,1,99,2026-09-22,OPEN,76.53,HIGH
MT-002720,AST-00130,S&T,C08,INSPECTION,SIGNAL_FAILURE,3,4,0.825,26,0.536,0.522,1,80,2026-09-16,SCHEDULED,71.6,HIGH
MT-002721,AST-00454,S&T,C20,INSPECTION,AXLE_COUNTER_FAULT,5,3,0.695,30,0.79,0.648,1,76,2026-09-21,OVERDUE,78.99,HIGH
MT-002722,AST-00427,TRD,C04,INSPECTION,FEEDER_FAULT,3,3,0.707,22,0.84,0.479,1,87,2026-09-03,SCHEDULED,66.2,HIGH
MT-002723,AST-00128,S&T,C01,INSPECTION,SIGNAL_FAILURE,4,3,0.898,6,0.715,0.543,1,102,2026-09-12,OPEN,63.68,HIGH
MT-002724,AST-00357,TRD,C09,PREVENTIVE,FEEDER_FAULT,3,3,0.698,0,1.284,0.551,1,98,2026-09-13,OPEN,54.36,MEDIUM
MT-002725,AST-00481,S&T,C06,CORRECTIVE,RELAY_FAULT,2,4,0.577,30,1.228,0.083,1,113,2026-09-05,OPEN,68.17,HIGH
MT-002726,AST-00151,S&T,C07,SIGNAL_REPAIR,RELAY_FAULT,4,4,0.66,14,1.244,0.593,1,128,2026-09-22,OPEN,70.63,HIGH
MT-002727,AST-00489,TRD,C08,OHE_REPAIR,FEEDER_FAULT,3,4,0.927,8,0.877,0.366,1,159,2026-09-01,OVERDUE,66.29,HIGH
MT-002728,AST-00306,ENGINEERING,C13,INSPECTION,POINT_DEFECT,3,4,0.665,9,0.659,0.341,1,60,2026-09-07,OPEN,50.6,MEDIUM
MT-002729,AST-00328,ENGINEERING,C10,INSPECTION,TRACK_GEOMETRY,2,5,0.735,21,1.159,0.474,1,71,2026-09-06,OPEN,56.21,MEDIUM
MT-002730,AST-00346,S&T,C18,PREVENTIVE,RELAY_FAULT,3,4,0.714,0,1.031,0.744,1,92,2026-09-26,SCHEDULED,54.37,MEDIUM
MT-002731,AST-00403,S&T,C15,INSPECTION,CABLE_FAULT,3,4,0.893,21,0.689,0.628,1,85,2026-09-07,OPEN,61.76,HIGH
MT-002732,AST-00448,ENGINEERING,C17,CORRECTIVE,TRACK_GEOMETRY,3,1,0.687,14,1.145,0.391,0.988,122,2026-09-12,OPEN,39.94,LOW
MT-002733,AST-00370,ENGINEERING,C17,PREVENTIVE,BALLAST_DEFECT,2,4,0.739,0,0.966,0.455,1,74,2026-09-18,OPEN,39.77,LOW
MT-002734,AST-00084,ENGINEERING,C11,PREVENTIVE,STRUCTURAL_DEFECT,2,4,0.819,26,0.848,0.538,1,71,2026-09-16,OPEN,56.82,MEDIUM
MT-002735,AST-00061,S&T,C07,SIGNAL_REPAIR,AXLE_COUNTER_FAULT,2,4,0.798,0,0.981,0.373,1,130,2026-09-22,OPEN,46.2,MEDIUM
MT-002736,AST-00049,ENGINEERING,C14,REPAIR,POINT_DEFECT,4,2,0.785,22,1.303,0.524,1,176,2026-09-04,OPEN,73.73,HIGH
MT-002737,AST-00024,ENGINEERING,C05,INSPECTION,STRUCTURAL_DEFECT,3,4,0.747,0,0.791,0.381,1,60,2026-09-18,OPEN,58.28,MEDIUM
MT-002738,AST-00432,ENGINEERING,C18,PREVENTIVE,POINT_DEFECT,4,4,0.718,5,0.541,0.53,1,97,2026-09-27,OPEN,75.7,HIGH
MT-002739,AST-00367,S&T,C09,CORRECTIVE,RELAY_FAULT,2,3,0.661,21,0.757,0.446,1,102,2026-09-07,OPEN,48.7,MEDIUM
MT-002740,AST-00254,S&T,C11,INSPECTION,AXLE_COUNTER_FAULT,4,4,0.879,23,0.763,0.798,1,62,2026-09-10,OVERDUE,82.85,CRITICAL
MT-002741,AST-00270,ENGINEERING,C15,INSPECTION,TRACK_GEOMETRY,2,2,0.602,23,1.095,0.556,1,44,2026-09-26,OPEN,52.9,MEDIUM
MT-002742,AST-00464,S&T,C15,SIGNAL_REPAIR,SIGNAL_FAILURE,2,3,0.788,25,1.017,0.392,1,112,2026-09-24,OPEN,45.0,MEDIUM
MT-002743,AST-00495,ENGINEERING,C16,PREVENTIVE,TRACK_GEOMETRY,2,5,0.742,26,0.853,0.453,1,74,2026-09-13,SCHEDULED,70.66,HIGH
MT-002744,AST-00035,ENGINEERING,C08,INSPECTION,POINT_DEFECT,3,5,0.586,28,1.042,0.441,1,82,2026-09-11,OVERDUE,74.85,HIGH
MT-002745,AST-00496,TRD,C08,CORRECTIVE,INSULATOR_FAILURE,2,3,0.724,0,1.364,0.302,1,107,2026-09-20,SCHEDULED,34.47,LOW
MT-002746,AST-00290,S&T,C09,SIGNAL_REPAIR,CABLE_FAULT,4,2,0.887,0,0.478,0.614,1,132,2026-09-10,OVERDUE,49.05,MEDIUM
MT-002747,AST-00231,ENGINEERING,C04,PREVENTIVE,RAIL_CRACK,4,4,0.598,16,1.448,0.7,1,100,2026-09-22,SCHEDULED,84.62,CRITICAL
MT-002748,AST-00200,TRD,C08,OHE_REPAIR,TRANSFORMER_FAULT,1,4,0.784,0,0.736,0.363,1,133,2026-09-24,OVERDUE,38.9,LOW
MT-002749,AST-00240,S&T,C13,SIGNAL_REPAIR,INTERLOCKING_FAULT,3,3,0.901,24,1.12,0.403,1,111,2026-09-13,OVERDUE,63.64,HIGH
MT-002750,AST-00010,ENGINEERING,C09,PREVENTIVE,TRACK_GEOMETRY,5,4,0.72,13,0.97,0.8,1,136,2026-09-27,OPEN,89.38,CRITICAL
MT-002751,AST-00019,S&T,C11,PREVENTIVE,INTERLOCKING_FAULT,3,1,0.613,19,1.278,0.646,1,88,2026-09-08,SCHEDULED,36.31,LOW
MT-002752,AST-00377,S&T,C09,INSPECTION,CABLE_FAULT,1,2,0.665,25,1.065,0.252,1,56,2026-09-19,OVERDUE,34.65,LOW
MT-002753,AST-00218,ENGINEERING,C05,REPAIR,STRUCTURAL_DEFECT,3,3,0.658,0,1.183,0.513,1,148,2026-09-14,OPEN,38.48,LOW
MT-002754,AST-00138,TRD,C03,INSPECTION,FEEDER_FAULT,2,4,0.945,7,0.627,0.41,1,65,2026-09-18,OVERDUE,36.39,LOW
MT-002755,AST-00479,S&T,C08,CORRECTIVE,RELAY_FAULT,5,3,0.757,1,0.883,0.614,1,110,2026-09-06,OPEN,80.16,CRITICAL
MT-002756,AST-00276,TRD,C13,OHE_REPAIR,TRANSFORMER_FAULT,3,1,0.735,0,0.544,0.339,1,141,2026-09-14,OVERDUE,29.77,LOW
MT-002757,AST-00465,ENGINEERING,C10,CORRECTIVE,POINT_DEFECT,3,2,0.624,0,1.144,0.471,1,104,2026-09-21,OVERDUE,49.7,MEDIUM
MT-002758,AST-00258,S&T,C19,INSPECTION,INTERLOCKING_FAULT,2,2,0.64,12,0.779,0.475,1,69,2026-09-30,OPEN,30.22,LOW
MT-002759,AST-00243,ENGINEERING,C16,CORRECTIVE,POINT_DEFECT,3,5,0.856,7,0.289,0.531,1,116,2026-09-13,OPEN,65.55,HIGH
MT-002760,AST-00387,TRD,C12,CORRECTIVE,TRANSFORMER_FAULT,3,5,0.505,5,0.743,0.549,1,144,2026-09-02,OPEN,67.04,HIGH
MT-002761,AST-00149,TRD,C01,OHE_REPAIR,TRANSFORMER_FAULT,3,4,0.772,47,1.294,0.446,1,162,2026-09-06,OVERDUE,76.1,HIGH
MT-002762,AST-00117,TRD,C15,INSPECTION,INSULATOR_FAILURE,3,3,0.559,8,1.11,0.497,1,79,2026-09-21,OVERDUE,52.85,MEDIUM
MT-002763,AST-00453,S&T,C11,INSPECTION,RELAY_FAULT,2,3,0.598,11,0.864,0.326,1,75,2026-09-11,OVERDUE,42.45,MEDIUM
MT-002764,AST-00053,ENGINEERING,C04,INSPECTION,POINT_DEFECT,5,3,0.801,18,0.771,0.846,1,115,2026-09-30,OPEN,81.97,CRITICAL
MT-002765,AST-00348,ENGINEERING,C17,INSPECTION,BALLAST_DEFECT,2,3,0.904,0,0.991,0.452,1,60,2026-09-20,SCHEDULED,31.54,LOW
MT-002766,AST-00310,TRD,C10,OHE_REPAIR,INSULATOR_FAILURE,3,4,0.641,2,1.186,0.619,1,143,2026-09-18,SCHEDULED,71.98,HIGH
MT-002767,AST-00229,S&T,C05,INSPECTION,RELAY_FAULT,2,2,0.834,4,0.797,0.499,1,71,2026-09-03,OPEN,37.2,LOW
MT-002768,AST-00335,S&T,C11,INSPECTION,RELAY_FAULT,3,2,0.745,14,1.064,0.488,1,92,2026-09-11,OPEN,51.54,MEDIUM
MT-002769,AST-00295,ENGINEERING,C18,PREVENTIVE,RAIL_CRACK,3,2,0.829,21,1.122,0.502,1,88,2026-09-21,OVERDUE,55.63,MEDIUM
MT-002770,AST-00432,ENGINEERING,C18,CORRECTIVE,TRACK_GEOMETRY,3,4,0.718,3,0.779,0.352,1,80,2026-09-22,OVERDUE,45.62,MEDIUM
MT-002771,AST-00312,S&T,C18,CORRECTIVE,RELAY_FAULT,4,4,0.818,18,0.896,0.46,1,161,2026-09-24,OVERDUE,72.44,HIGH
MT-002772,AST-00005,S&T,C09,PREVENTIVE,AXLE_COUNTER_FAULT,5,2,0.673,17,0.915,0.605,1,124,2026-09-26,OPEN,63.52,HIGH
MT-002773,AST-00292,S&T,C18,INSPECTION,CABLE_FAULT,3,3,0.592,19,1.233,0.463,1,59,2026-09-14,OPEN,63.86,HIGH
MT-002774,AST-00426,S&T,C05,SIGNAL_REPAIR,RELAY_FAULT,2,2,0.849,0,1.114,0.382,1,119,2026-09-01,OPEN,26.19,LOW
MT-002775,AST-00039,TRD,C17,PREVENTIVE,FEEDER_FAULT,3,2,0.972,0,0.845,0.7,1,68,2026-09-04,OVERDUE,42.3,MEDIUM
MT-002776,AST-00309,S&T,C12,INSPECTION,INTERLOCKING_FAULT,2,3,0.735,21,0.737,0.402,1,86,2026-09-19,OPEN,42.32,MEDIUM
MT-002777,AST-00233,TRD,C10,INSPECTION,TRANSFORMER_FAULT,1,4,0.881,9,0.497,0.351,1,52,2026-09-08,OPEN,23.27,LOW
MT-002778,AST-00233,TRD,C10,INSPECTION,INSULATOR_FAILURE,1,4,0.881,0,1.004,0.162,1,60,2026-09-06,OPEN,25.01,LOW
MT-002779,AST-00476,TRD,C01,INSPECTION,CONTACT_WIRE_DEFECT,4,4,0.829,0,0.998,0.618,1,107,2026-09-29,OPEN,54.79,MEDIUM
MT-002780,AST-00229,S&T,C05,CORRECTIVE,RELAY_FAULT,1,2,0.834,40,0.807,0.186,1,81,2026-09-12,OVERDUE,44.45,MEDIUM
MT-002781,AST-00260,ENGINEERING,C14,INSPECTION,RAIL_CRACK,2,5,0.996,4,0.86,0.374,1,60,2026-09-13,OVERDUE,52.29,MEDIUM
MT-002782,AST-00464,S&T,C15,INSPECTION,CABLE_FAULT,4,3,0.788,0,1.193,0.807,1,64,2026-09-07,OPEN,63.71,HIGH
MT-002783,AST-00392,ENGINEERING,C06,REPAIR,POINT_DEFECT,4,4,0.704,0,1.413,0.613,1,163,2026-09-12,OPEN,71.93,HIGH
MT-002784,AST-00239,ENGINEERING,C15,PREVENTIVE,BALLAST_DEFECT,4,2,0.584,0,1.238,0.488,1,127,2026-09-23,OVERDUE,65.17,HIGH
MT-002785,AST-00239,ENGINEERING,C15,REPAIR,BALLAST_DEFECT,2,2,0.584,16,1.481,0.376,1,143,2026-09-17,OPEN,46.15,MEDIUM
MT-002786,AST-00223,S&T,C10,SIGNAL_REPAIR,INTERLOCKING_FAULT,2,2,0.705,21,1.03,0.356,1,115,2026-09-29,OVERDUE,34.03,LOW
MT-002787,AST-00323,ENGINEERING,C01,CORRECTIVE,POINT_DEFECT,4,3,0.61,21,1.144,0.616,1,146,2026-09-20,OPEN,86.15,CRITICAL
MT-002788,AST-00016,ENGINEERING,C16,REPAIR,POINT_DEFECT,2,4,0.654,20,1.051,0.38,1,121,2026-09-04,SCHEDULED,39.79,LOW
MT-002789,AST-00301,ENGINEERING,C13,INSPECTION,RAIL_CRACK,4,5,0.894,0,0.444,0.625,1,101,2026-09-26,OPEN,73.13,HIGH
MT-002790,AST-00113,ENGINEERING,C03,INSPECTION,STRUCTURAL_DEFECT,5,4,0.75,12,0.544,0.605,1,84,2026-09-03,OPEN,81.83,CRITICAL
MT-002791,AST-00475,ENGINEERING,C09,CORRECTIVE,RAIL_CRACK,2,5,0.823,8,0.578,0.263,1,86,2026-09-09,OVERDUE,45.77,MEDIUM
MT-002792,AST-00403,S&T,C15,SIGNAL_REPAIR,SIGNAL_FAILURE,2,4,0.893,20,0.721,0.34,1,106,2026-09-03,OPEN,55.91,MEDIUM
MT-002793,AST-00443,TRD,C06,CORRECTIVE,FEEDER_FAULT,4,1,0.669,4,1.29,0.974,1,118,2026-09-20,OVERDUE,62.78,HIGH
MT-002794,AST-00334,TRD,C14,INSPECTION,FEEDER_FAULT,3,4,0.997,0,0.55,0.564,1,65,2026-09-17,OPEN,42.66,MEDIUM
MT-002795,AST-00430,TRD,C07,CORRECTIVE,CONTACT_WIRE_DEFECT,4,5,0.497,0,1.43,0.589,1,140,2026-09-15,OVERDUE,83.36,CRITICAL
MT-002796,AST-00370,ENGINEERING,C17,PREVENTIVE,POINT_DEFECT,3,4,0.739,8,0.682,0.472,1,96,2026-09-22,SCHEDULED,67.59,HIGH
MT-002797,AST-00416,S&T,C11,SIGNAL_REPAIR,RELAY_FAULT,2,1,0.972,15,0.374,0.229,0.993,104,2026-09-22,OVERDUE,20.9,LOW
MT-002798,AST-00107,TRD,C04,OHE_REPAIR,INSULATOR_FAILURE,4,3,0.492,0,1.689,0.602,1,146,2026-09-22,OPEN,72.72,HIGH
MT-002799,AST-00167,ENGINEERING,C07,INSPECTION,TRACK_GEOMETRY,2,4,0.657,14,1.02,0.446,1,65,2026-09-10,OPEN,59.91,MEDIUM
MT-002800,AST-00273,S&T,C16,SIGNAL_REPAIR,SIGNAL_FAILURE,3,3,0.64,28,1.432,0.518,1,130,2026-09-24,OPEN,67.01,HIGH
MT-002801,AST-00029,S&T,C17,PREVENTIVE,AXLE_COUNTER_FAULT,3,4,0.682,0,0.773,0.419,1,94,2026-09-01,SCHEDULED,64.77,HIGH
MT-002802,AST-00173,TRD,C10,PREVENTIVE,INSULATOR_FAILURE,3,5,0.811,15,0.299,0.654,1,91,2026-09-04,OPEN,82.46,CRITICAL
MT-002803,AST-00458,ENGINEERING,C09,CORRECTIVE,POINT_DEFECT,4,1,0.828,31,0.385,0.674,0.97,139,2026-09-30,OVERDUE,53.87,MEDIUM
MT-002804,AST-00269,TRD,C13,PREVENTIVE,INSULATOR_FAILURE,2,2,0.65,30,1.18,0.392,1,76,2026-09-08,OPEN,45.39,MEDIUM
MT-002805,AST-00251,S&T,C09,PREVENTIVE,RELAY_FAULT,3,2,0.716,27,1.39,0.468,1,82,2026-09-14,SCHEDULED,62.88,HIGH
MT-002806,AST-00390,ENGINEERING,C04,PREVENTIVE,TRACK_GEOMETRY,3,5,0.646,13,1.465,0.458,1,112,2026-09-01,OVERDUE,66.32,HIGH
MT-002807,AST-00270,ENGINEERING,C15,CORRECTIVE,BALLAST_DEFECT,4,2,0.602,5,1.167,0.584,1,135,2026-09-13,OVERDUE,62.67,HIGH
MT-002808,AST-00129,ENGINEERING,C04,INSPECTION,STRUCTURAL_DEFECT,3,4,0.517,0,1.58,0.533,1,63,2026-09-13,OPEN,67.85,HIGH
MT-002809,AST-00192,TRD,C10,PREVENTIVE,OHE_DAMAGE,4,3,0.622,0,0.591,0.404,1,104,2026-09-03,OPEN,51.53,MEDIUM
MT-002810,AST-00146,ENGINEERING,C10,CORRECTIVE,STRUCTURAL_DEFECT,4,2,0.948,31,1.051,0.322,1,113,2026-09-08,SCHEDULED,57.48,MEDIUM
MT-002811,AST-00014,S&T,C15,PREVENTIVE,INTERLOCKING_FAULT,1,3,0.59,12,1.216,0.321,1,91,2026-09-02,SCHEDULED,37.96,LOW
MT-002812,AST-00433,TRD,C07,CORRECTIVE,INSULATOR_FAILURE,3,3,0.82,4,0.879,0.633,1,129,2026-09-18,OPEN,56.18,MEDIUM
MT-002813,AST-00251,S&T,C09,CORRECTIVE,AXLE_COUNTER_FAULT,4,2,0.716,0,1.125,0.734,1,143,2026-09-20,OPEN,63.44,HIGH
MT-002814,AST-00282,TRD,C19,CORRECTIVE,OHE_DAMAGE,4,4,0.849,0,0.227,0.485,1,121,2026-09-07,OVERDUE,71.44,HIGH
MT-002815,AST-00164,ENGINEERING,C15,CORRECTIVE,BALLAST_DEFECT,4,5,0.572,5,1.321,0.648,1,128,2026-09-25,SCHEDULED,86.6,CRITICAL
MT-002816,AST-00395,ENGINEERING,C11,CORRECTIVE,POINT_DEFECT,3,5,0.62,0,0.7,0.376,1,133,2026-09-19,OPEN,66.55,HIGH
MT-002817,AST-00235,TRD,C18,OHE_REPAIR,OHE_DAMAGE,4,4,0.502,0,1.444,0.558,1,147,2026-09-17,OVERDUE,80.78,CRITICAL
MT-002818,AST-00131,TRD,C05,OHE_REPAIR,OHE_DAMAGE,2,3,0.585,10,0.769,0.538,1,169,2026-09-17,SCHEDULED,50.05,MEDIUM
MT-002819,AST-00429,TRD,C15,INSPECTION,OHE_DAMAGE,2,2,0.751,0,1.18,0.521,1,59,2026-09-23,OPEN,23.96,LOW
MT-002820,AST-00272,TRD,C07,INSPECTION,INSULATOR_FAILURE,3,3,0.622,8,1.25,0.38,1,80,2026-09-13,OPEN,64.02,HIGH
MT-002821,AST-00300,TRD,C18,CORRECTIVE,INSULATOR_FAILURE,3,5,0.694,23,1.221,0.339,1,94,2026-09-09,OPEN,73.38,HIGH
MT-002822,AST-00228,ENGINEERING,C04,INSPECTION,BALLAST_DEFECT,2,4,0.751,17,0.668,0.284,1,77,2026-09-15,OVERDUE,48.16,MEDIUM
MT-002823,AST-00421,S&T,C14,SIGNAL_REPAIR,CABLE_FAULT,2,5,0.855,3,0.271,0.311,1,92,2026-09-11,OPEN,50.79,MEDIUM
MT-002824,AST-00224,TRD,C09,OHE_REPAIR,CONTACT_WIRE_DEFECT,3,4,0.588,3,0.791,0.59,1,146,2026-09-23,OPEN,58.18,MEDIUM
MT-002825,AST-00463,ENGINEERING,C04,INSPECTION,TRACK_GEOMETRY,4,3,0.713,9,1.005,0.753,1,90,2026-09-16,OPEN,63.74,HIGH
MT-002826,AST-00460,S&T,C19,CORRECTIVE,INTERLOCKING_FAULT,2,2,0.891,8,1.035,0.381,1,119,2026-09-29,OVERDUE,22.73,LOW
MT-002827,AST-00310,TRD,C10,PREVENTIVE,CONTACT_WIRE_DEFECT,1,4,0.641,9,1.206,0.115,1,97,2026-09-12,SCHEDULED,36.35,LOW
MT-002828,AST-00439,TRD,C18,INSPECTION,INSULATOR_FAILURE,5,4,0.632,13,1.187,0.817,1,123,2026-09-30,SCHEDULED,88.31,CRITICAL
MT-002829,AST-00025,ENGINEERING,C17,REPAIR,POINT_DEFECT,2,4,0.985,1,0.854,0.418,1,148,2026-09-13,OVERDUE,41.38,MEDIUM
MT-002830,AST-00150,ENGINEERING,C16,CORRECTIVE,RAIL_CRACK,4,4,0.836,7,0.398,0.654,1,147,2026-09-17,OPEN,62.15,HIGH
MT-002831,AST-00065,S&T,C06,CORRECTIVE,INTERLOCKING_FAULT,2,1,0.864,2,1.091,0.469,0.996,100,2026-09-16,OVERDUE,23.33,LOW
MT-002832,AST-00248,TRD,C15,OHE_REPAIR,TRANSFORMER_FAULT,5,2,0.579,7,1.572,0.898,1,201,2026-09-01,OPEN,82.37,CRITICAL
MT-002833,AST-00200,TRD,C08,PREVENTIVE,FEEDER_FAULT,3,4,0.784,8,1.002,0.327,1,122,2026-09-20,OPEN,65.08,HIGH
MT-002834,AST-00459,TRD,C12,OHE_REPAIR,INSULATOR_FAILURE,3,2,0.857,34,0.474,0.619,1,169,2026-09-09,OVERDUE,61.0,HIGH
MT-002835,AST-00049,ENGINEERING,C14,PREVENTIVE,POINT_DEFECT,4,2,0.785,31,0.457,0.663,1,88,2026-09-24,OPEN,60.41,HIGH
MT-002836,AST-00352,S&T,C09,SIGNAL_REPAIR,INTERLOCKING_FAULT,4,2,0.74,20,0.455,0.541,1,155,2026-09-09,OVERDUE,65.76,HIGH
MT-002837,AST-00308,S&T,C11,PREVENTIVE,RELAY_FAULT,1,4,0.76,6,0.698,0.328,1,60,2026-09-24,OPEN,38.19,LOW
MT-002838,AST-00376,S&T,C10,SIGNAL_REPAIR,AXLE_COUNTER_FAULT,5,5,1.0,35,0.956,0.746,1,149,2026-09-29,SCHEDULED,89.09,CRITICAL
MT-002839,AST-00178,S&T,C13,PREVENTIVE,AXLE_COUNTER_FAULT,5,4,0.751,14,1.017,0.746,1,98,2026-09-27,OVERDUE,88.87,CRITICAL
MT-002840,AST-00266,ENGINEERING,C18,CORRECTIVE,BALLAST_DEFECT,3,4,0.789,10,1.264,0.486,1,139,2026-09-03,OPEN,70.91,HIGH
MT-002841,AST-00392,ENGINEERING,C06,REPAIR,STRUCTURAL_DEFECT,5,4,0.704,30,0.561,0.702,1,182,2026-09-06,OPEN,87.93,CRITICAL
MT-002842,AST-00151,S&T,C07,CORRECTIVE,CABLE_FAULT,4,4,0.66,17,0.533,0.409,1,131,2026-09-19,SCHEDULED,61.45,HIGH
MT-002843,AST-00261,ENGINEERING,C05,PREVENTIVE,BALLAST_DEFECT,4,4,0.77,5,0.71,0.725,1,127,2026-09-02,OPEN,68.83,HIGH
MT-002844,AST-00174,S&T,C04,CORRECTIVE,RELAY_FAULT,3,4,0.826,18,1.255,0.563,1,127,2026-09-06,OPEN,65.57,HIGH
MT-002845,AST-00450,TRD,C14,INSPECTION,OHE_DAMAGE,2,3,0.729,18,0.557,0.276,1,57,2026-09-14,OPEN,37.44,LOW
MT-002846,AST-00016,ENGINEERING,C16,INSPECTION,TRACK_GEOMETRY,3,4,0.654,0,1.504,0.334,1,50,2026-09-14,OPEN,50.24,MEDIUM
MT-002847,AST-00060,S&T,C11,SIGNAL_REPAIR,AXLE_COUNTER_FAULT,4,4,0.991,19,0.795,0.324,1,116,2026-09-19,SCHEDULED,67.11,HIGH
MT-002848,AST-00268,S&T,C11,INSPECTION,CABLE_FAULT,4,3,0.679,0,1.356,0.65,1,94,2026-09-01,OPEN,72.74,HIGH
MT-002849,AST-00052,ENGINEERING,C12,CORRECTIVE,TRACK_GEOMETRY,4,5,0.607,0,1.305,0.647,1,110,2026-09-29,OPEN,84.0,CRITICAL
MT-002850,AST-00426,S&T,C05,CORRECTIVE,RELAY_FAULT,3,2,0.849,28,1.176,0.613,1,119,2026-09-21,OVERDUE,43.9,MEDIUM
MT-002851,AST-00007,TRD,C13,CORRECTIVE,OHE_DAMAGE,1,4,0.466,14,0.919,0.113,1,92,2026-09-17,SCHEDULED,51.84,MEDIUM
MT-002852,AST-00127,S&T,C16,CORRECTIVE,CABLE_FAULT,5,4,0.737,29,1.283,0.675,1,112,2026-09-24,OVERDUE,88.25,CRITICAL
MT-002853,AST-00126,S&T,C15,CORRECTIVE,SIGNAL_FAILURE,3,3,0.596,6,1.04,0.465,1,97,2026-09-27,OVERDUE,53.96,MEDIUM
MT-002854,AST-00132,TRD,C01,CORRECTIVE,OHE_DAMAGE,3,4,0.873,11,0.689,0.496,1,110,2026-09-06,SCHEDULED,63.13,HIGH
MT-002855,AST-00255,S&T,C06,INSPECTION,INTERLOCKING_FAULT,2,2,0.688,25,1.265,0.335,1,58,2026-09-13,OVERDUE,45.6,MEDIUM
MT-002856,AST-00040,TRD,C08,PREVENTIVE,INSULATOR_FAILURE,4,2,0.958,0,0.071,0.791,1,96,2026-09-18,SCHEDULED,44.0,MEDIUM
MT-002857,AST-00389,TRD,C12,OHE_REPAIR,FEEDER_FAULT,2,3,0.947,21,0.307,0.193,1,168,2026-09-04,OVERDUE,53.16,MEDIUM
MT-002858,AST-00389,TRD,C12,INSPECTION,CONTACT_WIRE_DEFECT,4,3,0.947,15,0.352,0.626,1,92,2026-09-19,OPEN,53.82,MEDIUM
MT-002859,AST-00372,ENGINEERING,C09,INSPECTION,BALLAST_DEFECT,3,4,0.736,22,1.139,0.61,1,73,2026-09-30,SCHEDULED,69.48,HIGH
MT-002860,AST-00354,TRD,C03,OHE_REPAIR,TRANSFORMER_FAULT,3,3,0.931,0,0.585,0.48,1,145,2026-09-19,OVERDUE,44.73,MEDIUM
MT-002861,AST-00105,S&T,C07,INSPECTION,AXLE_COUNTER_FAULT,4,1,0.741,0,0.515,0.637,1,101,2026-09-29,OPEN,42.76,MEDIUM
MT-002862,AST-00067,ENGINEERING,C16,CORRECTIVE,RAIL_CRACK,4,4,0.627,7,1.181,0.676,1,123,2026-09-06,OPEN,76.98,HIGH
MT-002863,AST-00058,S&T,C17,INSPECTION,INTERLOCKING_FAULT,2,4,0.827,14,0.572,0.335,1,61,2026-09-20,SCHEDULED,37.37,LOW
MT-002864,AST-00014,S&T,C15,INSPECTION,SIGNAL_FAILURE,2,3,0.59,17,0.708,0.178,1,88,2026-09-02,OPEN,39.79,LOW
MT-002865,AST-00391,TRD,C08,PREVENTIVE,OHE_DAMAGE,3,4,0.882,0,0.341,0.435,1,109,2026-09-05,OVERDUE,51.61,MEDIUM
MT-002866,AST-00008,TRD,C03,PREVENTIVE,INSULATOR_FAILURE,3,4,0.542,0,1.072,0.552,1,108,2026-09-20,OVERDUE,62.38,HIGH
MT-002867,AST-00446,TRD,C03,CORRECTIVE,TRANSFORMER_FAULT,3,3,0.915,10,0.791,0.401,1,137,2026-09-14,OPEN,54.37,MEDIUM
MT-002868,AST-00393,ENGINEERING,C20,REPAIR,RAIL_CRACK,3,1,0.599,17,1.123,0.551,0.951,133,2026-09-10,OVERDUE,62.63,HIGH
MT-002869,AST-00009,ENGINEERING,C04,INSPECTION,BALLAST_DEFECT,4,3,0.768,15,0.552,0.533,1,91,2026-09-28,OVERDUE,57.85,MEDIUM
MT-002870,AST-00153,S&T,C05,INSPECTION,AXLE_COUNTER_FAULT,4,3,0.668,12,0.624,0.465,1,72,2026-09-27,OPEN,47.18,MEDIUM
MT-002871,AST-00164,ENGINEERING,C15,INSPECTION,POINT_DEFECT,4,5,0.572,11,0.833,0.853,1,80,2026-09-13,OPEN,81.42,CRITICAL
MT-002872,AST-00437,ENGINEERING,C03,INSPECTION,POINT_DEFECT,1,2,0.57,25,1.16,0.235,1,57,2026-09-27,OPEN,41.07,MEDIUM
MT-002873,AST-00446,TRD,C03,CORRECTIVE,CONTACT_WIRE_DEFECT,3,3,0.915,0,0.918,0.675,1,120,2026-09-02,OPEN,57.01,MEDIUM
MT-002874,AST-00286,TRD,C05,CORRECTIVE,INSULATOR_FAILURE,5,1,0.594,21,1.471,0.561,1,159,2026-09-05,OPEN,71.37,HIGH
MT-002875,AST-00409,TRD,C20,OHE_REPAIR,OHE_DAMAGE,3,3,0.828,0,0.763,0.494,1,119,2026-09-07,SCHEDULED,40.96,MEDIUM
MT-002876,AST-00073,TRD,C15,INSPECTION,INSULATOR_FAILURE,1,3,0.704,23,1.175,0.355,1,56,2026-09-21,OPEN,35.78,LOW
MT-002877,AST-00029,S&T,C17,PREVENTIVE,AXLE_COUNTER_FAULT,4,4,0.682,8,0.741,0.534,1,94,2026-09-23,SCHEDULED,73.18,HIGH
MT-002878,AST-00164,ENGINEERING,C15,INSPECTION,RAIL_CRACK,2,5,0.572,12,0.795,0.379,1,75,2026-09-01,OPEN,61.53,HIGH
MT-002879,AST-00353,S&T,C08,SIGNAL_REPAIR,RELAY_FAULT,2,2,0.652,18,1.24,0.559,1,114,2026-09-15,OPEN,45.28,MEDIUM
MT-002880,AST-00138,TRD,C03,INSPECTION,CONTACT_WIRE_DEFECT,3,4,0.945,7,0.196,0.566,1,84,2026-09-03,SCHEDULED,43.88,MEDIUM
MT-002881,AST-00389,TRD,C12,INSPECTION,OHE_DAMAGE,5,3,0.947,9,0.524,0.578,1,114,2026-09-13,OPEN,76.88,HIGH
MT-002882,AST-00041,ENGINEERING,C20,PREVENTIVE,POINT_DEFECT,5,4,0.529,19,1.469,0.546,1,114,2026-09-08,OPEN,86.61,CRITICAL
MT-002883,AST-00322,S&T,C06,CORRECTIVE,CABLE_FAULT,2,3,0.771,24,0.379,0.39,1,123,2026-09-23,OPEN,40.49,MEDIUM
MT-002884,AST-00458,ENGINEERING,C09,INSPECTION,POINT_DEFECT,4,1,0.828,0,0.291,0.652,1,90,2026-09-10,OPEN,39.87,LOW
MT-002885,AST-00163,S&T,C04,PREVENTIVE,RELAY_FAULT,5,3,0.701,33,1.199,0.625,1,100,2026-09-06,OPEN,80.44,CRITICAL
MT-002886,AST-00427,TRD,C04,INSPECTION,TRANSFORMER_FAULT,2,3,0.707,20,0.683,0.241,1,45,2026-09-25,OPEN,44.45,MEDIUM
MT-002887,AST-00485,ENGINEERING,C06,CORRECTIVE,BALLAST_DEFECT,3,4,0.794,25,1.176,0.423,1,114,2026-09-30,SCHEDULED,62.44,HIGH
MT-002888,AST-00499,S&T,C20,PREVENTIVE,RELAY_FAULT,3,4,0.818,6,0.427,0.493,1,93,2026-09-09,OPEN,44.44,MEDIUM
MT-002889,AST-00117,TRD,C15,PREVENTIVE,CONTACT_WIRE_DEFECT,3,3,0.559,14,0.972,0.215,1,114,2026-09-19,OPEN,65.33,HIGH
MT-002890,AST-00229,S&T,C05,CORRECTIVE,INTERLOCKING_FAULT,5,2,0.834,12,0.407,0.596,1,146,2026-09-06,SCHEDULED,55.85,MEDIUM
MT-002891,AST-00106,S&T,C02,CORRECTIVE,SIGNAL_FAILURE,4,3,0.928,13,0.591,0.727,1,137,2026-09-15,OVERDUE,52.81,MEDIUM
MT-002892,AST-00290,S&T,C09,SIGNAL_REPAIR,SIGNAL_FAILURE,5,2,0.887,20,1.131,0.808,0.993,128,2026-09-06,SCHEDULED,77.22,HIGH
MT-002893,AST-00072,ENGINEERING,C05,PREVENTIVE,BALLAST_DEFECT,3,4,0.708,0,1.398,0.52,1,87,2026-09-24,OPEN,63.61,HIGH
MT-002894,AST-00244,ENGINEERING,C20,CORRECTIVE,RAIL_CRACK,3,4,0.618,1,0.683,0.649,1,120,2026-09-03,OVERDUE,61.38,HIGH
MT-002895,AST-00413,ENGINEERING,C05,CORRECTIVE,TRACK_GEOMETRY,5,3,0.741,21,0.847,0.805,1,151,2026-09-22,OVERDUE,88.48,CRITICAL
MT-002896,AST-00292,S&T,C18,SIGNAL_REPAIR,CABLE_FAULT,5,3,0.592,8,0.953,0.754,1,113,2026-09-28,OPEN,83.76,CRITICAL
MT-002897,AST-00282,TRD,C19,CORRECTIVE,FEEDER_FAULT,4,4,0.849,17,0.573,0.495,1,127,2026-09-25,OPEN,68.43,HIGH
MT-002898,AST-00285,TRD,C19,INSPECTION,FEEDER_FAULT,3,2,0.679,5,1.298,0.486,1,66,2026-09-27,OVERDUE,44.61,MEDIUM
MT-002899,AST-00088,TRD,C12,OHE_REPAIR,TRANSFORMER_FAULT,5,4,0.747,28,0.996,0.668,1,180,2026-09-21,SCHEDULED,91.36,CRITICAL
MT-002900,AST-00340,S&T,C12,PREVENTIVE,CABLE_FAULT,4,3,0.77,17,0.456,0.533,1,100,2026-09-23,OPEN,61.07,HIGH
MT-002901,AST-00063,S&T,C11,INSPECTION,RELAY_FAULT,3,3,0.613,14,1.05,0.463,1,104,2026-09-30,SCHEDULED,59.16,MEDIUM
MT-002902,AST-00380,TRD,C05,CORRECTIVE,OHE_DAMAGE,5,3,0.708,0,0.455,0.801,1,150,2026-09-12,OVERDUE,78.28,HIGH
MT-002903,AST-00451,TRD,C09,INSPECTION,OHE_DAMAGE,3,4,0.572,7,1.234,0.621,1,72,2026-09-21,OPEN,72.81,HIGH
MT-002904,AST-00154,TRD,C17,PREVENTIVE,FEEDER_FAULT,4,5,0.822,13,0.321,0.574,1,94,2026-09-18,OPEN,75.07,HIGH
MT-002905,AST-00465,ENGINEERING,C10,CORRECTIVE,STRUCTURAL_DEFECT,4,2,0.624,2,0.896,0.583,0.947,135,2026-09-27,OPEN,57.08,MEDIUM
MT-002906,AST-00177,S&T,C04,PREVENTIVE,SIGNAL_FAILURE,3,3,0.868,6,0.796,0.49,1,97,2026-09-27,OVERDUE,38.28,LOW
MT-002907,AST-00385,ENGINEERING,C09,PREVENTIVE,TRACK_GEOMETRY,2,4,0.601,12,1.313,0.388,1,51,2026-09-08,OPEN,55.99,MEDIUM
MT-002908,AST-00345,TRD,C16,INSPECTION,TRANSFORMER_FAULT,1,2,0.894,20,0.827,0.206,1,40,2026-09-18,OPEN,23.8,LOW
MT-002909,AST-00153,S&T,C05,INSPECTION,CABLE_FAULT,2,3,0.668,2,0.936,0.325,1,60,2026-09-21,OPEN,29.46,LOW
MT-002910,AST-00385,ENGINEERING,C09,INSPECTION,TRACK_GEOMETRY,3,4,0.601,33,0.671,0.547,1,62,2026-09-08,OVERDUE,71.71,HIGH
MT-002911,AST-00025,ENGINEERING,C17,PREVENTIVE,TRACK_GEOMETRY,1,4,0.985,12,0.113,0.218,1,79,2026-09-09,OPEN,33.14,LOW
MT-002912,AST-00402,ENGINEERING,C18,REPAIR,POINT_DEFECT,2,4,0.751,13,0.71,0.218,1,183,2026-09-29,OPEN,35.61,LOW
MT-002913,AST-00123,ENGINEERING,C14,CORRECTIVE,STRUCTURAL_DEFECT,2,5,0.796,16,0.761,0.337,1,106,2026-09-18,SCHEDULED,55.24,MEDIUM
MT-002914,AST-00381,TRD,C13,CORRECTIVE,INSULATOR_FAILURE,1,4,0.505,7,1.623,0.494,1,78,2026-09-01,OPEN,49.69,MEDIUM
MT-002915,AST-00138,TRD,C03,PREVENTIVE,FEEDER_FAULT,4,4,0.945,15,0.617,0.553,1,112,2026-09-22,OVERDUE,65.34,HIGH
MT-002916,AST-00350,TRD,C18,PREVENTIVE,FEEDER_FAULT,5,1,0.744,13,0.465,0.708,1,97,2026-09-20,OVERDUE,64.15,HIGH
MT-002917,AST-00347,ENGINEERING,C02,PREVENTIVE,POINT_DEFECT,3,3,0.441,0,1.605,0.74,1,84,2026-09-16,SCHEDULED,59.52,MEDIUM
MT-002918,AST-00312,S&T,C18,SIGNAL_REPAIR,SIGNAL_FAILURE,1,4,0.818,17,0.367,0.32,1,83,2026-09-08,SCHEDULED,27.9,LOW
MT-002919,AST-00145,TRD,C16,OHE_REPAIR,CONTACT_WIRE_DEFECT,5,3,0.951,2,0.713,0.501,1,164,2026-09-26,OVERDUE,79.22,HIGH
MT-002920,AST-00159,TRD,C20,INSPECTION,OHE_DAMAGE,3,3,0.63,3,1.12,0.346,1,75,2026-09-18,SCHEDULED,49.99,MEDIUM
MT-002921,AST-00347,ENGINEERING,C02,INSPECTION,RAIL_CRACK,2,3,0.441,0,1.276,0.465,1,74,2026-09-14,OVERDUE,52.66,MEDIUM
MT-002922,AST-00264,ENGINEERING,C20,REPAIR,POINT_DEFECT,3,5,0.815,0,1.229,0.465,1,143,2026-09-16,SCHEDULED,63.4,HIGH
MT-002923,AST-00240,S&T,C13,INSPECTION,INTERLOCKING_FAULT,1,3,0.901,21,0.315,0.368,1,30,2026-09-07,SCHEDULED,22.57,LOW
MT-002924,AST-00213,TRD,C10,OHE_REPAIR,OHE_DAMAGE,2,5,0.697,28,0.693,0.292,1,123,2026-09-14,OVERDUE,67.62,HIGH
MT-002925,AST-00365,ENGINEERING,C03,INSPECTION,STRUCTURAL_DEFECT,5,4,0.599,8,1.297,0.58,1,113,2026-09-29,OPEN,81.97,CRITICAL
MT-002926,AST-00089,TRD,C06,PREVENTIVE,TRANSFORMER_FAULT,3,3,0.748,0,0.778,0.482,1,85,2026-09-03,OVERDUE,45.16,MEDIUM
MT-002927,AST-00442,ENGINEERING,C04,PREVENTIVE,POINT_DEFECT,2,4,0.701,6,1.364,0.409,1,88,2026-09-19,OPEN,42.07,MEDIUM
MT-002928,AST-00260,ENGINEERING,C14,PREVENTIVE,BALLAST_DEFECT,1,5,0.996,27,1.004,0.23,1,82,2026-09-19,OVERDUE,53.5,MEDIUM
MT-002929,AST-00486,ENGINEERING,C12,REPAIR,POINT_DEFECT,4,3,0.625,15,1.234,0.649,1,159,2026-09-10,SCHEDULED,73.17,HIGH
MT-002930,AST-00394,S&T,C03,PREVENTIVE,SIGNAL_FAILURE,2,2,0.922,0,0.921,0.459,1,80,2026-09-03,OPEN,27.67,LOW
MT-002931,AST-00120,TRD,C09,OHE_REPAIR,FEEDER_FAULT,2,1,0.905,0,0.32,0.228,0.856,152,2026-09-20,OPEN,12.64,LOW
MT-002932,AST-00065,S&T,C06,INSPECTION,CABLE_FAULT,1,1,0.864,11,1.14,0.298,1,36,2026-09-20,OPEN,13.63,LOW
MT-002933,AST-00409,TRD,C20,CORRECTIVE,OHE_DAMAGE,3,3,0.828,10,0.972,0.558,1,108,2026-09-06,OPEN,57.18,MEDIUM
MT-002934,AST-00050,ENGINEERING,C15,CORRECTIVE,POINT_DEFECT,4,4,0.898,0,0.357,0.497,1,128,2026-09-17,OPEN,73.42,HIGH
MT-002935,AST-00457,TRD,C10,OHE_REPAIR,OHE_DAMAGE,4,3,0.689,4,0.828,0.525,1,158,2026-09-07,OPEN,51.22,MEDIUM
MT-002936,AST-00083,TRD,C03,PREVENTIVE,TRANSFORMER_FAULT,4,2,0.865,0,0.807,0.589,1,86,2026-09-09,OPEN,53.44,MEDIUM
MT-002937,AST-00289,TRD,C17,INSPECTION,OHE_DAMAGE,3,5,0.769,18,1.12,0.391,1,65,2026-09-02,OPEN,80.47,CRITICAL
MT-002938,AST-00323,ENGINEERING,C01,PREVENTIVE,POINT_DEFECT,3,3,0.61,3,1.219,0.508,1,67,2026-09-29,OVERDUE,47.18,MEDIUM
MT-002939,AST-00380,TRD,C05,INSPECTION,INSULATOR_FAILURE,2,3,0.708,14,1.361,0.633,1,67,2026-09-13,SCHEDULED,55.91,MEDIUM
MT-002940,AST-00433,TRD,C07,OHE_REPAIR,TRANSFORMER_FAULT,4,3,0.82,16,0.53,0.643,1,144,2026-09-26,OPEN,63.94,HIGH
MT-002941,AST-00051,ENGINEERING,C05,PREVENTIVE,POINT_DEFECT,2,4,0.953,15,0.857,0.226,1,61,2026-09-30,OPEN,36.55,LOW
MT-002942,AST-00123,ENGINEERING,C14,INSPECTION,POINT_DEFECT,1,5,0.796,3,0.93,0.242,1,56,2026-09-24,OPEN,38.25,LOW
MT-002943,AST-00080,TRD,C18,INSPECTION,FEEDER_FAULT,4,3,0.774,18,0.461,0.379,1,88,2026-09-30,OPEN,59.77,MEDIUM
MT-002944,AST-00293,TRD,C13,CORRECTIVE,FEEDER_FAULT,1,3,0.909,5,0.592,0.413,1,70,2026-09-30,OPEN,35.62,LOW
MT-002945,AST-00031,ENGINEERING,C04,CORRECTIVE,POINT_DEFECT,4,5,0.756,15,0.767,0.515,1,134,2026-09-13,OPEN,78.53,HIGH
MT-002946,AST-00490,ENGINEERING,C01,REPAIR,BALLAST_DEFECT,3,3,0.824,6,1.127,0.691,1,149,2026-09-14,OVERDUE,66.28,HIGH
MT-002947,AST-00323,ENGINEERING,C01,PREVENTIVE,RAIL_CRACK,5,3,0.61,16,1.122,0.599,1,106,2026-09-03,OPEN,82.48,CRITICAL
MT-002948,AST-00149,TRD,C01,PREVENTIVE,CONTACT_WIRE_DEFECT,3,4,0.772,1,0.678,0.661,1,86,2026-09-26,OVERDUE,54.49,MEDIUM
MT-002949,AST-00452,ENGINEERING,C02,PREVENTIVE,RAIL_CRACK,4,2,0.77,9,1.289,0.624,1,91,2026-09-19,OPEN,56.19,MEDIUM
MT-002950,AST-00251,S&T,C09,INSPECTION,RELAY_FAULT,4,2,0.716,0,0.967,0.306,0.99,98,2026-09-21,SCHEDULED,44.68,MEDIUM
MT-002951,AST-00296,TRD,C08,INSPECTION,OHE_DAMAGE,3,4,0.54,3,1.267,0.557,1,70,2026-09-11,OPEN,54.69,MEDIUM
MT-002952,AST-00093,S&T,C04,CORRECTIVE,AXLE_COUNTER_FAULT,3,5,0.916,10,0.204,0.649,1,112,2026-09-22,OPEN,54.17,MEDIUM
MT-002953,AST-00096,S&T,C15,SIGNAL_REPAIR,RELAY_FAULT,5,4,1.0,6,0.697,0.723,1,148,2026-09-06,OPEN,80.27,CRITICAL
MT-002954,AST-00256,ENGINEERING,C16,CORRECTIVE,RAIL_CRACK,4,3,0.48,7,1.163,0.523,1,113,2026-09-08,OVERDUE,71.39,HIGH
MT-002955,AST-00406,S&T,C02,PREVENTIVE,CABLE_FAULT,4,4,0.817,27,0.527,0.632,1,96,2026-09-13,OVERDUE,81.28,CRITICAL
MT-002956,AST-00256,ENGINEERING,C16,CORRECTIVE,TRACK_GEOMETRY,1,3,0.48,9,1.773,0.297,1,99,2026-09-09,OPEN,32.32,LOW
MT-002957,AST-00431,ENGINEERING,C13,CORRECTIVE,BALLAST_DEFECT,5,2,0.838,0,1.042,0.642,1,143,2026-09-10,OPEN,73.28,HIGH
MT-002958,AST-00139,TRD,C13,INSPECTION,TRANSFORMER_FAULT,2,5,0.701,0,0.562,0.446,1,74,2026-09-17,OVERDUE,53.17,MEDIUM
MT-002959,AST-00226,ENGINEERING,C03,PREVENTIVE,STRUCTURAL_DEFECT,3,5,0.83,17,0.435,0.45,1,79,2026-09-04,SCHEDULED,65.41,HIGH
MT-002960,AST-00253,TRD,C16,PREVENTIVE,TRANSFORMER_FAULT,5,3,0.792,0,1.252,0.722,1,94,2026-09-30,OPEN,77.6,HIGH
MT-002961,AST-00211,TRD,C20,INSPECTION,CONTACT_WIRE_DEFECT,1,3,0.545,20,1.42,0.296,1,61,2026-09-23,OPEN,43.07,MEDIUM
MT-002962,AST-00131,TRD,C05,OHE_REPAIR,TRANSFORMER_FAULT,1,3,0.585,21,0.897,0.187,1,130,2026-09-12,OPEN,33.57,LOW
MT-002963,AST-00295,ENGINEERING,C18,REPAIR,RAIL_CRACK,4,2,0.829,1,0.858,0.56,0.983,168,2026-09-05,SCHEDULED,55.83,MEDIUM
MT-002964,AST-00132,TRD,C01,PREVENTIVE,INSULATOR_FAILURE,4,4,0.873,20,0.802,0.542,1,106,2026-09-03,OVERDUE,74.48,HIGH
MT-002965,AST-00039,TRD,C17,OHE_REPAIR,TRANSFORMER_FAULT,3,2,0.972,27,1.002,0.647,1,168,2026-09-21,OVERDUE,49.97,MEDIUM
MT-002966,AST-00331,TRD,C14,CORRECTIVE,CONTACT_WIRE_DEFECT,2,5,0.664,8,1.063,0.342,1,112,2026-09-03,OPEN,61.81,HIGH
MT-002967,AST-00444,S&T,C17,INSPECTION,RELAY_FAULT,3,2,0.719,0,0.779,0.601,1,67,2026-09-17,OVERDUE,40.15,MEDIUM
MT-002968,AST-00009,ENGINEERING,C04,REPAIR,RAIL_CRACK,3,3,0.768,2,1.167,0.66,1,137,2026-09-25,OVERDUE,58.19,MEDIUM
MT-002969,AST-00167,ENGINEERING,C07,PREVENTIVE,TRACK_GEOMETRY,5,4,0.657,26,1.078,0.681,1,84,2026-09-15,OVERDUE,90.25,CRITICAL
MT-002970,AST-00283,S&T,C19,INSPECTION,INTERLOCKING_FAULT,5,3,0.72,18,1.343,0.78,1,98,2026-09-30,OVERDUE,81.63,CRITICAL
MT-002971,AST-00311,S&T,C08,SIGNAL_REPAIR,RELAY_FAULT,4,3,0.786,21,0.412,0.536,1,156,2026-09-19,OPEN,66.74,HIGH
MT-002972,AST-00040,TRD,C08,OHE_REPAIR,INSULATOR_FAILURE,3,2,0.958,25,0.399,0.366,1,150,2026-09-13,OVERDUE,31.67,LOW
MT-002973,AST-00227,ENGINEERING,C02,REPAIR,POINT_DEFECT,4,5,0.729,0,1.131,0.592,1,173,2026-09-18,SCHEDULED,83.82,CRITICAL
MT-002974,AST-00313,ENGINEERING,C20,REPAIR,RAIL_CRACK,4,3,0.511,24,1.035,0.471,1,167,2026-09-22,OVERDUE,81.76,CRITICAL
MT-002975,AST-00299,S&T,C07,INSPECTION,CABLE_FAULT,1,5,0.684,0,1.35,0.131,1,45,2026-09-02,OVERDUE,47.5,MEDIUM
MT-002976,AST-00202,TRD,C08,OHE_REPAIR,FEEDER_FAULT,3,2,0.756,19,0.973,0.491,1,159,2026-09-16,OPEN,43.04,MEDIUM
MT-002977,AST-00393,ENGINEERING,C20,REPAIR,BALLAST_DEFECT,4,1,0.599,8,1.288,0.728,1,166,2026-09-29,SCHEDULED,54.36,MEDIUM
MT-002978,AST-00308,S&T,C11,SIGNAL_REPAIR,AXLE_COUNTER_FAULT,5,4,0.76,4,0.928,0.657,1,128,2026-09-17,OPEN,74.27,HIGH
MT-002979,AST-00454,S&T,C20,SIGNAL_REPAIR,RELAY_FAULT,3,3,0.695,8,1.038,0.5,1,114,2026-09-29,OPEN,49.91,MEDIUM
MT-002980,AST-00156,ENGINEERING,C13,INSPECTION,POINT_DEFECT,3,3,0.793,9,0.535,0.331,1,85,2026-09-04,SCHEDULED,49.3,MEDIUM
MT-002981,AST-00474,ENGINEERING,C10,INSPECTION,STRUCTURAL_DEFECT,4,3,1.0,12,0.277,0.169,1,69,2026-09-26,OPEN,51.21,MEDIUM
MT-002982,AST-00437,ENGINEERING,C03,PREVENTIVE,STRUCTURAL_DEFECT,2,2,0.57,0,0.7,0.623,1,81,2026-09-28,OPEN,46.69,MEDIUM
MT-002983,AST-00474,ENGINEERING,C10,INSPECTION,TRACK_GEOMETRY,2,3,1.0,0,0.731,0.532,1,70,2026-09-26,SCHEDULED,29.89,LOW
MT-002984,AST-00067,ENGINEERING,C16,REPAIR,STRUCTURAL_DEFECT,4,4,0.627,18,1.081,0.543,1,160,2026-09-13,SCHEDULED,78.08,HIGH
MT-002985,AST-00074,S&T,C09,SIGNAL_REPAIR,CABLE_FAULT,4,5,0.775,14,0.539,0.774,1,134,2026-09-14,OVERDUE,78.22,HIGH
MT-002986,AST-00191,S&T,C17,INSPECTION,SIGNAL_FAILURE,3,4,0.604,21,1.417,0.449,1,107,2026-09-27,SCHEDULED,74.22,HIGH
MT-002987,AST-00345,TRD,C16,OHE_REPAIR,INSULATOR_FAILURE,1,2,0.894,0,0.616,0.217,1,123,2026-09-23,OVERDUE,18.86,LOW
MT-002988,AST-00063,S&T,C11,PREVENTIVE,AXLE_COUNTER_FAULT,1,3,0.613,15,1.488,0.211,1,72,2026-09-23,OVERDUE,34.26,LOW
MT-002989,AST-00374,S&T,C15,SIGNAL_REPAIR,AXLE_COUNTER_FAULT,4,3,0.759,29,0.582,0.582,1,145,2026-09-01,SCHEDULED,72.73,HIGH
MT-002990,AST-00303,S&T,C15,SIGNAL_REPAIR,CABLE_FAULT,2,2,0.712,20,0.728,0.498,1,109,2026-09-28,OVERDUE,50.72,MEDIUM
MT-002991,AST-00068,ENGINEERING,C10,CORRECTIVE,TRACK_GEOMETRY,5,5,0.643,17,0.866,0.888,1,127,2026-09-18,OPEN,89.78,CRITICAL
MT-002992,AST-00221,S&T,C08,PREVENTIVE,RELAY_FAULT,4,4,0.721,10,0.621,0.431,1,126,2026-09-08,OPEN,68.23,HIGH
MT-002993,AST-00070,S&T,C13,CORRECTIVE,CABLE_FAULT,5,2,0.744,33,0.394,0.787,0.951,123,2026-09-15,OPEN,80.88,CRITICAL
MT-002994,AST-00160,TRD,C04,PREVENTIVE,INSULATOR_FAILURE,5,1,0.553,7,0.865,0.513,1,116,2026-09-13,OPEN,58.25,MEDIUM
MT-002995,AST-00114,ENGINEERING,C10,INSPECTION,STRUCTURAL_DEFECT,3,2,0.825,7,0.928,0.314,1,58,2026-09-19,OPEN,38.19,LOW
MT-002996,AST-00205,ENGINEERING,C03,REPAIR,POINT_DEFECT,4,3,0.778,10,0.714,0.578,1,199,2026-09-29,OVERDUE,69.67,HIGH
MT-002997,AST-00015,TRD,C09,CORRECTIVE,INSULATOR_FAILURE,3,3,0.801,10,1.265,0.464,1,101,2026-09-14,OPEN,50.83,MEDIUM
MT-002998,AST-00308,S&T,C11,INSPECTION,INTERLOCKING_FAULT,4,4,0.76,3,0.415,0.683,1,85,2026-09-22,SCHEDULED,71.38,HIGH
MT-002999,AST-00240,S&T,C13,INSPECTION,RELAY_FAULT,3,3,0.901,15,0.677,0.456,1,89,2026-09-16,OPEN,53.72,MEDIUM
MT-003000,AST-00170,ENGINEERING,C11,INSPECTION,POINT_DEFECT,3,2,0.674,1,0.614,0.593,1,73,2026-09-28,OPEN,52.09,MEDIUM
MT-003001,AST-00194,ENGINEERING,C16,PREVENTIVE,BALLAST_DEFECT,2,2,0.76,0,1.24,0.58,1,82,2026-09-21,OVERDUE,31.53,LOW
MT-003002,AST-00255,S&T,C06,SIGNAL_REPAIR,SIGNAL_FAILURE,3,2,0.688,21,0.818,0.736,1,129,2026-09-14,OPEN,65.28,HIGH
MT-003003,AST-00218,ENGINEERING,C05,INSPECTION,RAIL_CRACK,5,3,0.658,4,0.652,0.578,1,92,2026-09-23,OPEN,73.35,HIGH
MT-003004,AST-00123,ENGINEERING,C14,INSPECTION,RAIL_CRACK,3,5,0.796,0,1.168,0.393,1,76,2026-09-25,OVERDUE,50.27,MEDIUM
MT-003005,AST-00325,TRD,C02,OHE_REPAIR,INSULATOR_FAILURE,3,5,0.665,11,1.31,0.574,1,159,2026-09-24,OPEN,74.24,HIGH
MT-003006,AST-00083,TRD,C03,OHE_REPAIR,CONTACT_WIRE_DEFECT,3,2,0.865,0,0.29,0.624,1,167,2026-09-01,SCHEDULED,50.74,MEDIUM
MT-003007,AST-00206,TRD,C10,PREVENTIVE,FEEDER_FAULT,3,3,0.848,16,1.006,0.35,1,82,2026-09-07,OPEN,42.92,MEDIUM
MT-003008,AST-00041,ENGINEERING,C20,CORRECTIVE,BALLAST_DEFECT,3,4,0.529,0,0.878,0.427,1,142,2026-09-21,SCHEDULED,72.55,HIGH
MT-003009,AST-00284,S&T,C10,CORRECTIVE,AXLE_COUNTER_FAULT,3,4,0.574,24,0.977,0.567,1,135,2026-09-13,OVERDUE,74.33,HIGH
MT-003010,AST-00101,S&T,C19,INSPECTION,AXLE_COUNTER_FAULT,4,3,0.673,23,0.658,0.354,1,73,2026-09-03,OVERDUE,61.86,HIGH
MT-003011,AST-00078,S&T,C19,SIGNAL_REPAIR,RELAY_FAULT,2,5,0.627,8,1.267,0.329,1,86,2026-09-25,SCHEDULED,62.34,HIGH
MT-003012,AST-00049,ENGINEERING,C14,CORRECTIVE,TRACK_GEOMETRY,3,2,0.785,13,1.034,0.424,1,121,2026-09-15,OVERDUE,42.41,MEDIUM
MT-003013,AST-00121,S&T,C15,PREVENTIVE,CABLE_FAULT,5,4,0.76,7,0.759,0.781,1,114,2026-09-28,OPEN,83.06,CRITICAL
MT-003014,AST-00155,S&T,C10,CORRECTIVE,AXLE_COUNTER_FAULT,5,2,0.782,4,0.826,0.9,1,159,2026-09-06,OVERDUE,80.01,CRITICAL
MT-003015,AST-00188,ENGINEERING,C14,INSPECTION,RAIL_CRACK,1,3,0.912,3,0.445,0.451,0.974,54,2026-09-10,OPEN,25.02,LOW
MT-003016,AST-00056,S&T,C07,CORRECTIVE,AXLE_COUNTER_FAULT,4,3,0.964,19,0.321,0.529,1,135,2026-09-23,OVERDUE,59.17,MEDIUM
MT-003017,AST-00290,S&T,C09,SIGNAL_REPAIR,SIGNAL_FAILURE,4,2,0.887,0,0.847,0.607,1,148,2026-09-19,OVERDUE,56.23,MEDIUM
MT-003018,AST-00403,S&T,C15,PREVENTIVE,SIGNAL_FAILURE,2,4,0.893,19,0.348,0.263,1,76,2026-09-29,SCHEDULED,33.34,LOW
MT-003019,AST-00260,ENGINEERING,C14,REPAIR,POINT_DEFECT,3,5,0.996,7,0.208,0.28,1,147,2026-09-01,OPEN,55.77,MEDIUM
MT-003020,AST-00125,S&T,C01,INSPECTION,SIGNAL_FAILURE,5,4,0.852,41,0.872,0.943,1,68,2026-09-13,OPEN,91.97,CRITICAL
MT-003021,AST-00486,ENGINEERING,C12,INSPECTION,RAIL_CRACK,3,3,0.625,21,1.068,0.587,1,65,2026-09-08,OPEN,69.3,HIGH
MT-003022,AST-00244,ENGINEERING,C20,INSPECTION,POINT_DEFECT,4,4,0.618,21,0.815,0.611,1,79,2026-09-13,OVERDUE,83.41,CRITICAL
MT-003023,AST-00410,ENGINEERING,C12,PREVENTIVE,TRACK_GEOMETRY,4,3,0.916,21,0.682,0.527,1,87,2026-09-09,OPEN,59.85,MEDIUM
MT-003024,AST-00423,TRD,C02,CORRECTIVE,OHE_DAMAGE,3,4,0.697,7,1.348,0.589,1,119,2026-09-09,OVERDUE,60.66,HIGH
MT-003025,AST-00198,S&T,C20,SIGNAL_REPAIR,RELAY_FAULT,1,5,0.743,25,0.533,0.308,1,93,2026-09-17,OPEN,59.53,MEDIUM
MT-003026,AST-00033,ENGINEERING,C07,PREVENTIVE,RAIL_CRACK,4,2,0.637,12,1.339,0.743,1,121,2026-09-06,OVERDUE,71.26,HIGH
MT-003027,AST-00383,TRD,C03,OHE_REPAIR,INSULATOR_FAILURE,2,3,0.64,13,0.645,0.448,1,153,2026-09-15,SCHEDULED,42.46,MEDIUM
MT-003028,AST-00100,S&T,C03,SIGNAL_REPAIR,RELAY_FAULT,4,3,0.714,18,0.75,0.441,1,117,2026-09-28,SCHEDULED,61.98,HIGH
MT-003029,AST-00122,ENGINEERING,C12,INSPECTION,POINT_DEFECT,3,3,0.902,0,0.971,0.338,1,81,2026-09-25,OPEN,49.25,MEDIUM
MT-003030,AST-00458,ENGINEERING,C09,INSPECTION,POINT_DEFECT,3,1,0.828,0,0.572,0.367,0.959,58,2026-09-27,OVERDUE,21.75,LOW
MT-003031,AST-00395,ENGINEERING,C11,CORRECTIVE,STRUCTURAL_DEFECT,3,5,0.62,15,0.725,0.379,1,113,2026-09-22,OPEN,79.39,HIGH
MT-003032,AST-00414,S&T,C05,INSPECTION,AXLE_COUNTER_FAULT,4,4,0.952,8,0.586,0.489,1,97,2026-09-27,SCHEDULED,58.03,MEDIUM
MT-003033,AST-00452,ENGINEERING,C02,PREVENTIVE,STRUCTURAL_DEFECT,3,2,0.77,8,0.355,0.287,1,86,2026-09-25,SCHEDULED,40.16,MEDIUM
MT-003034,AST-00131,TRD,C05,PREVENTIVE,INSULATOR_FAILURE,4,3,0.585,0,1.587,0.461,1,65,2026-09-03,OVERDUE,62.18,HIGH
MT-003035,AST-00003,ENGINEERING,C20,PREVENTIVE,POINT_DEFECT,4,4,0.454,29,1.504,0.42,1,99,2026-09-16,OVERDUE,76.3,HIGH
MT-003036,AST-00336,ENGINEERING,C09,REPAIR,RAIL_CRACK,2,4,0.715,12,0.468,0.371,1,128,2026-09-24,OVERDUE,47.22,MEDIUM
MT-003037,AST-00093,S&T,C04,CORRECTIVE,SIGNAL_FAILURE,2,5,0.916,33,0.409,0.246,1,107,2026-09-16,OVERDUE,60.36,HIGH
MT-003038,AST-00224,TRD,C09,CORRECTIVE,OHE_DAMAGE,4,4,0.588,0,1.301,0.789,1,130,2026-09-12,OPEN,86.09,CRITICAL
MT-003039,AST-00354,TRD,C03,CORRECTIVE,OHE_DAMAGE,3,3,0.931,5,0.312,0.471,1,107,2026-09-23,OVERDUE,40.41,MEDIUM
MT-003040,AST-00268,S&T,C11,INSPECTION,CABLE_FAULT,3,3,0.679,21,1.404,0.456,1,81,2026-09-22,OPEN,59.05,MEDIUM
MT-003041,AST-00259,ENGINEERING,C15,INSPECTION,BALLAST_DEFECT,1,4,0.768,7,0.839,0.474,1,44,2026-09-29,OPEN,42.98,MEDIUM
MT-003042,AST-00422,S&T,C12,CORRECTIVE,INTERLOCKING_FAULT,4,2,0.711,37,0.538,0.415,0.965,127,2026-09-11,OVERDUE,71.56,HIGH
MT-003043,AST-00341,S&T,C04,INSPECTION,CABLE_FAULT,2,3,0.847,20,0.747,0.34,1,86,2026-09-14,OPEN,36.67,LOW
MT-003044,AST-00042,S&T,C11,SIGNAL_REPAIR,RELAY_FAULT,4,3,0.641,7,1.432,0.525,1,130,2026-09-06,OVERDUE,65.39,HIGH
MT-003045,AST-00286,TRD,C05,CORRECTIVE,OHE_DAMAGE,4,1,0.594,11,1.223,0.695,1,111,2026-09-13,OVERDUE,58.5,MEDIUM
MT-003046,AST-00213,TRD,C10,INSPECTION,OHE_DAMAGE,5,5,0.697,23,0.467,0.731,1,78,2026-09-01,OVERDUE,89.83,CRITICAL
MT-003047,AST-00175,ENGINEERING,C20,REPAIR,POINT_DEFECT,4,4,0.703,8,1.431,0.768,1,141,2026-09-19,OPEN,79.96,HIGH
MT-003048,AST-00312,S&T,C18,PREVENTIVE,RELAY_FAULT,1,4,0.818,0,1.228,0.265,1,78,2026-09-07,SCHEDULED,36.19,LOW
MT-003049,AST-00487,S&T,C04,SIGNAL_REPAIR,AXLE_COUNTER_FAULT,3,2,0.738,0,0.624,0.587,1,94,2026-09-20,OVERDUE,45.38,MEDIUM
MT-003050,AST-00084,ENGINEERING,C11,PREVENTIVE,POINT_DEFECT,5,4,0.819,14,1.03,0.396,1,116,2026-09-03,OPEN,85.49,CRITICAL
MT-003051,AST-00104,TRD,C09,CORRECTIVE,TRANSFORMER_FAULT,1,5,0.7,19,0.88,0.442,1,101,2026-09-11,OVERDUE,58.96,MEDIUM
MT-003052,AST-00479,S&T,C08,PREVENTIVE,RELAY_FAULT,5,3,0.757,11,0.905,0.822,1,102,2026-09-12,OVERDUE,79.34,HIGH
MT-003053,AST-00096,S&T,C15,CORRECTIVE,SIGNAL_FAILURE,2,4,1.0,17,0.378,0.418,1,97,2026-09-16,OPEN,42.54,MEDIUM
MT-003054,AST-00349,TRD,C16,OHE_REPAIR,FEEDER_FAULT,3,3,0.94,14,1.038,0.412,1,143,2026-09-09,OPEN,56.41,MEDIUM
MT-003055,AST-00492,S&T,C11,INSPECTION,INTERLOCKING_FAULT,1,3,0.508,13,1.252,0.279,1,47,2026-09-30,SCHEDULED,42.42,MEDIUM
MT-003056,AST-00310,TRD,C10,OHE_REPAIR,INSULATOR_FAILURE,2,4,0.641,16,1.15,0.386,1,149,2026-09-07,OPEN,68.94,HIGH
MT-003057,AST-00451,TRD,C09,INSPECTION,CONTACT_WIRE_DEFECT,4,4,0.572,9,1.432,0.409,1,78,2026-09-08,OVERDUE,75.24,HIGH
MT-003058,AST-00125,S&T,C01,CORRECTIVE,INTERLOCKING_FAULT,2,4,0.852,11,0.656,0.402,1,96,2026-09-24,SCHEDULED,49.86,MEDIUM
MT-003059,AST-00243,ENGINEERING,C16,PREVENTIVE,STRUCTURAL_DEFECT,3,5,0.856,1,1.141,0.35,1,84,2026-09-24,OPEN,59.97,MEDIUM
MT-003060,AST-00199,ENGINEERING,C04,PREVENTIVE,STRUCTURAL_DEFECT,5,2,0.624,13,1.379,0.865,1,107,2026-09-26,OVERDUE,86.46,CRITICAL
MT-003061,AST-00146,ENGINEERING,C10,PREVENTIVE,POINT_DEFECT,4,2,0.948,0,0.73,0.545,0.957,99,2026-09-06,OPEN,51.17,MEDIUM
MT-003062,AST-00011,TRD,C06,INSPECTION,OHE_DAMAGE,2,4,0.648,7,1.498,0.485,1,51,2026-09-04,SCHEDULED,57.29,MEDIUM
MT-003063,AST-00284,S&T,C10,CORRECTIVE,INTERLOCKING_FAULT,4,4,0.574,11,0.689,0.726,1,130,2026-09-12,OVERDUE,76.64,HIGH
MT-003064,AST-00383,TRD,C03,CORRECTIVE,CONTACT_WIRE_DEFECT,3,3,0.64,19,0.866,0.52,1,98,2026-09-13,OVERDUE,54.19,MEDIUM
MT-003065,AST-00050,ENGINEERING,C15,PREVENTIVE,BALLAST_DEFECT,4,4,0.898,15,0.198,0.564,1,103,2026-09-21,OPEN,65.19,HIGH
MT-003066,AST-00064,S&T,C10,SIGNAL_REPAIR,RELAY_FAULT,3,2,0.812,12,0.489,0.594,1,123,2026-09-27,OVERDUE,49.94,MEDIUM
MT-003067,AST-00483,ENGINEERING,C18,PREVENTIVE,RAIL_CRACK,5,2,0.744,9,0.784,0.825,1,102,2026-09-11,OPEN,71.5,HIGH
MT-003068,AST-00014,S&T,C15,SIGNAL_REPAIR,RELAY_FAULT,1,3,0.59,5,1.335,0.461,1,115,2026-09-13,OPEN,49.05,MEDIUM
MT-003069,AST-00060,S&T,C11,INSPECTION,AXLE_COUNTER_FAULT,2,4,0.991,0,0.376,0.549,1,77,2026-09-28,OVERDUE,30.21,LOW
MT-003070,AST-00255,S&T,C06,INSPECTION,CABLE_FAULT,3,2,0.688,30,0.549,0.478,1,79,2026-09-09,OPEN,49.33,MEDIUM
MT-003071,AST-00458,ENGINEERING,C09,PREVENTIVE,RAIL_CRACK,1,1,0.828,12,1.12,0.041,1,92,2026-09-06,OPEN,18.05,LOW
MT-003072,AST-00203,TRD,C03,CORRECTIVE,TRANSFORMER_FAULT,3,3,0.769,21,0.92,0.581,1,88,2026-09-02,OPEN,56.68,MEDIUM
MT-003073,AST-00291,TRD,C08,INSPECTION,CONTACT_WIRE_DEFECT,3,4,0.751,32,0.74,0.441,1,87,2026-09-29,OVERDUE,77.88,HIGH
MT-003074,AST-00455,S&T,C18,PREVENTIVE,AXLE_COUNTER_FAULT,5,1,0.807,2,0.799,0.736,1,109,2026-09-08,OPEN,65.46,HIGH
MT-003075,AST-00494,S&T,C01,INSPECTION,SIGNAL_FAILURE,4,3,0.611,0,1.285,0.358,1,110,2026-09-21,SCHEDULED,50.4,MEDIUM
MT-003076,AST-00213,TRD,C10,CORRECTIVE,CONTACT_WIRE_DEFECT,3,5,0.697,5,0.608,0.239,1,103,2026-09-15,OPEN,54.14,MEDIUM
MT-003077,AST-00163,S&T,C04,SIGNAL_REPAIR,INTERLOCKING_FAULT,4,3,0.701,0,1.188,0.709,1,142,2026-09-20,OVERDUE,71.59,HIGH
MT-003078,AST-00337,ENGINEERING,C19,PREVENTIVE,TRACK_GEOMETRY,3,5,0.889,0,0.632,0.456,1,87,2026-09-15,OVERDUE,62.92,HIGH
MT-003079,AST-00288,TRD,C02,OHE_REPAIR,CONTACT_WIRE_DEFECT,3,4,0.686,6,1.178,0.434,1,190,2026-09-21,OPEN,65.53,HIGH
MT-003080,AST-00446,TRD,C03,OHE_REPAIR,INSULATOR_FAILURE,2,3,0.915,0,0.762,0.544,1,133,2026-09-26,OPEN,41.6,MEDIUM
MT-003081,AST-00249,TRD,C12,PREVENTIVE,CONTACT_WIRE_DEFECT,3,2,0.808,11,0.758,0.607,1,100,2026-09-22,OPEN,45.08,MEDIUM
MT-003082,AST-00486,ENGINEERING,C12,PREVENTIVE,RAIL_CRACK,3,3,0.625,12,0.812,0.535,1,109,2026-09-24,SCHEDULED,52.02,MEDIUM
MT-003083,AST-00114,ENGINEERING,C10,PREVENTIVE,STRUCTURAL_DEFECT,1,2,0.825,4,0.279,0.289,0.992,64,2026-09-02,OPEN,11.92,LOW
MT-003084,AST-00436,S&T,C06,CORRECTIVE,RELAY_FAULT,4,5,0.825,26,0.629,0.723,1,123,2026-09-21,SCHEDULED,85.14,CRITICAL
MT-003085,AST-00341,S&T,C04,INSPECTION,SIGNAL_FAILURE,4,3,0.847,0,0.721,0.549,1,84,2026-09-27,SCHEDULED,57.86,MEDIUM
MT-003086,AST-00252,TRD,C09,INSPECTION,OHE_DAMAGE,4,4,0.711,10,1.355,0.556,1,103,2026-09-15,OPEN,74.0,HIGH
MT-003087,AST-00423,TRD,C02,INSPECTION,FEEDER_FAULT,4,4,0.697,2,1.272,0.411,1,86,2026-09-25,OPEN,66.46,HIGH
MT-003088,AST-00184,S&T,C09,SIGNAL_REPAIR,AXLE_COUNTER_FAULT,2,3,0.849,3,0.559,0.512,1,106,2026-09-07,SCHEDULED,36.5,LOW
MT-003089,AST-00068,ENGINEERING,C10,PREVENTIVE,POINT_DEFECT,3,5,0.643,0,0.608,0.521,1,90,2026-09-14,OPEN,62.66,HIGH
MT-003090,AST-00226,ENGINEERING,C03,REPAIR,TRACK_GEOMETRY,1,5,0.83,5,0.788,0.262,1,128,2026-09-07,OPEN,49.7,MEDIUM
MT-003091,AST-00289,TRD,C17,CORRECTIVE,TRANSFORMER_FAULT,1,5,0.769,0,0.64,0.466,1,105,2026-09-18,OPEN,40.02,MEDIUM
MT-003092,AST-00139,TRD,C13,CORRECTIVE,TRANSFORMER_FAULT,1,5,0.701,0,0.462,0.336,1,116,2026-09-27,OPEN,53.67,MEDIUM
MT-003093,AST-00171,TRD,C17,INSPECTION,CONTACT_WIRE_DEFECT,3,4,0.624,36,1.261,0.486,1,92,2026-09-20,OPEN,70.19,HIGH
MT-003094,AST-00037,S&T,C14,CORRECTIVE,RELAY_FAULT,3,2,0.829,38,0.555,0.547,1,130,2026-09-01,OVERDUE,54.67,MEDIUM
MT-003095,AST-00241,TRD,C10,INSPECTION,TRANSFORMER_FAULT,4,4,0.786,24,0.68,0.508,1,80,2026-09-23,OPEN,69.22,HIGH
MT-003096,AST-00088,TRD,C12,OHE_REPAIR,TRANSFORMER_FAULT,5,4,0.747,0,1.239,0.71,1,175,2026-09-21,OVERDUE,87.32,CRITICAL
MT-003097,AST-00331,TRD,C14,PREVENTIVE,OHE_DAMAGE,4,5,0.664,28,1.499,0.667,1,64,2026-09-17,OPEN,87.73,CRITICAL
MT-003098,AST-00270,ENGINEERING,C15,REPAIR,POINT_DEFECT,3,2,0.602,8,0.978,0.501,1,131,2026-09-13,OPEN,48.99,MEDIUM
MT-003099,AST-00494,S&T,C01,SIGNAL_REPAIR,RELAY_FAULT,2,3,0.611,4,1.244,0.39,1,142,2026-09-22,OPEN,54.7,MEDIUM
MT-003100,AST-00357,TRD,C09,CORRECTIVE,FEEDER_FAULT,5,3,0.698,9,0.535,0.637,1,143,2026-09-24,OVERDUE,79.17,HIGH
MT-003101,AST-00306,ENGINEERING,C13,CORRECTIVE,BALLAST_DEFECT,3,4,0.665,7,1.327,0.419,1,105,2026-09-26,SCHEDULED,64.71,HIGH
MT-003102,AST-00195,TRD,C17,INSPECTION,TRANSFORMER_FAULT,2,2,0.95,3,1.015,0.249,0.934,79,2026-09-29,OVERDUE,21.19,LOW
MT-003103,AST-00146,ENGINEERING,C10,CORRECTIVE,TRACK_GEOMETRY,3,2,0.948,12,0.68,0.393,1,119,2026-09-07,OVERDUE,39.29,LOW
MT-003104,AST-00288,TRD,C02,INSPECTION,OHE_DAMAGE,5,4,0.686,0,1.284,0.811,1,81,2026-09-26,OPEN,87.63,CRITICAL
MT-003105,AST-00221,S&T,C08,INSPECTION,CABLE_FAULT,1,4,0.721,16,0.532,0.189,1,80,2026-09-25,OPEN,37.82,LOW
MT-003106,AST-00287,ENGINEERING,C01,REPAIR,STRUCTURAL_DEFECT,3,4,0.806,9,0.634,0.586,1,159,2026-09-22,OVERDUE,58.72,MEDIUM
MT-003107,AST-00258,S&T,C19,SIGNAL_REPAIR,RELAY_FAULT,1,2,0.64,24,1.218,0.44,1,91,2026-09-08,SCHEDULED,29.96,LOW
MT-003108,AST-00075,TRD,C08,OHE_REPAIR,CONTACT_WIRE_DEFECT,3,3,0.598,0,1.278,0.532,1,152,2026-09-01,OVERDUE,55.15,MEDIUM
MT-003109,AST-00015,TRD,C09,OHE_REPAIR,OHE_DAMAGE,3,3,0.801,13,1.249,0.372,1,155,2026-09-22,SCHEDULED,58.67,MEDIUM
MT-003110,AST-00066,S&T,C20,SIGNAL_REPAIR,CABLE_FAULT,3,3,0.848,7,0.788,0.391,1,123,2026-09-03,OVERDUE,56.4,MEDIUM
MT-003111,AST-00351,TRD,C06,PREVENTIVE,OHE_DAMAGE,3,3,0.711,7,0.676,0.293,1,94,2026-09-23,OPEN,48.86,MEDIUM
MT-003112,AST-00432,ENGINEERING,C18,REPAIR,STRUCTURAL_DEFECT,3,4,0.718,14,0.914,0.444,1,155,2026-09-26,OPEN,67.08,HIGH
MT-003113,AST-00278,TRD,C20,INSPECTION,CONTACT_WIRE_DEFECT,4,2,0.703,0,0.496,0.488,1,85,2026-09-01,SCHEDULED,48.81,MEDIUM
MT-003114,AST-00491,TRD,C06,CORRECTIVE,CONTACT_WIRE_DEFECT,2,3,0.936,34,0.76,0.583,1,104,2026-09-01,SCHEDULED,57.82,MEDIUM
MT-003115,AST-00067,ENGINEERING,C16,CORRECTIVE,TRACK_GEOMETRY,3,4,0.627,5,1.162,0.377,1,113,2026-09-18,OVERDUE,56.23,MEDIUM
MT-003116,AST-00095,S&T,C14,CORRECTIVE,CABLE_FAULT,4,5,0.878,26,0.435,0.654,1,126,2026-09-02,OPEN,73.04,HIGH
MT-003117,AST-00287,ENGINEERING,C01,REPAIR,RAIL_CRACK,5,4,0.806,0,1.028,0.799,1,166,2026-09-07,OPEN,80.52,CRITICAL
MT-003118,AST-00256,ENGINEERING,C16,PREVENTIVE,TRACK_GEOMETRY,5,3,0.48,16,0.986,0.543,1,123,2026-09-21,SCHEDULED,83.97,CRITICAL
MT-003119,AST-00181,ENGINEERING,C02,INSPECTION,POINT_DEFECT,3,4,0.995,14,0.309,0.557,1,94,2026-09-02,SCHEDULED,59.22,MEDIUM
MT-003120,AST-00470,ENGINEERING,C03,INSPECTION,POINT_DEFECT,1,5,0.506,4,1.255,0.417,1,53,2026-09-23,OPEN,61.91,HIGH
MT-003121,AST-00301,ENGINEERING,C13,PREVENTIVE,RAIL_CRACK,4,5,0.894,13,0.188,0.53,1,113,2026-09-28,SCHEDULED,74.48,HIGH
MT-003122,AST-00459,TRD,C12,CORRECTIVE,FEEDER_FAULT,4,2,0.857,4,0.242,0.408,1,115,2026-09-25,SCHEDULED,38.68,LOW
MT-003123,AST-00192,TRD,C10,PREVENTIVE,FEEDER_FAULT,5,3,0.622,15,1.357,0.585,1,124,2026-09-04,OPEN,82.49,CRITICAL
MT-003124,AST-00324,ENGINEERING,C15,CORRECTIVE,STRUCTURAL_DEFECT,4,2,0.799,0,0.827,0.603,1,132,2026-09-17,OPEN,50.5,MEDIUM
MT-003125,AST-00060,S&T,C11,CORRECTIVE,SIGNAL_FAILURE,2,4,0.991,0,0.439,0.225,1,139,2026-09-07,OPEN,29.62,LOW
MT-003126,AST-00291,TRD,C08,INSPECTION,CONTACT_WIRE_DEFECT,1,4,0.751,18,0.821,0.365,1,51,2026-09-10,OVERDUE,42.51,MEDIUM
MT-003127,AST-00291,TRD,C08,CORRECTIVE,CONTACT_WIRE_DEFECT,4,4,0.751,7,0.765,0.704,1,118,2026-09-25,OPEN,78.85,HIGH
MT-003128,AST-00171,TRD,C17,OHE_REPAIR,OHE_DAMAGE,1,4,0.624,0,0.783,0.086,1,151,2026-09-29,OVERDUE,36.45,LOW
MT-003129,AST-00004,S&T,C09,INSPECTION,SIGNAL_FAILURE,5,4,0.524,10,1.409,0.585,1,75,2026-09-27,OVERDUE,87.38,CRITICAL
MT-003130,AST-00163,S&T,C04,PREVENTIVE,AXLE_COUNTER_FAULT,2,3,0.701,8,1.078,0.337,1,67,2026-09-12,OVERDUE,38.12,LOW
MT-003131,AST-00230,ENGINEERING,C20,PREVENTIVE,TRACK_GEOMETRY,3,3,0.863,0,0.913,0.256,1,107,2026-09-12,SCHEDULED,36.2,LOW
MT-003132,AST-00262,TRD,C03,INSPECTION,INSULATOR_FAILURE,2,2,0.777,15,0.66,0.216,1,88,2026-09-30,OPEN,26.59,LOW
MT-003133,AST-00473,S&T,C06,PREVENTIVE,INTERLOCKING_FAULT,5,1,0.685,26,1.256,0.734,1,113,2026-09-12,OPEN,81.49,CRITICAL
MT-003134,AST-00167,ENGINEERING,C07,CORRECTIVE,RAIL_CRACK,5,4,0.657,0,1.363,0.857,1,124,2026-09-04,OVERDUE,89.81,CRITICAL
MT-003135,AST-00338,ENGINEERING,C07,INSPECTION,RAIL_CRACK,2,4,0.68,4,1.37,0.271,1,55,2026-09-29,OPEN,34.43,LOW
MT-003136,AST-00319,TRD,C18,PREVENTIVE,FEEDER_FAULT,2,5,0.618,16,0.735,0.467,1,91,2026-09-19,SCHEDULED,65.93,HIGH
MT-003137,AST-00208,ENGINEERING,C19,REPAIR,BALLAST_DEFECT,4,3,0.75,2,1.188,0.724,1,168,2026-09-04,OVERDUE,72.89,HIGH
MT-003138,AST-00127,S&T,C16,CORRECTIVE,RELAY_FAULT,3,4,0.737,18,1.033,0.746,1,104,2026-09-20,OVERDUE,68.17,HIGH
MT-003139,AST-00045,S&T,C08,SIGNAL_REPAIR,CABLE_FAULT,5,4,0.751,0,0.847,0.642,1,167,2026-09-14,OPEN,87.38,CRITICAL
MT-003140,AST-00104,TRD,C09,PREVENTIVE,CONTACT_WIRE_DEFECT,4,5,0.7,8,0.833,0.674,1,105,2026-09-13,OPEN,83.48,CRITICAL
MT-003141,AST-00486,ENGINEERING,C12,CORRECTIVE,RAIL_CRACK,4,3,0.625,20,1.031,0.557,1,130,2026-09-21,OVERDUE,80.54,CRITICAL
MT-003142,AST-00122,ENGINEERING,C12,CORRECTIVE,RAIL_CRACK,4,3,0.902,0,0.614,0.894,1,136,2026-09-29,OPEN,63.48,HIGH
MT-003143,AST-00114,ENGINEERING,C10,CORRECTIVE,POINT_DEFECT,5,2,0.825,4,0.489,0.76,0.961,150,2026-09-19,OPEN,65.36,HIGH
MT-003144,AST-00079,S&T,C01,CORRECTIVE,INTERLOCKING_FAULT,3,5,0.746,2,0.579,0.59,1,122,2026-09-29,SCHEDULED,69.99,HIGH
MT-003145,AST-00099,ENGINEERING,C14,CORRECTIVE,STRUCTURAL_DEFECT,4,3,0.786,11,0.983,0.592,1,139,2026-09-14,SCHEDULED,73.31,HIGH
MT-003146,AST-00483,ENGINEERING,C18,CORRECTIVE,POINT_DEFECT,2,2,0.744,9,1.192,0.516,1,66,2026-09-16,OVERDUE,28.98,LOW
MT-003147,AST-00344,S&T,C11,CORRECTIVE,SIGNAL_FAILURE,4,4,0.775,24,1.262,0.688,1,175,2026-09-17,OPEN,84.45,CRITICAL
MT-003148,AST-00003,ENGINEERING,C20,CORRECTIVE,STRUCTURAL_DEFECT,5,4,0.454,7,1.112,0.826,1,134,2026-09-30,OPEN,84.35,CRITICAL
MT-003149,AST-00360,TRD,C11,INSPECTION,INSULATOR_FAILURE,4,4,0.886,19,0.872,0.574,1,95,2026-09-26,SCHEDULED,62.85,HIGH
MT-003150,AST-00216,S&T,C17,PREVENTIVE,SIGNAL_FAILURE,2,4,0.502,15,1.542,0.38,1,95,2026-09-29,OVERDUE,61.23,HIGH
MT-003151,AST-00199,ENGINEERING,C04,INSPECTION,STRUCTURAL_DEFECT,2,2,0.624,11,1.072,0.428,1,76,2026-09-17,OPEN,42.08,MEDIUM
MT-003152,AST-00323,ENGINEERING,C01,PREVENTIVE,RAIL_CRACK,4,3,0.61,0,0.928,0.35,1,109,2026-09-05,OPEN,51.67,MEDIUM
MT-003153,AST-00427,TRD,C04,PREVENTIVE,INSULATOR_FAILURE,4,3,0.707,8,0.752,0.672,1,102,2026-09-11,OPEN,66.35,HIGH
MT-003154,AST-00103,TRD,C11,INSPECTION,CONTACT_WIRE_DEFECT,3,4,0.617,0,1.041,0.565,1,91,2026-09-07,OVERDUE,62.08,HIGH
MT-003155,AST-00190,ENGINEERING,C15,CORRECTIVE,BALLAST_DEFECT,3,3,0.775,0,0.635,0.546,1,149,2026-09-12,OPEN,52.18,MEDIUM
MT-003156,AST-00042,S&T,C11,CORRECTIVE,SIGNAL_FAILURE,2,3,0.641,0,1.529,0.318,1,111,2026-09-09,OPEN,33.73,LOW
MT-003157,AST-00035,ENGINEERING,C08,PREVENTIVE,POINT_DEFECT,1,5,0.586,15,1.515,0.14,1,73,2026-09-16,OPEN,43.99,MEDIUM
MT-003158,AST-00180,ENGINEERING,C14,REPAIR,STRUCTURAL_DEFECT,2,4,0.591,18,0.642,0.348,1,126,2026-09-25,OPEN,59.16,MEDIUM
MT-003159,AST-00364,TRD,C13,PREVENTIVE,INSULATOR_FAILURE,2,4,0.709,0,1.402,0.414,1,74,2026-09-15,OPEN,50.33,MEDIUM
MT-003160,AST-00104,TRD,C09,PREVENTIVE,INSULATOR_FAILURE,5,5,0.7,0,1.44,0.601,1,96,2026-09-28,SCHEDULED,91.85,CRITICAL
MT-003161,AST-00417,TRD,C15,OHE_REPAIR,INSULATOR_FAILURE,3,3,0.854,18,0.781,0.449,1,141,2026-09-02,OVERDUE,53.33,MEDIUM
MT-003162,AST-00383,TRD,C03,PREVENTIVE,FEEDER_FAULT,3,3,0.64,5,0.733,0.569,1,78,2026-09-21,OVERDUE,48.01,MEDIUM
MT-003163,AST-00103,TRD,C11,PREVENTIVE,FEEDER_FAULT,1,4,0.617,0,1.134,0.394,1,64,2026-09-05,OVERDUE,37.57,LOW
MT-003164,AST-00341,S&T,C04,SIGNAL_REPAIR,AXLE_COUNTER_FAULT,2,3,0.847,10,0.701,0.342,1,108,2026-09-08,OPEN,39.73,LOW
MT-003165,AST-00211,TRD,C20,PREVENTIVE,INSULATOR_FAILURE,3,3,0.545,5,1.632,0.463,1,68,2026-09-01,SCHEDULED,61.27,HIGH
MT-003166,AST-00440,ENGINEERING,C11,CORRECTIVE,POINT_DEFECT,1,4,0.856,12,0.565,0.238,1,114,2026-09-27,OPEN,41.49,MEDIUM
MT-003167,AST-00187,ENGINEERING,C13,REPAIR,TRACK_GEOMETRY,5,1,0.679,17,0.986,0.728,1,166,2026-09-11,OPEN,73.14,HIGH
MT-003168,AST-00163,S&T,C04,SIGNAL_REPAIR,SIGNAL_FAILURE,2,3,0.701,18,0.802,0.452,1,112,2026-09-03,OVERDUE,49.55,MEDIUM
MT-003169,AST-00078,S&T,C19,PREVENTIVE,INTERLOCKING_FAULT,1,5,0.627,30,0.945,0.215,1,69,2026-09-20,SCHEDULED,51.71,MEDIUM
MT-003170,AST-00476,TRD,C01,INSPECTION,INSULATOR_FAILURE,3,4,0.829,15,0.731,0.773,1,62,2026-09-05,OPEN,46.39,MEDIUM
MT-003171,AST-00460,S&T,C19,CORRECTIVE,SIGNAL_FAILURE,2,2,0.891,2,0.445,0.291,1,114,2026-09-06,OVERDUE,26.38,LOW
MT-003172,AST-00267,ENGINEERING,C13,REPAIR,RAIL_CRACK,3,2,0.617,7,0.952,0.493,1,154,2026-09-13,OVERDUE,47.46,MEDIUM
MT-003173,AST-00338,ENGINEERING,C07,CORRECTIVE,POINT_DEFECT,5,4,0.68,0,1.199,0.656,1,127,2026-09-10,OVERDUE,89.87,CRITICAL
MT-003174,AST-00183,TRD,C07,OHE_REPAIR,CONTACT_WIRE_DEFECT,3,2,0.612,0,1.008,0.555,1,125,2026-09-16,OVERDUE,38.89,LOW
MT-003175,AST-00200,TRD,C08,CORRECTIVE,TRANSFORMER_FAULT,1,4,0.784,2,1.243,0.306,1,82,2026-09-08,OVERDUE,33.82,LOW
MT-003176,AST-00191,S&T,C17,SIGNAL_REPAIR,RELAY_FAULT,3,4,0.604,27,1.125,0.383,1,125,2026-09-05,OPEN,75.15,HIGH
MT-003177,AST-00347,ENGINEERING,C02,REPAIR,TRACK_GEOMETRY,3,3,0.441,11,1.481,0.428,1,160,2026-09-11,OPEN,70.54,HIGH
MT-003178,AST-00002,TRD,C19,OHE_REPAIR,TRANSFORMER_FAULT,3,1,0.85,1,0.282,0.606,1,163,2026-09-20,SCHEDULED,34.11,LOW
MT-003179,AST-00455,S&T,C18,SIGNAL_REPAIR,AXLE_COUNTER_FAULT,2,1,0.807,0,0.497,0.335,1,101,2026-09-10,OPEN,18.57,LOW
MT-003180,AST-00233,TRD,C10,CORRECTIVE,CONTACT_WIRE_DEFECT,4,4,0.881,0,0.278,0.579,1,153,2026-09-30,SCHEDULED,56.49,MEDIUM
MT-003181,AST-00004,S&T,C09,INSPECTION,SIGNAL_FAILURE,2,4,0.524,0,1.13,0.201,1,56,2026-09-01,OPEN,43.35,MEDIUM
MT-003182,AST-00147,S&T,C10,PREVENTIVE,RELAY_FAULT,4,3,0.774,20,0.498,0.775,1,104,2026-09-21,SCHEDULED,73.77,HIGH
MT-003183,AST-00380,TRD,C05,PREVENTIVE,CONTACT_WIRE_DEFECT,3,3,0.708,15,0.979,0.566,1,72,2026-09-30,OVERDUE,59.95,MEDIUM
MT-003184,AST-00077,TRD,C03,PREVENTIVE,OHE_DAMAGE,3,3,0.722,6,0.767,0.58,1,100,2026-09-27,OPEN,47.05,MEDIUM
MT-003185,AST-00296,TRD,C08,PREVENTIVE,OHE_DAMAGE,3,4,0.54,38,0.722,0.578,1,83,2026-09-04,OPEN,74.05,HIGH
MT-003186,AST-00240,S&T,C13,INSPECTION,SIGNAL_FAILURE,1,3,0.901,0,0.513,0.361,1,54,2026-09-04,OVERDUE,14.22,LOW
MT-003187,AST-00336,ENGINEERING,C09,PREVENTIVE,STRUCTURAL_DEFECT,5,4,0.715,28,0.581,0.617,1,123,2026-09-10,OVERDUE,88.29,CRITICAL
MT-003188,AST-00134,S&T,C11,SIGNAL_REPAIR,CABLE_FAULT,3,5,0.71,0,1.301,0.667,1,112,2026-09-09,OVERDUE,73.44,HIGH
MT-003189,AST-00300,TRD,C18,INSPECTION,FEEDER_FAULT,2,5,0.694,6,0.865,0.401,1,77,2026-09-02,OPEN,57.36,MEDIUM
MT-003190,AST-00263,S&T,C10,INSPECTION,SIGNAL_FAILURE,4,4,0.973,6,0.182,0.784,1,83,2026-09-14,OVERDUE,56.97,MEDIUM
MT-003191,AST-00349,TRD,C16,INSPECTION,CONTACT_WIRE_DEFECT,3,3,0.94,19,0.47,0.541,1,79,2026-09-19,OPEN,55.26,MEDIUM
MT-003192,AST-00187,ENGINEERING,C13,PREVENTIVE,BALLAST_DEFECT,4,1,0.679,18,1.223,0.834,1,101,2026-09-02,OPEN,58.28,MEDIUM
MT-003193,AST-00436,S&T,C06,CORRECTIVE,CABLE_FAULT,5,5,0.825,0,0.368,0.704,1,148,2026-09-12,SCHEDULED,85.67,CRITICAL
MT-003194,AST-00390,ENGINEERING,C04,INSPECTION,BALLAST_DEFECT,2,5,0.646,11,1.276,0.292,1,78,2026-09-30,OPEN,65.87,HIGH
MT-003195,AST-00005,S&T,C09,PREVENTIVE,INTERLOCKING_FAULT,3,2,0.673,18,1.002,0.323,1,107,2026-09-04,OPEN,42.5,MEDIUM
MT-003196,AST-00308,S&T,C11,PREVENTIVE,AXLE_COUNTER_FAULT,3,4,0.76,21,0.465,0.464,1,107,2026-09-06,OVERDUE,59.84,MEDIUM
MT-003197,AST-00437,ENGINEERING,C03,PREVENTIVE,RAIL_CRACK,4,2,0.57,6,0.914,0.597,1,92,2026-09-19,OPEN,60.91,HIGH
MT-003198,AST-00303,S&T,C15,PREVENTIVE,INTERLOCKING_FAULT,1,2,0.712,24,1.017,0.258,1,68,2026-09-08,OVERDUE,34.12,LOW
MT-003199,AST-00049,ENGINEERING,C14,INSPECTION,STRUCTURAL_DEFECT,3,2,0.785,7,0.552,0.812,1,100,2026-09-03,OPEN,52.85,MEDIUM
MT-003200,AST-00327,ENGINEERING,C02,INSPECTION,RAIL_CRACK,5,4,0.696,21,1.244,0.811,1,93,2026-09-05,OPEN,88.24,CRITICAL
MT-003201,AST-00301,ENGINEERING,C13,INSPECTION,STRUCTURAL_DEFECT,2,5,0.894,7,0.802,0.336,1,65,2026-09-15,OVERDUE,50.71,MEDIUM
MT-003202,AST-00335,S&T,C11,INSPECTION,RELAY_FAULT,4,2,0.745,21,0.94,0.382,1,100,2026-09-30,OVERDUE,65.28,HIGH
MT-003203,AST-00139,TRD,C13,PREVENTIVE,TRANSFORMER_FAULT,5,5,0.701,9,0.894,0.641,1,102,2026-09-18,OVERDUE,84.69,CRITICAL
MT-003204,AST-00486,ENGINEERING,C12,INSPECTION,RAIL_CRACK,5,3,0.625,17,1.339,0.735,1,86,2026-09-29,SCHEDULED,81.38,CRITICAL
MT-003205,AST-00259,ENGINEERING,C15,REPAIR,RAIL_CRACK,3,4,0.768,2,0.413,0.402,1,183,2026-09-20,OPEN,69.88,HIGH
MT-003206,AST-00378,ENGINEERING,C18,PREVENTIVE,POINT_DEFECT,5,5,0.711,4,0.535,0.779,1,109,2026-09-12,OPEN,83.78,CRITICAL
MT-003207,AST-00395,ENGINEERING,C11,INSPECTION,STRUCTURAL_DEFECT,4,5,0.62,0,1.402,0.651,1,81,2026-09-24,OPEN,88.17,CRITICAL
MT-003208,AST-00140,S&T,C16,SIGNAL_REPAIR,INTERLOCKING_FAULT,3,1,0.752,22,0.661,0.92,1,126,2026-09-11,OVERDUE,40.68,MEDIUM
MT-003209,AST-00238,TRD,C15,CORRECTIVE,FEEDER_FAULT,2,4,0.77,13,1.313,0.486,1,97,2026-09-24,SCHEDULED,62.08,HIGH
MT-003210,AST-00305,S&T,C06,SIGNAL_REPAIR,INTERLOCKING_FAULT,3,4,0.56,0,1.647,0.616,1,115,2026-09-09,OPEN,70.02,HIGH
MT-003211,AST-00086,TRD,C02,CORRECTIVE,FEEDER_FAULT,3,5,0.584,22,1.026,0.254,1,103,2026-09-03,SCHEDULED,66.35,HIGH
MT-003212,AST-00117,TRD,C15,PREVENTIVE,CONTACT_WIRE_DEFECT,5,3,0.559,21,1.157,0.83,1,89,2026-09-24,OVERDUE,88.44,CRITICAL
MT-003213,AST-00416,S&T,C11,INSPECTION,RELAY_FAULT,1,1,0.972,8,0.109,0.144,1,43,2026-09-01,OPEN,11.11,LOW
MT-003214,AST-00359,ENGINEERING,C13,CORRECTIVE,STRUCTURAL_DEFECT,2,4,0.577,9,1.313,0.349,1,111,2026-09-02,OVERDUE,48.59,MEDIUM
MT-003215,AST-00315,ENGINEERING,C17,INSPECTION,BALLAST_DEFECT,3,4,0.864,0,0.831,0.493,1,76,2026-09-02,OVERDUE,53.75,MEDIUM
MT-003216,AST-00184,S&T,C09,CORRECTIVE,CABLE_FAULT,3,3,0.849,26,0.795,0.595,1,117,2026-09-16,OPEN,60.24,HIGH
MT-003217,AST-00180,ENGINEERING,C14,CORRECTIVE,STRUCTURAL_DEFECT,2,4,0.591,6,1.43,0.315,1,143,2026-09-18,OPEN,72.02,HIGH
MT-003218,AST-00130,S&T,C08,CORRECTIVE,RELAY_FAULT,4,4,0.825,7,0.299,0.418,1,156,2026-09-14,OVERDUE,63.6,HIGH
MT-003219,AST-00371,S&T,C09,PREVENTIVE,SIGNAL_FAILURE,4,3,0.871,19,0.727,0.495,1,88,2026-09-14,OPEN,51.92,MEDIUM
MT-003220,AST-00139,TRD,C13,INSPECTION,TRANSFORMER_FAULT,3,5,0.701,12,0.699,0.496,1,77,2026-09-23,OPEN,60.62,HIGH
MT-003221,AST-00229,S&T,C05,SIGNAL_REPAIR,INTERLOCKING_FAULT,2,2,0.834,0,0.4,0.366,1,111,2026-09-11,SCHEDULED,26.62,LOW
MT-003222,AST-00142,ENGINEERING,C06,CORRECTIVE,POINT_DEFECT,4,5,0.649,20,0.687,0.626,1,121,2026-09-15,OPEN,84.45,CRITICAL
MT-003223,AST-00411,S&T,C10,INSPECTION,AXLE_COUNTER_FAULT,1,4,0.557,16,1.444,0.348,1,55,2026-09-10,OPEN,54.92,MEDIUM
MT-003224,AST-00097,ENGINEERING,C11,PREVENTIVE,POINT_DEFECT,3,3,0.587,22,1.099,0.558,1,90,2026-09-19,OPEN,64.69,HIGH
MT-003225,AST-00444,S&T,C17,INSPECTION,RELAY_FAULT,2,2,0.719,27,0.596,0.521,1,57,2026-09-05,SCHEDULED,34.06,LOW
MT-003226,AST-00361,TRD,C03,OHE_REPAIR,TRANSFORMER_FAULT,4,2,0.858,7,0.247,0.67,1,139,2026-09-15,OVERDUE,43.84,MEDIUM
MT-003227,AST-00110,ENGINEERING,C14,PREVENTIVE,POINT_DEFECT,3,4,0.781,6,1.21,0.29,1,99,2026-09-17,OPEN,65.68,HIGH
MT-003228,AST-00248,TRD,C15,INSPECTION,OHE_DAMAGE,5,2,0.579,20,0.769,0.605,1,94,2026-09-23,SCHEDULED,75.14,HIGH
MT-003229,AST-00412,ENGINEERING,C14,CORRECTIVE,RAIL_CRACK,2,5,0.503,8,1.275,0.657,1,104,2026-09-13,OPEN,66.88,HIGH
MT-003230,AST-00238,TRD,C15,INSPECTION,TRANSFORMER_FAULT,4,4,0.77,6,1.194,0.474,1,87,2026-09-26,OVERDUE,73.22,HIGH
MT-003231,AST-00154,TRD,C17,INSPECTION,TRANSFORMER_FAULT,2,5,0.822,0,0.918,0.555,1,75,2026-09-19,OPEN,47.36,MEDIUM
MT-003232,AST-00322,S&T,C06,SIGNAL_REPAIR,CABLE_FAULT,2,3,0.771,31,0.351,0.606,1,111,2026-09-04,SCHEDULED,50.99,MEDIUM
MT-003233,AST-00136,TRD,C05,INSPECTION,CONTACT_WIRE_DEFECT,3,5,0.924,0,0.558,0.505,1,76,2026-09-25,OVERDUE,56.96,MEDIUM
MT-003234,AST-00135,S&T,C14,INSPECTION,SIGNAL_FAILURE,3,5,0.552,23,1.666,0.303,1,59,2026-09-17,OPEN,81.85,CRITICAL
MT-003235,AST-00412,ENGINEERING,C14,REPAIR,RAIL_CRACK,1,5,0.503,2,0.774,0.213,1,123,2026-09-24,OPEN,49.67,MEDIUM
MT-003236,AST-00381,TRD,C13,OHE_REPAIR,CONTACT_WIRE_DEFECT,5,4,0.505,8,1.216,0.823,1,167,2026-09-06,OPEN,88.64,CRITICAL
MT-003237,AST-00147,S&T,C10,CORRECTIVE,RELAY_FAULT,2,3,0.774,8,1.277,0.37,1,115,2026-09-23,OVERDUE,45.85,MEDIUM
MT-003238,AST-00412,ENGINEERING,C14,CORRECTIVE,RAIL_CRACK,2,5,0.503,14,1.013,0.462,1,120,2026-09-26,OPEN,66.21,HIGH
MT-003239,AST-00420,TRD,C01,CORRECTIVE,CONTACT_WIRE_DEFECT,2,5,0.461,0,1.292,0.271,1,111,2026-09-20,OVERDUE,59.48,MEDIUM
MT-003240,AST-00087,ENGINEERING,C05,INSPECTION,TRACK_GEOMETRY,2,4,0.782,30,0.898,0.562,1,76,2026-09-16,OPEN,65.73,HIGH
MT-003241,AST-00467,ENGINEERING,C13,CORRECTIVE,TRACK_GEOMETRY,3,2,0.729,1,1.262,0.623,1,123,2026-09-23,OVERDUE,43.44,MEDIUM
MT-003242,AST-00135,S&T,C14,SIGNAL_REPAIR,INTERLOCKING_FAULT,3,5,0.552,15,0.873,0.401,1,144,2026-09-14,SCHEDULED,77.36,HIGH
MT-003243,AST-00222,ENGINEERING,C16,INSPECTION,STRUCTURAL_DEFECT,4,3,0.594,1,1.481,0.577,1,67,2026-09-05,OVERDUE,69.02,HIGH
MT-003244,AST-00151,S&T,C07,INSPECTION,CABLE_FAULT,2,4,0.66,7,0.662,0.418,1,82,2026-09-19,OPEN,46.08,MEDIUM
MT-003245,AST-00285,TRD,C19,CORRECTIVE,INSULATOR_FAILURE,3,2,0.679,13,1.118,0.53,1,109,2026-09-12,OPEN,50.33,MEDIUM
MT-003246,AST-00440,ENGINEERING,C11,REPAIR,BALLAST_DEFECT,4,4,0.856,10,0.374,0.619,1,161,2026-09-11,OPEN,71.79,HIGH
MT-003247,AST-00430,TRD,C07,INSPECTION,TRANSFORMER_FAULT,2,5,0.497,0,1.559,0.401,1,59,2026-09-05,OPEN,65.66,HIGH
MT-003248,AST-00498,ENGINEERING,C03,REPAIR,POINT_DEFECT,2,5,0.916,13,0.237,0.387,1,137,2026-09-12,SCHEDULED,54.36,MEDIUM
MT-003249,AST-00247,ENGINEERING,C13,PREVENTIVE,STRUCTURAL_DEFECT,5,2,0.637,19,1.224,0.6,1,120,2026-09-16,OVERDUE,76.94,HIGH
MT-003250,AST-00341,S&T,C04,INSPECTION,AXLE_COUNTER_FAULT,3,3,0.847,23,0.453,0.442,1,68,2026-09-08,OVERDUE,50.72,MEDIUM
MT-003251,AST-00422,S&T,C12,PREVENTIVE,AXLE_COUNTER_FAULT,3,2,0.711,9,1.124,0.596,1,72,2026-09-30,OPEN,53.17,MEDIUM
MT-003252,AST-00292,S&T,C18,SIGNAL_REPAIR,INTERLOCKING_FAULT,3,3,0.592,25,0.964,0.487,1,109,2026-09-04,OVERDUE,73.92,HIGH
MT-003253,AST-00281,ENGINEERING,C17,REPAIR,STRUCTURAL_DEFECT,4,2,0.592,19,1.417,0.617,1,157,2026-09-13,OVERDUE,63.58,HIGH
MT-003254,AST-00373,TRD,C15,CORRECTIVE,FEEDER_FAULT,4,3,0.632,13,1.156,0.499,0.995,134,2026-09-05,OPEN,72.7,HIGH
MT-003255,AST-00452,ENGINEERING,C02,PREVENTIVE,BALLAST_DEFECT,5,2,0.77,0,1.169,0.645,1,92,2026-09-23,OPEN,72.57,HIGH
MT-003256,AST-00133,TRD,C16,CORRECTIVE,FEEDER_FAULT,3,3,0.557,5,0.932,0.715,1,102,2026-09-19,OVERDUE,51.56,MEDIUM
MT-003257,AST-00078,S&T,C19,SIGNAL_REPAIR,INTERLOCKING_FAULT,5,5,0.627,15,1.427,0.788,1,161,2026-09-02,OPEN,90.03,CRITICAL
MT-003258,AST-00139,TRD,C13,OHE_REPAIR,CONTACT_WIRE_DEFECT,3,5,0.701,1,1.435,0.522,1,140,2026-09-21,OVERDUE,69.2,HIGH
MT-003259,AST-00285,TRD,C19,CORRECTIVE,FEEDER_FAULT,2,2,0.679,4,0.912,0.437,1,111,2026-09-07,OVERDUE,31.6,LOW
MT-003260,AST-00313,ENGINEERING,C20,CORRECTIVE,TRACK_GEOMETRY,4,3,0.511,0,1.381,0.494,1,165,2026-09-23,SCHEDULED,74.88,HIGH
MT-003261,AST-00279,S&T,C18,INSPECTION,AXLE_COUNTER_FAULT,3,4,0.772,22,0.542,0.487,1,84,2026-09-16,OVERDUE,57.15,MEDIUM
MT-003262,AST-00321,S&T,C13,PREVENTIVE,AXLE_COUNTER_FAULT,3,4,0.56,13,1.101,0.483,1,101,2026-09-06,SCHEDULED,65.3,HIGH
MT-003263,AST-00381,TRD,C13,OHE_REPAIR,CONTACT_WIRE_DEFECT,3,4,0.505,0,1.346,0.249,1,151,2026-09-10,OPEN,62.36,HIGH
MT-003264,AST-00153,S&T,C05,SIGNAL_REPAIR,AXLE_COUNTER_FAULT,3,3,0.668,1,0.784,0.492,1,136,2026-09-27,OVERDUE,52.79,MEDIUM
MT-003265,AST-00213,TRD,C10,OHE_REPAIR,FEEDER_FAULT,2,5,0.697,18,1.032,0.418,1,91,2026-09-29,OPEN,65.1,HIGH
MT-003266,AST-00293,TRD,C13,CORRECTIVE,INSULATOR_FAILURE,2,3,0.909,12,0.187,0.364,1,128,2026-09-27,OVERDUE,32.86,LOW
MT-003267,AST-00147,S&T,C10,PREVENTIVE,RELAY_FAULT,1,3,0.774,3,0.766,0.138,1,54,2026-09-29,OVERDUE,15.69,LOW
MT-003268,AST-00375,TRD,C05,OHE_REPAIR,INSULATOR_FAILURE,3,3,0.651,6,1.43,0.295,1,161,2026-09-30,OPEN,63.26,HIGH
MT-003269,AST-00096,S&T,C15,SIGNAL_REPAIR,RELAY_FAULT,5,4,1.0,21,0.603,0.579,1,156,2026-09-18,OVERDUE,76.27,HIGH
MT-003270,AST-00141,TRD,C10,PREVENTIVE,INSULATOR_FAILURE,4,2,0.696,8,0.66,0.79,1,83,2026-09-08,OPEN,62.69,HIGH
MT-003271,AST-00183,TRD,C07,OHE_REPAIR,INSULATOR_FAILURE,3,2,0.612,9,1.407,0.584,1,150,2026-09-13,SCHEDULED,62.05,HIGH
MT-003272,AST-00051,ENGINEERING,C05,INSPECTION,RAIL_CRACK,4,4,0.953,27,0.697,0.721,1,96,2026-09-10,OVERDUE,75.59,HIGH
MT-003273,AST-00215,TRD,C13,OHE_REPAIR,TRANSFORMER_FAULT,2,3,0.488,0,1.252,0.384,1,136,2026-09-21,OPEN,46.13,MEDIUM
MT-003274,AST-00470,ENGINEERING,C03,REPAIR,TRACK_GEOMETRY,2,5,0.506,0,1.036,0.286,1,140,2026-09-09,OVERDUE,57.43,MEDIUM
MT-003275,AST-00402,ENGINEERING,C18,REPAIR,POINT_DEFECT,2,4,0.751,10,1.281,0.637,1,169,2026-09-14,OPEN,64.95,HIGH
MT-003276,AST-00345,TRD,C16,CORRECTIVE,CONTACT_WIRE_DEFECT,3,2,0.894,20,1.112,0.497,1,114,2026-09-04,SCHEDULED,42.14,MEDIUM
MT-003277,AST-00040,TRD,C08,INSPECTION,CONTACT_WIRE_DEFECT,2,2,0.958,7,0.582,0.209,1,95,2026-09-04,OVERDUE,24.84,LOW
MT-003278,AST-00189,TRD,C19,INSPECTION,OHE_DAMAGE,3,4,0.643,6,0.666,0.424,1,72,2026-09-04,OVERDUE,61.61,HIGH
MT-003279,AST-00352,S&T,C09,SIGNAL_REPAIR,INTERLOCKING_FAULT,1,2,0.74,2,0.406,0.35,1,102,2026-09-12,OPEN,21.52,LOW
MT-003280,AST-00161,S&T,C04,INSPECTION,CABLE_FAULT,5,3,0.731,20,0.807,0.603,1,64,2026-09-08,OPEN,75.26,HIGH
MT-003281,AST-00192,TRD,C10,PREVENTIVE,TRANSFORMER_FAULT,3,3,0.622,3,1.141,0.441,1,61,2026-09-12,OPEN,46.42,MEDIUM
MT-003282,AST-00480,TRD,C08,OHE_REPAIR,FEEDER_FAULT,4,5,0.965,25,0.537,0.548,1,180,2026-09-01,OVERDUE,79.87,HIGH
MT-003283,AST-00223,S&T,C10,CORRECTIVE,INTERLOCKING_FAULT,3,2,0.705,13,0.774,0.525,1,120,2026-09-24,OVERDUE,32.85,LOW
MT-003284,AST-00245,ENGINEERING,C10,REPAIR,POINT_DEFECT,3,2,0.614,3,1.467,0.535,1,132,2026-09-29,OPEN,44.5,MEDIUM
MT-003285,AST-00027,ENGINEERING,C08,INSPECTION,TRACK_GEOMETRY,3,3,0.552,7,0.927,0.511,1,76,2026-09-03,SCHEDULED,65.31,HIGH
MT-003286,AST-00352,S&T,C09,INSPECTION,RELAY_FAULT,5,2,0.74,0,0.794,0.821,1,85,2026-09-23,OPEN,67.12,HIGH
MT-003287,AST-00356,ENGINEERING,C02,CORRECTIVE,RAIL_CRACK,4,3,0.775,23,1.074,0.566,1,140,2026-09-27,OPEN,65.91,HIGH
MT-003288,AST-00024,ENGINEERING,C05,INSPECTION,POINT_DEFECT,4,4,0.747,11,0.859,0.288,1,109,2026-09-17,OVERDUE,65.38,HIGH
MT-003289,AST-00093,S&T,C04,INSPECTION,RELAY_FAULT,5,5,0.916,22,0.248,0.522,1,102,2026-09-05,SCHEDULED,87.91,CRITICAL
MT-003290,AST-00130,S&T,C08,PREVENTIVE,CABLE_FAULT,5,4,0.825,10,0.494,0.701,1,129,2026-09-23,OPEN,78.41,HIGH
MT-003291,AST-00059,S&T,C04,INSPECTION,SIGNAL_FAILURE,2,3,0.805,6,0.351,0.376,1,97,2026-09-17,OVERDUE,33.22,LOW
MT-003292,AST-00097,ENGINEERING,C11,INSPECTION,BALLAST_DEFECT,5,3,0.587,19,1.447,0.976,1,81,2026-09-07,SCHEDULED,88.23,CRITICAL
MT-003293,AST-00233,TRD,C10,CORRECTIVE,TRANSFORMER_FAULT,4,4,0.881,13,0.839,0.576,1,120,2026-09-24,SCHEDULED,75.52,HIGH
MT-003294,AST-00061,S&T,C07,SIGNAL_REPAIR,INTERLOCKING_FAULT,4,4,0.798,27,1.018,0.69,1,120,2026-09-24,OVERDUE,82.56,CRITICAL
MT-003295,AST-00329,S&T,C20,PREVENTIVE,SIGNAL_FAILURE,5,5,0.765,7,1.118,0.841,1,136,2026-09-10,OPEN,92.71,CRITICAL
MT-003296,AST-00370,ENGINEERING,C17,PREVENTIVE,BALLAST_DEFECT,2,4,0.739,20,0.431,0.512,1,119,2026-09-18,OVERDUE,45.64,MEDIUM
MT-003297,AST-00476,TRD,C01,PREVENTIVE,CONTACT_WIRE_DEFECT,3,4,0.829,10,0.602,0.339,1,57,2026-09-11,OPEN,57.39,MEDIUM
MT-003298,AST-00024,ENGINEERING,C05,PREVENTIVE,TRACK_GEOMETRY,5,4,0.747,7,0.635,0.645,1,97,2026-09-17,OVERDUE,83.11,CRITICAL
MT-003299,AST-00064,S&T,C10,INSPECTION,CABLE_FAULT,2,2,0.812,0,0.677,0.513,1,52,2026-09-03,SCHEDULED,32.9,LOW
MT-003300,AST-00389,TRD,C12,PREVENTIVE,OHE_DAMAGE,4,3,0.947,12,0.828,0.526,1,92,2026-09-10,SCHEDULED,62.86,HIGH
MT-003301,AST-00293,TRD,C13,OHE_REPAIR,CONTACT_WIRE_DEFECT,5,3,0.909,17,0.896,0.703,1,151,2026-09-26,OPEN,74.23,HIGH
MT-003302,AST-00083,TRD,C03,OHE_REPAIR,TRANSFORMER_FAULT,3,2,0.865,3,0.545,0.383,1,151,2026-09-19,OPEN,31.25,LOW
MT-003303,AST-00071,ENGINEERING,C08,PREVENTIVE,STRUCTURAL_DEFECT,3,3,0.703,0,0.971,0.692,1,70,2026-09-04,OPEN,49.38,MEDIUM
MT-003304,AST-00062,TRD,C07,PREVENTIVE,CONTACT_WIRE_DEFECT,2,3,0.794,0,0.829,0.326,1,38,2026-09-19,SCHEDULED,30.83,LOW
MT-003305,AST-00427,TRD,C04,INSPECTION,OHE_DAMAGE,3,3,0.707,25,0.501,0.476,1,78,2026-09-12,OPEN,51.47,MEDIUM
MT-003306,AST-00184,S&T,C09,SIGNAL_REPAIR,SIGNAL_FAILURE,4,3,0.849,10,0.829,0.546,1,148,2026-09-25,OPEN,64.16,HIGH
MT-003307,AST-00018,S&T,C01,SIGNAL_REPAIR,AXLE_COUNTER_FAULT,2,4,0.581,0,1.598,0.49,1,121,2026-09-03,OPEN,69.59,HIGH
MT-003308,AST-00445,S&T,C04,SIGNAL_REPAIR,AXLE_COUNTER_FAULT,4,4,0.529,6,1.293,0.28,1,128,2026-09-02,OPEN,68.06,HIGH
MT-003309,AST-00225,TRD,C17,CORRECTIVE,OHE_DAMAGE,4,3,0.596,13,0.934,0.684,1,137,2026-09-16,SCHEDULED,69.38,HIGH
MT-003310,AST-00006,S&T,C20,SIGNAL_REPAIR,SIGNAL_FAILURE,2,5,0.849,1,0.325,0.474,1,120,2026-09-04,OVERDUE,41.56,MEDIUM
MT-003311,AST-00425,TRD,C17,OHE_REPAIR,OHE_DAMAGE,3,5,0.947,0,0.19,0.352,1,127,2026-09-25,OVERDUE,50.71,MEDIUM
MT-003312,AST-00232,S&T,C18,PREVENTIVE,RELAY_FAULT,3,4,0.686,0,1.298,0.644,1,95,2026-09-12,OVERDUE,69.48,HIGH
MT-003313,AST-00324,ENGINEERING,C15,PREVENTIVE,TRACK_GEOMETRY,4,2,0.799,1,0.443,0.518,1,68,2026-09-12,OVERDUE,48.49,MEDIUM
MT-003314,AST-00374,S&T,C15,INSPECTION,SIGNAL_FAILURE,5,3,0.759,0,0.402,0.693,1,85,2026-09-28,OPEN,68.05,HIGH
MT-003315,AST-00322,S&T,C06,INSPECTION,CABLE_FAULT,5,3,0.771,21,1.041,0.589,1,100,2026-09-09,SCHEDULED,83.56,CRITICAL
MT-003316,AST-00339,ENGINEERING,C20,CORRECTIVE,RAIL_CRACK,4,3,0.633,18,0.837,0.55,1,104,2026-09-17,OPEN,71.72,HIGH
MT-003317,AST-00059,S&T,C04,PREVENTIVE,AXLE_COUNTER_FAULT,2,3,0.805,0,0.854,0.526,1,90,2026-09-15,OPEN,36.92,LOW
MT-003318,AST-00175,ENGINEERING,C20,REPAIR,TRACK_GEOMETRY,3,4,0.703,10,1.443,0.516,1,139,2026-09-23,OPEN,73.64,HIGH
MT-003319,AST-00202,TRD,C08,OHE_REPAIR,CONTACT_WIRE_DEFECT,1,2,0.756,0,0.888,0.326,1,154,2026-09-04,OVERDUE,24.9,LOW
MT-003320,AST-00452,ENGINEERING,C02,INSPECTION,TRACK_GEOMETRY,2,2,0.77,16,1.325,0.521,1,37,2026-09-02,OPEN,41.8,MEDIUM
MT-003321,AST-00471,ENGINEERING,C11,REPAIR,BALLAST_DEFECT,5,2,0.712,0,0.739,0.617,1,178,2026-09-04,SCHEDULED,73.37,HIGH
MT-003322,AST-00300,TRD,C18,PREVENTIVE,CONTACT_WIRE_DEFECT,3,5,0.694,11,0.961,0.465,1,82,2026-09-30,OVERDUE,69.09,HIGH
MT-003323,AST-00380,TRD,C05,CORRECTIVE,TRANSFORMER_FAULT,5,3,0.708,0,1.219,0.748,1,152,2026-09-19,OPEN,74.77,HIGH
MT-003324,AST-00054,ENGINEERING,C06,CORRECTIVE,TRACK_GEOMETRY,4,5,0.499,5,1.585,0.695,1,114,2026-09-03,OPEN,82.41,CRITICAL
MT-003325,AST-00218,ENGINEERING,C05,CORRECTIVE,POINT_DEFECT,1,3,0.658,17,0.795,0.209,1,99,2026-09-06,OPEN,26.02,LOW
MT-003326,AST-00423,TRD,C02,OHE_REPAIR,CONTACT_WIRE_DEFECT,2,4,0.697,0,1.07,0.521,1,147,2026-09-27,SCHEDULED,36.16,LOW
MT-003327,AST-00157,ENGINEERING,C18,INSPECTION,STRUCTURAL_DEFECT,1,4,0.511,1,0.745,0.229,1,58,2026-09-03,OPEN,32.81,LOW
MT-003328,AST-00414,S&T,C05,CORRECTIVE,INTERLOCKING_FAULT,3,4,0.952,0,0.934,0.364,1,133,2026-09-28,OVERDUE,51.04,MEDIUM
MT-003329,AST-00055,TRD,C14,INSPECTION,INSULATOR_FAILURE,3,2,0.683,28,0.489,0.494,1,87,2026-09-11,OPEN,45.18,MEDIUM
MT-003330,AST-00340,S&T,C12,PREVENTIVE,CABLE_FAULT,3,3,0.77,0,1.26,0.518,1,105,2026-09-12,OPEN,51.37,MEDIUM
MT-003331,AST-00426,S&T,C05,CORRECTIVE,SIGNAL_FAILURE,2,2,0.849,21,0.622,0.476,1,111,2026-09-26,OVERDUE,37.56,LOW
MT-003332,AST-00354,TRD,C03,CORRECTIVE,FEEDER_FAULT,3,3,0.931,0,0.145,0.624,1,147,2026-09-14,OVERDUE,49.34,MEDIUM
MT-003333,AST-00443,TRD,C06,PREVENTIVE,INSULATOR_FAILURE,5,1,0.669,7,1.312,0.851,0.891,128,2026-09-21,OPEN,70.32,HIGH
MT-003334,AST-00105,S&T,C07,PREVENTIVE,AXLE_COUNTER_FAULT,4,1,0.741,0,1.214,0.589,1,115,2026-09-16,SCHEDULED,51.37,MEDIUM
MT-003335,AST-00100,S&T,C03,PREVENTIVE,AXLE_COUNTER_FAULT,4,3,0.714,27,0.508,0.568,1,78,2026-09-04,OPEN,74.12,HIGH
MT-003336,AST-00180,ENGINEERING,C14,CORRECTIVE,POINT_DEFECT,5,4,0.591,12,1.281,0.441,1,115,2026-09-11,OVERDUE,81.88,CRITICAL
MT-003337,AST-00454,S&T,C20,INSPECTION,AXLE_COUNTER_FAULT,1,3,0.695,22,1.177,0.445,1,66,2026-09-17,OVERDUE,36.05,LOW
MT-003338,AST-00359,ENGINEERING,C13,CORRECTIVE,BALLAST_DEFECT,3,4,0.577,0,1.087,0.439,1,96,2026-09-14,OVERDUE,59.93,MEDIUM
MT-003339,AST-00305,S&T,C06,CORRECTIVE,CABLE_FAULT,4,4,0.56,0,0.722,0.679,1,137,2026-09-27,OVERDUE,74.4,HIGH
MT-003340,AST-00228,ENGINEERING,C04,PREVENTIVE,RAIL_CRACK,2,4,0.751,23,0.836,0.283,1,82,2026-09-17,OVERDUE,53.93,MEDIUM
MT-003341,AST-00286,TRD,C05,PREVENTIVE,CONTACT_WIRE_DEFECT,3,1,0.594,0,1.295,0.416,1,89,2026-09-13,OPEN,33.83,LOW
MT-003342,AST-00362,ENGINEERING,C20,PREVENTIVE,TRACK_GEOMETRY,4,5,0.714,16,0.932,0.682,1,103,2026-09-05,OPEN,84.25,CRITICAL
MT-003343,AST-00290,S&T,C09,SIGNAL_REPAIR,SIGNAL_FAILURE,5,2,0.887,8,0.478,0.612,1,114,2026-09-07,OVERDUE,63.28,HIGH
MT-003344,AST-00030,TRD,C16,OHE_REPAIR,INSULATOR_FAILURE,4,4,0.789,13,0.79,0.48,1,175,2026-09-09,OVERDUE,67.36,HIGH
MT-003345,AST-00255,S&T,C06,PREVENTIVE,RELAY_FAULT,3,2,0.688,16,0.711,0.326,1,94,2026-09-20,OVERDUE,46.05,MEDIUM
MT-003346,AST-00102,S&T,C15,SIGNAL_REPAIR,CABLE_FAULT,5,3,0.732,13,0.686,0.815,1,155,2026-09-13,OVERDUE,82.32,CRITICAL
MT-003347,AST-00375,TRD,C05,CORRECTIVE,TRANSFORMER_FAULT,5,3,0.651,16,1.014,0.93,1,130,2026-09-26,OVERDUE,77.27,HIGH
MT-003348,AST-00184,S&T,C09,INSPECTION,SIGNAL_FAILURE,3,3,0.849,10,0.337,0.357,1,92,2026-09-04,OPEN,47.34,MEDIUM
MT-003349,AST-00048,S&T,C09,INSPECTION,RELAY_FAULT,5,3,0.814,13,0.428,0.557,1,73,2026-09-30,OVERDUE,81.01,CRITICAL
MT-003350,AST-00003,ENGINEERING,C20,INSPECTION,POINT_DEFECT,3,4,0.454,26,0.926,0.333,1,83,2026-09-28,SCHEDULED,72.29,HIGH
MT-003351,AST-00220,ENGINEERING,C06,REPAIR,RAIL_CRACK,5,4,0.523,2,1.056,0.786,1,192,2026-09-13,OPEN,85.82,CRITICAL
MT-003352,AST-00177,S&T,C04,SIGNAL_REPAIR,SIGNAL_FAILURE,3,3,0.868,14,0.661,0.535,1,132,2026-09-08,OPEN,51.21,MEDIUM
MT-003353,AST-00065,S&T,C06,PREVENTIVE,CABLE_FAULT,4,1,0.864,0,0.901,0.622,1,91,2026-09-11,OVERDUE,51.7,MEDIUM
MT-003354,AST-00392,ENGINEERING,C06,CORRECTIVE,TRACK_GEOMETRY,2,4,0.704,20,1.311,0.199,1,90,2026-09-11,OVERDUE,51.5,MEDIUM
MT-003355,AST-00458,ENGINEERING,C09,CORRECTIVE,POINT_DEFECT,3,1,0.828,23,0.333,0.302,1,131,2026-09-16,OPEN,28.07,LOW
MT-003356,AST-00183,TRD,C07,INSPECTION,OHE_DAMAGE,2,2,0.612,9,0.781,0.245,1,66,2026-09-20,OVERDUE,32.33,LOW
MT-003357,AST-00023,S&T,C08,CORRECTIVE,INTERLOCKING_FAULT,1,2,0.596,12,1.41,0.11,1,97,2026-09-11,OPEN,32.41,LOW
MT-003358,AST-00344,S&T,C11,INSPECTION,RELAY_FAULT,3,4,0.775,13,0.867,0.53,1,54,2026-09-17,SCHEDULED,61.31,HIGH
MT-003359,AST-00124,S&T,C11,SIGNAL_REPAIR,CABLE_FAULT,3,3,0.903,13,0.799,0.652,1,132,2026-09-05,OPEN,56.58,MEDIUM
MT-003360,AST-00447,S&T,C06,PREVENTIVE,INTERLOCKING_FAULT,5,5,0.846,13,0.694,0.907,1,80,2026-09-24,OVERDUE,87.3,CRITICAL
MT-003361,AST-00252,TRD,C09,CORRECTIVE,INSULATOR_FAILURE,3,4,0.711,0,0.616,0.339,1,94,2026-09-19,OVERDUE,46.61,MEDIUM
MT-003362,AST-00239,ENGINEERING,C15,INSPECTION,POINT_DEFECT,4,2,0.584,23,0.883,0.679,1,73,2026-09-05,OPEN,71.18,HIGH
MT-003363,AST-00219,TRD,C17,CORRECTIVE,CONTACT_WIRE_DEFECT,3,4,0.504,35,0.781,0.546,1,112,2026-09-30,SCHEDULED,74.58,HIGH
MT-003364,AST-00177,S&T,C04,INSPECTION,RELAY_FAULT,3,3,0.868,32,0.929,0.357,1,45,2026-09-01,OVERDUE,54.73,MEDIUM
MT-003365,AST-00405,TRD,C16,CORRECTIVE,OHE_DAMAGE,5,3,0.774,16,1.299,0.562,1,150,2026-09-16,OPEN,86.03,CRITICAL
MT-003366,AST-00108,ENGINEERING,C16,PREVENTIVE,POINT_DEFECT,5,5,0.586,1,0.932,0.609,1,117,2026-09-12,OPEN,90.92,CRITICAL
MT-003367,AST-00492,S&T,C11,CORRECTIVE,RELAY_FAULT,1,3,0.508,15,0.797,0.438,1,94,2026-09-28,OPEN,36.19,LOW
MT-003368,AST-00306,ENGINEERING,C13,REPAIR,POINT_DEFECT,3,4,0.665,7,1.378,0.321,1,138,2026-09-13,SCHEDULED,68.33,HIGH
MT-003369,AST-00431,ENGINEERING,C13,INSPECTION,RAIL_CRACK,5,2,0.838,19,1.133,0.692,1,93,2026-09-13,OPEN,77.18,HIGH
MT-003370,AST-00464,S&T,C15,INSPECTION,INTERLOCKING_FAULT,4,3,0.788,21,0.659,0.308,1,87,2026-09-18,OPEN,59.78,MEDIUM
MT-003371,AST-00282,TRD,C19,OHE_REPAIR,OHE_DAMAGE,3,4,0.849,0,0.904,0.797,1,151,2026-09-29,OPEN,72.2,HIGH
MT-003372,AST-00060,S&T,C11,SIGNAL_REPAIR,AXLE_COUNTER_FAULT,1,4,0.991,17,0.065,0.361,1,111,2026-09-17,OVERDUE,27.47,LOW
MT-003373,AST-00149,TRD,C01,OHE_REPAIR,INSULATOR_FAILURE,3,4,0.772,10,0.442,0.502,1,170,2026-09-29,OVERDUE,62.19,HIGH
MT-003374,AST-00230,ENGINEERING,C20,INSPECTION,POINT_DEFECT,4,3,0.863,24,1.176,0.463,1,100,2026-09-15,OVERDUE,64.27,HIGH
MT-003375,AST-00030,TRD,C16,PREVENTIVE,FEEDER_FAULT,5,4,0.789,16,0.781,0.532,1,119,2026-09-23,OVERDUE,84.92,CRITICAL
MT-003376,AST-00150,ENGINEERING,C16,PREVENTIVE,RAIL_CRACK,3,4,0.836,4,0.528,0.513,1,50,2026-09-18,OPEN,30.12,LOW
MT-003377,AST-00134,S&T,C11,PREVENTIVE,SIGNAL_FAILURE,3,5,0.71,21,1.142,0.597,1,97,2026-09-30,OPEN,64.3,HIGH
MT-003378,AST-00487,S&T,C04,CORRECTIVE,INTERLOCKING_FAULT,3,2,0.738,37,1.083,0.54,1,127,2026-09-11,OPEN,52.55,MEDIUM
MT-003379,AST-00264,ENGINEERING,C20,CORRECTIVE,STRUCTURAL_DEFECT,2,5,0.815,12,0.693,0.348,1,136,2026-09-10,OVERDUE,59.01,MEDIUM
MT-003380,AST-00137,TRD,C04,CORRECTIVE,INSULATOR_FAILURE,1,1,0.966,20,0.342,0.068,1,90,2026-09-08,OVERDUE,8.52,LOW
MT-003381,AST-00495,ENGINEERING,C16,CORRECTIVE,STRUCTURAL_DEFECT,1,5,0.742,5,1.209,0.382,1,104,2026-09-01,OVERDUE,50.39,MEDIUM
MT-003382,AST-00168,ENGINEERING,C05,PREVENTIVE,TRACK_GEOMETRY,1,3,0.483,13,1.613,0.486,1,61,2026-09-13,SCHEDULED,39.09,LOW
MT-003383,AST-00358,TRD,C06,PREVENTIVE,INSULATOR_FAILURE,4,1,0.696,14,0.799,0.427,1,104,2026-09-10,OVERDUE,58.88,MEDIUM
MT-003384,AST-00452,ENGINEERING,C02,REPAIR,POINT_DEFECT,4,2,0.77,5,1.206,0.578,0.99,166,2026-09-01,OPEN,62.57,HIGH
MT-003385,AST-00130,S&T,C08,INSPECTION,SIGNAL_FAILURE,3,4,0.825,8,0.525,0.539,1,66,2026-09-24,OPEN,59.44,MEDIUM
MT-003386,AST-00372,ENGINEERING,C09,PREVENTIVE,RAIL_CRACK,3,4,0.736,0,0.916,0.449,1,77,2026-09-08,OPEN,61.54,HIGH
MT-003387,AST-00331,TRD,C14,INSPECTION,FEEDER_FAULT,5,5,0.664,21,1.102,0.765,1,109,2026-09-11,OPEN,91.87,CRITICAL
MT-003388,AST-00118,TRD,C15,CORRECTIVE,INSULATOR_FAILURE,3,4,0.621,18,1.099,0.609,1,148,2026-09-24,OVERDUE,75.48,HIGH
MT-003389,AST-00079,S&T,C01,SIGNAL_REPAIR,CABLE_FAULT,3,5,0.746,0,0.551,0.443,1,137,2026-09-04,SCHEDULED,62.42,HIGH
MT-003390,AST-00131,TRD,C05,CORRECTIVE,OHE_DAMAGE,4,3,0.585,16,1.253,0.449,1,114,2026-09-22,OPEN,71.54,HIGH
MT-003391,AST-00145,TRD,C16,PREVENTIVE,CONTACT_WIRE_DEFECT,2,3,0.951,24,0.96,0.673,1,75,2026-09-18,OPEN,46.66,MEDIUM
MT-003392,AST-00287,ENGINEERING,C01,CORRECTIVE,STRUCTURAL_DEFECT,2,4,0.806,3,0.794,0.341,1,130,2026-09-27,OPEN,42.18,MEDIUM
MT-003393,AST-00033,ENGINEERING,C07,CORRECTIVE,STRUCTURAL_DEFECT,4,2,0.637,10,0.803,0.553,1,140,2026-09-23,OPEN,50.17,MEDIUM
MT-003394,AST-00239,ENGINEERING,C15,CORRECTIVE,RAIL_CRACK,5,2,0.584,14,0.722,0.856,1,156,2026-09-08,SCHEDULED,79.06,HIGH
MT-003395,AST-00208,ENGINEERING,C19,PREVENTIVE,STRUCTURAL_DEFECT,3,3,0.75,4,0.664,0.574,1,66,2026-09-10,OPEN,66.42,HIGH
MT-003396,AST-00003,ENGINEERING,C20,PREVENTIVE,POINT_DEFECT,5,4,0.454,0,0.874,0.736,1,124,2026-09-01,OPEN,83.98,CRITICAL
MT-003397,AST-00140,S&T,C16,PREVENTIVE,INTERLOCKING_FAULT,5,1,0.752,11,0.848,0.756,1,111,2026-09-27,OPEN,73.16,HIGH
MT-003398,AST-00196,ENGINEERING,C01,PREVENTIVE,POINT_DEFECT,3,5,0.698,9,1.199,0.535,1,109,2026-09-15,OPEN,65.27,HIGH
MT-003399,AST-00487,S&T,C04,PREVENTIVE,SIGNAL_FAILURE,2,2,0.738,21,0.688,0.391,1,90,2026-09-28,OVERDUE,39.67,LOW
MT-003400,AST-00086,TRD,C02,OHE_REPAIR,TRANSFORMER_FAULT,3,5,0.584,5,0.687,0.587,1,157,2026-09-30,OVERDUE,69.75,HIGH
MT-003401,AST-00189,TRD,C19,OHE_REPAIR,FEEDER_FAULT,5,4,0.643,5,0.863,0.704,1,146,2026-09-04,SCHEDULED,82.93,CRITICAL
MT-003402,AST-00113,ENGINEERING,C03,REPAIR,POINT_DEFECT,5,4,0.75,16,0.477,0.852,1,153,2026-09-03,OVERDUE,87.25,CRITICAL
MT-003403,AST-00248,TRD,C15,INSPECTION,OHE_DAMAGE,3,2,0.579,15,1.129,0.539,1,73,2026-09-23,SCHEDULED,53.39,MEDIUM
MT-003404,AST-00173,TRD,C10,OHE_REPAIR,TRANSFORMER_FAULT,3,5,0.811,6,0.593,0.448,1,140,2026-09-03,SCHEDULED,63.94,HIGH
MT-003405,AST-00443,TRD,C06,CORRECTIVE,CONTACT_WIRE_DEFECT,1,1,0.669,0,1.374,0.163,1,100,2026-09-15,OPEN,19.3,LOW
MT-003406,AST-00010,ENGINEERING,C09,INSPECTION,TRACK_GEOMETRY,2,4,0.72,4,0.594,0.415,1,55,2026-09-21,OVERDUE,43.75,MEDIUM
MT-003407,AST-00194,ENGINEERING,C16,PREVENTIVE,POINT_DEFECT,1,2,0.76,1,0.689,0.104,1,63,2026-09-03,OVERDUE,20.48,LOW
MT-003408,AST-00496,TRD,C08,CORRECTIVE,OHE_DAMAGE,3,3,0.724,27,0.622,0.543,1,104,2026-09-19,SCHEDULED,68.5,HIGH
MT-003409,AST-00266,ENGINEERING,C18,CORRECTIVE,RAIL_CRACK,5,4,0.789,12,1.287,0.624,1,121,2026-09-10,OVERDUE,83.85,CRITICAL
MT-003410,AST-00323,ENGINEERING,C01,PREVENTIVE,TRACK_GEOMETRY,1,3,0.61,35,1.172,0.157,1,72,2026-09-26,SCHEDULED,50.03,MEDIUM
MT-003411,AST-00249,TRD,C12,PREVENTIVE,CONTACT_WIRE_DEFECT,3,2,0.808,0,1.234,0.487,1,82,2026-09-20,OVERDUE,36.41,LOW
MT-003412,AST-00015,TRD,C09,PREVENTIVE,FEEDER_FAULT,4,3,0.801,15,0.321,0.533,1,116,2026-09-23,OPEN,59.47,MEDIUM
MT-003413,AST-00215,TRD,C13,PREVENTIVE,FEEDER_FAULT,2,3,0.488,11,1.448,0.462,1,81,2026-09-25,OVERDUE,51.23,MEDIUM
MT-003414,AST-00455,S&T,C18,CORRECTIVE,SIGNAL_FAILURE,5,1,0.807,4,0.419,0.702,0.992,149,2026-09-27,OVERDUE,62.57,HIGH
MT-003415,AST-00286,TRD,C05,PREVENTIVE,CONTACT_WIRE_DEFECT,4,1,0.594,20,0.924,0.552,1,109,2026-09-16,OPEN,59.94,MEDIUM
MT-003416,AST-00094,S&T,C17,CORRECTIVE,CABLE_FAULT,5,4,0.688,16,1.059,0.756,1,182,2026-09-19,SCHEDULED,87.98,CRITICAL
MT-003417,AST-00265,ENGINEERING,C02,REPAIR,BALLAST_DEFECT,3,4,0.891,18,0.76,0.543,1,142,2026-09-13,SCHEDULED,70.04,HIGH
MT-003418,AST-00423,TRD,C02,OHE_REPAIR,INSULATOR_FAILURE,5,4,0.697,0,1.394,0.839,1,176,2026-09-27,OPEN,85.68,CRITICAL
MT-003419,AST-00108,ENGINEERING,C16,REPAIR,STRUCTURAL_DEFECT,5,5,0.586,24,0.623,0.714,1,162,2026-09-25,OVERDUE,92.64,CRITICAL
MT-003420,AST-00470,ENGINEERING,C03,CORRECTIVE,STRUCTURAL_DEFECT,4,5,0.506,2,1.299,0.516,1,138,2026-09-28,OVERDUE,77.2,HIGH
MT-003421,AST-00405,TRD,C16,CORRECTIVE,FEEDER_FAULT,3,3,0.774,7,0.403,0.574,1,139,2026-09-30,OPEN,50.29,MEDIUM
MT-003422,AST-00300,TRD,C18,CORRECTIVE,TRANSFORMER_FAULT,4,5,0.694,7,0.849,0.342,1,111,2026-09-23,OVERDUE,65.69,HIGH
MT-003423,AST-00340,S&T,C12,CORRECTIVE,INTERLOCKING_FAULT,3,3,0.77,34,0.826,0.531,1,137,2026-09-30,OPEN,65.79,HIGH
MT-003424,AST-00308,S&T,C11,CORRECTIVE,CABLE_FAULT,5,4,0.76,2,1.221,0.676,1,122,2026-09-14,OVERDUE,79.32,HIGH
MT-003425,AST-00174,S&T,C04,SIGNAL_REPAIR,INTERLOCKING_FAULT,2,4,0.826,16,0.511,0.641,1,121,2026-09-08,OPEN,55.31,MEDIUM
MT-003426,AST-00470,ENGINEERING,C03,INSPECTION,POINT_DEFECT,3,5,0.506,30,1.627,0.575,1,96,2026-09-05,SCHEDULED,80.52,CRITICAL
MT-003427,AST-00283,S&T,C19,CORRECTIVE,SIGNAL_FAILURE,4,3,0.72,18,0.77,0.533,1,135,2026-09-21,OPEN,70.7,HIGH
MT-003428,AST-00404,ENGINEERING,C08,REPAIR,RAIL_CRACK,2,3,0.968,9,0.192,0.297,1,130,2026-09-20,OVERDUE,33.3,LOW
MT-003429,AST-00272,TRD,C07,OHE_REPAIR,TRANSFORMER_FAULT,1,3,0.622,4,1.04,0.346,1,133,2026-09-17,OPEN,32.62,LOW
MT-003430,AST-00078,S&T,C19,PREVENTIVE,AXLE_COUNTER_FAULT,5,5,0.627,5,0.923,0.613,1,117,2026-09-22,OVERDUE,84.84,CRITICAL
MT-003431,AST-00025,ENGINEERING,C17,PREVENTIVE,STRUCTURAL_DEFECT,5,4,0.985,11,0.687,0.681,1,113,2026-09-20,OPEN,77.61,HIGH
MT-003432,AST-00110,ENGINEERING,C14,PREVENTIVE,BALLAST_DEFECT,3,4,0.781,15,0.936,0.522,1,87,2026-09-09,OVERDUE,65.67,HIGH
MT-003433,AST-00108,ENGINEERING,C16,REPAIR,POINT_DEFECT,3,5,0.586,7,1.478,0.515,1,152,2026-09-24,OVERDUE,76.49,HIGH
MT-003434,AST-00428,ENGINEERING,C05,INSPECTION,BALLAST_DEFECT,5,4,0.658,11,1.099,0.614,1,93,2026-09-28,OPEN,80.36,CRITICAL
MT-003435,AST-00292,S&T,C18,INSPECTION,CABLE_FAULT,2,3,0.592,12,1.41,0.154,1,30,2026-09-20,OVERDUE,38.93,LOW
MT-003436,AST-00362,ENGINEERING,C20,REPAIR,POINT_DEFECT,4,5,0.714,37,1.306,0.558,1,162,2026-09-07,SCHEDULED,91.8,CRITICAL
MT-003437,AST-00020,TRD,C17,INSPECTION,CONTACT_WIRE_DEFECT,4,4,0.707,9,0.777,0.669,1,69,2026-09-16,SCHEDULED,66.51,HIGH
MT-003438,AST-00419,TRD,C19,INSPECTION,OHE_DAMAGE,4,4,0.882,18,0.71,0.639,1,111,2026-09-20,SCHEDULED,76.05,HIGH
MT-003439,AST-00028,ENGINEERING,C02,REPAIR,POINT_DEFECT,3,2,0.789,15,0.85,0.468,1,130,2026-09-16,OPEN,47.53,MEDIUM
MT-003440,AST-00073,TRD,C15,PREVENTIVE,FEEDER_FAULT,4,3,0.704,25,0.971,0.502,1,105,2026-09-19,OVERDUE,68.79,HIGH
MT-003441,AST-00321,S&T,C13,CORRECTIVE,CABLE_FAULT,1,4,0.56,18,1.153,0.18,1,100,2026-09-16,OPEN,56.94,MEDIUM
MT-003442,AST-00115,S&T,C19,SIGNAL_REPAIR,INTERLOCKING_FAULT,5,4,0.591,6,0.956,0.31,1,111,2026-09-22,OPEN,74.51,HIGH
MT-003443,AST-00123,ENGINEERING,C14,REPAIR,TRACK_GEOMETRY,3,5,0.796,0,1.081,0.494,1,162,2026-09-05,OVERDUE,70.57,HIGH
MT-003444,AST-00343,TRD,C14,INSPECTION,OHE_DAMAGE,5,3,0.775,0,0.512,0.604,1,84,2026-09-02,OPEN,59.06,MEDIUM
MT-003445,AST-00380,TRD,C05,PREVENTIVE,INSULATOR_FAILURE,3,3,0.708,11,1.252,0.413,1,95,2026-09-26,OVERDUE,46.54,MEDIUM
MT-003446,AST-00213,TRD,C10,OHE_REPAIR,OHE_DAMAGE,2,5,0.697,0,0.648,0.41,1,145,2026-09-02,OVERDUE,58.01,MEDIUM
MT-003447,AST-00499,S&T,C20,INSPECTION,SIGNAL_FAILURE,4,4,0.818,0,0.33,0.745,1,66,2026-09-02,OPEN,52.23,MEDIUM
MT-003448,AST-00089,TRD,C06,PREVENTIVE,INSULATOR_FAILURE,3,3,0.748,14,0.464,0.736,1,92,2026-09-28,OPEN,56.19,MEDIUM
MT-003449,AST-00366,S&T,C12,PREVENTIVE,SIGNAL_FAILURE,4,2,0.704,0,0.608,0.472,1,71,2026-09-02,OVERDUE,64.8,HIGH
MT-003450,AST-00034,ENGINEERING,C18,INSPECTION,POINT_DEFECT,3,2,0.616,17,0.774,0.465,1,48,2026-09-04,OPEN,49.53,MEDIUM
MT-003451,AST-00335,S&T,C11,PREVENTIVE,RELAY_FAULT,3,2,0.745,36,0.989,0.206,1,34,2026-09-26,OPEN,47.44,MEDIUM
MT-003452,AST-00003,ENGINEERING,C20,CORRECTIVE,POINT_DEFECT,3,4,0.454,25,1.7,0.666,1,113,2026-09-16,OVERDUE,81.22,CRITICAL
MT-003453,AST-00417,TRD,C15,INSPECTION,OHE_DAMAGE,3,3,0.854,19,1.055,0.678,1,80,2026-09-11,OVERDUE,62.03,HIGH
MT-003454,AST-00252,TRD,C09,CORRECTIVE,FEEDER_FAULT,4,4,0.711,14,1.37,0.561,1,139,2026-09-13,OVERDUE,85.36,CRITICAL
MT-003455,AST-00098,TRD,C09,PREVENTIVE,CONTACT_WIRE_DEFECT,1,1,0.884,0,0.605,0.255,0.969,88,2026-09-03,OVERDUE,10.46,LOW
MT-003456,AST-00319,TRD,C18,INSPECTION,OHE_DAMAGE,3,5,0.618,10,1.013,0.415,1,42,2026-09-14,OPEN,73.65,HIGH
MT-003457,AST-00477,TRD,C12,PREVENTIVE,CONTACT_WIRE_DEFECT,3,2,0.817,20,0.319,0.565,1,116,2026-09-07,OPEN,37.83,LOW
MT-003458,AST-00356,ENGINEERING,C02,REPAIR,STRUCTURAL_DEFECT,1,3,0.775,19,0.625,0.228,1,110,2026-09-26,OPEN,45.08,MEDIUM
MT-003459,AST-00126,S&T,C15,PREVENTIVE,AXLE_COUNTER_FAULT,2,3,0.596,1,1.086,0.385,1,89,2026-09-24,OVERDUE,30.37,LOW
MT-003460,AST-00496,TRD,C08,PREVENTIVE,FEEDER_FAULT,3,3,0.724,0,1.024,0.452,1,104,2026-09-08,OVERDUE,39.34,LOW
MT-003461,AST-00374,S&T,C15,SIGNAL_REPAIR,INTERLOCKING_FAULT,4,3,0.759,17,0.591,0.547,1,128,2026-09-09,OVERDUE,70.42,HIGH
MT-003462,AST-00089,TRD,C06,INSPECTION,OHE_DAMAGE,4,3,0.748,11,0.436,0.683,1,77,2026-09-05,OPEN,60.47,HIGH
MT-003463,AST-00146,ENGINEERING,C10,INSPECTION,POINT_DEFECT,3,2,0.948,0,0.922,0.459,1,81,2026-09-13,OVERDUE,42.12,MEDIUM
MT-003464,AST-00202,TRD,C08,OHE_REPAIR,CONTACT_WIRE_DEFECT,4,2,0.756,13,0.878,0.707,1,153,2026-09-13,OVERDUE,55.13,MEDIUM
MT-003465,AST-00309,S&T,C12,SIGNAL_REPAIR,SIGNAL_FAILURE,4,3,0.735,16,0.543,0.751,1,103,2026-09-23,SCHEDULED,59.59,MEDIUM
MT-003466,AST-00089,TRD,C06,CORRECTIVE,INSULATOR_FAILURE,4,3,0.748,21,1.246,0.642,1,146,2026-09-28,OVERDUE,66.92,HIGH
MT-003467,AST-00004,S&T,C09,SIGNAL_REPAIR,AXLE_COUNTER_FAULT,4,4,0.524,4,1.527,0.625,1,110,2026-09-11,SCHEDULED,82.52,CRITICAL
MT-003468,AST-00227,ENGINEERING,C02,REPAIR,STRUCTURAL_DEFECT,3,5,0.729,0,1.149,0.621,1,152,2026-09-20,OVERDUE,72.82,HIGH
MT-003469,AST-00124,S&T,C11,PREVENTIVE,INTERLOCKING_FAULT,5,3,0.903,3,0.192,0.975,1,110,2026-09-18,OVERDUE,63.24,HIGH
MT-003470,AST-00268,S&T,C11,CORRECTIVE,CABLE_FAULT,4,3,0.679,12,0.875,0.648,1,145,2026-09-02,OPEN,79.91,HIGH
MT-003471,AST-00091,ENGINEERING,C10,REPAIR,RAIL_CRACK,3,1,0.656,2,0.813,0.464,1,162,2026-09-23,OPEN,33.26,LOW
MT-003472,AST-00416,S&T,C11,PREVENTIVE,AXLE_COUNTER_FAULT,4,1,0.972,15,0.16,0.475,1,81,2026-09-18,SCHEDULED,37.89,LOW
MT-003473,AST-00199,ENGINEERING,C04,INSPECTION,STRUCTURAL_DEFECT,4,2,0.624,25,1.447,0.647,1,78,2026-09-10,SCHEDULED,77.07,HIGH
MT-003474,AST-00192,TRD,C10,PREVENTIVE,INSULATOR_FAILURE,4,3,0.622,0,0.957,0.411,1,74,2026-09-15,OPEN,56.74,MEDIUM
MT-003475,AST-00469,ENGINEERING,C13,REPAIR,RAIL_CRACK,5,2,0.697,5,0.524,0.757,1,192,2026-09-04,OVERDUE,73.37,HIGH
MT-003476,AST-00012,TRD,C02,INSPECTION,CONTACT_WIRE_DEFECT,3,5,0.864,6,0.226,0.748,1,73,2026-09-28,OVERDUE,56.63,MEDIUM
MT-003477,AST-00402,ENGINEERING,C18,REPAIR,POINT_DEFECT,5,4,0.751,10,1.143,0.741,1,136,2026-09-02,OVERDUE,88.81,CRITICAL
MT-003478,AST-00354,TRD,C03,CORRECTIVE,CONTACT_WIRE_DEFECT,5,3,0.931,13,0.926,0.76,1,155,2026-09-05,OPEN,77.63,HIGH
MT-003479,AST-00103,TRD,C11,PREVENTIVE,INSULATOR_FAILURE,4,4,0.617,0,1.072,0.514,1,82,2026-09-13,OVERDUE,69.44,HIGH
MT-003480,AST-00422,S&T,C12,INSPECTION,RELAY_FAULT,3,2,0.711,27,0.682,0.528,1,96,2026-09-29,OPEN,61.41,HIGH
MT-003481,AST-00393,ENGINEERING,C20,REPAIR,RAIL_CRACK,3,1,0.599,0,1.054,0.52,0.873,127,2026-09-09,OVERDUE,44.05,MEDIUM
MT-003482,AST-00200,TRD,C08,OHE_REPAIR,TRANSFORMER_FAULT,1,4,0.784,0,1.106,0.196,1,125,2026-09-26,OPEN,39.41,LOW
MT-003483,AST-00347,ENGINEERING,C02,CORRECTIVE,STRUCTURAL_DEFECT,5,3,0.441,20,1.075,0.389,1,124,2026-09-16,OVERDUE,77.49,HIGH
MT-003484,AST-00285,TRD,C19,CORRECTIVE,FEEDER_FAULT,1,2,0.679,19,0.709,0.418,1,94,2026-09-07,OPEN,31.68,LOW
MT-003485,AST-00026,TRD,C13,INSPECTION,FEEDER_FAULT,4,3,0.729,16,0.566,0.781,1,66,2026-09-29,SCHEDULED,65.91,HIGH
MT-003486,AST-00381,TRD,C13,PREVENTIVE,INSULATOR_FAILURE,2,4,0.505,19,1.246,0.452,1,77,2026-09-12,OVERDUE,68.82,HIGH
MT-003487,AST-00429,TRD,C15,INSPECTION,TRANSFORMER_FAULT,5,2,0.751,31,0.528,0.646,1,65,2026-09-30,SCHEDULED,78.06,HIGH
MT-003488,AST-00083,TRD,C03,OHE_REPAIR,TRANSFORMER_FAULT,3,2,0.865,24,0.802,0.56,1,156,2026-09-11,OPEN,44.83,MEDIUM
MT-003489,AST-00398,ENGINEERING,C05,CORRECTIVE,TRACK_GEOMETRY,3,2,0.637,5,1.309,0.603,1,97,2026-09-07,OVERDUE,42.72,MEDIUM
MT-003490,AST-00259,ENGINEERING,C15,CORRECTIVE,BALLAST_DEFECT,2,4,0.768,0,0.967,0.371,1,91,2026-09-19,OPEN,53.46,MEDIUM
MT-003491,AST-00410,ENGINEERING,C12,INSPECTION,POINT_DEFECT,2,3,0.916,0,0.666,0.304,1,83,2026-09-27,OPEN,28.49,LOW
MT-003492,AST-00178,S&T,C13,INSPECTION,CABLE_FAULT,4,4,0.751,0,1.113,0.631,1,117,2026-09-15,OVERDUE,69.58,HIGH
MT-003493,AST-00102,S&T,C15,SIGNAL_REPAIR,INTERLOCKING_FAULT,1,3,0.732,29,0.673,0.205,1,101,2026-09-06,SCHEDULED,38.74,LOW
MT-003494,AST-00116,ENGINEERING,C02,REPAIR,POINT_DEFECT,3,4,0.707,0,1.348,0.671,1,149,2026-09-29,SCHEDULED,67.77,HIGH
MT-003495,AST-00008,TRD,C03,OHE_REPAIR,OHE_DAMAGE,4,4,0.542,16,1.296,0.783,1,153,2026-09-18,OVERDUE,79.82,HIGH
MT-003496,AST-00059,S&T,C04,INSPECTION,AXLE_COUNTER_FAULT,3,3,0.805,0,0.721,0.401,1,89,2026-09-12,OPEN,55.38,MEDIUM
MT-003497,AST-00196,ENGINEERING,C01,INSPECTION,POINT_DEFECT,4,5,0.698,27,1.292,0.467,1,85,2026-09-20,OPEN,87.56,CRITICAL
MT-003498,AST-00132,TRD,C01,PREVENTIVE,FEEDER_FAULT,3,4,0.873,2,1.167,0.168,1,81,2026-09-23,OPEN,53.45,MEDIUM
MT-003499,AST-00212,TRD,C02,OHE_REPAIR,CONTACT_WIRE_DEFECT,3,2,0.887,7,1.161,0.563,1,140,2026-09-03,OVERDUE,42.71,MEDIUM
MT-003500,AST-00002,TRD,C19,INSPECTION,INSULATOR_FAILURE,3,1,0.85,14,1.066,0.352,1,75,2026-09-17,OPEN,36.46,LOW
MT-003501,AST-00407,ENGINEERING,C08,INSPECTION,BALLAST_DEFECT,1,3,0.748,3,0.474,0.144,1,66,2026-09-02,OPEN,25.58,LOW
MT-003502,AST-00307,TRD,C06,PREVENTIVE,INSULATOR_FAILURE,1,1,0.458,29,1.339,0.212,0.878,74,2026-09-21,OVERDUE,25.47,LOW
MT-003503,AST-00335,S&T,C11,CORRECTIVE,SIGNAL_FAILURE,2,2,0.745,0,0.627,0.484,0.972,108,2026-09-04,OPEN,22.09,LOW
MT-003504,AST-00419,TRD,C19,PREVENTIVE,OHE_DAMAGE,4,4,0.882,23,0.709,0.511,1,96,2026-09-18,OVERDUE,62.87,HIGH
MT-003505,AST-00348,ENGINEERING,C17,CORRECTIVE,TRACK_GEOMETRY,3,3,0.904,27,0.435,0.478,1,139,2026-09-19,OPEN,56.24,MEDIUM
MT-003506,AST-00040,TRD,C08,PREVENTIVE,CONTACT_WIRE_DEFECT,2,2,0.958,24,0.499,0.183,1,92,2026-09-28,SCHEDULED,23.34,LOW
MT-003507,AST-00216,S&T,C17,PREVENTIVE,SIGNAL_FAILURE,2,4,0.502,17,1.047,0.453,1,83,2026-09-30,OVERDUE,48.67,MEDIUM
MT-003508,AST-00477,TRD,C12,PREVENTIVE,INSULATOR_FAILURE,2,2,0.817,2,1.12,0.246,1,76,2026-09-23,SCHEDULED,41.21,MEDIUM
MT-003509,AST-00304,S&T,C04,PREVENTIVE,CABLE_FAULT,3,2,0.726,13,0.637,0.764,1,90,2026-09-29,OPEN,53.53,MEDIUM
MT-003510,AST-00171,TRD,C17,OHE_REPAIR,OHE_DAMAGE,3,4,0.624,0,1.526,0.486,1,144,2026-09-17,OVERDUE,64.92,HIGH
MT-003511,AST-00168,ENGINEERING,C05,REPAIR,STRUCTURAL_DEFECT,3,3,0.483,0,1.43,0.53,1,162,2026-09-11,SCHEDULED,51.43,MEDIUM
MT-003512,AST-00048,S&T,C09,SIGNAL_REPAIR,AXLE_COUNTER_FAULT,2,3,0.814,7,1.066,0.272,1,86,2026-09-28,OPEN,37.12,LOW
MT-003513,AST-00172,ENGINEERING,C17,INSPECTION,TRACK_GEOMETRY,3,5,0.607,13,0.603,0.283,1,91,2026-09-16,OVERDUE,55.57,MEDIUM
MT-003514,AST-00020,TRD,C17,PREVENTIVE,FEEDER_FAULT,4,4,0.707,20,0.564,0.625,1,108,2026-09-24,OVERDUE,74.79,HIGH
MT-003515,AST-00184,S&T,C09,PREVENTIVE,RELAY_FAULT,2,3,0.849,17,0.891,0.283,1,70,2026-09-24,OPEN,41.55,MEDIUM
MT-003516,AST-00469,ENGINEERING,C13,REPAIR,POINT_DEFECT,5,2,0.697,0,1.196,0.549,1,179,2026-09-05,OPEN,72.25,HIGH
MT-003517,AST-00203,TRD,C03,CORRECTIVE,OHE_DAMAGE,4,3,0.769,0,0.822,0.442,1,99,2026-09-22,SCHEDULED,59.92,MEDIUM
MT-003518,AST-00283,S&T,C19,PREVENTIVE,AXLE_COUNTER_FAULT,4,3,0.72,15,0.546,0.633,1,73,2026-09-30,OPEN,71.09,HIGH
MT-003519,AST-00480,TRD,C08,OHE_REPAIR,CONTACT_WIRE_DEFECT,3,5,0.965,5,0.834,0.277,1,157,2026-09-10,OVERDUE,55.97,MEDIUM
MT-003520,AST-00407,ENGINEERING,C08,CORRECTIVE,BALLAST_DEFECT,4,3,0.748,19,0.558,0.685,1,110,2026-09-09,SCHEDULED,68.38,HIGH
MT-003521,AST-00129,ENGINEERING,C04,CORRECTIVE,TRACK_GEOMETRY,5,4,0.517,12,0.992,0.763,1,100,2026-09-02,OPEN,87.98,CRITICAL
MT-003522,AST-00305,S&T,C06,PREVENTIVE,INTERLOCKING_FAULT,5,4,0.56,7,1.217,0.744,1,106,2026-09-22,OVERDUE,85.92,CRITICAL
MT-003523,AST-00238,TRD,C15,CORRECTIVE,CONTACT_WIRE_DEFECT,2,4,0.77,14,1.014,0.354,1,99,2026-09-08,OVERDUE,58.05,MEDIUM
MT-003524,AST-00144,ENGINEERING,C06,PREVENTIVE,RAIL_CRACK,2,4,0.633,2,1.386,0.399,1,115,2026-09-23,OVERDUE,36.4,LOW
MT-003525,AST-00177,S&T,C04,PREVENTIVE,SIGNAL_FAILURE,2,3,0.868,7,0.996,0.435,1,61,2026-09-07,OPEN,37.88,LOW
MT-003526,AST-00429,TRD,C15,PREVENTIVE,OHE_DAMAGE,4,2,0.751,9,0.814,0.425,1,86,2026-09-02,OVERDUE,55.4,MEDIUM
MT-003527,AST-00455,S&T,C18,INSPECTION,CABLE_FAULT,4,1,0.807,20,1.05,0.797,1,104,2026-09-19,OPEN,54.73,MEDIUM
MT-003528,AST-00265,ENGINEERING,C02,PREVENTIVE,TRACK_GEOMETRY,4,4,0.891,26,1.027,0.44,1,106,2026-09-01,OPEN,71.69,HIGH
MT-003529,AST-00440,ENGINEERING,C11,PREVENTIVE,TRACK_GEOMETRY,1,4,0.856,15,0.92,0.408,1,73,2026-09-30,OVERDUE,31.34,LOW
MT-003530,AST-00227,ENGINEERING,C02,CORRECTIVE,RAIL_CRACK,5,5,0.729,17,0.946,0.752,1,153,2026-09-15,OVERDUE,89.94,CRITICAL
MT-003531,AST-00395,ENGINEERING,C11,REPAIR,RAIL_CRACK,4,5,0.62,10,0.897,0.638,1,136,2026-09-01,SCHEDULED,82.0,CRITICAL
MT-003532,AST-00219,TRD,C17,CORRECTIVE,OHE_DAMAGE,4,4,0.504,4,1.327,0.614,1,143,2026-09-30,SCHEDULED,85.22,CRITICAL
MT-003533,AST-00472,TRD,C16,PREVENTIVE,TRANSFORMER_FAULT,4,3,0.596,15,0.968,0.47,1,123,2026-09-19,OVERDUE,69.29,HIGH
MT-003534,AST-00456,TRD,C01,OHE_REPAIR,FEEDER_FAULT,3,1,0.903,17,0.523,0.64,0.928,150,2026-09-09,OVERDUE,36.37,LOW
MT-003535,AST-00289,TRD,C17,CORRECTIVE,FEEDER_FAULT,3,5,0.769,0,0.717,0.312,1,145,2026-09-26,OVERDUE,64.75,HIGH
MT-003536,AST-00067,ENGINEERING,C16,CORRECTIVE,BALLAST_DEFECT,1,4,0.627,20,1.355,0.147,1,116,2026-09-14,SCHEDULED,46.85,MEDIUM
MT-003537,AST-00409,TRD,C20,OHE_REPAIR,FEEDER_FAULT,4,3,0.828,7,1.01,0.657,1,172,2026-09-26,OVERDUE,64.2,HIGH
MT-003538,AST-00445,S&T,C04,CORRECTIVE,CABLE_FAULT,1,4,0.529,16,0.933,0.316,1,90,2026-09-21,SCHEDULED,48.69,MEDIUM
MT-003539,AST-00165,TRD,C18,OHE_REPAIR,TRANSFORMER_FAULT,3,5,0.83,8,1.219,0.561,1,168,2026-09-07,OPEN,75.35,HIGH
MT-003540,AST-00354,TRD,C03,CORRECTIVE,OHE_DAMAGE,5,3,0.931,10,0.196,0.728,1,150,2026-09-02,OPEN,70.93,HIGH
MT-003541,AST-00243,ENGINEERING,C16,CORRECTIVE,TRACK_GEOMETRY,3,5,0.856,13,0.63,0.307,1,119,2026-09-16,OPEN,72.59,HIGH
MT-003542,AST-00309,S&T,C12,INSPECTION,INTERLOCKING_FAULT,4,3,0.735,7,0.946,0.695,1,86,2026-09-25,OPEN,57.15,MEDIUM
MT-003543,AST-00266,ENGINEERING,C18,INSPECTION,STRUCTURAL_DEFECT,1,4,0.789,0,1.136,0,1,44,2026-09-09,OVERDUE,28.18,LOW
MT-003544,AST-00447,S&T,C06,INSPECTION,INTERLOCKING_FAULT,5,5,0.846,20,0.827,0.628,1,99,2026-09-10,OVERDUE,85.66,CRITICAL
MT-003545,AST-00036,ENGINEERING,C01,PREVENTIVE,BALLAST_DEFECT,3,3,0.839,0,0.716,0.334,1,89,2026-09-22,SCHEDULED,50.06,MEDIUM
MT-003546,AST-00280,ENGINEERING,C05,CORRECTIVE,BALLAST_DEFECT,5,5,0.699,15,0.645,0.68,1,126,2026-09-06,OVERDUE,89.68,CRITICAL
MT-003547,AST-00054,ENGINEERING,C06,REPAIR,BALLAST_DEFECT,2,5,0.499,17,0.779,0.569,1,114,2026-09-07,OPEN,73.91,HIGH
MT-003548,AST-00492,S&T,C11,SIGNAL_REPAIR,INTERLOCKING_FAULT,2,3,0.508,0,0.811,0.278,1,112,2026-09-08,SCHEDULED,38.77,LOW
MT-003549,AST-00291,TRD,C08,PREVENTIVE,FEEDER_FAULT,4,4,0.751,40,0.745,0.826,1,78,2026-09-10,SCHEDULED,85.65,CRITICAL
MT-003550,AST-00395,ENGINEERING,C11,PREVENTIVE,BALLAST_DEFECT,2,5,0.62,14,0.837,0.249,1,64,2026-09-15,OVERDUE,52.16,MEDIUM
MT-003551,AST-00462,S&T,C15,INSPECTION,INTERLOCKING_FAULT,2,3,0.569,12,1.334,0.325,1,73,2026-09-04,SCHEDULED,49.99,MEDIUM
MT-003552,AST-00103,TRD,C11,PREVENTIVE,FEEDER_FAULT,4,4,0.617,11,1.324,0.495,1,156,2026-09-22,SCHEDULED,84.45,CRITICAL
MT-003553,AST-00023,S&T,C08,PREVENTIVE,SIGNAL_FAILURE,5,2,0.596,16,0.655,0.95,1,104,2026-09-17,OVERDUE,76.47,HIGH
MT-003554,AST-00393,ENGINEERING,C20,REPAIR,TRACK_GEOMETRY,4,1,0.599,0,0.78,0.75,1,161,2026-09-19,SCHEDULED,57.73,MEDIUM
MT-003555,AST-00491,TRD,C06,CORRECTIVE,INSULATOR_FAILURE,2,3,0.936,16,0.557,0.434,1,111,2026-09-20,OVERDUE,30.99,LOW
MT-003556,AST-00204,TRD,C19,CORRECTIVE,TRANSFORMER_FAULT,2,5,0.718,10,1.027,0.318,1,121,2026-09-23,OVERDUE,54.05,MEDIUM
MT-003557,AST-00121,S&T,C15,SIGNAL_REPAIR,RELAY_FAULT,4,4,0.76,26,1.324,0.432,1,125,2026-09-24,OVERDUE,78.68,HIGH
MT-003558,AST-00185,TRD,C20,PREVENTIVE,OHE_DAMAGE,5,5,1.0,14,0.686,0.528,1,92,2026-09-13,SCHEDULED,75.4,HIGH
MT-003559,AST-00169,ENGINEERING,C09,INSPECTION,BALLAST_DEFECT,4,2,0.786,8,1.307,0.644,1,106,2026-09-06,OPEN,62.93,HIGH
MT-003560,AST-00250,S&T,C15,SIGNAL_REPAIR,INTERLOCKING_FAULT,2,4,0.602,7,1.407,0.201,1,98,2026-09-21,OPEN,49.15,MEDIUM
MT-003561,AST-00202,TRD,C08,CORRECTIVE,CONTACT_WIRE_DEFECT,3,2,0.756,0,0.548,0.374,1,133,2026-09-13,OVERDUE,44.03,MEDIUM
MT-003562,AST-00004,S&T,C09,INSPECTION,CABLE_FAULT,1,4,0.524,0,1.607,0.344,1,51,2026-09-10,OPEN,46.13,MEDIUM
MT-003563,AST-00215,TRD,C13,OHE_REPAIR,FEEDER_FAULT,2,3,0.488,18,1.312,0.517,1,145,2026-09-24,OPEN,54.79,MEDIUM
MT-003564,AST-00424,ENGINEERING,C04,PREVENTIVE,RAIL_CRACK,4,3,0.481,2,0.78,0.489,1,93,2026-09-20,OPEN,59.06,MEDIUM
MT-003565,AST-00276,TRD,C13,PREVENTIVE,TRANSFORMER_FAULT,5,1,0.735,0,1.082,0.907,1,83,2026-09-01,SCHEDULED,66.86,HIGH
MT-003566,AST-00128,S&T,C01,PREVENTIVE,AXLE_COUNTER_FAULT,3,3,0.898,10,0.633,0.316,1,94,2026-09-16,OPEN,39.83,LOW
MT-003567,AST-00481,S&T,C06,SIGNAL_REPAIR,AXLE_COUNTER_FAULT,3,4,0.577,14,1.257,0.34,1,142,2026-09-05,OPEN,68.46,HIGH
MT-003568,AST-00062,TRD,C07,CORRECTIVE,TRANSFORMER_FAULT,2,3,0.794,21,0.992,0.48,1,89,2026-09-19,OPEN,41.07,MEDIUM
MT-003569,AST-00291,TRD,C08,OHE_REPAIR,INSULATOR_FAILURE,2,4,0.751,11,0.776,0.45,1,141,2026-09-27,OVERDUE,48.89,MEDIUM
MT-003570,AST-00335,S&T,C11,INSPECTION,INTERLOCKING_FAULT,1,2,0.745,13,0.9,0.351,0.95,60,2026-09-20,OPEN,22.4,LOW
MT-003571,AST-00124,S&T,C11,CORRECTIVE,INTERLOCKING_FAULT,4,3,0.903,3,0.402,0.7,1,112,2026-09-19,OPEN,59.18,MEDIUM
MT-003572,AST-00169,ENGINEERING,C09,CORRECTIVE,STRUCTURAL_DEFECT,2,2,0.786,2,0.42,0.454,1,120,2026-09-07,OPEN,31.85,LOW
MT-003573,AST-00395,ENGINEERING,C11,INSPECTION,POINT_DEFECT,1,5,0.62,2,1.531,0.442,1,46,2026-09-26,OPEN,41.93,MEDIUM
MT-003574,AST-00282,TRD,C19,CORRECTIVE,FEEDER_FAULT,1,4,0.849,0,0.634,0.16,1,106,2026-09-26,OVERDUE,25.42,LOW
MT-003575,AST-00052,ENGINEERING,C12,INSPECTION,STRUCTURAL_DEFECT,1,5,0.607,17,1.575,0.298,1,41,2026-09-22,OPEN,54.33,MEDIUM
MT-003576,AST-00344,S&T,C11,INSPECTION,CABLE_FAULT,2,4,0.775,0,1.212,0.398,1,58,2026-09-12,OVERDUE,42.44,MEDIUM
MT-003577,AST-00145,TRD,C16,INSPECTION,TRANSFORMER_FAULT,1,3,0.951,3,0.35,0.299,1,33,2026-09-22,SCHEDULED,18.79,LOW
MT-003578,AST-00394,S&T,C03,CORRECTIVE,RELAY_FAULT,4,2,0.922,6,0.165,0.839,1,123,2026-09-20,SCHEDULED,53.13,MEDIUM
MT-003579,AST-00422,S&T,C12,PREVENTIVE,AXLE_COUNTER_FAULT,3,2,0.711,4,1.097,0.545,1,61,2026-09-04,OVERDUE,40.21,MEDIUM
MT-003580,AST-00434,ENGINEERING,C13,CORRECTIVE,BALLAST_DEFECT,2,3,0.594,0,1.6,0.291,1,123,2026-09-21,OVERDUE,40.76,MEDIUM
MT-003581,AST-00130,S&T,C08,PREVENTIVE,SIGNAL_FAILURE,3,4,0.825,0,0.606,0.185,1,88,2026-09-27,OPEN,34.07,LOW
MT-003582,AST-00419,TRD,C19,PREVENTIVE,FEEDER_FAULT,5,4,0.882,9,1.17,0.803,1,116,2026-09-10,OPEN,78.91,HIGH
MT-003583,AST-00224,TRD,C09,OHE_REPAIR,FEEDER_FAULT,4,4,0.588,8,1.478,0.572,1,164,2026-09-16,OPEN,82.61,CRITICAL
MT-003584,AST-00465,ENGINEERING,C10,PREVENTIVE,POINT_DEFECT,3,2,0.624,13,1.268,0.51,1,78,2026-09-02,SCHEDULED,58.01,MEDIUM
MT-003585,AST-00061,S&T,C07,SIGNAL_REPAIR,SIGNAL_FAILURE,3,4,0.798,9,0.421,0.595,1,81,2026-09-11,SCHEDULED,60.3,HIGH
MT-003586,AST-00385,ENGINEERING,C09,INSPECTION,RAIL_CRACK,4,4,0.601,13,0.973,0.419,1,111,2026-09-08,OVERDUE,84.26,CRITICAL
MT-003587,AST-00063,S&T,C11,SIGNAL_REPAIR,INTERLOCKING_FAULT,3,3,0.613,10,1.288,0.614,1,110,2026-09-06,OPEN,60.24,HIGH
MT-003588,AST-00116,ENGINEERING,C02,CORRECTIVE,BALLAST_DEFECT,1,4,0.707,6,0.467,0.476,1,95,2026-09-17,SCHEDULED,33.26,LOW
MT-003589,AST-00282,TRD,C19,INSPECTION,FEEDER_FAULT,4,4,0.849,2,0.816,0.61,1,80,2026-09-11,OPEN,56.9,MEDIUM
MT-003590,AST-00317,TRD,C18,PREVENTIVE,FEEDER_FAULT,4,1,0.792,15,1.033,0.696,1,110,2026-09-17,OPEN,61.74,HIGH
MT-003591,AST-00410,ENGINEERING,C12,REPAIR,BALLAST_DEFECT,2,3,0.916,9,0.225,0.28,1,167,2026-09-30,OVERDUE,33.72,LOW
MT-003592,AST-00098,TRD,C09,CORRECTIVE,TRANSFORMER_FAULT,3,1,0.884,2,0.434,0.462,1,131,2026-09-04,OPEN,26.47,LOW
MT-003593,AST-00291,TRD,C08,OHE_REPAIR,FEEDER_FAULT,4,4,0.751,0,1.062,0.556,1,166,2026-09-20,OPEN,75.17,HIGH
MT-003594,AST-00148,S&T,C08,INSPECTION,AXLE_COUNTER_FAULT,1,4,0.706,14,0.613,0.243,1,44,2026-09-29,OPEN,34.0,LOW
MT-003595,AST-00076,TRD,C05,PREVENTIVE,TRANSFORMER_FAULT,5,3,0.691,19,0.51,0.561,1,123,2026-09-13,OPEN,79.16,HIGH
MT-003596,AST-00071,ENGINEERING,C08,INSPECTION,STRUCTURAL_DEFECT,3,3,0.703,2,1.022,0.506,1,86,2026-09-17,SCHEDULED,57.64,MEDIUM
MT-003597,AST-00349,TRD,C16,INSPECTION,FEEDER_FAULT,3,3,0.94,24,0.76,0.502,1,68,2026-09-14,OVERDUE,65.49,HIGH
MT-003598,AST-00285,TRD,C19,CORRECTIVE,TRANSFORMER_FAULT,5,2,0.679,0,0.683,0.831,1,130,2026-09-30,OPEN,67.87,HIGH
MT-003599,AST-00116,ENGINEERING,C02,INSPECTION,TRACK_GEOMETRY,3,4,0.707,10,0.964,0.528,1,77,2026-09-10,OVERDUE,58.26,MEDIUM
MT-003600,AST-00394,S&T,C03,SIGNAL_REPAIR,SIGNAL_FAILURE,3,2,0.922,0,0.723,0.247,1,125,2026-09-25,OVERDUE,29.94,LOW
MT-003601,AST-00231,ENGINEERING,C04,PREVENTIVE,POINT_DEFECT,5,4,0.598,0,0.808,0.571,1,118,2026-09-19,OVERDUE,84.55,CRITICAL
MT-003602,AST-00462,S&T,C15,SIGNAL_REPAIR,AXLE_COUNTER_FAULT,4,3,0.569,19,1.603,0.579,1,120,2026-09-22,OVERDUE,80.38,CRITICAL
MT-003603,AST-00401,ENGINEERING,C11,INSPECTION,STRUCTURAL_DEFECT,2,5,0.707,3,0.978,0.276,1,77,2026-09-30,OVERDUE,55.22,MEDIUM
MT-003604,AST-00305,S&T,C06,CORRECTIVE,CABLE_FAULT,2,4,0.56,3,0.87,0.26,1,119,2026-09-26,OVERDUE,53.11,MEDIUM
MT-003605,AST-00399,ENGINEERING,C05,INSPECTION,TRACK_GEOMETRY,3,4,0.778,15,1.153,0.497,1,63,2026-09-10,OVERDUE,68.59,HIGH
MT-003606,AST-00186,ENGINEERING,C10,CORRECTIVE,BALLAST_DEFECT,5,3,0.782,12,0.807,0.815,1,148,2026-09-30,OPEN,82.41,CRITICAL
MT-003607,AST-00314,ENGINEERING,C18,REPAIR,TRACK_GEOMETRY,2,3,0.844,30,1.194,0.462,1,144,2026-09-16,SCHEDULED,59.21,MEDIUM
MT-003608,AST-00040,TRD,C08,INSPECTION,INSULATOR_FAILURE,3,2,0.958,29,0.092,0.44,1,78,2026-09-12,OVERDUE,39.53,LOW
MT-003609,AST-00399,ENGINEERING,C05,CORRECTIVE,STRUCTURAL_DEFECT,4,4,0.778,22,1.294,0.642,1,120,2026-09-01,OVERDUE,77.17,HIGH
MT-003610,AST-00080,TRD,C18,OHE_REPAIR,CONTACT_WIRE_DEFECT,5,3,0.774,0,0.584,0.72,1,182,2026-09-14,OVERDUE,76.75,HIGH
MT-003611,AST-00006,S&T,C20,SIGNAL_REPAIR,INTERLOCKING_FAULT,4,5,0.849,10,0.947,0.656,1,146,2026-09-28,OVERDUE,76.81,HIGH
MT-003612,AST-00277,TRD,C12,INSPECTION,OHE_DAMAGE,2,3,0.859,27,0.432,0.595,1,31,2026-09-25,OPEN,35.84,LOW
MT-003613,AST-00266,ENGINEERING,C18,PREVENTIVE,BALLAST_DEFECT,3,4,0.789,25,0.748,0.412,1,90,2026-09-06,OVERDUE,61.09,HIGH
MT-003614,AST-00061,S&T,C07,PREVENTIVE,SIGNAL_FAILURE,4,4,0.798,10,1.053,0.449,1,114,2026-09-06,SCHEDULED,56.62,MEDIUM
MT-003615,AST-00381,TRD,C13,CORRECTIVE,INSULATOR_FAILURE,3,4,0.505,1,0.778,0.713,1,128,2026-09-12,OVERDUE,73.88,HIGH
MT-003616,AST-00443,TRD,C06,CORRECTIVE,INSULATOR_FAILURE,3,1,0.669,11,1.292,0.608,1,122,2026-09-08,OVERDUE,50.08,MEDIUM
MT-003617,AST-00187,ENGINEERING,C13,CORRECTIVE,RAIL_CRACK,4,1,0.679,8,1.467,0.643,1,109,2026-09-27,OPEN,55.98,MEDIUM
MT-003618,AST-00277,TRD,C12,CORRECTIVE,OHE_DAMAGE,5,3,0.859,31,0.444,0.688,1,162,2026-09-06,OVERDUE,85.82,CRITICAL
MT-003619,AST-00254,S&T,C11,PREVENTIVE,AXLE_COUNTER_FAULT,2,4,0.879,0,0.508,0.208,1,63,2026-09-13,OPEN,32.52,LOW
MT-003620,AST-00201,TRD,C17,INSPECTION,INSULATOR_FAILURE,4,3,0.908,4,1.112,0.7,1,68,2026-09-10,OPEN,60.17,HIGH
MT-003621,AST-00458,ENGINEERING,C09,REPAIR,POINT_DEFECT,5,1,0.828,5,1.03,0.757,1,183,2026-09-18,OPEN,67.36,HIGH
MT-003622,AST-00123,ENGINEERING,C14,PREVENTIVE,TRACK_GEOMETRY,2,5,0.796,6,0.867,0.447,1,85,2026-09-02,OVERDUE,54.97,MEDIUM
MT-003623,AST-00177,S&T,C04,SIGNAL_REPAIR,INTERLOCKING_FAULT,2,3,0.868,1,0.874,0.354,1,83,2026-09-30,OVERDUE,36.77,LOW
MT-003624,AST-00241,TRD,C10,OHE_REPAIR,FEEDER_FAULT,4,4,0.786,0,1.175,0.549,1,176,2026-09-05,OPEN,72.63,HIGH
MT-003625,AST-00179,S&T,C09,PREVENTIVE,RELAY_FAULT,3,3,0.887,0,0.197,0.558,1,98,2026-09-03,OPEN,27.87,LOW
MT-003626,AST-00448,ENGINEERING,C17,REPAIR,BALLAST_DEFECT,3,1,0.687,3,1.194,0.588,1,135,2026-09-13,SCHEDULED,47.27,MEDIUM
MT-003627,AST-00020,TRD,C17,CORRECTIVE,CONTACT_WIRE_DEFECT,3,4,0.707,0,1.406,0.395,1,125,2026-09-20,OPEN,70.65,HIGH
MT-003628,AST-00327,ENGINEERING,C02,INSPECTION,POINT_DEFECT,5,4,0.696,1,1.155,0.877,1,93,2026-09-16,OPEN,83.79,CRITICAL
MT-003629,AST-00010,ENGINEERING,C09,CORRECTIVE,RAIL_CRACK,3,4,0.72,3,0.625,0.138,1,114,2026-09-27,OVERDUE,49.62,MEDIUM
MT-003630,AST-00143,ENGINEERING,C12,INSPECTION,POINT_DEFECT,3,3,0.716,0,0.494,0.377,1,77,2026-09-18,OPEN,43.33,MEDIUM
MT-003631,AST-00007,TRD,C13,OHE_REPAIR,TRANSFORMER_FAULT,4,4,0.466,22,1.243,0.692,1,191,2026-09-21,OVERDUE,86.42,CRITICAL
MT-003632,AST-00040,TRD,C08,PREVENTIVE,OHE_DAMAGE,4,2,0.958,20,0.812,0.617,1,95,2026-09-24,OPEN,53.77,MEDIUM
MT-003633,AST-00293,TRD,C13,PREVENTIVE,CONTACT_WIRE_DEFECT,2,3,0.909,0,1.081,0.383,1,64,2026-09-23,SCHEDULED,32.72,LOW
MT-003634,AST-00279,S&T,C18,PREVENTIVE,INTERLOCKING_FAULT,3,4,0.772,16,0.592,0.672,1,73,2026-09-17,SCHEDULED,51.59,MEDIUM
MT-003635,AST-00045,S&T,C08,INSPECTION,AXLE_COUNTER_FAULT,1,4,0.751,3,0.396,0.253,1,34,2026-09-22,OVERDUE,27.07,LOW
MT-003636,AST-00067,ENGINEERING,C16,PREVENTIVE,BALLAST_DEFECT,4,4,0.627,17,0.847,0.607,1,83,2026-09-09,OVERDUE,78.4,HIGH
MT-003637,AST-00081,S&T,C13,INSPECTION,AXLE_COUNTER_FAULT,5,4,0.682,12,1.324,0.52,1,99,2026-09-05,OPEN,81.53,CRITICAL
MT-003638,AST-00380,TRD,C05,INSPECTION,INSULATOR_FAILURE,3,3,0.708,11,1.377,0.459,1,71,2026-09-29,OVERDUE,61.71,HIGH
MT-003639,AST-00183,TRD,C07,OHE_REPAIR,OHE_DAMAGE,2,2,0.612,19,1.391,0.556,1,123,2026-09-02,OVERDUE,50.97,MEDIUM
MT-003640,AST-00088,TRD,C12,PREVENTIVE,CONTACT_WIRE_DEFECT,2,4,0.747,4,1.375,0.547,1,58,2026-09-20,OPEN,42.94,MEDIUM
MT-003641,AST-00208,ENGINEERING,C19,PREVENTIVE,BALLAST_DEFECT,3,3,0.75,5,0.502,0.691,1,84,2026-09-21,OPEN,51.8,MEDIUM
MT-003642,AST-00205,ENGINEERING,C03,CORRECTIVE,STRUCTURAL_DEFECT,3,3,0.778,4,1.062,0.526,1,125,2026-09-22,OVERDUE,50.15,MEDIUM
MT-003643,AST-00060,S&T,C11,PREVENTIVE,CABLE_FAULT,2,4,0.991,0,0.5,0.366,1,63,2026-09-08,OVERDUE,33.65,LOW
MT-003644,AST-00094,S&T,C17,PREVENTIVE,RELAY_FAULT,3,4,0.688,23,1.453,0.534,1,68,2026-09-30,OPEN,74.92,HIGH
MT-003645,AST-00089,TRD,C06,OHE_REPAIR,TRANSFORMER_FAULT,3,3,0.748,20,1.143,0.35,1,153,2026-09-14,OVERDUE,51.57,MEDIUM
MT-003646,AST-00118,TRD,C15,INSPECTION,INSULATOR_FAILURE,3,4,0.621,6,0.843,0.353,1,43,2026-09-12,SCHEDULED,50.36,MEDIUM
MT-003647,AST-00271,S&T,C14,CORRECTIVE,SIGNAL_FAILURE,5,5,0.866,14,1.14,0.569,1,151,2026-09-28,OVERDUE,87.27,CRITICAL
MT-003648,AST-00444,S&T,C17,INSPECTION,INTERLOCKING_FAULT,4,2,0.719,0,0.443,0.517,0.993,77,2026-09-20,OPEN,44.5,MEDIUM
MT-003649,AST-00381,TRD,C13,OHE_REPAIR,OHE_DAMAGE,2,4,0.505,9,0.859,0.489,1,122,2026-09-21,OPEN,60.51,HIGH
MT-003650,AST-00318,ENGINEERING,C07,INSPECTION,POINT_DEFECT,3,2,0.835,0,0.726,0.552,1,89,2026-09-04,SCHEDULED,47.65,MEDIUM
MT-003651,AST-00328,ENGINEERING,C10,CORRECTIVE,TRACK_GEOMETRY,4,5,0.735,0,1.148,0.524,1,129,2026-09-01,OVERDUE,75.71,HIGH
MT-003652,AST-00128,S&T,C01,PREVENTIVE,SIGNAL_FAILURE,4,3,0.898,19,1.009,0.527,1,92,2026-09-08,OPEN,74.85,HIGH
MT-003653,AST-00033,ENGINEERING,C07,CORRECTIVE,STRUCTURAL_DEFECT,2,2,0.637,23,1.537,0.186,1,105,2026-09-27,SCHEDULED,48.58,MEDIUM
MT-003654,AST-00076,TRD,C05,INSPECTION,OHE_DAMAGE,2,3,0.691,13,1.102,0.331,1,47,2026-09-22,OPEN,35.49,LOW
MT-003655,AST-00461,ENGINEERING,C10,PREVENTIVE,RAIL_CRACK,4,3,0.824,2,0.393,0.555,1,98,2026-09-04,OPEN,61.42,HIGH
MT-003656,AST-00131,TRD,C05,OHE_REPAIR,CONTACT_WIRE_DEFECT,5,3,0.585,22,1.087,0.788,1,150,2026-09-26,OVERDUE,80.53,CRITICAL
MT-003657,AST-00184,S&T,C09,PREVENTIVE,RELAY_FAULT,5,3,0.849,0,1.05,0.89,1,113,2026-09-09,OPEN,73.44,HIGH
MT-003658,AST-00384,ENGINEERING,C13,PREVENTIVE,TRACK_GEOMETRY,4,5,0.636,18,0.779,0.505,1,103,2026-09-15,SCHEDULED,82.06,CRITICAL
MT-003659,AST-00130,S&T,C08,PREVENTIVE,INTERLOCKING_FAULT,3,4,0.825,15,1.124,0.291,1,117,2026-09-04,OVERDUE,63.87,HIGH
MT-003660,AST-00138,TRD,C03,OHE_REPAIR,TRANSFORMER_FAULT,4,4,0.945,19,0.386,0.562,1,155,2026-09-02,OVERDUE,59.46,MEDIUM
MT-003661,AST-00077,TRD,C03,INSPECTION,TRANSFORMER_FAULT,2,3,0.722,0,0.86,0.506,1,53,2026-09-04,OVERDUE,34.6,LOW
MT-003662,AST-00451,TRD,C09,CORRECTIVE,FEEDER_FAULT,4,4,0.572,24,1.6,0.465,1,154,2026-09-19,OPEN,87.9,CRITICAL
MT-003663,AST-00217,S&T,C12,INSPECTION,CABLE_FAULT,4,5,0.758,0,0.437,0.691,1,90,2026-09-12,OVERDUE,79.35,HIGH
MT-003664,AST-00467,ENGINEERING,C13,PREVENTIVE,STRUCTURAL_DEFECT,1,2,0.729,17,1.259,0.159,1,51,2026-09-26,OPEN,21.93,LOW
MT-003665,AST-00224,TRD,C09,CORRECTIVE,FEEDER_FAULT,2,4,0.588,18,0.843,0.323,1,114,2026-09-12,OVERDUE,44.27,MEDIUM
MT-003666,AST-00096,S&T,C15,INSPECTION,INTERLOCKING_FAULT,3,4,1.0,0,0.382,0.651,1,83,2026-09-10,OVERDUE,45.33,MEDIUM
MT-003667,AST-00215,TRD,C13,CORRECTIVE,CONTACT_WIRE_DEFECT,2,3,0.488,27,0.854,0.369,1,105,2026-09-10,OPEN,56.15,MEDIUM
MT-003668,AST-00128,S&T,C01,CORRECTIVE,RELAY_FAULT,3,3,0.898,7,0.974,0.529,1,156,2026-09-24,OPEN,46.82,MEDIUM
MT-003669,AST-00404,ENGINEERING,C08,CORRECTIVE,BALLAST_DEFECT,4,3,0.968,11,0.374,0.675,1,120,2026-09-18,SCHEDULED,63.28,HIGH
MT-003670,AST-00107,TRD,C04,PREVENTIVE,TRANSFORMER_FAULT,2,3,0.492,5,0.803,0.23,1,73,2026-09-20,OPEN,33.09,LOW
MT-003671,AST-00399,ENGINEERING,C05,PREVENTIVE,STRUCTURAL_DEFECT,4,4,0.778,20,0.59,0.771,1,114,2026-09-23,OPEN,85.29,CRITICAL
MT-003672,AST-00372,ENGINEERING,C09,REPAIR,POINT_DEFECT,3,4,0.736,17,0.994,0.576,1,134,2026-09-06,OVERDUE,58.3,MEDIUM
MT-003673,AST-00061,S&T,C07,PREVENTIVE,RELAY_FAULT,3,4,0.798,1,1.086,0.498,1,70,2026-09-10,OPEN,55.43,MEDIUM
MT-003674,AST-00441,TRD,C03,PREVENTIVE,OHE_DAMAGE,3,5,0.693,15,0.525,0.438,1,80,2026-09-18,OPEN,76.65,HIGH
MT-003675,AST-00402,ENGINEERING,C18,REPAIR,BALLAST_DEFECT,5,4,0.751,20,1.114,0.764,1,179,2026-09-11,SCHEDULED,92.04,CRITICAL
MT-003676,AST-00315,ENGINEERING,C17,INSPECTION,TRACK_GEOMETRY,5,4,0.864,3,0.615,0.662,1,102,2026-09-19,OPEN,79.26,HIGH
MT-003677,AST-00239,ENGINEERING,C15,INSPECTION,STRUCTURAL_DEFECT,4,2,0.584,28,1.046,0.606,0.905,70,2026-09-15,OPEN,69.21,HIGH
MT-003678,AST-00388,TRD,C12,CORRECTIVE,CONTACT_WIRE_DEFECT,4,3,0.741,20,1.16,0.66,1,107,2026-09-16,OVERDUE,74.92,HIGH
MT-003679,AST-00495,ENGINEERING,C16,PREVENTIVE,RAIL_CRACK,5,5,0.742,11,0.89,0.547,1,98,2026-09-05,OVERDUE,84.4,CRITICAL
MT-003680,AST-00195,TRD,C17,PREVENTIVE,CONTACT_WIRE_DEFECT,3,2,0.95,0,0.235,0.558,1,86,2026-09-15,OPEN,36.99,LOW
MT-003681,AST-00068,ENGINEERING,C10,PREVENTIVE,STRUCTURAL_DEFECT,5,5,0.643,7,0.61,0.643,1,102,2026-09-16,OVERDUE,90.06,CRITICAL
MT-003682,AST-00006,S&T,C20,PREVENTIVE,RELAY_FAULT,4,5,0.849,0,0.89,0.651,1,112,2026-09-10,OPEN,58.84,MEDIUM
MT-003683,AST-00300,TRD,C18,PREVENTIVE,FEEDER_FAULT,3,5,0.694,38,0.608,0.549,1,98,2026-09-13,SCHEDULED,77.41,HIGH
MT-003684,AST-00479,S&T,C08,CORRECTIVE,CABLE_FAULT,4,3,0.757,24,0.459,0.655,1,120,2026-09-24,SCHEDULED,70.96,HIGH
MT-003685,AST-00355,ENGINEERING,C01,CORRECTIVE,TRACK_GEOMETRY,3,4,0.796,14,1.076,0.526,1,101,2026-09-13,OVERDUE,75.13,HIGH
MT-003686,AST-00269,TRD,C13,PREVENTIVE,TRANSFORMER_FAULT,3,2,0.65,0,1.124,0.372,1,105,2026-09-02,SCHEDULED,45.15,MEDIUM
MT-003687,AST-00154,TRD,C17,PREVENTIVE,FEEDER_FAULT,1,5,0.822,7,0.427,0.23,1,71,2026-09-18,SCHEDULED,31.18,LOW
MT-003688,AST-00398,ENGINEERING,C05,INSPECTION,BALLAST_DEFECT,5,2,0.637,18,0.775,0.918,1,84,2026-09-04,OVERDUE,79.44,HIGH
MT-003689,AST-00145,TRD,C16,PREVENTIVE,INSULATOR_FAILURE,3,3,0.951,8,0.269,0.408,1,78,2026-09-27,OPEN,40.16,MEDIUM
MT-003690,AST-00379,TRD,C15,PREVENTIVE,TRANSFORMER_FAULT,5,5,0.749,2,1.361,0.663,1,100,2026-09-16,OPEN,87.07,CRITICAL
MT-003691,AST-00065,S&T,C06,INSPECTION,CABLE_FAULT,5,1,0.864,0,0.288,0.581,1,95,2026-09-21,OPEN,49.52,MEDIUM
MT-003692,AST-00459,TRD,C12,CORRECTIVE,OHE_DAMAGE,3,2,0.857,24,0.342,0.429,0.967,122,2026-09-15,OVERDUE,42.3,MEDIUM
MT-003693,AST-00051,ENGINEERING,C05,CORRECTIVE,BALLAST_DEFECT,4,4,0.953,10,0.922,0.648,1,133,2026-09-10,OVERDUE,72.68,HIGH
MT-003694,AST-00169,ENGINEERING,C09,REPAIR,POINT_DEFECT,5,2,0.786,12,1.281,0.859,1,151,2026-09-03,SCHEDULED,81.1,CRITICAL
MT-003695,AST-00092,TRD,C03,PREVENTIVE,OHE_DAMAGE,2,4,0.761,5,0.519,0.473,1,77,2026-09-05,OVERDUE,53.08,MEDIUM
MT-003696,AST-00050,ENGINEERING,C15,INSPECTION,TRACK_GEOMETRY,3,4,0.898,0,0.528,0.435,1,87,2026-09-05,OPEN,51.71,MEDIUM
MT-003697,AST-00218,ENGINEERING,C05,REPAIR,STRUCTURAL_DEFECT,2,3,0.658,9,1.184,0.365,1,137,2026-09-07,OVERDUE,48.21,MEDIUM
MT-003698,AST-00145,TRD,C16,OHE_REPAIR,CONTACT_WIRE_DEFECT,2,3,0.951,5,0.603,0.331,1,115,2026-09-11,OPEN,38.41,LOW
MT-003699,AST-00113,ENGINEERING,C03,PREVENTIVE,BALLAST_DEFECT,2,4,0.75,12,0.814,0.415,1,91,2026-09-06,OPEN,67.09,HIGH
MT-003700,AST-00324,ENGINEERING,C15,REPAIR,TRACK_GEOMETRY,4,2,0.799,5,0.386,0.623,1,161,2026-09-29,OPEN,55.23,MEDIUM
MT-003701,AST-00112,ENGINEERING,C07,REPAIR,BALLAST_DEFECT,1,4,0.821,17,0.428,0.275,1,123,2026-09-16,SCHEDULED,35.62,LOW
MT-003702,AST-00490,ENGINEERING,C01,CORRECTIVE,RAIL_CRACK,4,3,0.824,7,0.798,0.53,1,126,2026-09-21,OPEN,63.22,HIGH
MT-003703,AST-00434,ENGINEERING,C13,CORRECTIVE,POINT_DEFECT,2,3,0.594,8,0.879,0.287,1,111,2026-09-30,SCHEDULED,46.2,MEDIUM
MT-003704,AST-00407,ENGINEERING,C08,PREVENTIVE,RAIL_CRACK,4,3,0.748,19,0.98,0.665,1,98,2026-09-29,SCHEDULED,61.99,HIGH
MT-003705,AST-00022,TRD,C20,CORRECTIVE,TRANSFORMER_FAULT,3,3,0.863,14,0.245,0.451,1,122,2026-09-12,OVERDUE,56.48,MEDIUM
MT-003706,AST-00419,TRD,C19,INSPECTION,TRANSFORMER_FAULT,4,4,0.882,6,0.443,0.618,1,88,2026-09-26,OVERDUE,67.71,HIGH
MT-003707,AST-00273,S&T,C16,PREVENTIVE,INTERLOCKING_FAULT,1,3,0.64,15,1.26,0.422,1,70,2026-09-27,SCHEDULED,38.9,LOW
MT-003708,AST-00224,TRD,C09,CORRECTIVE,FEEDER_FAULT,2,4,0.588,40,0.894,0.424,1,124,2026-09-09,OPEN,59.17,MEDIUM
MT-003709,AST-00385,ENGINEERING,C09,CORRECTIVE,POINT_DEFECT,5,4,0.601,19,0.631,0.71,1,137,2026-09-13,OPEN,86.95,CRITICAL
MT-003710,AST-00287,ENGINEERING,C01,REPAIR,TRACK_GEOMETRY,4,4,0.806,0,0.496,0.679,1,148,2026-09-23,OVERDUE,73.63,HIGH
MT-003711,AST-00010,ENGINEERING,C09,PREVENTIVE,BALLAST_DEFECT,5,4,0.72,20,1.209,1,1,132,2026-09-18,OVERDUE,91.93,CRITICAL
MT-003712,AST-00399,ENGINEERING,C05,REPAIR,BALLAST_DEFECT,4,4,0.778,9,0.684,0.641,1,155,2026-09-13,OPEN,81.89,CRITICAL
MT-003713,AST-00324,ENGINEERING,C15,REPAIR,POINT_DEFECT,4,2,0.799,5,0.364,0.698,1,133,2026-09-04,SCHEDULED,43.94,MEDIUM
MT-003714,AST-00161,S&T,C04,SIGNAL_REPAIR,CABLE_FAULT,4,3,0.731,6,1.143,0.665,1,161,2026-09-23,OVERDUE,72.53,HIGH
MT-003715,AST-00435,ENGINEERING,C01,INSPECTION,TRACK_GEOMETRY,3,5,0.809,0,0.738,0.862,1,58,2026-09-15,OVERDUE,75.16,HIGH
MT-003716,AST-00194,ENGINEERING,C16,REPAIR,TRACK_GEOMETRY,4,2,0.76,0,0.806,0.645,1,165,2026-09-13,OPEN,63.03,HIGH
MT-003717,AST-00136,TRD,C05,OHE_REPAIR,TRANSFORMER_FAULT,1,5,0.924,0,0.317,0.164,1,99,2026-09-26,OVERDUE,25.72,LOW
MT-003718,AST-00005,S&T,C09,PREVENTIVE,INTERLOCKING_FAULT,2,2,0.673,24,0.609,0.481,1,131,2026-09-13,SCHEDULED,50.93,MEDIUM
MT-003719,AST-00407,ENGINEERING,C08,REPAIR,TRACK_GEOMETRY,4,3,0.748,0,1.151,0.692,1,136,2026-09-16,OVERDUE,63.11,HIGH
MT-003720,AST-00083,TRD,C03,CORRECTIVE,FEEDER_FAULT,2,2,0.865,12,0.553,0.362,1,97,2026-09-01,OPEN,25.72,LOW
MT-003721,AST-00231,ENGINEERING,C04,INSPECTION,TRACK_GEOMETRY,2,4,0.598,0,1.064,0.192,1,60,2026-09-27,OPEN,28.43,LOW
MT-003722,AST-00193,ENGINEERING,C07,INSPECTION,TRACK_GEOMETRY,4,4,0.863,19,1.005,0.678,1,98,2026-09-18,SCHEDULED,72.05,HIGH
MT-003723,AST-00186,ENGINEERING,C10,INSPECTION,RAIL_CRACK,5,3,0.782,10,1.321,0.629,1,115,2026-09-08,SCHEDULED,74.86,HIGH
MT-003724,AST-00234,TRD,C17,PREVENTIVE,OHE_DAMAGE,2,2,0.771,10,0.903,0.352,1,32,2026-09-16,OPEN,30.13,LOW
MT-003725,AST-00459,TRD,C12,CORRECTIVE,OHE_DAMAGE,4,2,0.857,0,0.392,0.719,1,133,2026-09-22,OPEN,62.73,HIGH
MT-003726,AST-00189,TRD,C19,OHE_REPAIR,OHE_DAMAGE,2,4,0.643,13,1.398,0.452,1,137,2026-09-29,SCHEDULED,46.84,MEDIUM
MT-003727,AST-00219,TRD,C17,INSPECTION,INSULATOR_FAILURE,3,4,0.504,27,1.297,0.566,1,86,2026-09-05,OVERDUE,67.4,HIGH
MT-003728,AST-00473,S&T,C06,CORRECTIVE,AXLE_COUNTER_FAULT,3,1,0.685,4,1.328,0.574,0.961,103,2026-09-24,OPEN,38.25,LOW
MT-003729,AST-00355,ENGINEERING,C01,INSPECTION,RAIL_CRACK,3,4,0.796,0,1.17,0.504,1,81,2026-09-08,OPEN,54.41,MEDIUM
MT-003730,AST-00183,TRD,C07,CORRECTIVE,CONTACT_WIRE_DEFECT,5,2,0.612,18,1.278,0.905,0.89,118,2026-09-27,OVERDUE,84.47,CRITICAL
MT-003731,AST-00443,TRD,C06,CORRECTIVE,INSULATOR_FAILURE,4,1,0.669,19,1.258,0.816,1,153,2026-09-18,SCHEDULED,60.15,HIGH
MT-003732,AST-00339,ENGINEERING,C20,INSPECTION,POINT_DEFECT,4,3,0.633,30,1.06,0.706,1,92,2026-09-17,OPEN,72.29,HIGH
MT-003733,AST-00157,ENGINEERING,C18,INSPECTION,STRUCTURAL_DEFECT,3,4,0.511,2,0.814,0.494,1,58,2026-09-15,OPEN,57.02,MEDIUM
MT-003734,AST-00067,ENGINEERING,C16,PREVENTIVE,POINT_DEFECT,3,4,0.627,1,1.12,0.5,1,88,2026-09-17,OVERDUE,51.68,MEDIUM
MT-003735,AST-00240,S&T,C13,INSPECTION,INTERLOCKING_FAULT,5,3,0.901,11,0.686,0.61,1,108,2026-09-22,OPEN,71.86,HIGH
MT-003736,AST-00223,S&T,C10,INSPECTION,INTERLOCKING_FAULT,5,2,0.705,9,0.737,0.604,1,106,2026-09-12,OVERDUE,75.53,HIGH
MT-003737,AST-00489,TRD,C08,PREVENTIVE,OHE_DAMAGE,3,4,0.927,27,0.917,0.455,1,126,2026-09-13,OPEN,61.82,HIGH
MT-003738,AST-00376,S&T,C10,PREVENTIVE,SIGNAL_FAILURE,4,5,1.0,10,0.439,0.579,1,105,2026-09-09,SCHEDULED,63.79,HIGH
MT-003739,AST-00262,TRD,C03,CORRECTIVE,FEEDER_FAULT,2,2,0.777,0,1.085,0.353,1,134,2026-09-06,OVERDUE,27.45,LOW
MT-003740,AST-00089,TRD,C06,CORRECTIVE,OHE_DAMAGE,4,3,0.748,19,1.282,0.691,1,140,2026-09-16,OPEN,74.71,HIGH
MT-003741,AST-00251,S&T,C09,CORRECTIVE,AXLE_COUNTER_FAULT,4,2,0.716,6,0.581,0.715,1,148,2026-09-13,OVERDUE,63.38,HIGH
MT-003742,AST-00477,TRD,C12,CORRECTIVE,FEEDER_FAULT,1,2,0.817,0,0.366,0.361,1,107,2026-09-15,OPEN,13.81,LOW
MT-003743,AST-00446,TRD,C03,CORRECTIVE,FEEDER_FAULT,4,3,0.915,0,0.336,0.545,1,136,2026-09-15,OVERDUE,61.94,HIGH
MT-003744,AST-00373,TRD,C15,INSPECTION,OHE_DAMAGE,4,3,0.632,14,0.94,0.61,1,83,2026-09-03,OVERDUE,70.99,HIGH
MT-003745,AST-00346,S&T,C18,PREVENTIVE,RELAY_FAULT,3,4,0.714,10,0.808,0.434,1,96,2026-09-07,OPEN,43.27,MEDIUM
MT-003746,AST-00471,ENGINEERING,C11,INSPECTION,POINT_DEFECT,2,2,0.712,7,1.276,0.414,0.995,69,2026-09-03,OPEN,33.12,LOW
MT-003747,AST-00360,TRD,C11,INSPECTION,OHE_DAMAGE,2,4,0.886,15,0.89,0.35,1,67,2026-09-17,OVERDUE,38.53,LOW
MT-003748,AST-00115,S&T,C19,CORRECTIVE,AXLE_COUNTER_FAULT,3,4,0.591,17,1.043,0.38,1,121,2026-09-17,OPEN,64.21,HIGH
MT-003749,AST-00470,ENGINEERING,C03,INSPECTION,BALLAST_DEFECT,1,5,0.506,5,1.596,0.381,1,30,2026-09-23,OPEN,45.71,MEDIUM
MT-003750,AST-00151,S&T,C07,PREVENTIVE,SIGNAL_FAILURE,1,4,0.66,17,1.143,0.332,1,48,2026-09-13,OVERDUE,36.28,LOW
MT-003751,AST-00385,ENGINEERING,C09,PREVENTIVE,RAIL_CRACK,4,4,0.601,12,0.829,0.547,1,113,2026-09-29,SCHEDULED,82.88,CRITICAL
MT-003752,AST-00186,ENGINEERING,C10,CORRECTIVE,BALLAST_DEFECT,3,3,0.782,17,0.947,0.592,1,129,2026-09-14,OVERDUE,65.73,HIGH
MT-003753,AST-00347,ENGINEERING,C02,CORRECTIVE,TRACK_GEOMETRY,2,3,0.441,14,0.952,0.48,1,86,2026-09-27,OVERDUE,50.64,MEDIUM
MT-003754,AST-00334,TRD,C14,INSPECTION,OHE_DAMAGE,3,4,0.997,10,0.766,0.65,1,72,2026-09-09,OPEN,48.64,MEDIUM
MT-003755,AST-00317,TRD,C18,PREVENTIVE,FEEDER_FAULT,1,1,0.792,4,0.707,0.292,1,90,2026-09-19,SCHEDULED,18.92,LOW
MT-003756,AST-00344,S&T,C11,CORRECTIVE,INTERLOCKING_FAULT,2,4,0.775,3,0.585,0.575,1,94,2026-09-18,OPEN,45.66,MEDIUM
MT-003757,AST-00337,ENGINEERING,C19,CORRECTIVE,TRACK_GEOMETRY,4,5,0.889,21,1.085,0.445,1,138,2026-09-19,SCHEDULED,81.69,CRITICAL
MT-003758,AST-00380,TRD,C05,CORRECTIVE,FEEDER_FAULT,4,3,0.708,18,0.857,0.467,1,123,2026-09-14,OPEN,70.28,HIGH
MT-003759,AST-00154,TRD,C17,PREVENTIVE,INSULATOR_FAILURE,4,5,0.822,37,0.996,0.686,1,91,2026-09-03,OPEN,87.13,CRITICAL
MT-003760,AST-00125,S&T,C01,INSPECTION,RELAY_FAULT,3,4,0.852,12,1.055,0.741,1,73,2026-09-29,OPEN,63.41,HIGH
MT-003761,AST-00145,TRD,C16,PREVENTIVE,TRANSFORMER_FAULT,3,3,0.951,13,0.603,0.38,1,127,2026-09-16,OPEN,42.34,MEDIUM
MT-003762,AST-00465,ENGINEERING,C10,CORRECTIVE,STRUCTURAL_DEFECT,1,2,0.624,22,1.374,0.355,1,117,2026-09-14,OPEN,33.28,LOW
MT-003763,AST-00428,ENGINEERING,C05,REPAIR,RAIL_CRACK,3,4,0.658,15,1.284,0.561,1,133,2026-09-18,OVERDUE,77.14,HIGH
MT-003764,AST-00074,S&T,C09,PREVENTIVE,INTERLOCKING_FAULT,5,5,0.775,4,0.849,0.747,1,101,2026-09-02,SCHEDULED,83.96,CRITICAL
MT-003765,AST-00024,ENGINEERING,C05,PREVENTIVE,STRUCTURAL_DEFECT,3,4,0.747,28,0.494,0.615,1,71,2026-09-15,SCHEDULED,55.43,MEDIUM
MT-003766,AST-00060,S&T,C11,CORRECTIVE,INTERLOCKING_FAULT,4,4,0.991,24,0.204,0.759,1,138,2026-09-24,OVERDUE,75.67,HIGH
MT-003767,AST-00333,TRD,C08,PREVENTIVE,OHE_DAMAGE,5,5,0.659,20,0.994,0.675,1,116,2026-09-11,OVERDUE,95.52,CRITICAL
MT-003768,AST-00001,TRD,C01,OHE_REPAIR,CONTACT_WIRE_DEFECT,2,2,0.717,9,0.427,0.524,1,152,2026-09-21,OVERDUE,46.94,MEDIUM
MT-003769,AST-00315,ENGINEERING,C17,PREVENTIVE,TRACK_GEOMETRY,5,4,0.864,8,0.297,0.616,1,113,2026-09-20,OVERDUE,68.83,HIGH
MT-003770,AST-00106,S&T,C02,PREVENTIVE,INTERLOCKING_FAULT,4,3,0.928,4,0.51,0.579,1,106,2026-09-14,OVERDUE,48.78,MEDIUM
MT-003771,AST-00141,TRD,C10,INSPECTION,OHE_DAMAGE,3,2,0.696,0,1.125,0.465,1,57,2026-09-08,OPEN,44.16,MEDIUM
MT-003772,AST-00103,TRD,C11,PREVENTIVE,TRANSFORMER_FAULT,5,4,0.617,0,1.084,0.626,1,117,2026-09-19,SCHEDULED,87.23,CRITICAL
MT-003773,AST-00350,TRD,C18,PREVENTIVE,OHE_DAMAGE,2,1,0.744,0,0.778,0.487,1,90,2026-09-19,OVERDUE,17.44,LOW
MT-003774,AST-00394,S&T,C03,INSPECTION,INTERLOCKING_FAULT,3,2,0.922,14,0.209,0.595,1,67,2026-09-07,OVERDUE,27.75,LOW
MT-003775,AST-00071,ENGINEERING,C08,CORRECTIVE,BALLAST_DEFECT,1,3,0.703,0,1.293,0.332,1,79,2026-09-09,OVERDUE,25.9,LOW
MT-003776,AST-00138,TRD,C03,PREVENTIVE,INSULATOR_FAILURE,3,4,0.945,0,0.775,0.541,1,100,2026-09-16,OVERDUE,45.32,MEDIUM
MT-003777,AST-00085,S&T,C03,CORRECTIVE,RELAY_FAULT,2,5,0.941,0,0.127,0.463,1,99,2026-09-27,SCHEDULED,49.48,MEDIUM
MT-003778,AST-00259,ENGINEERING,C15,REPAIR,TRACK_GEOMETRY,5,4,0.768,27,0.831,0.83,1,156,2026-09-27,SCHEDULED,86.4,CRITICAL
MT-003779,AST-00187,ENGINEERING,C13,PREVENTIVE,RAIL_CRACK,4,1,0.679,14,1.129,0.733,1,124,2026-09-18,OVERDUE,65.03,HIGH
MT-003780,AST-00418,ENGINEERING,C09,CORRECTIVE,RAIL_CRACK,4,5,0.637,17,0.549,0.48,1,123,2026-09-04,OPEN,75.47,HIGH
MT-003781,AST-00079,S&T,C01,SIGNAL_REPAIR,INTERLOCKING_FAULT,2,5,0.746,10,0.701,0.362,1,119,2026-09-20,OPEN,55.82,MEDIUM
MT-003782,AST-00308,S&T,C11,INSPECTION,CABLE_FAULT,5,4,0.76,11,0.573,0.826,1,112,2026-09-30,OVERDUE,86.25,CRITICAL
MT-003783,AST-00472,TRD,C16,INSPECTION,INSULATOR_FAILURE,5,3,0.596,29,0.848,0.87,1,83,2026-09-05,OVERDUE,85.29,CRITICAL
MT-003784,AST-00101,S&T,C19,SIGNAL_REPAIR,INTERLOCKING_FAULT,4,3,0.673,9,1.204,0.637,1,144,2026-09-27,OVERDUE,77.56,HIGH
MT-003785,AST-00189,TRD,C19,INSPECTION,FEEDER_FAULT,4,4,0.643,8,0.608,0.539,1,97,2026-09-28,OVERDUE,68.04,HIGH
MT-003786,AST-00402,ENGINEERING,C18,CORRECTIVE,STRUCTURAL_DEFECT,3,4,0.751,15,0.459,0.461,1,136,2026-09-17,SCHEDULED,64.15,HIGH
MT-003787,AST-00121,S&T,C15,CORRECTIVE,CABLE_FAULT,3,4,0.76,16,0.647,0.453,1,133,2026-09-15,OVERDUE,50.07,MEDIUM
MT-003788,AST-00075,TRD,C08,OHE_REPAIR,FEEDER_FAULT,2,3,0.598,1,1.205,0.471,1,144,2026-09-22,OVERDUE,38.4,LOW
MT-003789,AST-00404,ENGINEERING,C08,CORRECTIVE,TRACK_GEOMETRY,1,3,0.968,11,0.954,0.343,1,107,2026-09-15,OVERDUE,28.42,LOW
MT-003790,AST-00046,TRD,C01,PREVENTIVE,CONTACT_WIRE_DEFECT,4,3,0.962,29,0.738,0.801,1,107,2026-09-16,SCHEDULED,72.29,HIGH
MT-003791,AST-00098,TRD,C09,CORRECTIVE,CONTACT_WIRE_DEFECT,3,1,0.884,14,0.955,0.516,1,112,2026-09-15,OVERDUE,43.39,MEDIUM
MT-003792,AST-00257,S&T,C05,CORRECTIVE,AXLE_COUNTER_FAULT,2,4,0.682,0,1.459,0.602,1,99,2026-09-01,OPEN,43.2,MEDIUM
MT-003793,AST-00087,ENGINEERING,C05,REPAIR,STRUCTURAL_DEFECT,2,4,0.782,36,0.602,0.608,1,139,2026-09-14,OVERDUE,64.22,HIGH
MT-003794,AST-00406,S&T,C02,CORRECTIVE,RELAY_FAULT,5,4,0.817,0,0.469,0.586,1,140,2026-09-21,OPEN,81.55,CRITICAL
MT-003795,AST-00499,S&T,C20,PREVENTIVE,AXLE_COUNTER_FAULT,2,4,0.818,17,1.001,0.312,1,99,2026-09-02,OVERDUE,58.65,MEDIUM
MT-003796,AST-00087,ENGINEERING,C05,INSPECTION,BALLAST_DEFECT,4,4,0.782,0,0.638,0.452,1,83,2026-09-30,OPEN,56.06,MEDIUM
MT-003797,AST-00395,ENGINEERING,C11,CORRECTIVE,TRACK_GEOMETRY,4,5,0.62,13,0.684,0.486,1,146,2026-09-06,OVERDUE,79.66,HIGH
MT-003798,AST-00059,S&T,C04,PREVENTIVE,RELAY_FAULT,5,3,0.805,17,0.99,0.812,1,118,2026-09-09,OVERDUE,88.74,CRITICAL
MT-003799,AST-00330,S&T,C09,SIGNAL_REPAIR,SIGNAL_FAILURE,1,4,0.753,0,0.372,0.409,1,99,2026-09-08,OVERDUE,26.92,LOW
MT-003800,AST-00315,ENGINEERING,C17,CORRECTIVE,POINT_DEFECT,4,4,0.864,9,0.468,0.489,1,123,2026-09-17,OPEN,58.78,MEDIUM
MT-003801,AST-00351,TRD,C06,OHE_REPAIR,OHE_DAMAGE,4,3,0.711,31,0.977,0.491,1,153,2026-09-01,OVERDUE,73.72,HIGH
MT-003802,AST-00197,TRD,C19,INSPECTION,CONTACT_WIRE_DEFECT,4,2,0.767,13,0.928,0.786,1,71,2026-09-09,OVERDUE,62.78,HIGH
MT-003803,AST-00491,TRD,C06,OHE_REPAIR,CONTACT_WIRE_DEFECT,4,3,0.936,4,0.665,0.461,1,168,2026-09-01,OVERDUE,50.54,MEDIUM
MT-003804,AST-00129,ENGINEERING,C04,PREVENTIVE,STRUCTURAL_DEFECT,4,4,0.517,0,0.746,0.629,1,114,2026-09-24,OPEN,77.82,HIGH
MT-003805,AST-00447,S&T,C06,INSPECTION,SIGNAL_FAILURE,5,5,0.846,8,0.487,0.927,1,65,2026-09-08,OVERDUE,86.63,CRITICAL
MT-003806,AST-00037,S&T,C14,SIGNAL_REPAIR,SIGNAL_FAILURE,2,2,0.829,27,0.721,0.312,0.944,117,2026-09-12,OVERDUE,38.98,LOW
MT-003807,AST-00044,TRD,C03,OHE_REPAIR,CONTACT_WIRE_DEFECT,5,3,0.797,14,0.782,0.832,1,166,2026-09-10,OPEN,83.17,CRITICAL
MT-003808,AST-00439,TRD,C18,INSPECTION,FEEDER_FAULT,5,4,0.632,0,0.859,0.686,1,100,2026-09-22,OVERDUE,82.85,CRITICAL
MT-003809,AST-00252,TRD,C09,INSPECTION,FEEDER_FAULT,4,4,0.711,0,0.446,0.569,1,80,2026-09-07,OPEN,72.27,HIGH
MT-003810,AST-00296,TRD,C08,PREVENTIVE,OHE_DAMAGE,4,4,0.54,6,1.131,0.274,1,96,2026-09-08,OVERDUE,69.66,HIGH
MT-003811,AST-00339,ENGINEERING,C20,CORRECTIVE,POINT_DEFECT,2,3,0.633,14,0.59,0.532,1,132,2026-09-06,SCHEDULED,52.43,MEDIUM
MT-003812,AST-00323,ENGINEERING,C01,PREVENTIVE,BALLAST_DEFECT,4,3,0.61,6,1.539,0.744,1,94,2026-09-22,SCHEDULED,72.16,HIGH
MT-003813,AST-00187,ENGINEERING,C13,CORRECTIVE,TRACK_GEOMETRY,5,1,0.679,2,1.315,0.567,1,112,2026-09-13,OVERDUE,60.56,HIGH
MT-003814,AST-00229,S&T,C05,SIGNAL_REPAIR,RELAY_FAULT,3,2,0.834,28,0.527,0.541,1,140,2026-09-01,SCHEDULED,58.51,MEDIUM
MT-003815,AST-00416,S&T,C11,CORRECTIVE,INTERLOCKING_FAULT,4,1,0.972,0,1.008,0.417,0.989,123,2026-09-18,OPEN,36.37,LOW
MT-003816,AST-00232,S&T,C18,SIGNAL_REPAIR,CABLE_FAULT,4,4,0.686,17,0.586,0.72,1,118,2026-09-02,OVERDUE,79.73,HIGH
MT-003817,AST-00437,ENGINEERING,C03,PREVENTIVE,POINT_DEFECT,5,2,0.57,18,0.912,0.619,1,98,2026-09-17,OVERDUE,74.5,HIGH
MT-003818,AST-00355,ENGINEERING,C01,PREVENTIVE,TRACK_GEOMETRY,2,4,0.796,9,1.076,0.429,1,77,2026-09-21,OVERDUE,38.13,LOW
MT-003819,AST-00032,TRD,C04,OHE_REPAIR,CONTACT_WIRE_DEFECT,1,3,0.655,5,0.892,0.401,1,105,2026-09-21,OVERDUE,35.08,LOW
MT-003820,AST-00252,TRD,C09,PREVENTIVE,FEEDER_FAULT,4,4,0.711,3,0.703,0.666,1,87,2026-09-28,OPEN,71.7,HIGH
MT-003821,AST-00260,ENGINEERING,C14,CORRECTIVE,TRACK_GEOMETRY,5,5,0.996,28,0.742,0.7,1,140,2026-09-27,SCHEDULED,88.97,CRITICAL
MT-003822,AST-00482,ENGINEERING,C12,CORRECTIVE,TRACK_GEOMETRY,2,4,0.816,23,1.093,0.266,1,114,2026-09-22,SCHEDULED,45.67,MEDIUM
MT-003823,AST-00083,TRD,C03,INSPECTION,FEEDER_FAULT,5,2,0.865,9,1.028,0.541,1,86,2026-09-18,OPEN,72.18,HIGH
MT-003824,AST-00144,ENGINEERING,C06,INSPECTION,STRUCTURAL_DEFECT,3,4,0.633,14,0.833,0.614,1,73,2026-09-14,OVERDUE,73.22,HIGH
MT-003825,AST-00214,S&T,C19,SIGNAL_REPAIR,RELAY_FAULT,4,5,0.529,2,1.132,0.509,1,123,2026-09-18,OPEN,84.06,CRITICAL
MT-003826,AST-00045,S&T,C08,PREVENTIVE,AXLE_COUNTER_FAULT,2,4,0.751,19,1.158,0.308,1,63,2026-09-25,OVERDUE,60.15,HIGH
MT-003827,AST-00011,TRD,C06,PREVENTIVE,FEEDER_FAULT,2,4,0.648,9,0.937,0.554,1,90,2026-09-15,SCHEDULED,61.26,HIGH
MT-003828,AST-00134,S&T,C11,PREVENTIVE,AXLE_COUNTER_FAULT,4,5,0.71,12,0.799,0.771,1,102,2026-09-06,SCHEDULED,85.84,CRITICAL
MT-003829,AST-00371,S&T,C09,INSPECTION,RELAY_FAULT,1,3,0.871,0,0.458,0.351,1,59,2026-09-30,OPEN,27.29,LOW
MT-003830,AST-00217,S&T,C12,CORRECTIVE,INTERLOCKING_FAULT,4,5,0.758,1,1.286,0.46,1,124,2026-09-23,SCHEDULED,70.24,HIGH
MT-003831,AST-00338,ENGINEERING,C07,CORRECTIVE,BALLAST_DEFECT,2,4,0.68,6,0.89,0.536,1,127,2026-09-27,OPEN,56.16,MEDIUM
MT-003832,AST-00274,TRD,C02,INSPECTION,FEEDER_FAULT,2,3,0.633,13,0.684,0.227,1,91,2026-09-17,OPEN,29.04,LOW
MT-003833,AST-00468,ENGINEERING,C01,REPAIR,BALLAST_DEFECT,3,5,0.555,0,1.221,0.506,1,167,2026-09-03,OVERDUE,72.23,HIGH
MT-003834,AST-00458,ENGINEERING,C09,PREVENTIVE,TRACK_GEOMETRY,2,1,0.828,24,0.886,0.229,1,75,2026-09-12,OPEN,22.71,LOW
MT-003835,AST-00408,ENGINEERING,C04,INSPECTION,RAIL_CRACK,3,3,0.684,13,0.727,0.428,1,85,2026-09-07,OPEN,39.86,LOW
MT-003836,AST-00387,TRD,C12,PREVENTIVE,FEEDER_FAULT,2,5,0.505,0,1.271,0.406,1,90,2026-09-13,OVERDUE,58.86,MEDIUM
MT-003837,AST-00035,ENGINEERING,C08,CORRECTIVE,BALLAST_DEFECT,4,5,0.586,17,0.77,0.442,1,124,2026-09-23,OVERDUE,85.79,CRITICAL
MT-003838,AST-00282,TRD,C19,PREVENTIVE,CONTACT_WIRE_DEFECT,4,4,0.849,6,1.205,0.635,1,92,2026-09-06,OPEN,70.37,HIGH
MT-003839,AST-00019,S&T,C11,PREVENTIVE,RELAY_FAULT,5,1,0.613,9,0.588,0.536,1,107,2026-09-21,OPEN,65.5,HIGH
MT-003840,AST-00196,ENGINEERING,C01,REPAIR,POINT_DEFECT,2,5,0.698,3,1.448,0.397,1,110,2026-09-20,OPEN,47.45,MEDIUM
MT-003841,AST-00330,S&T,C09,INSPECTION,RELAY_FAULT,3,4,0.753,18,0.409,0.448,1,72,2026-09-27,OPEN,52.35,MEDIUM
MT-003842,AST-00002,TRD,C19,OHE_REPAIR,FEEDER_FAULT,2,1,0.85,1,0.552,0.383,0.994,121,2026-09-22,OPEN,25.44,LOW
MT-003843,AST-00447,S&T,C06,CORRECTIVE,SIGNAL_FAILURE,1,5,0.846,12,0.928,0.348,1,98,2026-09-19,OVERDUE,35.28,LOW
MT-003844,AST-00213,TRD,C10,OHE_REPAIR,CONTACT_WIRE_DEFECT,2,5,0.697,0,1.046,0.246,1,141,2026-09-04,OVERDUE,43.79,MEDIUM
MT-003845,AST-00391,TRD,C08,CORRECTIVE,INSULATOR_FAILURE,2,4,0.882,1,1.049,0.513,1,112,2026-09-06,OVERDUE,46.4,MEDIUM
MT-003846,AST-00102,S&T,C15,PREVENTIVE,CABLE_FAULT,1,3,0.732,0,0.627,0.123,1,51,2026-09-11,SCHEDULED,12.46,LOW
MT-003847,AST-00123,ENGINEERING,C14,CORRECTIVE,BALLAST_DEFECT,3,5,0.796,0,0.353,0.295,1,89,2026-09-18,OPEN,59.74,MEDIUM
MT-003848,AST-00195,TRD,C17,INSPECTION,FEEDER_FAULT,2,2,0.95,0,0.163,0.229,1,65,2026-09-12,OVERDUE,24.25,LOW
MT-003849,AST-00189,TRD,C19,PREVENTIVE,CONTACT_WIRE_DEFECT,4,4,0.643,0,0.582,0.519,1,114,2026-09-20,OVERDUE,64.3,HIGH
MT-003850,AST-00269,TRD,C13,OHE_REPAIR,INSULATOR_FAILURE,4,2,0.65,24,0.584,0.36,1,169,2026-09-17,OPEN,69.92,HIGH
MT-003851,AST-00148,S&T,C08,INSPECTION,CABLE_FAULT,3,4,0.706,16,0.614,0.442,1,93,2026-09-24,OVERDUE,53.52,MEDIUM
MT-003852,AST-00330,S&T,C09,CORRECTIVE,CABLE_FAULT,3,4,0.753,37,0.738,0.709,1,97,2026-09-30,OPEN,73.42,HIGH
MT-003853,AST-00286,TRD,C05,CORRECTIVE,TRANSFORMER_FAULT,4,1,0.594,19,1.439,0.598,1,129,2026-09-15,OVERDUE,67.2,HIGH
MT-003854,AST-00388,TRD,C12,INSPECTION,FEEDER_FAULT,4,3,0.741,16,1.228,0.548,0.929,88,2026-09-07,OVERDUE,58.99,MEDIUM
MT-003855,AST-00457,TRD,C10,INSPECTION,CONTACT_WIRE_DEFECT,5,3,0.689,11,1.312,0.64,1,79,2026-09-17,OVERDUE,84.74,CRITICAL
MT-003856,AST-00263,S&T,C10,INSPECTION,RELAY_FAULT,5,4,0.973,18,0.579,0.782,1,124,2026-09-07,OPEN,87.24,CRITICAL
MT-003857,AST-00473,S&T,C06,CORRECTIVE,SIGNAL_FAILURE,3,1,0.685,30,1.106,0.401,1,105,2026-09-23,OVERDUE,54.5,MEDIUM
MT-003858,AST-00076,TRD,C05,INSPECTION,INSULATOR_FAILURE,3,3,0.691,2,0.586,0.562,1,44,2026-09-18,OPEN,43.55,MEDIUM
MT-003859,AST-00129,ENGINEERING,C04,CORRECTIVE,RAIL_CRACK,3,4,0.517,17,1.432,0.498,1,121,2026-09-07,OPEN,68.06,HIGH
MT-003860,AST-00472,TRD,C16,CORRECTIVE,CONTACT_WIRE_DEFECT,2,3,0.596,0,0.615,0.461,1,91,2026-09-11,OPEN,41.01,MEDIUM
MT-003861,AST-00053,ENGINEERING,C04,REPAIR,RAIL_CRACK,3,3,0.801,26,0.794,0.763,1,139,2026-09-21,OVERDUE,52.16,MEDIUM
MT-003862,AST-00468,ENGINEERING,C01,INSPECTION,RAIL_CRACK,2,5,0.555,14,1.32,0.192,1,39,2026-09-30,OVERDUE,47.77,MEDIUM
MT-003863,AST-00193,ENGINEERING,C07,REPAIR,BALLAST_DEFECT,3,4,0.863,3,0.489,0.67,1,148,2026-09-12,OPEN,55.97,MEDIUM
MT-003864,AST-00424,ENGINEERING,C04,INSPECTION,BALLAST_DEFECT,2,3,0.481,4,1.125,0.527,1,59,2026-09-23,OVERDUE,36.08,LOW
MT-003865,AST-00389,TRD,C12,PREVENTIVE,TRANSFORMER_FAULT,1,3,0.947,7,0.97,0.282,1,64,2026-09-10,OPEN,26.81,LOW
MT-003866,AST-00058,S&T,C17,SIGNAL_REPAIR,RELAY_FAULT,3,4,0.827,0,1.001,0.446,1,114,2026-09-21,OPEN,55.21,MEDIUM
MT-003867,AST-00457,TRD,C10,INSPECTION,INSULATOR_FAILURE,4,3,0.689,0,1.447,0.57,1,92,2026-09-05,OPEN,70.05,HIGH
MT-003868,AST-00278,TRD,C20,CORRECTIVE,TRANSFORMER_FAULT,3,2,0.703,9,0.613,0.645,0.966,112,2026-09-06,OPEN,36.46,LOW
MT-003869,AST-00430,TRD,C07,INSPECTION,TRANSFORMER_FAULT,4,5,0.497,2,1.531,0.567,1,109,2026-09-30,OPEN,85.4,CRITICAL
MT-003870,AST-00320,S&T,C05,PREVENTIVE,RELAY_FAULT,4,3,0.794,0,1.129,0.365,1,110,2026-09-20,SCHEDULED,59.64,MEDIUM
MT-003871,AST-00187,ENGINEERING,C13,INSPECTION,BALLAST_DEFECT,4,1,0.679,10,0.917,0.56,1,98,2026-09-11,OVERDUE,59.23,MEDIUM
MT-003872,AST-00127,S&T,C16,PREVENTIVE,SIGNAL_FAILURE,2,4,0.737,19,1.198,0.4,1,76,2026-09-28,OPEN,56.44,MEDIUM
MT-003873,AST-00215,TRD,C13,CORRECTIVE,TRANSFORMER_FAULT,4,3,0.488,16,1.695,0.736,1,133,2026-09-09,OVERDUE,83.06,CRITICAL
MT-003874,AST-00156,ENGINEERING,C13,INSPECTION,BALLAST_DEFECT,3,3,0.793,0,1.109,0.519,1,63,2026-09-24,OPEN,41.74,MEDIUM
MT-003875,AST-00406,S&T,C02,PREVENTIVE,RELAY_FAULT,3,4,0.817,9,0.692,0.523,1,71,2026-09-16,OVERDUE,57.37,MEDIUM
MT-003876,AST-00428,ENGINEERING,C05,INSPECTION,BALLAST_DEFECT,4,4,0.658,0,1.417,0.501,1,73,2026-09-01,SCHEDULED,71.88,HIGH
MT-003877,AST-00292,S&T,C18,PREVENTIVE,INTERLOCKING_FAULT,1,3,0.592,15,0.903,0.196,1,82,2026-09-30,OPEN,33.89,LOW
MT-003878,AST-00187,ENGINEERING,C13,INSPECTION,RAIL_CRACK,4,1,0.679,5,1.378,0.706,1,60,2026-09-08,SCHEDULED,50.38,MEDIUM
MT-003879,AST-00064,S&T,C10,CORRECTIVE,SIGNAL_FAILURE,1,2,0.812,3,1.178,0.287,1,83,2026-09-22,OVERDUE,12.1,LOW
MT-003880,AST-00087,ENGINEERING,C05,CORRECTIVE,POINT_DEFECT,4,4,0.782,1,1.211,0.761,1,124,2026-09-16,OVERDUE,84.01,CRITICAL
MT-003881,AST-00067,ENGINEERING,C16,CORRECTIVE,BALLAST_DEFECT,3,4,0.627,6,0.701,0.472,1,113,2026-09-03,OVERDUE,70.26,HIGH
MT-003882,AST-00488,TRD,C11,INSPECTION,OHE_DAMAGE,4,4,0.703,1,0.938,0.505,1,91,2026-09-21,OPEN,77.54,HIGH
MT-003883,AST-00215,TRD,C13,INSPECTION,FEEDER_FAULT,3,3,0.488,13,1.62,0.403,1,59,2026-09-24,OPEN,58.17,MEDIUM
MT-003884,AST-00272,TRD,C07,PREVENTIVE,INSULATOR_FAILURE,4,3,0.622,12,1.04,0.601,1,95,2026-09-23,OVERDUE,67.37,HIGH
MT-003885,AST-00387,TRD,C12,CORRECTIVE,OHE_DAMAGE,5,5,0.505,20,1.577,0.692,1,136,2026-09-25,OVERDUE,95.18,CRITICAL
MT-003886,AST-00182,TRD,C02,PREVENTIVE,FEEDER_FAULT,4,4,0.706,9,0.553,0.515,1,89,2026-09-18,OVERDUE,71.02,HIGH
MT-003887,AST-00376,S&T,C10,SIGNAL_REPAIR,AXLE_COUNTER_FAULT,2,5,1.0,16,0.555,0.311,1,99,2026-09-23,SCHEDULED,48.21,MEDIUM
MT-003888,AST-00407,ENGINEERING,C08,PREVENTIVE,RAIL_CRACK,5,3,0.748,17,1.201,0.721,1,111,2026-09-02,OPEN,79.21,HIGH
MT-003889,AST-00268,S&T,C11,PREVENTIVE,CABLE_FAULT,2,3,0.679,17,0.649,0.239,1,74,2026-09-13,OPEN,28.49,LOW
MT-003890,AST-00041,ENGINEERING,C20,CORRECTIVE,STRUCTURAL_DEFECT,4,4,0.529,19,1.337,0.79,1,134,2026-09-24,SCHEDULED,85.03,CRITICAL
MT-003891,AST-00286,TRD,C05,INSPECTION,TRANSFORMER_FAULT,4,1,0.594,29,1.23,0.603,1,89,2026-09-30,SCHEDULED,53.88,MEDIUM
MT-003892,AST-00154,TRD,C17,CORRECTIVE,OHE_DAMAGE,1,5,0.822,19,0.426,0.063,1,98,2026-09-13,OVERDUE,34.51,LOW
MT-003893,AST-00212,TRD,C02,CORRECTIVE,CONTACT_WIRE_DEFECT,3,2,0.887,20,0.513,0.582,1,123,2026-09-21,OVERDUE,42.7,MEDIUM
MT-003894,AST-00058,S&T,C17,INSPECTION,SIGNAL_FAILURE,2,4,0.827,9,1.086,0.155,1,46,2026-09-12,OVERDUE,35.2,LOW
MT-003895,AST-00219,TRD,C17,INSPECTION,CONTACT_WIRE_DEFECT,3,4,0.504,10,1.618,0.686,1,66,2026-09-10,OPEN,60.98,HIGH
MT-003896,AST-00196,ENGINEERING,C01,INSPECTION,BALLAST_DEFECT,5,5,0.698,10,0.75,0.66,1,78,2026-09-10,SCHEDULED,79.44,HIGH
MT-003897,AST-00414,S&T,C05,SIGNAL_REPAIR,AXLE_COUNTER_FAULT,3,4,0.952,0,0.227,0.495,1,134,2026-09-07,SCHEDULED,51.74,MEDIUM
MT-003898,AST-00408,ENGINEERING,C04,REPAIR,BALLAST_DEFECT,2,3,0.684,1,0.826,0.612,1,133,2026-09-07,OVERDUE,38.09,LOW
MT-003899,AST-00134,S&T,C11,PREVENTIVE,INTERLOCKING_FAULT,4,5,0.71,8,0.441,0.472,1,104,2026-09-22,OPEN,64.78,HIGH
MT-003900,AST-00419,TRD,C19,INSPECTION,OHE_DAMAGE,3,4,0.882,9,0.844,0.554,1,51,2026-09-19,OPEN,55.82,MEDIUM
MT-003901,AST-00429,TRD,C15,INSPECTION,FEEDER_FAULT,2,2,0.751,0,1.13,0.442,1,67,2026-09-17,OVERDUE,19.85,LOW
MT-003902,AST-00325,TRD,C02,CORRECTIVE,CONTACT_WIRE_DEFECT,2,5,0.665,29,0.811,0.4,1,126,2026-09-26,OPEN,49.96,MEDIUM
MT-003903,AST-00081,S&T,C13,INSPECTION,SIGNAL_FAILURE,2,4,0.682,0,1.162,0.335,1,77,2026-09-05,SCHEDULED,41.11,MEDIUM
MT-003904,AST-00271,S&T,C14,INSPECTION,SIGNAL_FAILURE,3,5,0.866,1,0.656,0.434,1,62,2026-09-20,SCHEDULED,51.6,MEDIUM
MT-003905,AST-00182,TRD,C02,CORRECTIVE,OHE_DAMAGE,1,4,0.706,14,1.277,0.143,1,82,2026-09-18,OPEN,39.19,LOW
MT-003906,AST-00454,S&T,C20,CORRECTIVE,INTERLOCKING_FAULT,2,3,0.695,0,1.434,0.305,1,92,2026-09-07,OPEN,33.89,LOW
MT-003907,AST-00167,ENGINEERING,C07,INSPECTION,RAIL_CRACK,3,4,0.657,21,0.766,0.478,1,77,2026-09-04,OPEN,61.99,HIGH
MT-003908,AST-00240,S&T,C13,CORRECTIVE,INTERLOCKING_FAULT,2,3,0.901,14,0.858,0.435,1,130,2026-09-28,OPEN,35.15,LOW
MT-003909,AST-00217,S&T,C12,CORRECTIVE,RELAY_FAULT,5,5,0.758,17,1.051,0.581,1,138,2026-09-07,OPEN,87.34,CRITICAL
MT-003910,AST-00393,ENGINEERING,C20,INSPECTION,STRUCTURAL_DEFECT,4,1,0.599,12,1.05,0.743,1,77,2026-09-01,OPEN,51.3,MEDIUM
MT-003911,AST-00266,ENGINEERING,C18,INSPECTION,RAIL_CRACK,5,4,0.789,10,1.283,0.795,1,102,2026-09-06,OPEN,89.56,CRITICAL
MT-003912,AST-00015,TRD,C09,CORRECTIVE,INSULATOR_FAILURE,3,3,0.801,0,0.381,0.514,1,116,2026-09-22,OVERDUE,35.11,LOW
MT-003913,AST-00188,ENGINEERING,C14,INSPECTION,TRACK_GEOMETRY,3,3,0.912,13,0.37,0.224,1,43,2026-09-24,OVERDUE,32.19,LOW
MT-003914,AST-00163,S&T,C04,SIGNAL_REPAIR,RELAY_FAULT,5,3,0.701,0,0.568,0.75,1,139,2026-09-24,OVERDUE,74.72,HIGH
MT-003915,AST-00326,ENGINEERING,C20,INSPECTION,RAIL_CRACK,2,3,0.466,12,1.672,0.414,1,58,2026-09-18,OVERDUE,59.34,MEDIUM
MT-003916,AST-00332,TRD,C14,PREVENTIVE,FEEDER_FAULT,3,2,0.812,0,0.655,0.572,1,86,2026-09-23,OVERDUE,53.55,MEDIUM
MT-003917,AST-00091,ENGINEERING,C10,CORRECTIVE,POINT_DEFECT,3,1,0.656,0,1.095,0.422,0.974,119,2026-09-14,OVERDUE,34.43,LOW
MT-003918,AST-00070,S&T,C13,CORRECTIVE,CABLE_FAULT,3,2,0.744,20,1.127,0.736,1,144,2026-09-19,OPEN,43.99,MEDIUM
MT-003919,AST-00408,ENGINEERING,C04,INSPECTION,STRUCTURAL_DEFECT,4,3,0.684,31,0.981,0.875,1,94,2026-09-29,OPEN,72.72,HIGH
MT-003920,AST-00424,ENGINEERING,C04,REPAIR,BALLAST_DEFECT,4,3,0.481,10,0.834,0.759,1,164,2026-09-28,OPEN,77.19,HIGH
MT-003921,AST-00348,ENGINEERING,C17,REPAIR,BALLAST_DEFECT,3,3,0.904,0,0.874,0.422,1,151,2026-09-25,OVERDUE,36.72,LOW
MT-003922,AST-00080,TRD,C18,CORRECTIVE,OHE_DAMAGE,3,3,0.774,25,0.417,0.492,1,110,2026-09-01,OVERDUE,63.75,HIGH
MT-003923,AST-00040,TRD,C08,CORRECTIVE,CONTACT_WIRE_DEFECT,4,2,0.958,19,1.061,0.522,1,117,2026-09-29,OPEN,48.78,MEDIUM
MT-003924,AST-00009,ENGINEERING,C04,REPAIR,BALLAST_DEFECT,5,3,0.768,16,1.199,0.636,1,194,2026-09-18,OVERDUE,85.9,CRITICAL
MT-003925,AST-00108,ENGINEERING,C16,CORRECTIVE,BALLAST_DEFECT,4,5,0.586,4,1.099,0.515,1,127,2026-09-23,OPEN,78.58,HIGH
MT-003926,AST-00398,ENGINEERING,C05,INSPECTION,TRACK_GEOMETRY,3,2,0.637,6,0.807,0.377,1,84,2026-09-06,SCHEDULED,32.04,LOW
MT-003927,AST-00093,S&T,C04,INSPECTION,CABLE_FAULT,4,5,0.916,0,0.526,0.58,1,101,2026-09-03,OPEN,67.36,HIGH
MT-003928,AST-00038,ENGINEERING,C18,CORRECTIVE,STRUCTURAL_DEFECT,2,4,0.511,0,1.083,0.509,1,129,2026-09-26,OVERDUE,60.99,HIGH
MT-003929,AST-00495,ENGINEERING,C16,INSPECTION,POINT_DEFECT,3,5,0.742,14,0.717,0.396,1,86,2026-09-17,OVERDUE,68.22,HIGH
MT-003930,AST-00052,ENGINEERING,C12,PREVENTIVE,POINT_DEFECT,2,5,0.607,15,1.018,0.433,1,73,2026-09-24,SCHEDULED,60.49,HIGH
MT-003931,AST-00155,S&T,C10,SIGNAL_REPAIR,RELAY_FAULT,3,2,0.782,10,0.431,0.44,1,133,2026-09-21,OVERDUE,43.46,MEDIUM
MT-003932,AST-00046,TRD,C01,OHE_REPAIR,OHE_DAMAGE,5,3,0.962,6,0.671,0.7,1,162,2026-09-18,OPEN,66.83,HIGH
MT-003933,AST-00012,TRD,C02,CORRECTIVE,TRANSFORMER_FAULT,4,5,0.864,0,0.808,0.53,1,126,2026-09-12,OPEN,73.74,HIGH
MT-003934,AST-00465,ENGINEERING,C10,REPAIR,BALLAST_DEFECT,4,2,0.624,0,1.203,0.556,1,159,2026-09-13,OPEN,61.51,HIGH
MT-003935,AST-00175,ENGINEERING,C20,CORRECTIVE,TRACK_GEOMETRY,2,4,0.703,0,0.562,0.361,1,105,2026-09-07,SCHEDULED,28.13,LOW
MT-003936,AST-00429,TRD,C15,CORRECTIVE,TRANSFORMER_FAULT,5,2,0.751,14,0.625,0.746,1,149,2026-09-19,SCHEDULED,81.18,CRITICAL
MT-003937,AST-00106,S&T,C02,SIGNAL_REPAIR,CABLE_FAULT,3,3,0.928,24,0.209,0.508,1,127,2026-09-07,OPEN,48.74,MEDIUM
MT-003938,AST-00389,TRD,C12,CORRECTIVE,INSULATOR_FAILURE,3,3,0.947,7,0.247,0.641,1,128,2026-09-13,OVERDUE,57.01,MEDIUM
MT-003939,AST-00495,ENGINEERING,C16,CORRECTIVE,STRUCTURAL_DEFECT,5,5,0.742,0,0.862,0.706,1,141,2026-09-28,OPEN,88.51,CRITICAL
MT-003940,AST-00418,ENGINEERING,C09,PREVENTIVE,STRUCTURAL_DEFECT,4,5,0.637,6,1.492,0.488,1,119,2026-09-16,OPEN,80.06,CRITICAL
MT-003941,AST-00380,TRD,C05,CORRECTIVE,CONTACT_WIRE_DEFECT,5,3,0.708,0,0.839,0.908,1,131,2026-09-17,OVERDUE,78.2,HIGH
MT-003942,AST-00033,ENGINEERING,C07,PREVENTIVE,POINT_DEFECT,1,2,0.637,6,1.148,0.474,0.914,67,2026-09-26,OPEN,28.56,LOW
MT-003943,AST-00111,S&T,C19,PREVENTIVE,INTERLOCKING_FAULT,1,4,0.768,10,1.285,0.364,1,50,2026-09-21,OPEN,36.93,LOW
MT-003944,AST-00272,TRD,C07,INSPECTION,INSULATOR_FAILURE,3,3,0.622,5,0.993,0.525,1,71,2026-09-17,OVERDUE,46.85,MEDIUM
MT-003945,AST-00014,S&T,C15,INSPECTION,CABLE_FAULT,3,3,0.59,10,1.523,0.512,1,105,2026-09-22,OVERDUE,48.8,MEDIUM
MT-003946,AST-00007,TRD,C13,OHE_REPAIR,TRANSFORMER_FAULT,3,4,0.466,23,1.579,0.427,1,176,2026-09-24,SCHEDULED,82.32,CRITICAL
MT-003947,AST-00261,ENGINEERING,C05,INSPECTION,RAIL_CRACK,5,4,0.77,9,1.077,0.709,1,93,2026-09-21,OPEN,78.56,HIGH
MT-003948,AST-00254,S&T,C11,CORRECTIVE,CABLE_FAULT,2,4,0.879,10,0.685,0.479,1,132,2026-09-05,OPEN,39.91,LOW
MT-003949,AST-00261,ENGINEERING,C05,PREVENTIVE,RAIL_CRACK,2,4,0.77,0,0.975,0.303,1,88,2026-09-18,SCHEDULED,35.5,LOW
MT-003950,AST-00213,TRD,C10,OHE_REPAIR,OHE_DAMAGE,2,5,0.697,16,0.687,0.246,1,141,2026-09-10,OVERDUE,62.22,HIGH
MT-003951,AST-00367,S&T,C09,SIGNAL_REPAIR,CABLE_FAULT,4,3,0.661,17,1.302,0.476,1,134,2026-09-17,OPEN,68.23,HIGH
MT-003952,AST-00147,S&T,C10,SIGNAL_REPAIR,INTERLOCKING_FAULT,4,3,0.774,5,1.062,0.64,1,121,2026-09-03,SCHEDULED,74.51,HIGH
MT-003953,AST-00406,S&T,C02,INSPECTION,CABLE_FAULT,3,4,0.817,1,0.635,0.53,1,85,2026-09-21,OPEN,54.97,MEDIUM
MT-003954,AST-00034,ENGINEERING,C18,PREVENTIVE,RAIL_CRACK,3,2,0.616,24,1.091,0.483,1,102,2026-09-23,OPEN,52.7,MEDIUM
MT-003955,AST-00259,ENGINEERING,C15,REPAIR,STRUCTURAL_DEFECT,5,4,0.768,0,0.867,0.773,1,152,2026-09-20,OPEN,79.77,HIGH
MT-003956,AST-00440,ENGINEERING,C11,REPAIR,RAIL_CRACK,5,4,0.856,23,0.53,0.535,1,173,2026-09-19,OPEN,85.95,CRITICAL
MT-003957,AST-00234,TRD,C17,OHE_REPAIR,OHE_DAMAGE,3,2,0.771,15,1.318,0.431,1,129,2026-09-10,OVERDUE,54.61,MEDIUM
MT-003958,AST-00413,ENGINEERING,C05,CORRECTIVE,BALLAST_DEFECT,3,3,0.741,11,1.259,0.552,1,120,2026-09-07,OVERDUE,60.07,HIGH
MT-003959,AST-00470,ENGINEERING,C03,CORRECTIVE,RAIL_CRACK,4,5,0.506,12,1.147,0.378,1,126,2026-09-09,OPEN,80.06,CRITICAL
MT-003960,AST-00342,ENGINEERING,C08,REPAIR,RAIL_CRACK,4,1,0.574,20,0.916,0.659,1,149,2026-09-23,OPEN,64.07,HIGH
MT-003961,AST-00147,S&T,C10,INSPECTION,RELAY_FAULT,3,3,0.774,22,0.494,0.358,1,97,2026-09-08,OVERDUE,49.72,MEDIUM
MT-003962,AST-00177,S&T,C04,CORRECTIVE,RELAY_FAULT,5,3,0.868,1,0.797,0.582,1,156,2026-09-13,SCHEDULED,68.77,HIGH
MT-003963,AST-00346,S&T,C18,PREVENTIVE,AXLE_COUNTER_FAULT,3,4,0.714,18,0.659,0.489,1,83,2026-09-14,OVERDUE,62.71,HIGH
MT-003964,AST-00164,ENGINEERING,C15,REPAIR,TRACK_GEOMETRY,3,5,0.572,0,0.657,0.52,1,153,2026-09-05,OPEN,74.07,HIGH
MT-003965,AST-00171,TRD,C17,CORRECTIVE,FEEDER_FAULT,5,4,0.624,13,1.045,0.598,1,153,2026-09-07,OPEN,85.88,CRITICAL
MT-003966,AST-00237,TRD,C04,PREVENTIVE,INSULATOR_FAILURE,4,1,0.889,0,0.23,0.522,1,127,2026-09-17,OPEN,42.17,MEDIUM
MT-003967,AST-00403,S&T,C15,CORRECTIVE,INTERLOCKING_FAULT,1,4,0.893,17,0.715,0.266,1,79,2026-09-16,OPEN,40.79,MEDIUM
MT-003968,AST-00208,ENGINEERING,C19,PREVENTIVE,RAIL_CRACK,3,3,0.75,0,1.34,0.433,1,99,2026-09-14,OPEN,58.64,MEDIUM
MT-003969,AST-00192,TRD,C10,PREVENTIVE,FEEDER_FAULT,5,3,0.622,2,0.626,0.65,1,77,2026-09-20,OVERDUE,62.45,HIGH
MT-003970,AST-00055,TRD,C14,INSPECTION,INSULATOR_FAILURE,5,2,0.683,15,0.938,0.607,1,87,2026-09-26,OVERDUE,81.65,CRITICAL
MT-003971,AST-00090,S&T,C07,SIGNAL_REPAIR,CABLE_FAULT,5,4,0.619,15,0.829,0.758,1,169,2026-09-07,OVERDUE,81.93,CRITICAL
MT-003972,AST-00342,ENGINEERING,C08,PREVENTIVE,POINT_DEFECT,4,1,0.574,4,0.816,0.542,1,108,2026-09-25,OVERDUE,48.21,MEDIUM
MT-003973,AST-00068,ENGINEERING,C10,PREVENTIVE,BALLAST_DEFECT,3,5,0.643,3,0.812,0.348,1,98,2026-09-01,OPEN,63.88,HIGH
MT-003974,AST-00382,TRD,C18,INSPECTION,OHE_DAMAGE,3,4,0.624,3,1.012,0.521,1,63,2026-09-06,OPEN,55.29,MEDIUM
MT-003975,AST-00176,S&T,C20,INSPECTION,SIGNAL_FAILURE,3,3,0.886,8,0.18,0.541,1,62,2026-09-16,SCHEDULED,43.8,MEDIUM
MT-003976,AST-00449,ENGINEERING,C16,CORRECTIVE,RAIL_CRACK,5,5,0.736,16,0.829,0.667,1,130,2026-09-13,OPEN,90.03,CRITICAL
MT-003977,AST-00410,ENGINEERING,C12,PREVENTIVE,BALLAST_DEFECT,4,3,0.916,0,0.411,0.749,1,102,2026-09-29,OPEN,60.21,HIGH
MT-003978,AST-00164,ENGINEERING,C15,INSPECTION,POINT_DEFECT,1,5,0.572,0,1.401,0.262,1,46,2026-09-08,OPEN,36.72,LOW
MT-003979,AST-00067,ENGINEERING,C16,INSPECTION,POINT_DEFECT,3,4,0.627,22,1.368,0.508,1,91,2026-09-21,OVERDUE,69.84,HIGH
MT-003980,AST-00479,S&T,C08,INSPECTION,RELAY_FAULT,1,3,0.757,15,1.109,0.236,1,64,2026-09-25,OVERDUE,33.9,LOW
MT-003981,AST-00238,TRD,C15,OHE_REPAIR,TRANSFORMER_FAULT,4,4,0.77,6,0.897,0.644,1,146,2026-09-23,OVERDUE,79.18,HIGH
MT-003982,AST-00448,ENGINEERING,C17,CORRECTIVE,STRUCTURAL_DEFECT,1,1,0.687,38,1.445,0.185,1,113,2026-09-25,OPEN,27.08,LOW
MT-003983,AST-00254,S&T,C11,INSPECTION,AXLE_COUNTER_FAULT,4,4,0.879,10,0.341,0.692,1,86,2026-09-04,OVERDUE,67.99,HIGH
MT-003984,AST-00466,S&T,C17,PREVENTIVE,SIGNAL_FAILURE,1,4,0.744,6,0.857,0.364,1,75,2026-09-07,OPEN,34.96,LOW
MT-003985,AST-00392,ENGINEERING,C06,REPAIR,POINT_DEFECT,3,4,0.704,5,1.38,0.508,1,171,2026-09-30,OPEN,70.18,HIGH
MT-003986,AST-00118,TRD,C15,OHE_REPAIR,INSULATOR_FAILURE,5,4,0.621,12,0.802,0.647,1,160,2026-09-05,OPEN,88.34,CRITICAL
MT-003987,AST-00377,S&T,C09,SIGNAL_REPAIR,AXLE_COUNTER_FAULT,1,2,0.665,29,1.118,0.16,1,104,2026-09-21,OVERDUE,39.43,LOW
MT-003988,AST-00198,S&T,C20,SIGNAL_REPAIR,CABLE_FAULT,2,5,0.743,18,1.297,0.478,1,94,2026-09-02,OPEN,70.66,HIGH
MT-003989,AST-00149,TRD,C01,PREVENTIVE,INSULATOR_FAILURE,2,4,0.772,0,1.177,0.28,1,73,2026-09-09,SCHEDULED,43.25,MEDIUM
MT-003990,AST-00078,S&T,C19,INSPECTION,SIGNAL_FAILURE,3,5,0.627,8,1.047,0.33,1,63,2026-09-11,OPEN,64.04,HIGH
MT-003991,AST-00145,TRD,C16,INSPECTION,CONTACT_WIRE_DEFECT,3,3,0.951,19,0.415,0.355,1,76,2026-09-16,OVERDUE,44.35,MEDIUM
MT-003992,AST-00057,ENGINEERING,C01,REPAIR,POINT_DEFECT,2,2,0.628,9,0.763,0.501,1,119,2026-09-12,OPEN,33.38,LOW
MT-003993,AST-00301,ENGINEERING,C13,INSPECTION,POINT_DEFECT,2,5,0.894,9,0.729,0.452,1,94,2026-09-12,OPEN,45.53,MEDIUM
MT-003994,AST-00012,TRD,C02,PREVENTIVE,TRANSFORMER_FAULT,3,5,0.864,27,0.606,0.593,1,87,2026-09-02,OPEN,71.88,HIGH
MT-003995,AST-00306,ENGINEERING,C13,INSPECTION,BALLAST_DEFECT,5,4,0.665,11,1.076,0.577,1,119,2026-09-26,OVERDUE,89.59,CRITICAL
MT-003996,AST-00108,ENGINEERING,C16,CORRECTIVE,TRACK_GEOMETRY,2,5,0.586,9,1.175,0.451,1,90,2026-09-12,OPEN,56.19,MEDIUM
MT-003997,AST-00058,S&T,C17,SIGNAL_REPAIR,AXLE_COUNTER_FAULT,3,4,0.827,7,0.838,0.468,1,121,2026-09-04,OVERDUE,64.65,HIGH
MT-003998,AST-00007,TRD,C13,INSPECTION,CONTACT_WIRE_DEFECT,2,4,0.466,18,0.861,0.366,1,39,2026-09-15,OVERDUE,45.21,MEDIUM
MT-003999,AST-00095,S&T,C14,CORRECTIVE,SIGNAL_FAILURE,3,5,0.878,0,1.002,0.516,1,118,2026-09-15,OVERDUE,63.52,HIGH
MT-004000,AST-00301,ENGINEERING,C13,REPAIR,RAIL_CRACK,3,5,0.894,5,0.885,0.377,1,161,2026-09-29,OVERDUE,66.8,HIGH
MT-004001,AST-00055,TRD,C14,OHE_REPAIR,OHE_DAMAGE,3,2,0.683,13,1.009,0.547,1,114,2026-09-16,OPEN,45.93,MEDIUM
MT-004002,AST-00303,S&T,C15,SIGNAL_REPAIR,SIGNAL_FAILURE,5,2,0.712,21,0.996,0.777,1,129,2026-09-14,OVERDUE,77.64,HIGH
MT-004003,AST-00466,S&T,C17,INSPECTION,INTERLOCKING_FAULT,4,4,0.744,3,0.735,0.733,1,98,2026-09-14,OPEN,74.16,HIGH
MT-004004,AST-00317,TRD,C18,OHE_REPAIR,TRANSFORMER_FAULT,2,1,0.792,5,0.413,0.19,1,156,2026-09-12,OVERDUE,11.74,LOW
MT-004005,AST-00119,TRD,C20,OHE_REPAIR,TRANSFORMER_FAULT,2,4,0.773,9,0.912,0.588,1,134,2026-09-23,SCHEDULED,54.46,MEDIUM
MT-004006,AST-00021,TRD,C17,CORRECTIVE,INSULATOR_FAILURE,2,4,0.758,18,0.565,0.475,1,119,2026-09-06,OPEN,53.61,MEDIUM
MT-004007,AST-00461,ENGINEERING,C10,CORRECTIVE,RAIL_CRACK,4,3,0.824,2,0.855,0.603,1,130,2026-09-08,SCHEDULED,63.05,HIGH
MT-004008,AST-00264,ENGINEERING,C20,INSPECTION,STRUCTURAL_DEFECT,1,5,0.815,1,0.753,0.29,1,47,2026-09-23,OPEN,34.75,LOW
MT-004009,AST-00080,TRD,C18,OHE_REPAIR,OHE_DAMAGE,4,3,0.774,9,0.919,0.549,1,130,2026-09-24,SCHEDULED,63.16,HIGH
MT-004010,AST-00405,TRD,C16,OHE_REPAIR,INSULATOR_FAILURE,3,3,0.774,8,0.826,0.447,1,159,2026-09-20,OVERDUE,56.58,MEDIUM
MT-004011,AST-00408,ENGINEERING,C04,CORRECTIVE,POINT_DEFECT,4,3,0.684,5,0.932,0.552,1,141,2026-09-27,OPEN,67.46,HIGH
MT-004012,AST-00283,S&T,C19,SIGNAL_REPAIR,RELAY_FAULT,2,3,0.72,17,0.996,0.48,1,114,2026-09-13,OVERDUE,48.92,MEDIUM
MT-004013,AST-00175,ENGINEERING,C20,PREVENTIVE,STRUCTURAL_DEFECT,5,4,0.703,2,1.123,0.808,1,99,2026-09-16,OVERDUE,83.49,CRITICAL
MT-004014,AST-00403,S&T,C15,SIGNAL_REPAIR,SIGNAL_FAILURE,2,4,0.893,22,1.052,0.336,1,117,2026-09-18,OPEN,62.13,HIGH
MT-004015,AST-00392,ENGINEERING,C06,INSPECTION,TRACK_GEOMETRY,2,4,0.704,0,0.897,0.485,1,48,2026-09-10,SCHEDULED,34.18,LOW
MT-004016,AST-00441,TRD,C03,INSPECTION,INSULATOR_FAILURE,4,5,0.693,28,0.953,0.248,1,118,2026-09-04,OPEN,73.94,HIGH
MT-004017,AST-00145,TRD,C16,OHE_REPAIR,CONTACT_WIRE_DEFECT,2,3,0.951,14,0.493,0.299,1,133,2026-09-20,OVERDUE,27.97,LOW
MT-004018,AST-00329,S&T,C20,CORRECTIVE,CABLE_FAULT,3,5,0.765,0,0.499,0.541,1,115,2026-09-20,OPEN,53.1,MEDIUM
MT-004019,AST-00481,S&T,C06,PREVENTIVE,SIGNAL_FAILURE,1,4,0.577,0,0.833,0.425,1,64,2026-09-22,OVERDUE,30.54,LOW
MT-004020,AST-00368,S&T,C01,INSPECTION,RELAY_FAULT,2,3,0.646,23,1.299,0.112,1,92,2026-09-22,OVERDUE,34.42,LOW
MT-004021,AST-00352,S&T,C09,INSPECTION,SIGNAL_FAILURE,5,2,0.74,17,0.537,0.493,0.913,96,2026-09-24,SCHEDULED,66.44,HIGH
MT-004022,AST-00333,TRD,C08,PREVENTIVE,TRANSFORMER_FAULT,3,5,0.659,19,1.039,0.49,1,66,2026-09-15,OVERDUE,81.79,CRITICAL
MT-004023,AST-00302,ENGINEERING,C10,REPAIR,TRACK_GEOMETRY,3,4,1.0,33,0.168,0.53,1,149,2026-09-20,OPEN,60.49,HIGH
MT-004024,AST-00277,TRD,C12,OHE_REPAIR,FEEDER_FAULT,2,3,0.859,0,0.835,0.608,1,134,2026-09-06,SCHEDULED,32.33,LOW
MT-004025,AST-00440,ENGINEERING,C11,CORRECTIVE,TRACK_GEOMETRY,3,4,0.856,29,0.638,0.128,1,115,2026-09-29,OVERDUE,56.87,MEDIUM
MT-004026,AST-00034,ENGINEERING,C18,CORRECTIVE,TRACK_GEOMETRY,5,2,0.616,7,1.517,0.902,1,183,2026-09-04,OPEN,83.58,CRITICAL
MT-004027,AST-00344,S&T,C11,CORRECTIVE,SIGNAL_FAILURE,5,4,0.775,22,0.531,0.595,1,141,2026-09-12,OPEN,88.62,CRITICAL
MT-004028,AST-00407,ENGINEERING,C08,PREVENTIVE,STRUCTURAL_DEFECT,4,3,0.748,12,1.086,0.599,1,103,2026-09-04,SCHEDULED,71.32,HIGH
MT-004029,AST-00216,S&T,C17,CORRECTIVE,INTERLOCKING_FAULT,5,4,0.502,0,0.868,0.425,1,145,2026-09-11,OVERDUE,73.55,HIGH
MT-004030,AST-00117,TRD,C15,OHE_REPAIR,TRANSFORMER_FAULT,2,3,0.559,7,1.474,0.115,1,128,2026-09-25,SCHEDULED,45.72,MEDIUM
MT-004031,AST-00479,S&T,C08,CORRECTIVE,SIGNAL_FAILURE,4,3,0.757,0,1.205,0.342,1,113,2026-09-30,OPEN,44.04,MEDIUM
MT-004032,AST-00342,ENGINEERING,C08,PREVENTIVE,BALLAST_DEFECT,4,1,0.574,16,1.241,0.545,0.992,120,2026-09-07,OVERDUE,61.45,HIGH
MT-004033,AST-00437,ENGINEERING,C03,INSPECTION,POINT_DEFECT,2,2,0.57,3,1.582,0.443,1,48,2026-09-06,SCHEDULED,33.27,LOW
MT-004034,AST-00126,S&T,C15,PREVENTIVE,AXLE_COUNTER_FAULT,1,3,0.596,0,1.27,0.202,1,78,2026-09-18,OVERDUE,30.24,LOW
MT-004035,AST-00298,ENGINEERING,C06,CORRECTIVE,RAIL_CRACK,3,4,0.872,22,0.508,0.483,1,136,2026-09-05,OVERDUE,65.31,HIGH
MT-004036,AST-00422,S&T,C12,CORRECTIVE,SIGNAL_FAILURE,4,2,0.711,13,0.795,0.612,1,132,2026-09-17,SCHEDULED,62.6,HIGH
MT-004037,AST-00045,S&T,C08,INSPECTION,CABLE_FAULT,1,4,0.751,5,1.031,0.043,1,59,2026-09-18,OPEN,29.76,LOW
MT-004038,AST-00067,ENGINEERING,C16,CORRECTIVE,RAIL_CRACK,5,4,0.627,27,0.844,0.719,1,121,2026-09-02,OVERDUE,89.46,CRITICAL
MT-004039,AST-00468,ENGINEERING,C01,REPAIR,STRUCTURAL_DEFECT,5,5,0.555,4,1.579,0.607,1,161,2026-09-04,SCHEDULED,93.37,CRITICAL
MT-004040,AST-00177,S&T,C04,SIGNAL_REPAIR,AXLE_COUNTER_FAULT,4,3,0.868,11,0.381,0.687,1,152,2026-09-30,OPEN,54.88,MEDIUM
MT-004041,AST-00131,TRD,C05,PREVENTIVE,TRANSFORMER_FAULT,1,3,0.585,16,0.992,0.1,1,79,2026-09-05,OPEN,27.38,LOW
MT-004042,AST-00270,ENGINEERING,C15,INSPECTION,STRUCTURAL_DEFECT,3,2,0.602,18,1.442,0.598,1,59,2026-09-04,OPEN,50.93,MEDIUM
MT-004043,AST-00047,ENGINEERING,C04,REPAIR,POINT_DEFECT,1,3,0.624,7,1.423,0.429,1,118,2026-09-16,SCHEDULED,32.38,LOW
MT-004044,AST-00377,S&T,C09,PREVENTIVE,INTERLOCKING_FAULT,4,2,0.665,1,1.352,0.51,1,83,2026-09-17,OPEN,49.67,MEDIUM
MT-004045,AST-00457,TRD,C10,CORRECTIVE,INSULATOR_FAILURE,2,3,0.689,1,0.581,0.483,0.916,115,2026-09-19,OPEN,32.19,LOW
MT-004046,AST-00128,S&T,C01,INSPECTION,CABLE_FAULT,2,3,0.898,17,0.889,0.344,1,82,2026-09-07,OPEN,45.65,MEDIUM
MT-004047,AST-00378,ENGINEERING,C18,PREVENTIVE,POINT_DEFECT,4,5,0.711,0,1.368,0.655,1,80,2026-09-23,OVERDUE,82.5,CRITICAL
MT-004048,AST-00004,S&T,C09,CORRECTIVE,INTERLOCKING_FAULT,1,4,0.524,2,1.141,0.094,1,106,2026-09-14,OVERDUE,38.41,LOW
MT-004049,AST-00304,S&T,C04,INSPECTION,AXLE_COUNTER_FAULT,2,2,0.726,3,1.37,0.434,1,60,2026-09-05,OVERDUE,25.3,LOW
MT-004050,AST-00135,S&T,C14,CORRECTIVE,SIGNAL_FAILURE,2,5,0.552,0,0.728,0.345,1,103,2026-09-07,OVERDUE,62.57,HIGH
MT-004051,AST-00417,TRD,C15,CORRECTIVE,INSULATOR_FAILURE,1,3,0.854,0,0.438,0,1,103,2026-09-22,OPEN,18.21,LOW
MT-004052,AST-00350,TRD,C18,PREVENTIVE,FEEDER_FAULT,5,1,0.744,9,1.093,0.831,1,100,2026-09-22,OPEN,70.41,HIGH
MT-004053,AST-00256,ENGINEERING,C16,REPAIR,RAIL_CRACK,3,3,0.48,34,1.152,0.587,1,160,2026-09-30,OVERDUE,65.66,HIGH
MT-004054,AST-00476,TRD,C01,CORRECTIVE,CONTACT_WIRE_DEFECT,3,4,0.829,0,1.2,0.505,1,102,2026-09-11,SCHEDULED,52.3,MEDIUM
MT-004055,AST-00111,S&T,C19,SIGNAL_REPAIR,INTERLOCKING_FAULT,1,4,0.768,7,0.693,0.412,1,90,2026-09-22,OPEN,31.34,LOW
MT-004056,AST-00042,S&T,C11,SIGNAL_REPAIR,INTERLOCKING_FAULT,3,3,0.641,25,1.271,0.464,1,112,2026-09-06,OPEN,65.96,HIGH
MT-004057,AST-00199,ENGINEERING,C04,REPAIR,BALLAST_DEFECT,5,2,0.624,0,0.622,0.751,1,153,2026-09-07,OPEN,77.08,HIGH
MT-004058,AST-00098,TRD,C09,PREVENTIVE,FEEDER_FAULT,3,1,0.884,14,0.239,0.584,1,97,2026-09-19,OVERDUE,27.03,LOW
MT-004059,AST-00048,S&T,C09,CORRECTIVE,CABLE_FAULT,4,3,0.814,17,0.717,0.52,1,132,2026-09-13,OPEN,70.45,HIGH
MT-004060,AST-00291,TRD,C08,PREVENTIVE,FEEDER_FAULT,4,4,0.751,10,0.453,0.503,1,96,2026-09-27,OVERDUE,80.43,CRITICAL
MT-004061,AST-00423,TRD,C02,CORRECTIVE,CONTACT_WIRE_DEFECT,3,4,0.697,5,0.995,0.563,1,111,2026-09-17,OVERDUE,58.48,MEDIUM
MT-004062,AST-00057,ENGINEERING,C01,INSPECTION,RAIL_CRACK,3,2,0.628,16,1.126,0.493,1,58,2026-09-26,OVERDUE,54.04,MEDIUM
MT-004063,AST-00260,ENGINEERING,C14,INSPECTION,RAIL_CRACK,3,5,0.996,4,0.391,0.432,1,82,2026-09-07,SCHEDULED,44.15,MEDIUM
MT-004064,AST-00225,TRD,C17,INSPECTION,CONTACT_WIRE_DEFECT,3,3,0.596,5,1.151,0.423,1,82,2026-09-01,OVERDUE,49.68,MEDIUM
MT-004065,AST-00006,S&T,C20,PREVENTIVE,AXLE_COUNTER_FAULT,4,5,0.849,0,0.975,0.469,1,92,2026-09-27,OPEN,58.68,MEDIUM
MT-004066,AST-00154,TRD,C17,INSPECTION,FEEDER_FAULT,2,5,0.822,6,0.888,0.287,1,75,2026-09-17,SCHEDULED,42.33,MEDIUM
MT-004067,AST-00183,TRD,C07,CORRECTIVE,FEEDER_FAULT,2,2,0.612,7,0.955,0.248,1,107,2026-09-01,OVERDUE,26.27,LOW
MT-004068,AST-00467,ENGINEERING,C13,INSPECTION,STRUCTURAL_DEFECT,1,2,0.729,12,0.986,0.614,1,52,2026-09-25,SCHEDULED,29.06,LOW
MT-004069,AST-00143,ENGINEERING,C12,PREVENTIVE,POINT_DEFECT,3,3,0.716,0,0.783,0.713,1,79,2026-09-03,OPEN,50.65,MEDIUM
MT-004070,AST-00006,S&T,C20,PREVENTIVE,RELAY_FAULT,4,5,0.849,1,0.692,0.683,1,79,2026-09-11,OPEN,67.23,HIGH
MT-004071,AST-00076,TRD,C05,OHE_REPAIR,FEEDER_FAULT,2,3,0.691,12,0.688,0.195,1,121,2026-09-03,OPEN,43.12,MEDIUM
MT-004072,AST-00309,S&T,C12,CORRECTIVE,CABLE_FAULT,4,3,0.735,27,0.903,0.587,1,132,2026-09-14,OVERDUE,69.73,HIGH
MT-004073,AST-00300,TRD,C18,INSPECTION,INSULATOR_FAILURE,1,5,0.694,24,0.526,0.379,1,75,2026-09-09,OVERDUE,58.15,MEDIUM
MT-004074,AST-00315,ENGINEERING,C17,CORRECTIVE,RAIL_CRACK,5,4,0.864,2,0.48,0.567,1,147,2026-09-18,SCHEDULED,61.53,HIGH
MT-004075,AST-00017,ENGINEERING,C06,CORRECTIVE,TRACK_GEOMETRY,5,4,0.741,15,1.378,0.618,1,145,2026-09-11,SCHEDULED,83.42,CRITICAL
MT-004076,AST-00018,S&T,C01,CORRECTIVE,RELAY_FAULT,2,4,0.581,18,1.508,0.058,1,102,2026-09-21,SCHEDULED,53.25,MEDIUM
MT-004077,AST-00228,ENGINEERING,C04,CORRECTIVE,BALLAST_DEFECT,3,4,0.751,21,1.158,0.388,1,134,2026-09-20,OVERDUE,63.0,HIGH
MT-004078,AST-00455,S&T,C18,PREVENTIVE,INTERLOCKING_FAULT,2,1,0.807,10,0.496,0.41,1,64,2026-09-27,SCHEDULED,20.92,LOW
MT-004079,AST-00225,TRD,C17,INSPECTION,TRANSFORMER_FAULT,3,3,0.596,30,0.992,0.354,1,102,2026-09-29,OPEN,68.45,HIGH
MT-004080,AST-00079,S&T,C01,INSPECTION,RELAY_FAULT,2,5,0.746,0,0.391,0.334,1,69,2026-09-22,OPEN,43.98,MEDIUM
MT-004081,AST-00159,TRD,C20,PREVENTIVE,OHE_DAMAGE,3,3,0.63,17,0.87,0.442,1,103,2026-09-07,OPEN,74.07,HIGH
MT-004082,AST-00019,S&T,C11,INSPECTION,SIGNAL_FAILURE,2,1,0.613,12,1.015,0.226,1,71,2026-09-20,OVERDUE,19.41,LOW
MT-004083,AST-00397,S&T,C15,CORRECTIVE,RELAY_FAULT,3,3,0.711,7,0.857,0.407,1,96,2026-09-07,OPEN,46.14,MEDIUM
MT-004084,AST-00475,ENGINEERING,C09,PREVENTIVE,TRACK_GEOMETRY,5,5,0.823,3,0.288,0.711,1,85,2026-09-06,OPEN,84.15,CRITICAL
MT-004085,AST-00013,S&T,C03,PREVENTIVE,CABLE_FAULT,5,4,0.768,8,1.07,0.731,1,126,2026-09-11,SCHEDULED,82.72,CRITICAL
MT-004086,AST-00063,S&T,C11,SIGNAL_REPAIR,RELAY_FAULT,3,3,0.613,18,0.68,0.408,1,122,2026-09-28,OPEN,56.85,MEDIUM
MT-004087,AST-00460,S&T,C19,INSPECTION,SIGNAL_FAILURE,5,2,0.891,2,0.985,0.629,1,109,2026-09-14,OPEN,67.8,HIGH
MT-004088,AST-00103,TRD,C11,OHE_REPAIR,INSULATOR_FAILURE,5,4,0.617,13,1.526,0.864,1,177,2026-09-07,OPEN,93.42,CRITICAL
MT-004089,AST-00284,S&T,C10,SIGNAL_REPAIR,SIGNAL_FAILURE,5,4,0.574,9,0.835,0.74,1,118,2026-09-26,SCHEDULED,87.19,CRITICAL
MT-004090,AST-00117,TRD,C15,INSPECTION,INSULATOR_FAILURE,3,3,0.559,0,0.855,0.429,1,64,2026-09-22,OPEN,33.02,LOW
MT-004091,AST-00361,TRD,C03,CORRECTIVE,CONTACT_WIRE_DEFECT,2,2,0.858,21,0.579,0.288,1,91,2026-09-06,OVERDUE,28.76,LOW
MT-004092,AST-00425,TRD,C17,PREVENTIVE,OHE_DAMAGE,5,5,0.947,1,0.123,0.602,1,98,2026-09-20,SCHEDULED,85.01,CRITICAL
MT-004093,AST-00373,TRD,C15,INSPECTION,TRANSFORMER_FAULT,4,3,0.632,0,1.452,0.581,1,109,2026-09-04,OVERDUE,67.76,HIGH
MT-004094,AST-00336,ENGINEERING,C09,PREVENTIVE,RAIL_CRACK,1,4,0.715,8,0.757,0.219,1,77,2026-09-26,OPEN,28.56,LOW
MT-004095,AST-00014,S&T,C15,PREVENTIVE,CABLE_FAULT,2,3,0.59,0,1.071,0.392,1,98,2026-09-07,OPEN,51.2,MEDIUM
MT-004096,AST-00427,TRD,C04,INSPECTION,TRANSFORMER_FAULT,4,3,0.707,12,0.75,0.49,1,108,2026-09-04,OPEN,62.8,HIGH
MT-004097,AST-00239,ENGINEERING,C15,PREVENTIVE,BALLAST_DEFECT,5,2,0.584,17,0.749,0.614,1,100,2026-09-02,OVERDUE,72.32,HIGH
MT-004098,AST-00068,ENGINEERING,C10,CORRECTIVE,TRACK_GEOMETRY,3,5,0.643,0,1.103,0.491,1,131,2026-09-28,SCHEDULED,75.83,HIGH
MT-004099,AST-00041,ENGINEERING,C20,PREVENTIVE,STRUCTURAL_DEFECT,2,4,0.529,21,1.635,0.418,1,108,2026-09-15,OPEN,58.32,MEDIUM
MT-004100,AST-00393,ENGINEERING,C20,CORRECTIVE,STRUCTURAL_DEFECT,4,1,0.599,0,0.654,0.525,1,106,2026-09-16,OVERDUE,49.85,MEDIUM
MT-004101,AST-00320,S&T,C05,SIGNAL_REPAIR,AXLE_COUNTER_FAULT,2,3,0.794,7,0.967,0.48,1,79,2026-09-27,SCHEDULED,37.13,LOW
MT-004102,AST-00112,ENGINEERING,C07,REPAIR,BALLAST_DEFECT,5,4,0.821,0,0.851,0.674,1,160,2026-09-18,OVERDUE,77.47,HIGH
MT-004103,AST-00231,ENGINEERING,C04,PREVENTIVE,STRUCTURAL_DEFECT,4,4,0.598,27,1.139,0.367,1,105,2026-09-07,OPEN,72.2,HIGH
MT-004104,AST-00319,TRD,C18,PREVENTIVE,CONTACT_WIRE_DEFECT,1,5,0.618,14,1.434,0.306,1,80,2026-09-03,SCHEDULED,51.82,MEDIUM
MT-004105,AST-00208,ENGINEERING,C19,REPAIR,BALLAST_DEFECT,4,3,0.75,0,0.96,0.668,1,163,2026-09-29,SCHEDULED,64.04,HIGH
MT-004106,AST-00196,ENGINEERING,C01,REPAIR,BALLAST_DEFECT,3,5,0.698,2,0.916,0.489,1,162,2026-09-27,OVERDUE,64.71,HIGH
MT-004107,AST-00385,ENGINEERING,C09,INSPECTION,BALLAST_DEFECT,2,4,0.601,0,1.207,0.428,1,76,2026-09-14,OPEN,38.34,LOW
MT-004108,AST-00389,TRD,C12,OHE_REPAIR,INSULATOR_FAILURE,3,3,0.947,12,0.64,0.64,1,148,2026-09-17,OPEN,51.59,MEDIUM
MT-004109,AST-00137,TRD,C04,OHE_REPAIR,CONTACT_WIRE_DEFECT,2,1,0.966,3,0.102,0.517,1,138,2026-09-18,OVERDUE,23.44,LOW
MT-004110,AST-00096,S&T,C15,CORRECTIVE,SIGNAL_FAILURE,4,4,1.0,8,0.334,0.613,1,139,2026-09-06,OVERDUE,68.46,HIGH
MT-004111,AST-00476,TRD,C01,OHE_REPAIR,INSULATOR_FAILURE,5,4,0.829,0,1.191,0.627,1,145,2026-09-16,OPEN,85.56,CRITICAL
MT-004112,AST-00219,TRD,C17,CORRECTIVE,TRANSFORMER_FAULT,4,4,0.504,8,1.158,0.741,1,111,2026-09-28,OPEN,68.86,HIGH
MT-004113,AST-00459,TRD,C12,OHE_REPAIR,INSULATOR_FAILURE,5,2,0.857,10,0.837,0.803,0.992,193,2026-09-05,OPEN,65.19,HIGH
MT-004114,AST-00414,S&T,C05,SIGNAL_REPAIR,RELAY_FAULT,4,4,0.952,24,0.606,0.447,1,142,2026-09-17,OPEN,54.69,MEDIUM
MT-004115,AST-00177,S&T,C04,CORRECTIVE,SIGNAL_FAILURE,3,3,0.868,14,0.393,0.405,1,126,2026-09-02,OPEN,38.69,LOW
MT-004116,AST-00206,TRD,C10,OHE_REPAIR,TRANSFORMER_FAULT,5,3,0.848,4,0.842,0.638,1,163,2026-09-30,OVERDUE,71.35,HIGH
MT-004117,AST-00124,S&T,C11,CORRECTIVE,RELAY_FAULT,2,3,0.903,3,0.85,0.598,1,97,2026-09-19,OPEN,48.26,MEDIUM
MT-004118,AST-00348,ENGINEERING,C17,REPAIR,RAIL_CRACK,5,3,0.904,11,0.153,0.91,1,158,2026-09-02,OPEN,75.34,HIGH
MT-004119,AST-00429,TRD,C15,CORRECTIVE,FEEDER_FAULT,4,2,0.751,10,1.107,0.676,1,142,2026-09-13,OVERDUE,60.56,HIGH
MT-004120,AST-00064,S&T,C10,PREVENTIVE,RELAY_FAULT,2,2,0.812,9,0.32,0.581,1,78,2026-09-21,SCHEDULED,29.1,LOW
MT-004121,AST-00309,S&T,C12,PREVENTIVE,INTERLOCKING_FAULT,2,3,0.735,8,1.349,0.46,1,93,2026-09-10,OPEN,53.78,MEDIUM
MT-004122,AST-00260,ENGINEERING,C14,CORRECTIVE,BALLAST_DEFECT,3,5,0.996,15,0.899,0.532,1,124,2026-09-08,SCHEDULED,68.97,HIGH
MT-004123,AST-00480,TRD,C08,PREVENTIVE,CONTACT_WIRE_DEFECT,3,5,0.965,15,0.691,0.267,1,98,2026-09-17,OPEN,55.65,MEDIUM
MT-004124,AST-00187,ENGINEERING,C13,REPAIR,RAIL_CRACK,5,1,0.679,0,1.041,0.819,1,195,2026-09-29,OPEN,76.42,HIGH
MT-004125,AST-00221,S&T,C08,CORRECTIVE,AXLE_COUNTER_FAULT,4,4,0.721,9,0.519,0.627,1,133,2026-09-18,OPEN,70.47,HIGH
MT-004126,AST-00444,S&T,C17,PREVENTIVE,SIGNAL_FAILURE,3,2,0.719,6,0.997,0.344,1,99,2026-09-10,OPEN,38.9,LOW
MT-004127,AST-00337,ENGINEERING,C19,CORRECTIVE,RAIL_CRACK,3,5,0.889,15,0.697,0.512,1,112,2026-09-27,OVERDUE,71.32,HIGH
MT-004128,AST-00414,S&T,C05,CORRECTIVE,SIGNAL_FAILURE,1,4,0.952,26,0.974,0.216,1,92,2026-09-05,OPEN,51.22,MEDIUM
MT-004129,AST-00485,ENGINEERING,C06,REPAIR,BALLAST_DEFECT,5,4,0.794,17,0.801,0.772,1,186,2026-09-12,OPEN,84.39,CRITICAL
MT-004130,AST-00035,ENGINEERING,C08,INSPECTION,BALLAST_DEFECT,1,5,0.586,18,0.862,0.267,1,70,2026-09-12,OPEN,58.01,MEDIUM
MT-004131,AST-00135,S&T,C14,SIGNAL_REPAIR,CABLE_FAULT,3,5,0.552,1,1.577,0.541,1,117,2026-09-28,OVERDUE,75.28,HIGH
MT-004132,AST-00037,S&T,C14,INSPECTION,AXLE_COUNTER_FAULT,4,2,0.829,3,0.996,0.711,1,54,2026-09-30,SCHEDULED,53.63,MEDIUM
MT-004133,AST-00478,ENGINEERING,C09,CORRECTIVE,BALLAST_DEFECT,2,5,0.589,12,1.596,0.411,1,137,2026-09-08,OPEN,60.22,HIGH
MT-004134,AST-00453,S&T,C11,CORRECTIVE,RELAY_FAULT,4,3,0.598,19,0.869,0.685,1,132,2026-09-01,OVERDUE,70.74,HIGH
MT-004135,AST-00069,ENGINEERING,C16,INSPECTION,TRACK_GEOMETRY,2,4,0.448,12,1.377,0.253,1,86,2026-09-22,OPEN,62.85,HIGH
MT-004136,AST-00015,TRD,C09,INSPECTION,OHE_DAMAGE,2,3,0.801,16,0.766,0.347,1,65,2026-09-06,OPEN,38.0,LOW
MT-004137,AST-00434,ENGINEERING,C13,PREVENTIVE,RAIL_CRACK,5,3,0.594,14,0.743,0.738,1,115,2026-09-01,OVERDUE,89.28,CRITICAL
MT-004138,AST-00222,ENGINEERING,C16,INSPECTION,POINT_DEFECT,4,3,0.594,12,0.93,0.68,1,88,2026-09-16,OVERDUE,75.07,HIGH
MT-004139,AST-00499,S&T,C20,SIGNAL_REPAIR,SIGNAL_FAILURE,2,4,0.818,27,0.915,0.242,1,113,2026-09-23,OVERDUE,59.75,MEDIUM
MT-004140,AST-00258,S&T,C19,INSPECTION,RELAY_FAULT,3,2,0.64,12,1.086,0.509,0.976,61,2026-09-30,OPEN,51.88,MEDIUM
MT-004141,AST-00080,TRD,C18,CORRECTIVE,OHE_DAMAGE,3,3,0.774,3,1.278,0.544,1,122,2026-09-10,OVERDUE,53.91,MEDIUM
MT-004142,AST-00442,ENGINEERING,C04,REPAIR,TRACK_GEOMETRY,2,4,0.701,0,0.864,0.519,1,128,2026-09-15,OVERDUE,49.99,MEDIUM
MT-004143,AST-00370,ENGINEERING,C17,PREVENTIVE,TRACK_GEOMETRY,2,4,0.739,0,0.537,0.34,1,91,2026-09-01,SCHEDULED,41.52,MEDIUM
MT-004144,AST-00446,TRD,C03,PREVENTIVE,OHE_DAMAGE,3,3,0.915,13,1.091,0.355,1,85,2026-09-30,OVERDUE,38.6,LOW
MT-004145,AST-00191,S&T,C17,PREVENTIVE,RELAY_FAULT,3,4,0.604,9,1.558,0.489,1,107,2026-09-05,SCHEDULED,74.43,HIGH
MT-004146,AST-00368,S&T,C01,INSPECTION,INTERLOCKING_FAULT,1,3,0.646,15,1.093,0.345,1,69,2026-09-25,SCHEDULED,37.13,LOW
MT-004147,AST-00220,ENGINEERING,C06,INSPECTION,POINT_DEFECT,4,4,0.523,0,1.114,0.552,1,93,2026-09-16,OPEN,74.3,HIGH
MT-004148,AST-00416,S&T,C11,PREVENTIVE,CABLE_FAULT,5,1,0.972,0,0.301,0.66,1,113,2026-09-17,OVERDUE,57.9,MEDIUM
MT-004149,AST-00048,S&T,C09,INSPECTION,RELAY_FAULT,2,3,0.814,5,1.127,0.409,1,58,2026-09-04,OVERDUE,39.39,LOW
MT-004150,AST-00227,ENGINEERING,C02,INSPECTION,STRUCTURAL_DEFECT,5,5,0.729,20,0.783,0.865,1,94,2026-09-05,SCHEDULED,88.6,CRITICAL
MT-004151,AST-00428,ENGINEERING,C05,INSPECTION,POINT_DEFECT,5,4,0.658,15,1.226,0.542,1,88,2026-09-19,OPEN,83.53,CRITICAL
MT-004152,AST-00082,ENGINEERING,C18,CORRECTIVE,BALLAST_DEFECT,2,5,0.447,11,1.197,0.368,1,113,2026-09-20,OPEN,61.78,HIGH
MT-004153,AST-00363,TRD,C15,INSPECTION,INSULATOR_FAILURE,3,3,0.856,2,1.001,0.543,1,75,2026-09-30,OPEN,52.49,MEDIUM
MT-004154,AST-00174,S&T,C04,PREVENTIVE,CABLE_FAULT,3,4,0.826,17,0.884,0.585,1,104,2026-09-03,OPEN,59.57,MEDIUM
MT-004155,AST-00265,ENGINEERING,C02,INSPECTION,BALLAST_DEFECT,3,4,0.891,8,0.856,0.749,1,61,2026-09-07,OVERDUE,68.93,HIGH
MT-004156,AST-00236,S&T,C01,PREVENTIVE,INTERLOCKING_FAULT,2,4,0.827,0,1.241,0.401,1,77,2026-09-28,SCHEDULED,31.23,LOW
MT-004157,AST-00077,TRD,C03,OHE_REPAIR,INSULATOR_FAILURE,2,3,0.722,0,1.153,0.55,1,117,2026-09-04,SCHEDULED,37.74,LOW
MT-004158,AST-00045,S&T,C08,CORRECTIVE,SIGNAL_FAILURE,1,4,0.751,0,1.012,0.437,1,80,2026-09-07,OVERDUE,26.08,LOW
MT-004159,AST-00067,ENGINEERING,C16,REPAIR,RAIL_CRACK,3,4,0.627,15,1.054,0.612,1,147,2026-09-19,OPEN,78.94,HIGH
MT-004160,AST-00042,S&T,C11,SIGNAL_REPAIR,RELAY_FAULT,4,3,0.641,12,0.968,0.614,1,135,2026-09-22,OVERDUE,75.45,HIGH
MT-004161,AST-00101,S&T,C19,CORRECTIVE,AXLE_COUNTER_FAULT,5,3,0.673,4,0.661,0.644,1,120,2026-09-24,OPEN,69.1,HIGH
MT-004162,AST-00405,TRD,C16,PREVENTIVE,CONTACT_WIRE_DEFECT,2,3,0.774,18,1.227,0.318,1,69,2026-09-21,SCHEDULED,48.98,MEDIUM
MT-004163,AST-00067,ENGINEERING,C16,REPAIR,STRUCTURAL_DEFECT,4,4,0.627,5,1.325,0.473,1,174,2026-09-24,OVERDUE,68.84,HIGH
MT-004164,AST-00091,ENGINEERING,C10,CORRECTIVE,TRACK_GEOMETRY,3,1,0.656,0,0.724,0.526,1,104,2026-09-18,OPEN,40.9,MEDIUM
MT-004165,AST-00409,TRD,C20,OHE_REPAIR,OHE_DAMAGE,5,3,0.828,32,0.612,0.716,1,188,2026-09-19,OVERDUE,77.31,HIGH
MT-004166,AST-00030,TRD,C16,CORRECTIVE,INSULATOR_FAILURE,2,4,0.789,2,0.965,0.495,1,101,2026-09-20,OPEN,45.5,MEDIUM
MT-004167,AST-00308,S&T,C11,INSPECTION,CABLE_FAULT,1,4,0.76,10,0.477,0.203,1,43,2026-09-29,OPEN,32.32,LOW
MT-004168,AST-00172,ENGINEERING,C17,INSPECTION,TRACK_GEOMETRY,1,5,0.607,30,0.962,0.42,1,39,2026-09-07,OPEN,60.3,HIGH
MT-004169,AST-00314,ENGINEERING,C18,REPAIR,RAIL_CRACK,3,3,0.844,13,0.553,0.412,1,161,2026-09-03,OPEN,52.55,MEDIUM
MT-004170,AST-00395,ENGINEERING,C11,CORRECTIVE,STRUCTURAL_DEFECT,2,5,0.62,22,1.162,0.335,1,139,2026-09-09,OVERDUE,68.76,HIGH
MT-004171,AST-00034,ENGINEERING,C18,INSPECTION,BALLAST_DEFECT,5,2,0.616,0,0.634,0.798,1,96,2026-09-11,SCHEDULED,70.83,HIGH
MT-004172,AST-00082,ENGINEERING,C18,REPAIR,POINT_DEFECT,2,5,0.447,36,1.345,0.201,1,122,2026-09-06,OPEN,80.98,CRITICAL
MT-004173,AST-00004,S&T,C09,INSPECTION,SIGNAL_FAILURE,4,4,0.524,18,1.659,0.869,1,65,2026-09-13,OPEN,86.57,CRITICAL
MT-004174,AST-00040,TRD,C08,OHE_REPAIR,INSULATOR_FAILURE,3,2,0.958,4,0.187,0.543,1,170,2026-09-22,OVERDUE,40.4,MEDIUM
MT-004175,AST-00083,TRD,C03,PREVENTIVE,CONTACT_WIRE_DEFECT,1,2,0.865,18,0.476,0.191,1,77,2026-09-05,OVERDUE,15.28,LOW
MT-004176,AST-00350,TRD,C18,INSPECTION,OHE_DAMAGE,2,1,0.744,18,1.03,0.482,1,51,2026-09-24,OPEN,32.98,LOW
MT-004177,AST-00314,ENGINEERING,C18,REPAIR,POINT_DEFECT,1,3,0.844,11,0.928,0.282,1,136,2026-09-03,OPEN,35.57,LOW
MT-004178,AST-00085,S&T,C03,INSPECTION,SIGNAL_FAILURE,3,5,0.941,3,0.863,0.703,1,68,2026-09-26,SCHEDULED,59.55,MEDIUM
MT-004179,AST-00195,TRD,C17,INSPECTION,INSULATOR_FAILURE,2,2,0.95,29,0.86,0.506,0.999,61,2026-09-19,OPEN,54.42,MEDIUM
MT-004180,AST-00179,S&T,C09,PREVENTIVE,CABLE_FAULT,3,3,0.887,19,0.865,0.472,1,90,2026-09-28,OPEN,48.16,MEDIUM
MT-004181,AST-00037,S&T,C14,CORRECTIVE,AXLE_COUNTER_FAULT,3,2,0.829,0,0.742,0.417,1,117,2026-09-15,OPEN,31.29,LOW
MT-004182,AST-00034,ENGINEERING,C18,INSPECTION,POINT_DEFECT,2,2,0.616,1,0.996,0.33,0.996,64,2026-09-22,OPEN,34.73,LOW
MT-004183,AST-00375,TRD,C05,PREVENTIVE,OHE_DAMAGE,3,3,0.651,11,0.626,0.547,1,101,2026-09-04,OPEN,50.56,MEDIUM
MT-004184,AST-00172,ENGINEERING,C17,INSPECTION,BALLAST_DEFECT,2,5,0.607,15,0.789,0.348,1,73,2026-09-23,OPEN,48.24,MEDIUM
MT-004185,AST-00084,ENGINEERING,C11,CORRECTIVE,RAIL_CRACK,3,4,0.819,30,0.293,0.593,1,133,2026-09-09,OVERDUE,71.5,HIGH
MT-004186,AST-00091,ENGINEERING,C10,CORRECTIVE,STRUCTURAL_DEFECT,4,1,0.656,15,1.17,0.547,1,117,2026-09-17,OPEN,54.66,MEDIUM
MT-004187,AST-00378,ENGINEERING,C18,CORRECTIVE,RAIL_CRACK,4,5,0.711,16,1.394,0.428,1,147,2026-09-16,OPEN,88.14,CRITICAL
MT-004188,AST-00063,S&T,C11,INSPECTION,RELAY_FAULT,2,3,0.613,9,0.613,0.282,1,84,2026-09-11,SCHEDULED,39.69,LOW
MT-004189,AST-00169,ENGINEERING,C09,REPAIR,RAIL_CRACK,4,2,0.786,10,0.672,0.503,0.991,134,2026-09-23,OVERDUE,52.69,MEDIUM
MT-004190,AST-00379,TRD,C15,CORRECTIVE,FEEDER_FAULT,1,5,0.749,23,0.839,0.398,1,126,2026-09-29,OPEN,45.68,MEDIUM
MT-004191,AST-00481,S&T,C06,SIGNAL_REPAIR,AXLE_COUNTER_FAULT,3,4,0.577,12,0.853,0.592,1,108,2026-09-06,OVERDUE,66.35,HIGH
MT-004192,AST-00445,S&T,C04,CORRECTIVE,AXLE_COUNTER_FAULT,1,4,0.529,1,0.726,0.317,1,87,2026-09-15,OPEN,40.91,MEDIUM
MT-004193,AST-00140,S&T,C16,INSPECTION,CABLE_FAULT,3,1,0.752,2,1.211,0.459,0.978,82,2026-09-12,OPEN,44.79,MEDIUM
MT-004194,AST-00070,S&T,C13,SIGNAL_REPAIR,INTERLOCKING_FAULT,2,2,0.744,12,0.55,0.343,1,117,2026-09-08,SCHEDULED,39.41,LOW
MT-004195,AST-00346,S&T,C18,INSPECTION,SIGNAL_FAILURE,5,4,0.714,0,1.134,0.733,1,64,2026-09-07,OPEN,82.24,CRITICAL
MT-004196,AST-00085,S&T,C03,INSPECTION,CABLE_FAULT,2,5,0.941,11,0.406,0.539,1,62,2026-09-13,OPEN,57.06,MEDIUM
MT-004197,AST-00043,TRD,C15,CORRECTIVE,OHE_DAMAGE,3,1,0.921,15,0.12,0.462,1,115,2026-09-29,OPEN,33.91,LOW
MT-004198,AST-00076,TRD,C05,OHE_REPAIR,OHE_DAMAGE,3,3,0.691,18,1.069,0.543,1,177,2026-09-25,SCHEDULED,65.88,HIGH
MT-004199,AST-00201,TRD,C17,OHE_REPAIR,OHE_DAMAGE,5,3,0.908,21,0.848,0.86,0.881,178,2026-09-05,OVERDUE,83.8,CRITICAL
MT-004200,AST-00189,TRD,C19,PREVENTIVE,INSULATOR_FAILURE,3,4,0.643,19,1.491,0.412,1,89,2026-09-08,OPEN,67.58,HIGH
MT-004201,AST-00081,S&T,C13,CORRECTIVE,RELAY_FAULT,4,4,0.682,6,1.176,0.552,1,118,2026-09-18,OVERDUE,72.45,HIGH
MT-004202,AST-00025,ENGINEERING,C17,PREVENTIVE,RAIL_CRACK,3,4,0.985,0,0.637,0.509,1,91,2026-09-01,OVERDUE,39.52,LOW
MT-004203,AST-00310,TRD,C10,OHE_REPAIR,CONTACT_WIRE_DEFECT,3,4,0.641,23,1.444,0.45,1,129,2026-09-21,OVERDUE,72.11,HIGH
MT-004204,AST-00068,ENGINEERING,C10,PREVENTIVE,TRACK_GEOMETRY,4,5,0.643,15,1.415,0.568,1,104,2026-09-15,OPEN,90.77,CRITICAL
MT-004205,AST-00166,S&T,C07,SIGNAL_REPAIR,AXLE_COUNTER_FAULT,5,2,0.596,14,1.408,0.824,1,117,2026-09-17,OPEN,82.04,CRITICAL
MT-004206,AST-00087,ENGINEERING,C05,PREVENTIVE,BALLAST_DEFECT,4,4,0.782,8,1.123,0.68,1,125,2026-09-11,SCHEDULED,74.16,HIGH
MT-004207,AST-00215,TRD,C13,PREVENTIVE,OHE_DAMAGE,1,3,0.488,36,1.271,0.315,1,85,2026-09-19,OVERDUE,49.17,MEDIUM
MT-004208,AST-00308,S&T,C11,INSPECTION,SIGNAL_FAILURE,5,4,0.76,0,0.502,0.876,1,101,2026-09-08,SCHEDULED,78.38,HIGH
MT-004209,AST-00366,S&T,C12,SIGNAL_REPAIR,SIGNAL_FAILURE,5,2,0.704,39,0.815,0.686,1,132,2026-09-28,OVERDUE,81.28,CRITICAL
MT-004210,AST-00253,TRD,C16,OHE_REPAIR,OHE_DAMAGE,4,3,0.792,21,0.805,0.771,1,149,2026-09-11,OVERDUE,74.18,HIGH
MT-004211,AST-00259,ENGINEERING,C15,PREVENTIVE,BALLAST_DEFECT,4,4,0.768,12,0.744,0.632,1,103,2026-09-08,OPEN,74.88,HIGH
MT-004212,AST-00320,S&T,C05,INSPECTION,AXLE_COUNTER_FAULT,3,3,0.794,0,0.926,0.631,1,45,2026-09-03,OPEN,52.42,MEDIUM
MT-004213,AST-00252,TRD,C09,OHE_REPAIR,TRANSFORMER_FAULT,5,4,0.711,18,0.866,0.754,1,148,2026-09-05,SCHEDULED,87.64,CRITICAL
MT-004214,AST-00086,TRD,C02,PREVENTIVE,INSULATOR_FAILURE,3,5,0.584,11,1.564,0.446,1,88,2026-09-15,OVERDUE,72.17,HIGH
MT-004215,AST-00248,TRD,C15,OHE_REPAIR,FEEDER_FAULT,4,2,0.579,7,0.765,0.561,1,160,2026-09-06,OPEN,57.23,MEDIUM
MT-004216,AST-00352,S&T,C09,PREVENTIVE,CABLE_FAULT,3,2,0.74,17,0.944,0.568,1,59,2026-09-20,SCHEDULED,45.31,MEDIUM
MT-004217,AST-00322,S&T,C06,PREVENTIVE,CABLE_FAULT,3,3,0.771,29,0.477,0.329,1,68,2026-09-04,OPEN,47.24,MEDIUM
MT-004218,AST-00079,S&T,C01,CORRECTIVE,RELAY_FAULT,3,5,0.746,2,0.457,0.536,1,115,2026-09-02,OVERDUE,66.87,HIGH
MT-004219,AST-00184,S&T,C09,INSPECTION,INTERLOCKING_FAULT,4,3,0.849,0,0.436,0.534,1,60,2026-09-24,SCHEDULED,56.73,MEDIUM
MT-004220,AST-00294,TRD,C12,PREVENTIVE,OHE_DAMAGE,4,4,0.783,13,0.896,0.561,1,108,2026-09-24,OVERDUE,72.02,HIGH
MT-004221,AST-00267,ENGINEERING,C13,CORRECTIVE,TRACK_GEOMETRY,3,2,0.617,0,0.781,0.431,1,134,2026-09-22,SCHEDULED,41.06,MEDIUM
MT-004222,AST-00126,S&T,C15,CORRECTIVE,SIGNAL_FAILURE,2,3,0.596,0,1.481,0.618,1,135,2026-09-10,OVERDUE,43.07,MEDIUM
MT-004223,AST-00132,TRD,C01,OHE_REPAIR,TRANSFORMER_FAULT,4,4,0.873,2,1.051,0.64,1,140,2026-09-19,SCHEDULED,72.14,HIGH
MT-004224,AST-00062,TRD,C07,CORRECTIVE,FEEDER_FAULT,5,3,0.794,0,0.863,0.724,1,153,2026-09-10,OPEN,70.02,HIGH
MT-004225,AST-00461,ENGINEERING,C10,CORRECTIVE,BALLAST_DEFECT,4,3,0.824,37,1.006,0.595,1,127,2026-09-28,OPEN,67.14,HIGH
MT-004226,AST-00293,TRD,C13,PREVENTIVE,FEEDER_FAULT,5,3,0.909,12,0.305,0.731,1,96,2026-09-26,OPEN,74.46,HIGH
MT-004227,AST-00141,TRD,C10,INSPECTION,INSULATOR_FAILURE,4,2,0.696,35,1.336,0.729,1,70,2026-09-06,OVERDUE,74.62,HIGH
MT-004228,AST-00220,ENGINEERING,C06,INSPECTION,POINT_DEFECT,2,4,0.523,0,0.747,0.421,1,71,2026-09-02,OVERDUE,44.48,MEDIUM
MT-004229,AST-00325,TRD,C02,PREVENTIVE,FEEDER_FAULT,3,5,0.665,12,0.848,0.349,1,69,2026-09-07,OPEN,67.46,HIGH
MT-004230,AST-00308,S&T,C11,CORRECTIVE,RELAY_FAULT,4,4,0.76,3,0.819,0.505,1,136,2026-09-22,OVERDUE,72.9,HIGH
MT-004231,AST-00189,TRD,C19,CORRECTIVE,INSULATOR_FAILURE,3,4,0.643,12,0.881,0.482,1,124,2026-09-01,OPEN,57.01,MEDIUM
MT-004232,AST-00345,TRD,C16,PREVENTIVE,CONTACT_WIRE_DEFECT,2,2,0.894,27,0.927,0.563,1,69,2026-09-05,SCHEDULED,32.01,LOW
MT-004233,AST-00433,TRD,C07,PREVENTIVE,OHE_DAMAGE,1,3,0.82,13,1.114,0.145,1,78,2026-09-25,OVERDUE,41.71,MEDIUM
MT-004234,AST-00026,TRD,C13,OHE_REPAIR,CONTACT_WIRE_DEFECT,5,3,0.729,9,1.28,0.57,1,166,2026-09-06,SCHEDULED,77.88,HIGH
MT-004235,AST-00411,S&T,C10,PREVENTIVE,RELAY_FAULT,3,4,0.557,11,1.238,0.41,1,105,2026-09-23,SCHEDULED,60.27,HIGH
MT-004236,AST-00364,TRD,C13,OHE_REPAIR,FEEDER_FAULT,3,4,0.709,12,0.936,0.647,1,150,2026-09-12,OVERDUE,71.55,HIGH
MT-004237,AST-00098,TRD,C09,CORRECTIVE,CONTACT_WIRE_DEFECT,5,1,0.884,10,0.35,0.865,1,115,2026-09-05,OPEN,54.8,MEDIUM
MT-004238,AST-00454,S&T,C20,CORRECTIVE,CABLE_FAULT,4,3,0.695,24,1.31,0.631,1,123,2026-09-11,SCHEDULED,77.82,HIGH
MT-004239,AST-00160,TRD,C04,INSPECTION,FEEDER_FAULT,4,1,0.553,4,1.334,0.901,0.951,57,2026-09-21,OVERDUE,59.75,MEDIUM
MT-004240,AST-00226,ENGINEERING,C03,REPAIR,BALLAST_DEFECT,5,5,0.83,0,0.646,0.722,1,161,2026-09-26,OPEN,85.19,CRITICAL
MT-004241,AST-00424,ENGINEERING,C04,INSPECTION,POINT_DEFECT,3,3,0.481,3,1.041,0.689,1,77,2026-09-07,OPEN,62.0,HIGH
MT-004242,AST-00085,S&T,C03,SIGNAL_REPAIR,SIGNAL_FAILURE,3,5,0.941,10,0.669,0.478,1,149,2026-09-27,OVERDUE,63.25,HIGH
MT-004243,AST-00229,S&T,C05,PREVENTIVE,AXLE_COUNTER_FAULT,2,2,0.834,0,0.706,0.647,1,90,2026-09-15,OVERDUE,33.93,LOW
MT-004244,AST-00215,TRD,C13,INSPECTION,TRANSFORMER_FAULT,4,3,0.488,11,0.946,0.439,1,99,2026-09-19,SCHEDULED,70.61,HIGH
MT-004245,AST-00441,TRD,C03,CORRECTIVE,OHE_DAMAGE,2,5,0.693,14,1.424,0.378,1,126,2026-09-18,SCHEDULED,63.35,HIGH
MT-004246,AST-00390,ENGINEERING,C04,CORRECTIVE,BALLAST_DEFECT,3,5,0.646,23,1.469,0.413,1,95,2026-09-09,SCHEDULED,79.64,HIGH
MT-004247,AST-00089,TRD,C06,OHE_REPAIR,INSULATOR_FAILURE,2,3,0.748,17,0.426,0.387,1,128,2026-09-24,SCHEDULED,40.75,MEDIUM
MT-004248,AST-00245,ENGINEERING,C10,PREVENTIVE,STRUCTURAL_DEFECT,4,2,0.614,32,0.886,0.585,1,103,2026-09-17,OVERDUE,64.43,HIGH
MT-004249,AST-00275,TRD,C16,CORRECTIVE,TRANSFORMER_FAULT,4,3,0.583,11,1.188,0.535,1,101,2026-09-29,OPEN,67.16,HIGH
MT-004250,AST-00426,S&T,C05,SIGNAL_REPAIR,INTERLOCKING_FAULT,5,2,0.849,19,0.91,0.564,1,161,2026-09-14,OPEN,78.03,HIGH
MT-004251,AST-00384,ENGINEERING,C13,PREVENTIVE,STRUCTURAL_DEFECT,2,5,0.636,19,1.161,0.376,1,72,2026-09-12,OVERDUE,68.8,HIGH
MT-004252,AST-00069,ENGINEERING,C16,PREVENTIVE,STRUCTURAL_DEFECT,1,4,0.448,14,1.195,0.337,1,75,2026-09-04,OPEN,48.63,MEDIUM
MT-004253,AST-00057,ENGINEERING,C01,CORRECTIVE,POINT_DEFECT,3,2,0.628,9,1.036,0.344,1,119,2026-09-02,OPEN,48.15,MEDIUM
MT-004254,AST-00449,ENGINEERING,C16,CORRECTIVE,POINT_DEFECT,2,5,0.736,0,1.378,0.413,1,110,2026-09-19,OVERDUE,67.52,HIGH
MT-004255,AST-00098,TRD,C09,INSPECTION,TRANSFORMER_FAULT,2,1,0.884,6,0.748,0.341,1,55,2026-09-27,OVERDUE,12.77,LOW
MT-004256,AST-00056,S&T,C07,INSPECTION,INTERLOCKING_FAULT,3,3,0.964,15,0.268,0.666,1,73,2026-09-09,SCHEDULED,50.0,MEDIUM
MT-004257,AST-00210,TRD,C02,PREVENTIVE,CONTACT_WIRE_DEFECT,5,4,0.557,12,1.19,0.722,1,116,2026-09-14,OPEN,83.28,CRITICAL
MT-004258,AST-00121,S&T,C15,SIGNAL_REPAIR,RELAY_FAULT,4,4,0.76,5,0.82,0.801,1,133,2026-09-03,OPEN,65.76,HIGH
MT-004259,AST-00073,TRD,C15,CORRECTIVE,FEEDER_FAULT,3,3,0.704,0,0.6,0.593,1,152,2026-09-22,SCHEDULED,46.07,MEDIUM
MT-004260,AST-00326,ENGINEERING,C20,PREVENTIVE,TRACK_GEOMETRY,4,3,0.466,0,1.676,0.602,1,124,2026-09-06,OPEN,61.2,HIGH
MT-004261,AST-00162,TRD,C18,OHE_REPAIR,TRANSFORMER_FAULT,2,4,0.778,0,0.427,0.31,1,141,2026-09-23,OVERDUE,38.86,LOW
MT-004262,AST-00403,S&T,C15,SIGNAL_REPAIR,RELAY_FAULT,2,4,0.893,9,0.941,0.092,1,95,2026-09-25,OPEN,41.05,MEDIUM
MT-004263,AST-00174,S&T,C04,SIGNAL_REPAIR,CABLE_FAULT,4,4,0.826,8,0.417,0.646,1,141,2026-09-23,SCHEDULED,64.08,HIGH
MT-004264,AST-00390,ENGINEERING,C04,PREVENTIVE,RAIL_CRACK,3,5,0.646,7,0.972,0.786,1,54,2026-09-30,OPEN,72.1,HIGH
MT-004265,AST-00085,S&T,C03,INSPECTION,RELAY_FAULT,1,5,0.941,0,0.592,0.521,1,46,2026-09-07,OPEN,28.27,LOW
MT-004266,AST-00442,ENGINEERING,C04,INSPECTION,STRUCTURAL_DEFECT,3,4,0.701,9,0.56,0.382,1,67,2026-09-13,SCHEDULED,57.13,MEDIUM
MT-004267,AST-00429,TRD,C15,INSPECTION,CONTACT_WIRE_DEFECT,1,2,0.751,14,1.341,0.239,1,63,2026-09-11,OVERDUE,19.46,LOW
MT-004268,AST-00083,TRD,C03,OHE_REPAIR,OHE_DAMAGE,2,2,0.865,12,0.698,0.471,1,137,2026-09-25,SCHEDULED,47.54,MEDIUM
MT-004269,AST-00083,TRD,C03,CORRECTIVE,OHE_DAMAGE,2,2,0.865,17,0.477,0.36,1,116,2026-09-18,SCHEDULED,38.7,LOW
MT-004270,AST-00211,TRD,C20,OHE_REPAIR,TRANSFORMER_FAULT,3,3,0.545,32,1.306,0.39,1,133,2026-09-20,OVERDUE,66.64,HIGH
MT-004271,AST-00002,TRD,C19,PREVENTIVE,INSULATOR_FAILURE,3,1,0.85,0,1.049,0.314,1,93,2026-09-04,OPEN,28.23,LOW
MT-004272,AST-00135,S&T,C14,PREVENTIVE,INTERLOCKING_FAULT,3,5,0.552,5,0.986,0.457,1,34,2026-09-09,OPEN,61.5,HIGH
MT-004273,AST-00050,ENGINEERING,C15,INSPECTION,RAIL_CRACK,3,4,0.898,3,0.242,0.594,1,84,2026-09-14,OPEN,58.72,MEDIUM
MT-004274,AST-00204,TRD,C19,OHE_REPAIR,TRANSFORMER_FAULT,4,5,0.718,3,1.089,0.803,1,158,2026-09-24,OVERDUE,80.5,CRITICAL
MT-004275,AST-00052,ENGINEERING,C12,INSPECTION,BALLAST_DEFECT,3,5,0.607,6,0.673,0.349,1,62,2026-09-15,OPEN,64.96,HIGH
MT-004276,AST-00165,TRD,C18,INSPECTION,INSULATOR_FAILURE,5,5,0.83,31,0.684,0.829,1,64,2026-09-21,OVERDUE,92.22,CRITICAL
MT-004277,AST-00114,ENGINEERING,C10,REPAIR,STRUCTURAL_DEFECT,4,2,0.825,0,0.863,0.589,1,160,2026-09-10,OVERDUE,57.26,MEDIUM
MT-004278,AST-00287,ENGINEERING,C01,CORRECTIVE,RAIL_CRACK,2,4,0.806,0,1.218,0.34,1,126,2026-09-23,SCHEDULED,44.69,MEDIUM
MT-004279,AST-00289,TRD,C17,CORRECTIVE,FEEDER_FAULT,2,5,0.769,1,1.105,0.626,1,129,2026-09-23,OPEN,58.53,MEDIUM
MT-004280,AST-00311,S&T,C08,CORRECTIVE,RELAY_FAULT,1,3,0.786,0,0.622,0.385,1,92,2026-09-30,OVERDUE,17.19,LOW
MT-004281,AST-00417,TRD,C15,PREVENTIVE,OHE_DAMAGE,3,3,0.854,0,1.085,0.715,1,72,2026-09-26,OPEN,45.65,MEDIUM
MT-004282,AST-00440,ENGINEERING,C11,CORRECTIVE,TRACK_GEOMETRY,5,4,0.856,6,0.416,0.809,1,119,2026-09-21,OPEN,76.8,HIGH
MT-004283,AST-00450,TRD,C14,PREVENTIVE,OHE_DAMAGE,3,3,0.729,18,1.159,0.417,1,115,2026-09-25,OPEN,66.05,HIGH
MT-004284,AST-00408,ENGINEERING,C04,PREVENTIVE,RAIL_CRACK,2,3,0.684,27,1.229,0.358,1,70,2026-09-30,OVERDUE,49.99,MEDIUM
MT-004285,AST-00234,TRD,C17,OHE_REPAIR,INSULATOR_FAILURE,3,2,0.771,15,0.421,0.502,1,151,2026-09-21,OVERDUE,44.22,MEDIUM
MT-004286,AST-00117,TRD,C15,CORRECTIVE,CONTACT_WIRE_DEFECT,2,3,0.559,0,1.642,0.332,1,119,2026-09-12,OPEN,37.11,LOW
MT-004287,AST-00232,S&T,C18,PREVENTIVE,CABLE_FAULT,4,4,0.686,0,0.888,0.502,1,103,2026-09-26,SCHEDULED,54.84,MEDIUM
MT-004288,AST-00142,ENGINEERING,C06,REPAIR,RAIL_CRACK,4,5,0.649,4,1.491,0.521,1,134,2026-09-19,OVERDUE,79.28,HIGH
MT-004289,AST-00458,ENGINEERING,C09,CORRECTIVE,RAIL_CRACK,5,1,0.828,14,0.597,0.855,0.918,132,2026-09-11,OVERDUE,64.67,HIGH
MT-004290,AST-00044,TRD,C03,PREVENTIVE,TRANSFORMER_FAULT,4,3,0.797,33,0.459,0.808,1,108,2026-09-10,OPEN,78.34,HIGH
MT-004291,AST-00115,S&T,C19,INSPECTION,INTERLOCKING_FAULT,3,4,0.591,18,0.665,0.352,1,80,2026-09-02,OPEN,61.27,HIGH
MT-004292,AST-00007,TRD,C13,CORRECTIVE,FEEDER_FAULT,5,4,0.466,0,1.627,0.728,1,163,2026-09-14,OVERDUE,88.95,CRITICAL
MT-004293,AST-00444,S&T,C17,SIGNAL_REPAIR,INTERLOCKING_FAULT,4,2,0.719,0,1.264,0.634,1,111,2026-09-16,OVERDUE,67.15,HIGH
MT-004294,AST-00324,ENGINEERING,C15,CORRECTIVE,BALLAST_DEFECT,5,2,0.799,0,0.519,0.651,1,162,2026-09-21,OPEN,63.92,HIGH
MT-004295,AST-00114,ENGINEERING,C10,CORRECTIVE,STRUCTURAL_DEFECT,3,2,0.825,4,0.779,0.356,1,102,2026-09-15,OPEN,33.32,LOW
MT-004296,AST-00244,ENGINEERING,C20,REPAIR,TRACK_GEOMETRY,3,4,0.618,7,0.813,0.343,1,131,2026-09-16,SCHEDULED,66.49,HIGH
MT-004297,AST-00068,ENGINEERING,C10,REPAIR,RAIL_CRACK,5,5,0.643,31,0.982,0.559,1,163,2026-09-05,OPEN,88.7,CRITICAL
MT-004298,AST-00324,ENGINEERING,C15,CORRECTIVE,RAIL_CRACK,3,2,0.799,11,0.356,0.752,1,137,2026-09-23,SCHEDULED,34.78,LOW
MT-004299,AST-00170,ENGINEERING,C11,PREVENTIVE,STRUCTURAL_DEFECT,3,2,0.674,0,1.263,0.533,1,69,2026-09-29,OVERDUE,54.57,MEDIUM
MT-004300,AST-00183,TRD,C07,CORRECTIVE,FEEDER_FAULT,3,2,0.612,8,0.842,0.453,1,114,2026-09-05,OPEN,40.24,MEDIUM
MT-004301,AST-00272,TRD,C07,CORRECTIVE,OHE_DAMAGE,3,3,0.622,18,1.355,0.444,1,119,2026-09-01,OPEN,70.63,HIGH
MT-004302,AST-00406,S&T,C02,PREVENTIVE,INTERLOCKING_FAULT,1,4,0.817,5,1.006,0.31,1,76,2026-09-05,OPEN,32.03,LOW
MT-004303,AST-00295,ENGINEERING,C18,REPAIR,BALLAST_DEFECT,2,2,0.829,8,0.474,0.221,1,111,2026-09-16,SCHEDULED,33.26,LOW
MT-004304,AST-00260,ENGINEERING,C14,CORRECTIVE,POINT_DEFECT,1,5,0.996,12,0.215,0.326,1,72,2026-09-12,SCHEDULED,35.0,LOW
MT-004305,AST-00303,S&T,C15,INSPECTION,INTERLOCKING_FAULT,5,2,0.712,31,1.056,0.662,1,74,2026-09-04,OVERDUE,79.65,HIGH
MT-004306,AST-00309,S&T,C12,SIGNAL_REPAIR,CABLE_FAULT,5,3,0.735,4,0.479,0.681,1,140,2026-09-15,OVERDUE,68.75,HIGH
MT-004307,AST-00234,TRD,C17,INSPECTION,OHE_DAMAGE,3,2,0.771,17,0.865,0.382,0.974,72,2026-09-16,OVERDUE,38.76,LOW
MT-004308,AST-00374,S&T,C15,PREVENTIVE,AXLE_COUNTER_FAULT,3,3,0.759,23,1.254,0.608,1,92,2026-09-06,SCHEDULED,67.36,HIGH
MT-004309,AST-00277,TRD,C12,OHE_REPAIR,OHE_DAMAGE,4,3,0.859,29,1.152,0.562,1,131,2026-09-18,SCHEDULED,73.98,HIGH
MT-004310,AST-00238,TRD,C15,INSPECTION,CONTACT_WIRE_DEFECT,4,4,0.77,5,0.454,0.652,1,77,2026-09-18,SCHEDULED,77.14,HIGH
MT-004311,AST-00419,TRD,C19,OHE_REPAIR,TRANSFORMER_FAULT,3,4,0.882,4,0.924,0.477,1,164,2026-09-01,OPEN,56.4,MEDIUM
MT-004312,AST-00227,ENGINEERING,C02,INSPECTION,STRUCTURAL_DEFECT,3,5,0.729,10,1.219,0.629,1,80,2026-09-14,SCHEDULED,70.26,HIGH
MT-004313,AST-00197,TRD,C19,CORRECTIVE,FEEDER_FAULT,4,2,0.767,17,0.965,0.51,1,89,2026-09-01,OPEN,59.66,MEDIUM
MT-004314,AST-00047,ENGINEERING,C04,INSPECTION,RAIL_CRACK,3,3,0.624,25,0.571,0.521,1,66,2026-09-11,OPEN,56.68,MEDIUM
MT-004315,AST-00062,TRD,C07,OHE_REPAIR,CONTACT_WIRE_DEFECT,1,3,0.794,30,0.595,0.315,1,136,2026-09-21,OVERDUE,33.36,LOW
MT-004316,AST-00051,ENGINEERING,C05,PREVENTIVE,BALLAST_DEFECT,3,4,0.953,13,0.137,0.506,1,82,2026-09-23,OPEN,50.97,MEDIUM
MT-004317,AST-00233,TRD,C10,OHE_REPAIR,FEEDER_FAULT,3,4,0.881,7,0.505,0.435,1,144,2026-09-26,SCHEDULED,55.42,MEDIUM
MT-004318,AST-00368,S&T,C01,PREVENTIVE,CABLE_FAULT,4,3,0.646,0,1.028,0.564,1,80,2026-09-23,OPEN,55.45,MEDIUM
MT-004319,AST-00007,TRD,C13,CORRECTIVE,CONTACT_WIRE_DEFECT,4,4,0.466,0,0.876,0.782,1,123,2026-09-02,OPEN,81.32,CRITICAL
MT-004320,AST-00344,S&T,C11,PREVENTIVE,CABLE_FAULT,2,4,0.775,0,0.348,0.389,1,74,2026-09-17,SCHEDULED,49.56,MEDIUM
MT-004321,AST-00343,TRD,C14,INSPECTION,FEEDER_FAULT,3,3,0.775,6,0.723,0.33,1,74,2026-09-17,SCHEDULED,51.54,MEDIUM
MT-004322,AST-00489,TRD,C08,CORRECTIVE,FEEDER_FAULT,3,4,0.927,12,0.371,0.414,1,130,2026-09-22,SCHEDULED,58.14,MEDIUM
MT-004323,AST-00167,ENGINEERING,C07,REPAIR,RAIL_CRACK,3,4,0.657,14,0.521,0.547,1,141,2026-09-07,OPEN,70.42,HIGH
MT-004324,AST-00185,TRD,C20,INSPECTION,TRANSFORMER_FAULT,4,5,1.0,20,0.095,0.514,1,85,2026-09-27,SCHEDULED,68.28,HIGH
MT-004325,AST-00275,TRD,C16,PREVENTIVE,CONTACT_WIRE_DEFECT,2,3,0.583,0,1.581,0.207,1,79,2026-09-10,OPEN,32.07,LOW
MT-004326,AST-00444,S&T,C17,INSPECTION,CABLE_FAULT,4,2,0.719,0,1.082,0.538,1,111,2026-09-06,OPEN,62.53,HIGH
MT-004327,AST-00170,ENGINEERING,C11,REPAIR,STRUCTURAL_DEFECT,5,2,0.674,10,1.065,0.833,0.921,207,2026-09-09,OVERDUE,86.75,CRITICAL
MT-004328,AST-00311,S&T,C08,INSPECTION,RELAY_FAULT,4,3,0.786,20,0.653,0.569,1,90,2026-09-20,OPEN,67.7,HIGH
MT-004329,AST-00405,TRD,C16,CORRECTIVE,TRANSFORMER_FAULT,5,3,0.774,29,0.485,0.7,1,146,2026-09-06,OPEN,75.4,HIGH
MT-004330,AST-00198,S&T,C20,SIGNAL_REPAIR,INTERLOCKING_FAULT,4,5,0.743,10,0.41,0.583,1,118,2026-09-26,SCHEDULED,81.21,CRITICAL
MT-004331,AST-00487,S&T,C04,INSPECTION,CABLE_FAULT,2,2,0.738,21,0.758,0.442,1,56,2026-09-28,OPEN,26.99,LOW
MT-004332,AST-00085,S&T,C03,SIGNAL_REPAIR,INTERLOCKING_FAULT,2,5,0.941,22,0.27,0.282,1,135,2026-09-15,OPEN,55.13,MEDIUM
MT-004333,AST-00257,S&T,C05,PREVENTIVE,RELAY_FAULT,5,4,0.682,17,1.401,0.834,1,86,2026-09-14,SCHEDULED,85.66,CRITICAL
MT-004334,AST-00163,S&T,C04,PREVENTIVE,SIGNAL_FAILURE,3,3,0.701,25,0.663,0.474,1,76,2026-09-10,SCHEDULED,52.47,MEDIUM
MT-004335,AST-00243,ENGINEERING,C16,PREVENTIVE,TRACK_GEOMETRY,4,5,0.856,16,1.19,0.601,1,94,2026-09-04,SCHEDULED,83.54,CRITICAL
MT-004336,AST-00481,S&T,C06,CORRECTIVE,INTERLOCKING_FAULT,3,4,0.577,0,1.278,0.541,1,123,2026-09-14,OVERDUE,64.41,HIGH
MT-004337,AST-00288,TRD,C02,PREVENTIVE,TRANSFORMER_FAULT,5,4,0.686,0,0.862,0.872,1,120,2026-09-04,OPEN,85.55,CRITICAL
MT-004338,AST-00234,TRD,C17,PREVENTIVE,INSULATOR_FAILURE,3,2,0.771,39,0.506,0.389,1,100,2026-09-19,OVERDUE,48.7,MEDIUM
MT-004339,AST-00118,TRD,C15,INSPECTION,CONTACT_WIRE_DEFECT,3,4,0.621,25,0.61,0.485,1,94,2026-09-21,OVERDUE,61.58,HIGH
MT-004340,AST-00043,TRD,C15,PREVENTIVE,TRANSFORMER_FAULT,3,1,0.921,10,0.932,0.288,1,109,2026-09-08,OVERDUE,26.42,LOW
MT-004341,AST-00461,ENGINEERING,C10,REPAIR,STRUCTURAL_DEFECT,2,3,0.824,11,0.669,0.484,1,136,2026-09-25,OVERDUE,44.04,MEDIUM
MT-004342,AST-00322,S&T,C06,SIGNAL_REPAIR,AXLE_COUNTER_FAULT,3,3,0.771,11,1.287,0.334,1,126,2026-09-03,OPEN,56.12,MEDIUM
MT-004343,AST-00317,TRD,C18,INSPECTION,CONTACT_WIRE_DEFECT,3,1,0.792,36,1.078,0.328,1,78,2026-09-14,OVERDUE,43.86,MEDIUM
MT-004344,AST-00072,ENGINEERING,C05,REPAIR,STRUCTURAL_DEFECT,3,4,0.708,24,0.76,0.566,1,164,2026-09-18,SCHEDULED,70.91,HIGH
MT-004345,AST-00093,S&T,C04,CORRECTIVE,CABLE_FAULT,5,5,0.916,11,0.991,0.672,1,152,2026-09-28,OPEN,84.18,CRITICAL
MT-004346,AST-00101,S&T,C19,PREVENTIVE,RELAY_FAULT,3,3,0.673,0,1.361,0.432,1,88,2026-09-29,OPEN,44.82,MEDIUM
MT-004347,AST-00306,ENGINEERING,C13,INSPECTION,RAIL_CRACK,2,4,0.665,16,0.905,0.276,1,50,2026-09-26,OVERDUE,56.27,MEDIUM
MT-004348,AST-00376,S&T,C10,INSPECTION,CABLE_FAULT,4,5,1.0,16,0.538,0.631,1,72,2026-09-08,OVERDUE,80.7,CRITICAL
MT-004349,AST-00193,ENGINEERING,C07,CORRECTIVE,POINT_DEFECT,3,4,0.863,18,0.64,0.715,1,107,2026-09-22,SCHEDULED,61.6,HIGH
MT-004350,AST-00116,ENGINEERING,C02,INSPECTION,STRUCTURAL_DEFECT,5,4,0.707,4,1.359,0.758,1,115,2026-09-13,OPEN,87.77,CRITICAL
MT-004351,AST-00096,S&T,C15,SIGNAL_REPAIR,CABLE_FAULT,3,4,1.0,1,0.174,0.491,1,136,2026-09-10,OVERDUE,47.27,MEDIUM
MT-004352,AST-00468,ENGINEERING,C01,CORRECTIVE,STRUCTURAL_DEFECT,2,5,0.555,2,1.535,0.274,1,110,2026-09-18,OPEN,56.53,MEDIUM
MT-004353,AST-00101,S&T,C19,INSPECTION,INTERLOCKING_FAULT,4,3,0.673,6,1.053,0.7,1,74,2026-09-14,OPEN,68.47,HIGH
MT-004354,AST-00008,TRD,C03,OHE_REPAIR,OHE_DAMAGE,1,4,0.542,0,0.925,0.211,1,121,2026-09-26,OVERDUE,31.14,LOW
MT-004355,AST-00060,S&T,C11,CORRECTIVE,SIGNAL_FAILURE,5,4,0.991,6,0.217,0.858,1,110,2026-09-25,OVERDUE,75.24,HIGH
MT-004356,AST-00341,S&T,C04,CORRECTIVE,RELAY_FAULT,3,3,0.847,13,0.553,0.591,1,112,2026-09-28,OPEN,53.92,MEDIUM
MT-004357,AST-00491,TRD,C06,CORRECTIVE,OHE_DAMAGE,4,3,0.936,6,0.828,0.615,1,140,2026-09-30,OPEN,75.49,HIGH
MT-004358,AST-00324,ENGINEERING,C15,CORRECTIVE,BALLAST_DEFECT,3,2,0.799,0,0.822,0.438,1,102,2026-09-02,OVERDUE,35.78,LOW
MT-004359,AST-00047,ENGINEERING,C04,CORRECTIVE,TRACK_GEOMETRY,1,3,0.624,14,0.829,0.362,1,122,2026-09-23,OPEN,20.77,LOW
MT-004360,AST-00368,S&T,C01,PREVENTIVE,INTERLOCKING_FAULT,1,3,0.646,13,0.679,0.343,1,75,2026-09-26,OVERDUE,28.08,LOW
MT-004361,AST-00135,S&T,C14,INSPECTION,CABLE_FAULT,3,5,0.552,2,1.157,0.472,1,76,2026-09-13,OVERDUE,72.6,HIGH
MT-004362,AST-00278,TRD,C20,INSPECTION,CONTACT_WIRE_DEFECT,5,2,0.703,28,0.727,0.592,1,71,2026-09-03,OPEN,77.46,HIGH
MT-004363,AST-00104,TRD,C09,CORRECTIVE,OHE_DAMAGE,3,5,0.7,18,0.851,0.483,1,117,2026-09-27,OPEN,78.8,HIGH
MT-004364,AST-00156,ENGINEERING,C13,REPAIR,STRUCTURAL_DEFECT,5,3,0.793,17,0.544,0.701,1,207,2026-09-18,OVERDUE,87.52,CRITICAL
MT-004365,AST-00159,TRD,C20,CORRECTIVE,INSULATOR_FAILURE,4,3,0.63,9,0.56,0.734,1,138,2026-09-12,OPEN,68.4,HIGH
MT-004366,AST-00114,ENGINEERING,C10,CORRECTIVE,POINT_DEFECT,2,2,0.825,4,1.111,0.59,1,114,2026-09-19,OPEN,38.13,LOW
MT-004367,AST-00123,ENGINEERING,C14,REPAIR,STRUCTURAL_DEFECT,5,5,0.796,13,1.057,0.569,1,172,2026-09-23,OVERDUE,88.86,CRITICAL
MT-004368,AST-00130,S&T,C08,CORRECTIVE,INTERLOCKING_FAULT,4,4,0.825,23,0.413,0.423,1,121,2026-09-18,SCHEDULED,63.19,HIGH
MT-004369,AST-00009,ENGINEERING,C04,INSPECTION,BALLAST_DEFECT,5,3,0.768,1,1.313,0.615,1,101,2026-09-03,OPEN,72.12,HIGH
MT-004370,AST-00368,S&T,C01,INSPECTION,AXLE_COUNTER_FAULT,4,3,0.646,10,1.424,0.689,1,76,2026-09-29,SCHEDULED,78.53,HIGH
MT-004371,AST-00014,S&T,C15,INSPECTION,SIGNAL_FAILURE,4,3,0.59,0,1.429,0.738,1,65,2026-09-25,OVERDUE,75.02,HIGH
MT-004372,AST-00314,ENGINEERING,C18,INSPECTION,RAIL_CRACK,5,3,0.844,4,1.034,0.764,1,95,2026-09-22,OPEN,78.44,HIGH
MT-004373,AST-00017,ENGINEERING,C06,REPAIR,TRACK_GEOMETRY,2,4,0.741,0,0.456,0.213,1,151,2026-09-11,OVERDUE,39.8,LOW
MT-004374,AST-00429,TRD,C15,PREVENTIVE,CONTACT_WIRE_DEFECT,3,2,0.751,0,1.364,0.454,0.954,97,2026-09-10,SCHEDULED,37.9,LOW
MT-004375,AST-00320,S&T,C05,CORRECTIVE,AXLE_COUNTER_FAULT,4,3,0.794,0,0.473,0.791,1,107,2026-09-30,SCHEDULED,74.5,HIGH
MT-004376,AST-00405,TRD,C16,OHE_REPAIR,FEEDER_FAULT,2,3,0.774,0,0.43,0.427,1,139,2026-09-02,OPEN,35.32,LOW
MT-004377,AST-00012,TRD,C02,INSPECTION,FEEDER_FAULT,4,5,0.864,30,0.515,0.454,1,86,2026-09-24,OPEN,65.94,HIGH
MT-004378,AST-00030,TRD,C16,CORRECTIVE,OHE_DAMAGE,4,4,0.789,0,1.097,0.583,1,116,2026-09-05,OPEN,78.55,HIGH
MT-004379,AST-00118,TRD,C15,CORRECTIVE,CONTACT_WIRE_DEFECT,5,4,0.621,3,0.875,0.982,1,128,2026-09-04,OPEN,83.86,CRITICAL
MT-004380,AST-00104,TRD,C09,CORRECTIVE,TRANSFORMER_FAULT,4,5,0.7,14,1.065,0.744,1,140,2026-09-18,OPEN,91.0,CRITICAL
MT-004381,AST-00485,ENGINEERING,C06,PREVENTIVE,STRUCTURAL_DEFECT,4,4,0.794,21,0.728,0.422,1,95,2026-09-24,OPEN,82.14,CRITICAL
MT-004382,AST-00268,S&T,C11,PREVENTIVE,SIGNAL_FAILURE,4,3,0.679,6,1.259,0.61,1,106,2026-09-22,OPEN,62.4,HIGH
MT-004383,AST-00446,TRD,C03,CORRECTIVE,CONTACT_WIRE_DEFECT,2,3,0.915,22,0.649,0.468,1,115,2026-09-07,OPEN,44.38,MEDIUM
MT-004384,AST-00318,ENGINEERING,C07,CORRECTIVE,POINT_DEFECT,3,2,0.835,14,0.561,0.473,1,116,2026-09-25,OVERDUE,44.59,MEDIUM
MT-004385,AST-00500,S&T,C02,SIGNAL_REPAIR,INTERLOCKING_FAULT,3,3,0.544,8,1.119,0.562,1,141,2026-09-07,OPEN,42.86,MEDIUM
MT-004386,AST-00495,ENGINEERING,C16,INSPECTION,BALLAST_DEFECT,1,5,0.742,6,0.828,0.339,1,88,2026-09-18,OVERDUE,52.85,MEDIUM
MT-004387,AST-00439,TRD,C18,PREVENTIVE,OHE_DAMAGE,4,4,0.632,37,1.274,0.728,1,94,2026-09-01,OPEN,88.08,CRITICAL
MT-004388,AST-00319,TRD,C18,PREVENTIVE,TRANSFORMER_FAULT,2,5,0.618,0,0.78,0.228,1,108,2026-09-05,OVERDUE,48.3,MEDIUM
MT-004389,AST-00458,ENGINEERING,C09,PREVENTIVE,STRUCTURAL_DEFECT,1,1,0.828,40,1.028,0.345,0.919,99,2026-09-16,OVERDUE,30.5,LOW
MT-004390,AST-00485,ENGINEERING,C06,PREVENTIVE,POINT_DEFECT,1,4,0.794,0,0.61,0.517,1,52,2026-09-15,OPEN,30.49,LOW
MT-004391,AST-00053,ENGINEERING,C04,INSPECTION,POINT_DEFECT,3,3,0.801,4,0.657,0.438,1,79,2026-09-06,OPEN,43.03,MEDIUM
MT-004392,AST-00205,ENGINEERING,C03,INSPECTION,POINT_DEFECT,3,3,0.778,8,0.577,0.525,0.919,54,2026-09-12,OVERDUE,48.37,MEDIUM
MT-004393,AST-00030,TRD,C16,INSPECTION,TRANSFORMER_FAULT,3,4,0.789,13,1.006,0.537,1,51,2026-09-16,SCHEDULED,62.56,HIGH
MT-004394,AST-00433,TRD,C07,OHE_REPAIR,CONTACT_WIRE_DEFECT,5,3,0.82,7,0.993,0.713,1,174,2026-09-18,OPEN,70.73,HIGH
MT-004395,AST-00067,ENGINEERING,C16,PREVENTIVE,RAIL_CRACK,3,4,0.627,24,0.608,0.482,1,106,2026-09-04,OPEN,71.81,HIGH
MT-004396,AST-00018,S&T,C01,PREVENTIVE,AXLE_COUNTER_FAULT,4,4,0.581,3,1.591,0.786,1,87,2026-09-04,SCHEDULED,79.69,HIGH
MT-004397,AST-00316,TRD,C02,CORRECTIVE,FEEDER_FAULT,3,2,0.86,4,0.927,0.414,1,99,2026-09-13,OPEN,33.72,LOW
MT-004398,AST-00063,S&T,C11,SIGNAL_REPAIR,RELAY_FAULT,2,3,0.613,0,0.654,0.416,1,81,2026-09-29,OVERDUE,27.39,LOW
MT-004399,AST-00008,TRD,C03,OHE_REPAIR,TRANSFORMER_FAULT,3,4,0.542,5,1.437,0.538,1,161,2026-09-10,SCHEDULED,72.64,HIGH
MT-004400,AST-00402,ENGINEERING,C18,PREVENTIVE,TRACK_GEOMETRY,1,4,0.751,27,1.302,0.393,1,64,2026-09-07,OPEN,35.55,LOW
MT-004401,AST-00235,TRD,C18,INSPECTION,TRANSFORMER_FAULT,2,4,0.502,0,1.398,0.531,1,74,2026-09-03,SCHEDULED,51.91,MEDIUM
MT-004402,AST-00462,S&T,C15,PREVENTIVE,SIGNAL_FAILURE,4,3,0.569,0,0.981,0.53,1,74,2026-09-14,OVERDUE,67.1,HIGH
MT-004403,AST-00468,ENGINEERING,C01,INSPECTION,STRUCTURAL_DEFECT,3,5,0.555,24,1.242,0.638,1,76,2026-09-02,OVERDUE,77.06,HIGH
MT-004404,AST-00047,ENGINEERING,C04,INSPECTION,POINT_DEFECT,4,3,0.624,33,1.317,0.519,1,83,2026-09-05,OVERDUE,75.01,HIGH
MT-004405,AST-00106,S&T,C02,CORRECTIVE,CABLE_FAULT,2,3,0.928,21,0.261,0.574,1,120,2026-09-01,SCHEDULED,43.4,MEDIUM
MT-004406,AST-00487,S&T,C04,PREVENTIVE,CABLE_FAULT,3,2,0.738,10,0.742,0.481,1,109,2026-09-03,OVERDUE,44.04,MEDIUM
MT-004407,AST-00305,S&T,C06,INSPECTION,AXLE_COUNTER_FAULT,5,4,0.56,1,1.243,0.782,1,85,2026-09-16,OVERDUE,91.68,CRITICAL
MT-004408,AST-00201,TRD,C17,CORRECTIVE,TRANSFORMER_FAULT,3,3,0.908,31,0.651,0.452,1,122,2026-09-04,OPEN,52.41,MEDIUM
MT-004409,AST-00178,S&T,C13,PREVENTIVE,CABLE_FAULT,2,4,0.751,22,0.867,0.276,1,53,2026-09-08,OPEN,43.23,MEDIUM
MT-004410,AST-00105,S&T,C07,PREVENTIVE,INTERLOCKING_FAULT,3,1,0.741,23,1.212,0.575,1,90,2026-09-12,SCHEDULED,35.37,LOW
MT-004411,AST-00048,S&T,C09,PREVENTIVE,INTERLOCKING_FAULT,5,3,0.814,0,0.595,0.658,1,91,2026-09-30,OPEN,77.27,HIGH
MT-004412,AST-00113,ENGINEERING,C03,INSPECTION,BALLAST_DEFECT,4,4,0.75,2,0.901,0.566,1,54,2026-09-30,OPEN,70.42,HIGH
MT-004413,AST-00460,S&T,C19,CORRECTIVE,INTERLOCKING_FAULT,4,2,0.891,3,0.175,0.645,1,130,2026-09-27,OVERDUE,46.33,MEDIUM
MT-004414,AST-00221,S&T,C08,CORRECTIVE,SIGNAL_FAILURE,2,4,0.721,0,0.565,0.482,1,81,2026-09-25,OVERDUE,45.1,MEDIUM
MT-004415,AST-00021,TRD,C17,PREVENTIVE,INSULATOR_FAILURE,3,4,0.758,27,1.126,0.564,1,104,2026-09-16,OPEN,68.94,HIGH
MT-004416,AST-00367,S&T,C09,CORRECTIVE,RELAY_FAULT,1,3,0.661,32,1.283,0.349,1,107,2026-09-08,OVERDUE,49.17,MEDIUM
MT-004417,AST-00190,ENGINEERING,C15,REPAIR,POINT_DEFECT,1,3,0.775,9,1.001,0.33,1,144,2026-09-26,OPEN,31.38,LOW
MT-004418,AST-00359,ENGINEERING,C13,CORRECTIVE,TRACK_GEOMETRY,3,4,0.577,15,1.149,0.308,1,92,2026-09-28,OPEN,68.61,HIGH
MT-004419,AST-00167,ENGINEERING,C07,PREVENTIVE,BALLAST_DEFECT,3,4,0.657,6,1.282,0.469,1,103,2026-09-15,SCHEDULED,68.19,HIGH
MT-004420,AST-00134,S&T,C11,CORRECTIVE,RELAY_FAULT,2,5,0.71,14,1.284,0.383,1,109,2026-09-13,OVERDUE,62.48,HIGH
MT-004421,AST-00211,TRD,C20,OHE_REPAIR,INSULATOR_FAILURE,3,3,0.545,11,1.023,0.502,1,144,2026-09-18,OVERDUE,54.5,MEDIUM
MT-004422,AST-00446,TRD,C03,CORRECTIVE,INSULATOR_FAILURE,3,3,0.915,7,0.639,0.542,1,118,2026-09-25,SCHEDULED,36.04,LOW
MT-004423,AST-00069,ENGINEERING,C16,PREVENTIVE,TRACK_GEOMETRY,2,4,0.448,0,1.508,0.47,1,93,2026-09-21,SCHEDULED,50.46,MEDIUM
MT-004424,AST-00275,TRD,C16,CORRECTIVE,INSULATOR_FAILURE,2,3,0.583,14,1.362,0.421,1,115,2026-09-30,OPEN,54.81,MEDIUM
MT-004425,AST-00242,S&T,C13,PREVENTIVE,RELAY_FAULT,3,5,0.805,12,1.14,0.588,1,100,2026-09-28,OPEN,72.1,HIGH
MT-004426,AST-00348,ENGINEERING,C17,CORRECTIVE,STRUCTURAL_DEFECT,4,3,0.904,29,0.348,0.43,1,115,2026-09-02,SCHEDULED,62.82,HIGH
MT-004427,AST-00072,ENGINEERING,C05,PREVENTIVE,BALLAST_DEFECT,3,4,0.708,29,1.413,0.561,1,74,2026-09-07,OPEN,79.41,HIGH
MT-004428,AST-00257,S&T,C05,SIGNAL_REPAIR,CABLE_FAULT,3,4,0.682,6,1.091,0.453,1,126,2026-09-05,OPEN,61.52,HIGH
MT-004429,AST-00478,ENGINEERING,C09,CORRECTIVE,TRACK_GEOMETRY,4,5,0.589,1,0.691,0.669,1,120,2026-09-21,OPEN,80.17,CRITICAL
MT-004430,AST-00237,TRD,C04,INSPECTION,OHE_DAMAGE,4,1,0.889,23,0.915,0.627,0.972,79,2026-09-25,OVERDUE,61.38,HIGH
MT-004431,AST-00054,ENGINEERING,C06,CORRECTIVE,RAIL_CRACK,2,5,0.499,15,1.613,0.648,1,107,2026-09-11,OPEN,69.88,HIGH
MT-004432,AST-00228,ENGINEERING,C04,PREVENTIVE,RAIL_CRACK,3,4,0.751,23,1.332,0.53,1,76,2026-09-02,OPEN,71.47,HIGH
MT-004433,AST-00461,ENGINEERING,C10,REPAIR,POINT_DEFECT,3,3,0.824,12,0.67,0.825,1,161,2026-09-09,OVERDUE,55.7,MEDIUM
MT-004434,AST-00315,ENGINEERING,C17,INSPECTION,STRUCTURAL_DEFECT,4,4,0.864,0,0.621,0.617,1,56,2026-09-02,OPEN,49.22,MEDIUM
MT-004435,AST-00396,TRD,C20,INSPECTION,FEEDER_FAULT,4,4,0.804,9,1.183,0.722,1,69,2026-09-09,SCHEDULED,82.36,CRITICAL
MT-004436,AST-00498,ENGINEERING,C03,INSPECTION,BALLAST_DEFECT,5,5,0.916,0,0.501,0.487,1,96,2026-09-23,OPEN,75.51,HIGH
MT-004437,AST-00253,TRD,C16,OHE_REPAIR,FEEDER_FAULT,4,3,0.792,15,0.845,0.762,1,181,2026-09-02,OVERDUE,70.59,HIGH
MT-004438,AST-00283,S&T,C19,SIGNAL_REPAIR,AXLE_COUNTER_FAULT,3,3,0.72,0,0.445,0.537,1,81,2026-09-24,OVERDUE,40.24,MEDIUM
MT-004439,AST-00450,TRD,C14,PREVENTIVE,OHE_DAMAGE,1,3,0.729,21,1.362,0.183,1,61,2026-09-24,OPEN,34.12,LOW
MT-004440,AST-00386,S&T,C13,CORRECTIVE,RELAY_FAULT,3,4,0.818,15,0.688,0.521,1,106,2026-09-26,OPEN,56.89,MEDIUM
MT-004441,AST-00440,ENGINEERING,C11,CORRECTIVE,BALLAST_DEFECT,2,4,0.856,2,0.899,0.408,1,98,2026-09-30,SCHEDULED,50.62,MEDIUM
MT-004442,AST-00166,S&T,C07,PREVENTIVE,RELAY_FAULT,2,2,0.596,18,1.558,0.301,1,94,2026-09-28,OPEN,40.35,MEDIUM
MT-004443,AST-00105,S&T,C07,INSPECTION,SIGNAL_FAILURE,2,1,0.741,15,0.51,0.419,1,53,2026-09-16,OPEN,24.89,LOW
MT-004444,AST-00047,ENGINEERING,C04,INSPECTION,POINT_DEFECT,3,3,0.624,0,1.417,0.441,1,54,2026-09-22,OPEN,47.05,MEDIUM
MT-004445,AST-00035,ENGINEERING,C08,REPAIR,STRUCTURAL_DEFECT,4,5,0.586,14,1.6,0.224,1,155,2026-09-07,SCHEDULED,74.32,HIGH
MT-004446,AST-00468,ENGINEERING,C01,PREVENTIVE,RAIL_CRACK,2,5,0.555,13,1.383,0.38,1,73,2026-09-11,OPEN,60.52,HIGH
MT-004447,AST-00301,ENGINEERING,C13,INSPECTION,TRACK_GEOMETRY,4,5,0.894,3,0.448,0.734,1,84,2026-09-05,OPEN,71.06,HIGH
MT-004448,AST-00312,S&T,C18,CORRECTIVE,RELAY_FAULT,4,4,0.818,25,0.856,0.845,1,128,2026-09-14,OPEN,85.19,CRITICAL
MT-004449,AST-00371,S&T,C09,SIGNAL_REPAIR,AXLE_COUNTER_FAULT,4,3,0.871,10,0.378,0.521,1,126,2026-09-09,OPEN,65.29,HIGH
MT-004450,AST-00397,S&T,C15,INSPECTION,AXLE_COUNTER_FAULT,3,3,0.711,12,1.317,0.549,1,76,2026-09-04,SCHEDULED,55.71,MEDIUM
MT-004451,AST-00428,ENGINEERING,C05,INSPECTION,RAIL_CRACK,1,4,0.658,12,0.701,0.411,1,59,2026-09-14,OVERDUE,40.62,MEDIUM
MT-004452,AST-00231,ENGINEERING,C04,INSPECTION,RAIL_CRACK,3,4,0.598,0,0.779,0.417,1,74,2026-09-17,OPEN,61.63,HIGH
MT-004453,AST-00075,TRD,C08,CORRECTIVE,CONTACT_WIRE_DEFECT,2,3,0.598,0,1.098,0.329,1,113,2026-09-15,OVERDUE,40.26,MEDIUM
MT-004454,AST-00394,S&T,C03,INSPECTION,CABLE_FAULT,4,2,0.922,5,0.13,0.632,1,85,2026-09-14,OPEN,51.1,MEDIUM
MT-004455,AST-00268,S&T,C11,SIGNAL_REPAIR,RELAY_FAULT,4,3,0.679,8,0.554,0.471,1,140,2026-09-11,SCHEDULED,64.01,HIGH
MT-004456,AST-00122,ENGINEERING,C12,CORRECTIVE,POINT_DEFECT,2,3,0.902,0,0.749,0.535,1,120,2026-09-04,OPEN,32.55,LOW
MT-004457,AST-00494,S&T,C01,CORRECTIVE,SIGNAL_FAILURE,4,3,0.611,0,1.332,0.801,1,164,2026-09-24,OVERDUE,73.99,HIGH
MT-004458,AST-00134,S&T,C11,SIGNAL_REPAIR,SIGNAL_FAILURE,3,5,0.71,0,0.937,0.654,1,127,2026-09-29,OPEN,64.52,HIGH
MT-004459,AST-00222,ENGINEERING,C16,INSPECTION,TRACK_GEOMETRY,3,3,0.594,0,1.033,0.294,1,67,2026-09-12,OPEN,46.59,MEDIUM
MT-004460,AST-00224,TRD,C09,OHE_REPAIR,OHE_DAMAGE,2,4,0.588,23,1.307,0.397,1,144,2026-09-09,SCHEDULED,65.62,HIGH
MT-004461,AST-00239,ENGINEERING,C15,REPAIR,BALLAST_DEFECT,3,2,0.584,4,1.231,0.497,1,142,2026-09-04,OVERDUE,60.81,HIGH
MT-004462,AST-00164,ENGINEERING,C15,PREVENTIVE,POINT_DEFECT,1,5,0.572,13,1.451,0.44,1,61,2026-09-23,OVERDUE,62.79,HIGH
MT-004463,AST-00457,TRD,C10,OHE_REPAIR,OHE_DAMAGE,4,3,0.689,5,1.399,0.63,1,145,2026-09-05,OVERDUE,73.35,HIGH
MT-004464,AST-00188,ENGINEERING,C14,INSPECTION,BALLAST_DEFECT,4,3,0.912,15,0.949,0.522,1,102,2026-09-05,OPEN,62.18,HIGH
MT-004465,AST-00144,ENGINEERING,C06,PREVENTIVE,POINT_DEFECT,2,4,0.633,0,1.282,0.431,1,73,2026-09-05,OVERDUE,48.06,MEDIUM
MT-004466,AST-00346,S&T,C18,INSPECTION,CABLE_FAULT,5,4,0.714,5,0.522,0.906,1,97,2026-09-02,SCHEDULED,83.89,CRITICAL
MT-004467,AST-00109,ENGINEERING,C02,CORRECTIVE,STRUCTURAL_DEFECT,5,3,0.705,1,0.444,0.567,1,126,2026-09-30,OVERDUE,67.45,HIGH
MT-004468,AST-00120,TRD,C09,OHE_REPAIR,FEEDER_FAULT,4,1,0.905,19,1.006,0.577,0.869,154,2026-09-26,SCHEDULED,51.85,MEDIUM
MT-004469,AST-00200,TRD,C08,OHE_REPAIR,OHE_DAMAGE,5,4,0.784,12,0.886,0.687,1,166,2026-09-14,OVERDUE,80.64,CRITICAL
MT-004470,AST-00410,ENGINEERING,C12,PREVENTIVE,POINT_DEFECT,3,3,0.916,18,0.564,0.331,1,106,2026-09-24,SCHEDULED,44.45,MEDIUM
MT-004471,AST-00414,S&T,C05,PREVENTIVE,RELAY_FAULT,5,4,0.952,23,0.215,0.696,1,122,2026-09-20,OPEN,87.28,CRITICAL
MT-004472,AST-00337,ENGINEERING,C19,PREVENTIVE,POINT_DEFECT,4,5,0.889,25,0.263,0.56,1,91,2026-09-27,OPEN,76.34,HIGH
MT-004473,AST-00005,S&T,C09,PREVENTIVE,CABLE_FAULT,4,2,0.673,0,0.991,0.645,0.981,101,2026-09-18,SCHEDULED,62.97,HIGH
MT-004474,AST-00307,TRD,C06,PREVENTIVE,OHE_DAMAGE,4,1,0.458,0,1.344,0.576,0.924,87,2026-09-18,OPEN,54.37,MEDIUM
MT-004475,AST-00163,S&T,C04,INSPECTION,RELAY_FAULT,5,3,0.701,15,0.76,0.689,1,69,2026-09-19,OVERDUE,73.24,HIGH
MT-004476,AST-00301,ENGINEERING,C13,CORRECTIVE,STRUCTURAL_DEFECT,4,5,0.894,2,0.382,0.709,1,137,2026-09-20,OPEN,70.8,HIGH
MT-004477,AST-00014,S&T,C15,INSPECTION,AXLE_COUNTER_FAULT,3,3,0.59,3,1.404,0.479,1,67,2026-09-04,OVERDUE,55.16,MEDIUM
MT-004478,AST-00417,TRD,C15,PREVENTIVE,FEEDER_FAULT,2,3,0.854,0,0.897,0.157,1,69,2026-09-03,OPEN,29.18,LOW
MT-004479,AST-00281,ENGINEERING,C17,INSPECTION,POINT_DEFECT,4,2,0.592,0,1.506,0.606,1,112,2026-09-10,OVERDUE,69.0,HIGH
MT-004480,AST-00316,TRD,C02,INSPECTION,CONTACT_WIRE_DEFECT,5,2,0.86,6,0.868,0.637,1,92,2026-09-23,SCHEDULED,65.86,HIGH
MT-004481,AST-00058,S&T,C17,CORRECTIVE,RELAY_FAULT,2,4,0.827,0,1.2,0.544,1,84,2026-09-09,OVERDUE,45.15,MEDIUM
MT-004482,AST-00063,S&T,C11,SIGNAL_REPAIR,INTERLOCKING_FAULT,3,3,0.613,18,0.612,0.453,1,125,2026-09-21,OVERDUE,52.21,MEDIUM
MT-004483,AST-00377,S&T,C09,PREVENTIVE,RELAY_FAULT,2,2,0.665,11,1.122,0.216,1,94,2026-09-15,OPEN,35.14,LOW
MT-004484,AST-00418,ENGINEERING,C09,CORRECTIVE,POINT_DEFECT,2,5,0.637,3,1.461,0.391,1,116,2026-09-19,SCHEDULED,66.21,HIGH
MT-004485,AST-00106,S&T,C02,PREVENTIVE,SIGNAL_FAILURE,2,3,0.928,24,0.15,0.447,1,72,2026-09-12,SCHEDULED,35.25,LOW
MT-004486,AST-00228,ENGINEERING,C04,REPAIR,STRUCTURAL_DEFECT,2,4,0.751,9,0.46,0.4,1,144,2026-09-27,OVERDUE,49.38,MEDIUM
MT-004487,AST-00496,TRD,C08,OHE_REPAIR,OHE_DAMAGE,3,3,0.724,0,0.569,0.476,1,150,2026-09-23,SCHEDULED,42.64,MEDIUM
MT-004488,AST-00354,TRD,C03,PREVENTIVE,TRANSFORMER_FAULT,4,3,0.931,11,1.103,0.549,1,102,2026-09-26,OVERDUE,55.73,MEDIUM
MT-004489,AST-00331,TRD,C14,PREVENTIVE,CONTACT_WIRE_DEFECT,1,5,0.664,0,0.951,0.256,1,77,2026-09-01,OPEN,35.38,LOW
MT-004490,AST-00498,ENGINEERING,C03,REPAIR,TRACK_GEOMETRY,2,5,0.916,2,0.148,0.423,1,133,2026-09-09,OVERDUE,58.81,MEDIUM
MT-004491,AST-00259,ENGINEERING,C15,INSPECTION,BALLAST_DEFECT,4,4,0.768,0,0.986,0.49,1,104,2026-09-17,SCHEDULED,60.44,HIGH
MT-004492,AST-00108,ENGINEERING,C16,CORRECTIVE,STRUCTURAL_DEFECT,3,5,0.586,9,1.419,0.552,1,143,2026-09-16,OPEN,80.9,CRITICAL
MT-004493,AST-00499,S&T,C20,SIGNAL_REPAIR,CABLE_FAULT,2,4,0.818,3,0.424,0.356,1,116,2026-09-21,OVERDUE,39.23,LOW
MT-004494,AST-00431,ENGINEERING,C13,REPAIR,BALLAST_DEFECT,4,2,0.838,1,1.123,0.549,1,141,2026-09-11,OPEN,51.47,MEDIUM
MT-004495,AST-00263,S&T,C10,SIGNAL_REPAIR,AXLE_COUNTER_FAULT,1,4,0.973,10,0.772,0.368,1,71,2026-09-20,OVERDUE,38.87,LOW
MT-004496,AST-00058,S&T,C17,PREVENTIVE,RELAY_FAULT,4,4,0.827,31,0.989,0.608,1,105,2026-09-11,OPEN,81.72,CRITICAL
MT-004497,AST-00104,TRD,C09,OHE_REPAIR,OHE_DAMAGE,4,5,0.7,3,1.308,0.704,1,138,2026-09-17,SCHEDULED,90.04,CRITICAL
MT-004498,AST-00452,ENGINEERING,C02,INSPECTION,TRACK_GEOMETRY,1,2,0.77,7,0.48,0.247,1,30,2026-09-11,OPEN,14.61,LOW
MT-004499,AST-00267,ENGINEERING,C13,PREVENTIVE,STRUCTURAL_DEFECT,4,2,0.617,20,1.303,0.684,1,126,2026-09-04,SCHEDULED,57.34,MEDIUM
MT-004500,AST-00400,S&T,C18,PREVENTIVE,INTERLOCKING_FAULT,1,4,0.731,23,1.109,0.484,1,58,2026-09-01,OVERDUE,47.12,MEDIUM
MT-004501,AST-00035,ENGINEERING,C08,PREVENTIVE,BALLAST_DEFECT,5,5,0.586,19,0.858,0.633,1,97,2026-09-19,OVERDUE,89.08,CRITICAL
MT-004502,AST-00188,ENGINEERING,C14,REPAIR,TRACK_GEOMETRY,2,3,0.912,1,1.102,0.546,1,143,2026-09-09,OPEN,35.95,LOW
MT-004503,AST-00123,ENGINEERING,C14,REPAIR,BALLAST_DEFECT,3,5,0.796,16,0.548,0.508,1,155,2026-09-01,OPEN,64.07,HIGH
MT-004504,AST-00358,TRD,C06,OHE_REPAIR,CONTACT_WIRE_DEFECT,2,1,0.696,22,1.071,0.528,1,147,2026-09-24,SCHEDULED,36.26,LOW
MT-004505,AST-00435,ENGINEERING,C01,INSPECTION,STRUCTURAL_DEFECT,5,5,0.809,7,1.099,0.703,1,78,2026-09-09,SCHEDULED,90.38,CRITICAL
MT-004506,AST-00280,ENGINEERING,C05,INSPECTION,BALLAST_DEFECT,2,5,0.699,31,0.484,0.442,1,96,2026-09-25,OPEN,69.24,HIGH
MT-004507,AST-00255,S&T,C06,INSPECTION,CABLE_FAULT,4,2,0.688,6,0.621,0.539,1,86,2026-09-12,OVERDUE,55.56,MEDIUM
MT-004508,AST-00188,ENGINEERING,C14,PREVENTIVE,RAIL_CRACK,4,3,0.912,18,0.547,0.693,1,115,2026-09-30,OPEN,64.69,HIGH
MT-004509,AST-00026,TRD,C13,PREVENTIVE,OHE_DAMAGE,3,3,0.729,24,1.02,0.443,1,96,2026-09-08,OPEN,48.94,MEDIUM
MT-004510,AST-00249,TRD,C12,INSPECTION,OHE_DAMAGE,2,2,0.808,21,1.028,0.307,1,43,2026-09-03,SCHEDULED,34.41,LOW
MT-004511,AST-00183,TRD,C07,OHE_REPAIR,INSULATOR_FAILURE,1,2,0.612,15,0.62,0.138,1,144,2026-09-12,OPEN,29.89,LOW
MT-004512,AST-00208,ENGINEERING,C19,CORRECTIVE,RAIL_CRACK,3,3,0.75,15,1.351,0.534,1,108,2026-09-26,OPEN,56.3,MEDIUM
MT-004513,AST-00273,S&T,C16,CORRECTIVE,AXLE_COUNTER_FAULT,4,3,0.64,19,1.039,0.652,1,129,2026-09-24,OPEN,77.34,HIGH
MT-004514,AST-00409,TRD,C20,CORRECTIVE,FEEDER_FAULT,4,3,0.828,2,0.819,0.636,1,138,2026-09-08,OVERDUE,64.11,HIGH
MT-004515,AST-00392,ENGINEERING,C06,PREVENTIVE,POINT_DEFECT,3,4,0.704,9,1.115,0.535,1,68,2026-09-05,OVERDUE,52.69,MEDIUM
MT-004516,AST-00474,ENGINEERING,C10,CORRECTIVE,BALLAST_DEFECT,4,3,1.0,8,0.778,0.498,1,101,2026-09-28,OPEN,61.01,HIGH
MT-004517,AST-00104,TRD,C09,OHE_REPAIR,CONTACT_WIRE_DEFECT,1,5,0.7,11,1.346,0.408,1,137,2026-09-03,OPEN,48.91,MEDIUM
MT-004518,AST-00306,ENGINEERING,C13,INSPECTION,RAIL_CRACK,3,4,0.665,33,0.508,0.552,1,98,2026-09-07,OVERDUE,75.93,HIGH
MT-004519,AST-00297,TRD,C02,CORRECTIVE,OHE_DAMAGE,2,2,0.517,19,0.746,0.411,1,107,2026-09-09,OPEN,34.75,LOW
MT-004520,AST-00343,TRD,C14,CORRECTIVE,CONTACT_WIRE_DEFECT,4,3,0.775,24,0.467,0.637,1,128,2026-09-03,OPEN,69.22,HIGH
MT-004521,AST-00059,S&T,C04,PREVENTIVE,INTERLOCKING_FAULT,1,3,0.805,7,0.423,0.413,1,89,2026-09-26,OVERDUE,29.67,LOW
MT-004522,AST-00241,TRD,C10,INSPECTION,INSULATOR_FAILURE,4,4,0.786,0,0.695,0.728,1,55,2026-09-02,OPEN,71.39,HIGH
MT-004523,AST-00062,TRD,C07,PREVENTIVE,CONTACT_WIRE_DEFECT,3,3,0.794,0,0.459,0.4,1,106,2026-09-12,OPEN,36.3,LOW
MT-004524,AST-00214,S&T,C19,CORRECTIVE,AXLE_COUNTER_FAULT,2,5,0.529,1,1.603,0.522,1,104,2026-09-14,SCHEDULED,72.62,HIGH
MT-004525,AST-00396,TRD,C20,CORRECTIVE,CONTACT_WIRE_DEFECT,1,4,0.804,20,1.169,0,1,99,2026-09-08,OPEN,40.23,MEDIUM
MT-004526,AST-00474,ENGINEERING,C10,CORRECTIVE,BALLAST_DEFECT,3,3,1.0,12,0.172,0.378,1,112,2026-09-17,OVERDUE,38.41,LOW
MT-004527,AST-00487,S&T,C04,CORRECTIVE,INTERLOCKING_FAULT,2,2,0.738,4,1.148,0.48,1,117,2026-09-17,OPEN,52.67,MEDIUM
MT-004528,AST-00370,ENGINEERING,C17,REPAIR,RAIL_CRACK,4,4,0.739,0,1.017,0.565,1,161,2026-09-11,OPEN,75.17,HIGH
MT-004529,AST-00281,ENGINEERING,C17,CORRECTIVE,POINT_DEFECT,2,2,0.592,23,0.767,0.468,1,89,2026-09-04,OPEN,41.11,MEDIUM
MT-004530,AST-00096,S&T,C15,PREVENTIVE,CABLE_FAULT,5,4,1.0,4,0.059,0.723,1,103,2026-09-25,OPEN,76.7,HIGH
MT-004531,AST-00289,TRD,C17,INSPECTION,OHE_DAMAGE,3,5,0.769,15,0.673,0.471,1,82,2026-09-11,SCHEDULED,66.44,HIGH
MT-004532,AST-00146,ENGINEERING,C10,PREVENTIVE,BALLAST_DEFECT,1,2,0.948,17,0.143,0.351,1,56,2026-09-06,SCHEDULED,16.0,LOW
MT-004533,AST-00132,TRD,C01,INSPECTION,INSULATOR_FAILURE,3,4,0.873,0,1.18,0.511,1,57,2026-09-23,OPEN,58.35,MEDIUM
MT-004534,AST-00459,TRD,C12,INSPECTION,INSULATOR_FAILURE,3,2,0.857,11,0.522,0.527,1,86,2026-09-05,OVERDUE,52.45,MEDIUM
MT-004535,AST-00427,TRD,C04,CORRECTIVE,TRANSFORMER_FAULT,3,3,0.707,31,0.447,0.337,1,120,2026-09-22,OPEN,62.66,HIGH
MT-004536,AST-00470,ENGINEERING,C03,PREVENTIVE,STRUCTURAL_DEFECT,3,5,0.506,0,0.838,0.446,1,75,2026-09-22,OPEN,69.55,HIGH
MT-004537,AST-00124,S&T,C11,SIGNAL_REPAIR,INTERLOCKING_FAULT,4,3,0.903,7,0.821,0.574,1,124,2026-09-19,OPEN,58.9,MEDIUM
MT-004538,AST-00450,TRD,C14,OHE_REPAIR,TRANSFORMER_FAULT,3,3,0.729,24,0.646,0.443,1,156,2026-09-21,OVERDUE,67.84,HIGH
MT-004539,AST-00159,TRD,C20,INSPECTION,INSULATOR_FAILURE,4,3,0.63,9,1.147,0.681,1,114,2026-09-23,OVERDUE,69.77,HIGH
MT-004540,AST-00269,TRD,C13,PREVENTIVE,FEEDER_FAULT,3,2,0.65,0,0.595,0.757,1,115,2026-09-12,OPEN,39.81,LOW
MT-004541,AST-00119,TRD,C20,OHE_REPAIR,FEEDER_FAULT,1,4,0.773,0,0.75,0.181,1,109,2026-09-12,OPEN,25.53,LOW
MT-004542,AST-00326,ENGINEERING,C20,REPAIR,RAIL_CRACK,1,3,0.466,0,1.297,0.437,1,146,2026-09-24,OPEN,41.89,MEDIUM
MT-004543,AST-00137,TRD,C04,INSPECTION,INSULATOR_FAILURE,3,1,0.966,5,0.252,0.483,0.801,62,2026-09-19,OVERDUE,18.93,LOW
MT-004544,AST-00238,TRD,C15,OHE_REPAIR,INSULATOR_FAILURE,4,4,0.77,13,1.124,0.723,1,162,2026-09-11,OPEN,77.35,HIGH
MT-004545,AST-00035,ENGINEERING,C08,CORRECTIVE,TRACK_GEOMETRY,2,5,0.586,0,1.391,0.374,1,117,2026-09-09,OPEN,56.94,MEDIUM
MT-004546,AST-00411,S&T,C10,PREVENTIVE,INTERLOCKING_FAULT,3,4,0.557,0,1.612,0.521,1,120,2026-09-13,SCHEDULED,67.23,HIGH
MT-004547,AST-00122,ENGINEERING,C12,CORRECTIVE,RAIL_CRACK,2,3,0.902,13,0.207,0.475,1,126,2026-09-23,OPEN,43.34,MEDIUM
MT-004548,AST-00193,ENGINEERING,C07,PREVENTIVE,TRACK_GEOMETRY,4,4,0.863,14,0.206,0.529,1,106,2026-09-08,OVERDUE,64.86,HIGH
MT-004549,AST-00463,ENGINEERING,C04,PREVENTIVE,BALLAST_DEFECT,4,3,0.713,16,1.379,0.624,1,87,2026-09-03,OPEN,63.78,HIGH
MT-004550,AST-00148,S&T,C08,SIGNAL_REPAIR,INTERLOCKING_FAULT,1,4,0.706,16,0.779,0.405,1,114,2026-09-29,OVERDUE,36.68,LOW
MT-004551,AST-00084,ENGINEERING,C11,INSPECTION,STRUCTURAL_DEFECT,3,4,0.819,6,0.305,0.429,1,59,2026-09-22,OVERDUE,58.66,MEDIUM
MT-004552,AST-00469,ENGINEERING,C13,PREVENTIVE,TRACK_GEOMETRY,4,2,0.697,2,1.379,0.633,1,131,2026-09-19,OPEN,66.05,HIGH
MT-004553,AST-00176,S&T,C20,SIGNAL_REPAIR,INTERLOCKING_FAULT,2,3,0.886,18,0.212,0.455,1,109,2026-09-24,OVERDUE,28.52,LOW
MT-004554,AST-00274,TRD,C02,OHE_REPAIR,INSULATOR_FAILURE,2,3,0.633,0,0.937,0.462,1,122,2026-09-07,OPEN,37.5,LOW
MT-004555,AST-00482,ENGINEERING,C12,REPAIR,RAIL_CRACK,3,4,0.816,9,1.156,0.458,1,143,2026-09-03,OVERDUE,70.88,HIGH
MT-004556,AST-00363,TRD,C15,INSPECTION,TRANSFORMER_FAULT,1,3,0.856,0,0.376,0.356,1,73,2026-09-09,OPEN,16.66,LOW
MT-004557,AST-00487,S&T,C04,PREVENTIVE,RELAY_FAULT,3,2,0.738,0,0.761,0.62,1,93,2026-09-20,OVERDUE,35.9,LOW
MT-004558,AST-00205,ENGINEERING,C03,CORRECTIVE,RAIL_CRACK,5,3,0.778,0,0.367,0.832,1,170,2026-09-16,OVERDUE,78.15,HIGH
MT-004559,AST-00103,TRD,C11,INSPECTION,INSULATOR_FAILURE,1,4,0.617,3,1.551,0.186,1,87,2026-09-19,OPEN,34.02,LOW
MT-004560,AST-00202,TRD,C08,PREVENTIVE,INSULATOR_FAILURE,1,2,0.756,11,0.865,0.341,1,41,2026-09-27,OPEN,16.02,LOW
MT-004561,AST-00300,TRD,C18,PREVENTIVE,FEEDER_FAULT,5,5,0.694,18,0.837,0.758,1,118,2026-09-10,OVERDUE,90.76,CRITICAL
MT-004562,AST-00286,TRD,C05,PREVENTIVE,OHE_DAMAGE,3,1,0.594,8,1.119,0.526,1,93,2026-09-01,OVERDUE,41.39,MEDIUM
MT-004563,AST-00395,ENGINEERING,C11,PREVENTIVE,TRACK_GEOMETRY,4,5,0.62,5,0.902,0.675,1,112,2026-09-02,OPEN,80.51,CRITICAL
MT-004564,AST-00342,ENGINEERING,C08,INSPECTION,BALLAST_DEFECT,4,1,0.574,6,0.89,0.676,1,53,2026-09-27,SCHEDULED,51.19,MEDIUM
MT-004565,AST-00244,ENGINEERING,C20,REPAIR,POINT_DEFECT,2,4,0.618,0,1.451,0.48,1,154,2026-09-10,OPEN,51.02,MEDIUM
MT-004566,AST-00410,ENGINEERING,C12,REPAIR,POINT_DEFECT,3,3,0.916,28,1.092,0.661,1,179,2026-09-07,OPEN,71.19,HIGH
MT-004567,AST-00130,S&T,C08,PREVENTIVE,RELAY_FAULT,4,4,0.825,14,0.945,0.566,1,97,2026-09-21,OPEN,67.52,HIGH
MT-004568,AST-00448,ENGINEERING,C17,INSPECTION,BALLAST_DEFECT,4,1,0.687,46,0.786,0.577,0.999,76,2026-09-24,OVERDUE,66.94,HIGH
MT-004569,AST-00123,ENGINEERING,C14,PREVENTIVE,STRUCTURAL_DEFECT,1,5,0.796,17,0.507,0.275,1,51,2026-09-29,SCHEDULED,36.17,LOW
MT-004570,AST-00156,ENGINEERING,C13,PREVENTIVE,TRACK_GEOMETRY,3,3,0.793,0,1.208,0.437,1,86,2026-09-21,SCHEDULED,45.01,MEDIUM
MT-004571,AST-00309,S&T,C12,PREVENTIVE,INTERLOCKING_FAULT,4,3,0.735,18,1.345,0.312,1,92,2026-09-27,OPEN,72.15,HIGH
MT-004572,AST-00198,S&T,C20,CORRECTIVE,SIGNAL_FAILURE,3,5,0.743,0,1.032,0.547,1,137,2026-09-20,OVERDUE,58.96,MEDIUM
MT-004573,AST-00182,TRD,C02,INSPECTION,OHE_DAMAGE,3,4,0.706,7,1.108,0.397,1,81,2026-09-13,OPEN,53.1,MEDIUM
MT-004574,AST-00281,ENGINEERING,C17,INSPECTION,POINT_DEFECT,5,2,0.592,0,1.143,0.696,1,99,2026-09-06,OVERDUE,68.34,HIGH
MT-004575,AST-00132,TRD,C01,INSPECTION,INSULATOR_FAILURE,1,4,0.873,0,0.36,0.197,1,56,2026-09-30,OVERDUE,25.03,LOW
MT-004576,AST-00033,ENGINEERING,C07,INSPECTION,BALLAST_DEFECT,3,2,0.637,13,1.255,0.368,1,50,2026-09-09,OPEN,37.56,LOW
MT-004577,AST-00185,TRD,C20,INSPECTION,CONTACT_WIRE_DEFECT,4,5,1.0,8,0.403,0.552,1,69,2026-09-10,OVERDUE,70.76,HIGH
MT-004578,AST-00022,TRD,C20,INSPECTION,OHE_DAMAGE,3,3,0.863,0,0.387,0.454,1,64,2026-09-10,OVERDUE,46.21,MEDIUM
MT-004579,AST-00456,TRD,C01,PREVENTIVE,TRANSFORMER_FAULT,3,1,0.903,9,0.463,0.579,1,116,2026-09-09,OPEN,37.47,LOW
MT-004580,AST-00495,ENGINEERING,C16,INSPECTION,STRUCTURAL_DEFECT,4,5,0.742,18,1.069,0.781,1,79,2026-09-23,OVERDUE,82.89,CRITICAL
MT-004581,AST-00102,S&T,C15,SIGNAL_REPAIR,SIGNAL_FAILURE,3,3,0.732,0,1.363,0.39,1,106,2026-09-03,OPEN,48.2,MEDIUM
MT-004582,AST-00411,S&T,C10,CORRECTIVE,AXLE_COUNTER_FAULT,3,4,0.557,0,1.365,0.548,1,127,2026-09-27,SCHEDULED,57.02,MEDIUM
MT-004583,AST-00339,ENGINEERING,C20,INSPECTION,TRACK_GEOMETRY,2,3,0.633,17,1.202,0.489,1,72,2026-09-20,OVERDUE,50.96,MEDIUM
MT-004584,AST-00129,ENGINEERING,C04,PREVENTIVE,STRUCTURAL_DEFECT,5,4,0.517,0,1.008,0.729,1,94,2026-09-21,OVERDUE,91.96,CRITICAL
MT-004585,AST-00333,TRD,C08,OHE_REPAIR,FEEDER_FAULT,2,5,0.659,18,1.086,0.472,1,137,2026-09-13,OVERDUE,63.63,HIGH
MT-004586,AST-00255,S&T,C06,CORRECTIVE,CABLE_FAULT,4,2,0.688,21,1.333,0.589,1,123,2026-09-19,OPEN,68.2,HIGH
MT-004587,AST-00310,TRD,C10,PREVENTIVE,TRANSFORMER_FAULT,3,4,0.641,1,1.529,0.359,1,68,2026-09-21,OVERDUE,52.86,MEDIUM
MT-004588,AST-00471,ENGINEERING,C11,REPAIR,TRACK_GEOMETRY,5,2,0.712,15,1.017,0.535,1,148,2026-09-02,OPEN,80.1,CRITICAL
MT-004589,AST-00034,ENGINEERING,C18,INSPECTION,BALLAST_DEFECT,4,2,0.616,18,0.94,0.444,1,97,2026-09-28,OPEN,49.22,MEDIUM
MT-004590,AST-00275,TRD,C16,CORRECTIVE,OHE_DAMAGE,2,3,0.583,0,0.992,0.119,1,120,2026-09-04,OVERDUE,40.73,MEDIUM
MT-004591,AST-00140,S&T,C16,SIGNAL_REPAIR,SIGNAL_FAILURE,4,1,0.752,20,1.281,0.481,1,133,2026-09-28,OPEN,52.52,MEDIUM
MT-004592,AST-00475,ENGINEERING,C09,PREVENTIVE,BALLAST_DEFECT,4,5,0.823,15,0.632,0.47,1,130,2026-09-05,OPEN,82.6,CRITICAL
MT-004593,AST-00052,ENGINEERING,C12,CORRECTIVE,STRUCTURAL_DEFECT,3,5,0.607,22,0.908,0.548,1,127,2026-09-14,OPEN,74.19,HIGH
MT-004594,AST-00482,ENGINEERING,C12,CORRECTIVE,STRUCTURAL_DEFECT,5,4,0.816,20,1.13,0.674,1,149,2026-09-27,OVERDUE,87.29,CRITICAL
MT-004595,AST-00178,S&T,C13,INSPECTION,INTERLOCKING_FAULT,2,4,0.751,10,0.713,0.486,1,75,2026-09-29,OPEN,58.71,MEDIUM
MT-004596,AST-00122,ENGINEERING,C12,CORRECTIVE,POINT_DEFECT,1,3,0.902,27,0.887,0.412,1,110,2026-09-27,OPEN,32.42,LOW
MT-004597,AST-00220,ENGINEERING,C06,CORRECTIVE,BALLAST_DEFECT,2,4,0.523,14,1.165,0.562,1,115,2026-09-19,OPEN,61.06,HIGH
MT-004598,AST-00364,TRD,C13,INSPECTION,TRANSFORMER_FAULT,3,4,0.709,0,0.977,0.621,1,74,2026-09-21,OPEN,56.11,MEDIUM
MT-004599,AST-00053,ENGINEERING,C04,CORRECTIVE,POINT_DEFECT,4,3,0.801,3,0.672,0.565,1,153,2026-09-08,OPEN,57.27,MEDIUM
MT-004600,AST-00383,TRD,C03,INSPECTION,INSULATOR_FAILURE,4,3,0.64,18,0.672,0.622,1,74,2026-09-18,OVERDUE,71.14,HIGH
MT-004601,AST-00114,ENGINEERING,C10,INSPECTION,RAIL_CRACK,4,2,0.825,24,0.897,0.664,1,76,2026-09-23,OVERDUE,62.55,HIGH
MT-004602,AST-00160,TRD,C04,CORRECTIVE,FEEDER_FAULT,1,1,0.553,2,1.463,0.158,1,107,2026-09-20,OVERDUE,14.85,LOW
MT-004603,AST-00448,ENGINEERING,C17,PREVENTIVE,RAIL_CRACK,2,1,0.687,12,1.008,0.554,1,81,2026-09-17,OVERDUE,29.24,LOW
MT-004604,AST-00041,ENGINEERING,C20,PREVENTIVE,TRACK_GEOMETRY,5,4,0.529,16,0.997,0.727,1,122,2026-09-19,OPEN,85.62,CRITICAL
MT-004605,AST-00119,TRD,C20,CORRECTIVE,OHE_DAMAGE,3,4,0.773,0,0.603,0.548,1,131,2026-09-15,OVERDUE,55.31,MEDIUM
MT-004606,AST-00237,TRD,C04,PREVENTIVE,TRANSFORMER_FAULT,4,1,0.889,0,0.255,0.527,1,126,2026-09-22,OVERDUE,37.67,LOW
MT-004607,AST-00018,S&T,C01,SIGNAL_REPAIR,CABLE_FAULT,3,4,0.581,5,1.03,0.576,1,90,2026-09-03,OVERDUE,50.0,MEDIUM
MT-004608,AST-00185,TRD,C20,OHE_REPAIR,CONTACT_WIRE_DEFECT,3,5,1.0,0,0.751,0.497,1,142,2026-09-27,OVERDUE,52.86,MEDIUM
MT-004609,AST-00018,S&T,C01,PREVENTIVE,CABLE_FAULT,2,4,0.581,0,0.905,0.49,1,74,2026-09-05,OVERDUE,46.66,MEDIUM
MT-004610,AST-00026,TRD,C13,CORRECTIVE,CONTACT_WIRE_DEFECT,3,3,0.729,1,1.057,0.3,1,110,2026-09-05,OPEN,43.34,MEDIUM
MT-004611,AST-00437,ENGINEERING,C03,PREVENTIVE,BALLAST_DEFECT,5,2,0.57,0,0.913,0.704,1,112,2026-09-02,OVERDUE,68.12,HIGH
MT-004612,AST-00306,ENGINEERING,C13,PREVENTIVE,STRUCTURAL_DEFECT,3,4,0.665,1,1.372,0.593,1,102,2026-09-01,OPEN,63.6,HIGH
MT-004613,AST-00235,TRD,C18,OHE_REPAIR,TRANSFORMER_FAULT,1,4,0.502,5,1.146,0.393,1,117,2026-09-19,OVERDUE,49.08,MEDIUM
MT-004614,AST-00254,S&T,C11,PREVENTIVE,AXLE_COUNTER_FAULT,4,4,0.879,0,1.023,0.47,1,101,2026-09-07,OPEN,60.03,HIGH
MT-004615,AST-00213,TRD,C10,INSPECTION,FEEDER_FAULT,3,5,0.697,23,0.733,0.439,1,86,2026-09-26,OVERDUE,71.44,HIGH
MT-004616,AST-00433,TRD,C07,OHE_REPAIR,OHE_DAMAGE,4,3,0.82,18,1.094,0.644,1,163,2026-09-20,OPEN,68.56,HIGH
MT-004617,AST-00030,TRD,C16,INSPECTION,INSULATOR_FAILURE,1,4,0.789,0,0.416,0.162,1,68,2026-09-16,OVERDUE,31.73,LOW
MT-004618,AST-00453,S&T,C11,PREVENTIVE,RELAY_FAULT,4,3,0.598,3,1.003,0.594,1,106,2026-09-12,SCHEDULED,61.27,HIGH
MT-004619,AST-00177,S&T,C04,PREVENTIVE,RELAY_FAULT,4,3,0.868,20,0.705,0.579,1,91,2026-09-01,SCHEDULED,66.62,HIGH
MT-004620,AST-00105,S&T,C07,INSPECTION,SIGNAL_FAILURE,2,1,0.741,8,0.536,0.211,1,50,2026-09-12,OPEN,24.12,LOW
MT-004621,AST-00458,ENGINEERING,C09,INSPECTION,TRACK_GEOMETRY,4,1,0.828,11,1.153,0.513,1,105,2026-09-17,OPEN,54.85,MEDIUM
MT-004622,AST-00360,TRD,C11,CORRECTIVE,INSULATOR_FAILURE,4,4,0.886,5,0.613,0.755,1,124,2026-09-11,OVERDUE,66.11,HIGH
MT-004623,AST-00356,ENGINEERING,C02,REPAIR,POINT_DEFECT,3,3,0.775,29,0.885,0.608,1,133,2026-09-26,OPEN,62.9,HIGH
MT-004624,AST-00250,S&T,C15,PREVENTIVE,SIGNAL_FAILURE,3,4,0.602,14,0.676,0.523,1,75,2026-09-09,OPEN,63.39,HIGH
MT-004625,AST-00176,S&T,C20,INSPECTION,AXLE_COUNTER_FAULT,3,3,0.886,15,0.46,0.462,1,83,2026-09-28,SCHEDULED,43.47,MEDIUM
MT-004626,AST-00012,TRD,C02,OHE_REPAIR,INSULATOR_FAILURE,4,5,0.864,0,0.496,0.568,1,140,2026-09-27,OPEN,78.33,HIGH
MT-004627,AST-00089,TRD,C06,PREVENTIVE,FEEDER_FAULT,4,3,0.748,3,0.632,0.587,1,102,2026-09-02,OPEN,52.37,MEDIUM
MT-004628,AST-00091,ENGINEERING,C10,PREVENTIVE,RAIL_CRACK,1,1,0.656,0,0.71,0.35,1,86,2026-09-01,OPEN,15.36,LOW
MT-004629,AST-00478,ENGINEERING,C09,PREVENTIVE,POINT_DEFECT,4,5,0.589,10,1.492,0.55,1,94,2026-09-18,SCHEDULED,76.65,HIGH
MT-004630,AST-00144,ENGINEERING,C06,INSPECTION,TRACK_GEOMETRY,4,4,0.633,29,1.351,0.553,1,64,2026-09-10,SCHEDULED,79.85,HIGH
MT-004631,AST-00047,ENGINEERING,C04,INSPECTION,RAIL_CRACK,4,3,0.624,1,0.95,0.712,1,96,2026-09-30,SCHEDULED,70.98,HIGH
MT-004632,AST-00179,S&T,C09,PREVENTIVE,INTERLOCKING_FAULT,4,3,0.887,5,1.037,0.663,1,111,2026-09-17,OVERDUE,66.37,HIGH
MT-004633,AST-00105,S&T,C07,CORRECTIVE,RELAY_FAULT,2,1,0.741,0,1.267,0.42,1,76,2026-09-05,OPEN,27.78,LOW
MT-004634,AST-00378,ENGINEERING,C18,CORRECTIVE,STRUCTURAL_DEFECT,5,5,0.711,12,1.054,0.92,1,131,2026-09-14,OVERDUE,91.09,CRITICAL
MT-004635,AST-00238,TRD,C15,CORRECTIVE,CONTACT_WIRE_DEFECT,4,4,0.77,4,1.182,0.345,1,108,2026-09-19,OPEN,67.69,HIGH
MT-004636,AST-00346,S&T,C18,SIGNAL_REPAIR,SIGNAL_FAILURE,3,4,0.714,12,0.801,0.53,1,121,2026-09-04,OVERDUE,69.67,HIGH
MT-004637,AST-00364,TRD,C13,INSPECTION,INSULATOR_FAILURE,3,4,0.709,3,0.651,0.48,1,70,2026-09-01,OPEN,56.94,MEDIUM
MT-004638,AST-00113,ENGINEERING,C03,INSPECTION,POINT_DEFECT,1,4,0.75,0,0.509,0.319,1,30,2026-09-19,OPEN,14.45,LOW
MT-004639,AST-00288,TRD,C02,OHE_REPAIR,CONTACT_WIRE_DEFECT,2,4,0.686,28,1.412,0.482,1,151,2026-09-08,OVERDUE,60.7,HIGH
MT-004640,AST-00112,ENGINEERING,C07,CORRECTIVE,BALLAST_DEFECT,5,4,0.821,0,0.468,0.357,1,144,2026-09-27,OPEN,68.68,HIGH
MT-004641,AST-00247,ENGINEERING,C13,INSPECTION,STRUCTURAL_DEFECT,2,2,0.637,7,0.746,0.496,1,30,2026-09-20,OVERDUE,25.64,LOW
MT-004642,AST-00371,S&T,C09,PREVENTIVE,RELAY_FAULT,3,3,0.871,3,0.935,0.519,1,98,2026-09-02,OPEN,46.56,MEDIUM
MT-004643,AST-00315,ENGINEERING,C17,INSPECTION,BALLAST_DEFECT,1,4,0.864,1,1.037,0.379,1,38,2026-09-11,SCHEDULED,35.32,LOW
MT-004644,AST-00125,S&T,C01,INSPECTION,AXLE_COUNTER_FAULT,2,4,0.852,2,0.521,0.251,1,59,2026-09-06,OPEN,31.99,LOW
MT-004645,AST-00414,S&T,C05,SIGNAL_REPAIR,RELAY_FAULT,3,4,0.952,2,0.466,0.564,1,105,2026-09-22,SCHEDULED,55.75,MEDIUM
MT-004646,AST-00095,S&T,C14,SIGNAL_REPAIR,CABLE_FAULT,3,5,0.878,22,0.394,0.527,1,117,2026-09-22,OPEN,63.57,HIGH
MT-004647,AST-00142,ENGINEERING,C06,REPAIR,BALLAST_DEFECT,3,5,0.649,15,0.626,0.477,1,177,2026-09-09,OVERDUE,72.06,HIGH
MT-004648,AST-00020,TRD,C17,PREVENTIVE,OHE_DAMAGE,3,4,0.707,1,0.541,0.577,1,84,2026-09-01,OVERDUE,63.12,HIGH
MT-004649,AST-00225,TRD,C17,PREVENTIVE,INSULATOR_FAILURE,3,3,0.596,0,1.136,0.407,1,81,2026-09-08,OVERDUE,60.58,HIGH
MT-004650,AST-00325,TRD,C02,CORRECTIVE,FEEDER_FAULT,4,5,0.665,28,1.439,0.576,1,129,2026-09-07,OVERDUE,89.35,CRITICAL
MT-004651,AST-00265,ENGINEERING,C02,INSPECTION,RAIL_CRACK,3,4,0.891,21,0.399,0.381,1,80,2026-09-25,OVERDUE,56.72,MEDIUM
MT-004652,AST-00290,S&T,C09,CORRECTIVE,AXLE_COUNTER_FAULT,3,2,0.887,9,0.408,0.444,1,123,2026-09-13,SCHEDULED,33.42,LOW
MT-004653,AST-00426,S&T,C05,PREVENTIVE,SIGNAL_FAILURE,4,2,0.849,8,1.195,0.751,1,96,2026-09-28,OPEN,55.75,MEDIUM
MT-004654,AST-00344,S&T,C11,PREVENTIVE,INTERLOCKING_FAULT,2,4,0.775,17,0.525,0.461,1,98,2026-09-07,OVERDUE,57.0,MEDIUM
MT-004655,AST-00261,ENGINEERING,C05,REPAIR,BALLAST_DEFECT,4,4,0.77,7,0.875,0.432,1,151,2026-09-06,OVERDUE,58.15,MEDIUM
MT-004656,AST-00300,TRD,C18,INSPECTION,TRANSFORMER_FAULT,5,5,0.694,0,0.642,0.559,1,85,2026-09-14,SCHEDULED,82.21,CRITICAL
MT-004657,AST-00174,S&T,C04,SIGNAL_REPAIR,CABLE_FAULT,4,4,0.826,0,0.496,0.839,1,120,2026-09-07,OVERDUE,66.27,HIGH
MT-004658,AST-00188,ENGINEERING,C14,PREVENTIVE,TRACK_GEOMETRY,5,3,0.912,17,0.717,0.794,1,107,2026-09-07,SCHEDULED,82.05,CRITICAL
MT-004659,AST-00173,TRD,C10,OHE_REPAIR,FEEDER_FAULT,3,5,0.811,6,0.372,0.464,1,183,2026-09-30,SCHEDULED,67.01,HIGH
MT-004660,AST-00024,ENGINEERING,C05,CORRECTIVE,POINT_DEFECT,2,4,0.747,7,0.969,0.363,1,124,2026-09-17,OPEN,51.74,MEDIUM
MT-004661,AST-00177,S&T,C04,CORRECTIVE,AXLE_COUNTER_FAULT,3,3,0.868,23,0.724,0.391,1,107,2026-09-06,OVERDUE,48.42,MEDIUM
MT-004662,AST-00117,TRD,C15,OHE_REPAIR,FEEDER_FAULT,2,3,0.559,7,1.176,0.263,1,148,2026-09-21,OPEN,41.63,MEDIUM
MT-004663,AST-00243,ENGINEERING,C16,CORRECTIVE,POINT_DEFECT,2,5,0.856,17,0.685,0.408,1,109,2026-09-24,OVERDUE,64.82,HIGH
MT-004664,AST-00125,S&T,C01,SIGNAL_REPAIR,AXLE_COUNTER_FAULT,3,4,0.852,20,0.843,0.444,1,117,2026-09-24,OVERDUE,65.52,HIGH
MT-004665,AST-00143,ENGINEERING,C12,INSPECTION,STRUCTURAL_DEFECT,3,3,0.716,0,0.905,0.394,1,59,2026-09-22,SCHEDULED,47.73,MEDIUM
MT-004666,AST-00492,S&T,C11,INSPECTION,SIGNAL_FAILURE,2,3,0.508,0,1.728,0.337,1,68,2026-09-19,OVERDUE,47.24,MEDIUM
MT-004667,AST-00130,S&T,C08,INSPECTION,CABLE_FAULT,3,4,0.825,11,0.947,0.513,1,83,2026-09-25,OVERDUE,49.63,MEDIUM
MT-004668,AST-00237,TRD,C04,PREVENTIVE,INSULATOR_FAILURE,1,1,0.889,9,1.016,0.111,0.97,74,2026-09-23,OVERDUE,15.87,LOW
MT-004669,AST-00461,ENGINEERING,C10,INSPECTION,POINT_DEFECT,2,3,0.824,28,0.816,0.518,1,60,2026-09-01,OPEN,34.07,LOW
MT-004670,AST-00221,S&T,C08,CORRECTIVE,CABLE_FAULT,4,4,0.721,6,1.032,0.669,1,129,2026-09-22,OVERDUE,71.45,HIGH
MT-004671,AST-00075,TRD,C08,PREVENTIVE,OHE_DAMAGE,2,3,0.598,6,1.392,0.482,1,87,2026-09-10,OPEN,53.77,MEDIUM
MT-004672,AST-00476,TRD,C01,CORRECTIVE,FEEDER_FAULT,5,4,0.829,0,0.857,0.695,1,134,2026-09-19,OPEN,84.33,CRITICAL
MT-004673,AST-00011,TRD,C06,OHE_REPAIR,OHE_DAMAGE,4,4,0.648,9,0.913,0.428,1,161,2026-09-30,SCHEDULED,68.35,HIGH
MT-004674,AST-00226,ENGINEERING,C03,PREVENTIVE,TRACK_GEOMETRY,2,5,0.83,10,1.007,0.373,1,77,2026-09-07,OVERDUE,57.04,MEDIUM
MT-004675,AST-00343,TRD,C14,CORRECTIVE,TRANSFORMER_FAULT,4,3,0.775,21,0.873,0.776,1,138,2026-09-04,OVERDUE,71.66,HIGH
MT-004676,AST-00414,S&T,C05,SIGNAL_REPAIR,INTERLOCKING_FAULT,2,4,0.952,4,1.023,0.218,1,113,2026-09-23,OVERDUE,36.24,LOW
MT-004677,AST-00284,S&T,C10,CORRECTIVE,SIGNAL_FAILURE,2,4,0.574,0,0.843,0.311,1,113,2026-09-25,OVERDUE,49.6,MEDIUM
MT-004678,AST-00192,TRD,C10,INSPECTION,OHE_DAMAGE,1,3,0.622,2,1.19,0.43,1,64,2026-09-19,SCHEDULED,29.29,LOW
MT-004679,AST-00379,TRD,C15,PREVENTIVE,OHE_DAMAGE,3,5,0.749,14,0.819,0.491,1,118,2026-09-15,OPEN,71.89,HIGH
MT-004680,AST-00245,ENGINEERING,C10,CORRECTIVE,RAIL_CRACK,3,2,0.614,6,0.653,0.278,0.996,130,2026-09-14,OVERDUE,34.74,LOW
MT-004681,AST-00439,TRD,C18,INSPECTION,TRANSFORMER_FAULT,3,4,0.632,24,1.053,0.383,1,85,2026-09-04,OPEN,70.56,HIGH
MT-004682,AST-00363,TRD,C15,OHE_REPAIR,OHE_DAMAGE,2,3,0.856,18,0.998,0.403,1,164,2026-09-02,SCHEDULED,43.62,MEDIUM
MT-004683,AST-00138,TRD,C03,INSPECTION,FEEDER_FAULT,4,4,0.945,6,1.013,0.484,1,71,2026-09-20,SCHEDULED,63.22,HIGH
MT-004684,AST-00313,ENGINEERING,C20,REPAIR,POINT_DEFECT,1,3,0.511,14,0.802,0.165,1,144,2026-09-16,OVERDUE,38.92,LOW
MT-004685,AST-00177,S&T,C04,PREVENTIVE,CABLE_FAULT,3,3,0.868,25,1.118,0.654,1,89,2026-09-02,SCHEDULED,68.7,HIGH
MT-004686,AST-00484,ENGINEERING,C16,INSPECTION,POINT_DEFECT,3,3,0.592,15,1.439,0.3,1,54,2026-09-18,OPEN,66.62,HIGH
MT-004687,AST-00188,ENGINEERING,C14,INSPECTION,POINT_DEFECT,4,3,0.912,22,0.231,0.563,1,97,2026-09-05,OPEN,77.45,HIGH
MT-004688,AST-00492,S&T,C11,SIGNAL_REPAIR,SIGNAL_FAILURE,4,3,0.508,13,1.407,0.741,1,128,2026-09-09,OPEN,71.41,HIGH
MT-004689,AST-00136,TRD,C05,CORRECTIVE,OHE_DAMAGE,3,5,0.924,24,0.409,0.502,1,132,2026-09-19,OPEN,73.47,HIGH
MT-004690,AST-00457,TRD,C10,OHE_REPAIR,CONTACT_WIRE_DEFECT,1,3,0.689,17,0.875,0.417,1,125,2026-09-27,OVERDUE,33.27,LOW
MT-004691,AST-00381,TRD,C13,CORRECTIVE,OHE_DAMAGE,1,4,0.505,6,1.37,0.209,1,105,2026-09-28,OVERDUE,43.03,MEDIUM
MT-004692,AST-00165,TRD,C18,INSPECTION,CONTACT_WIRE_DEFECT,3,5,0.83,6,1.198,0.586,1,93,2026-09-20,SCHEDULED,67.33,HIGH
MT-004693,AST-00069,ENGINEERING,C16,INSPECTION,POINT_DEFECT,3,4,0.448,11,0.838,0.778,1,61,2026-09-10,OPEN,70.07,HIGH
MT-004694,AST-00053,ENGINEERING,C04,PREVENTIVE,BALLAST_DEFECT,4,3,0.801,23,0.721,0.661,1,91,2026-09-24,OPEN,70.21,HIGH
MT-004695,AST-00006,S&T,C20,SIGNAL_REPAIR,INTERLOCKING_FAULT,3,5,0.849,18,0.326,0.359,1,102,2026-09-07,SCHEDULED,67.24,HIGH
MT-004696,AST-00441,TRD,C03,PREVENTIVE,INSULATOR_FAILURE,3,5,0.693,28,0.519,0.497,1,103,2026-09-30,OVERDUE,66.04,HIGH
MT-004697,AST-00234,TRD,C17,OHE_REPAIR,INSULATOR_FAILURE,3,2,0.771,9,1.169,0.619,1,150,2026-09-14,OPEN,44.54,MEDIUM
MT-004698,AST-00009,ENGINEERING,C04,PREVENTIVE,TRACK_GEOMETRY,4,3,0.768,9,0.997,0.824,1,119,2026-09-25,SCHEDULED,62.94,HIGH
MT-004699,AST-00287,ENGINEERING,C01,REPAIR,BALLAST_DEFECT,2,4,0.806,0,0.655,0.494,1,151,2026-09-26,OPEN,44.9,MEDIUM
MT-004700,AST-00467,ENGINEERING,C13,PREVENTIVE,POINT_DEFECT,2,2,0.729,17,0.709,0.502,1,105,2026-09-21,OPEN,28.03,LOW
MT-004701,AST-00150,ENGINEERING,C16,INSPECTION,BALLAST_DEFECT,2,4,0.836,5,0.576,0.45,1,47,2026-09-02,OVERDUE,41.0,MEDIUM
MT-004702,AST-00492,S&T,C11,SIGNAL_REPAIR,RELAY_FAULT,3,3,0.508,1,1.286,0.479,1,137,2026-09-27,OPEN,60.32,HIGH
MT-004703,AST-00183,TRD,C07,PREVENTIVE,INSULATOR_FAILURE,2,2,0.612,1,1.404,0.344,1,96,2026-09-26,OVERDUE,33.64,LOW
MT-004704,AST-00382,TRD,C18,PREVENTIVE,CONTACT_WIRE_DEFECT,3,4,0.624,0,1.399,0.663,1,88,2026-09-29,OPEN,71.21,HIGH
MT-004705,AST-00199,ENGINEERING,C04,REPAIR,POINT_DEFECT,4,2,0.624,13,1.186,0.706,1,157,2026-09-10,OPEN,75.83,HIGH
MT-004706,AST-00044,TRD,C03,CORRECTIVE,OHE_DAMAGE,3,3,0.797,12,0.67,0.519,1,95,2026-09-30,OPEN,51.17,MEDIUM
MT-004707,AST-00270,ENGINEERING,C15,PREVENTIVE,RAIL_CRACK,5,2,0.602,32,0.845,0.759,1,130,2026-09-20,OPEN,85.24,CRITICAL
MT-004708,AST-00488,TRD,C11,OHE_REPAIR,INSULATOR_FAILURE,4,4,0.703,6,1.208,0.657,1,160,2026-09-12,OVERDUE,69.88,HIGH
MT-004709,AST-00386,S&T,C13,INSPECTION,AXLE_COUNTER_FAULT,4,4,0.818,17,1.093,0.644,1,88,2026-09-24,OVERDUE,71.05,HIGH
MT-004710,AST-00064,S&T,C10,CORRECTIVE,SIGNAL_FAILURE,2,2,0.812,19,0.534,0.439,1,116,2026-09-27,OPEN,33.06,LOW
MT-004711,AST-00115,S&T,C19,CORRECTIVE,CABLE_FAULT,4,4,0.591,0,1.344,0.417,1,111,2026-09-13,OPEN,67.65,HIGH
MT-004712,AST-00451,TRD,C09,PREVENTIVE,FEEDER_FAULT,1,4,0.572,14,0.864,0.478,1,53,2026-09-02,OVERDUE,43.92,MEDIUM
MT-004713,AST-00009,ENGINEERING,C04,REPAIR,TRACK_GEOMETRY,2,3,0.768,18,0.475,0.571,1,84,2026-09-01,OPEN,48.49,MEDIUM
MT-004714,AST-00145,TRD,C16,OHE_REPAIR,FEEDER_FAULT,1,3,0.951,8,0.257,0.251,1,113,2026-09-06,SCHEDULED,26.81,LOW
MT-004715,AST-00459,TRD,C12,OHE_REPAIR,TRANSFORMER_FAULT,5,2,0.857,0,0.552,0.606,1,149,2026-09-07,OVERDUE,55.86,MEDIUM
MT-004716,AST-00218,ENGINEERING,C05,INSPECTION,POINT_DEFECT,1,3,0.658,13,1.392,0.273,1,58,2026-09-09,OPEN,34.8,LOW
MT-004717,AST-00001,TRD,C01,CORRECTIVE,OHE_DAMAGE,3,2,0.717,3,0.757,0.564,1,112,2026-09-11,SCHEDULED,51.71,MEDIUM
MT-004718,AST-00454,S&T,C20,SIGNAL_REPAIR,AXLE_COUNTER_FAULT,2,3,0.695,9,0.896,0.312,1,116,2026-09-09,OPEN,44.25,MEDIUM
MT-004719,AST-00413,ENGINEERING,C05,REPAIR,BALLAST_DEFECT,4,3,0.741,4,1.149,0.576,1,153,2026-09-24,OVERDUE,67.73,HIGH
MT-004720,AST-00125,S&T,C01,PREVENTIVE,AXLE_COUNTER_FAULT,4,4,0.852,2,1.074,0.582,1,113,2026-09-07,OVERDUE,54.6,MEDIUM
MT-004721,AST-00281,ENGINEERING,C17,INSPECTION,TRACK_GEOMETRY,4,2,0.592,14,0.704,0.664,1,90,2026-09-09,OVERDUE,72.35,HIGH
MT-004722,AST-00167,ENGINEERING,C07,REPAIR,STRUCTURAL_DEFECT,1,4,0.657,13,1.307,0.272,1,127,2026-09-16,SCHEDULED,34.35,LOW
MT-004723,AST-00258,S&T,C19,CORRECTIVE,INTERLOCKING_FAULT,3,2,0.64,15,0.649,0.56,1,133,2026-09-14,OPEN,44.43,MEDIUM
MT-004724,AST-00475,ENGINEERING,C09,PREVENTIVE,POINT_DEFECT,4,5,0.823,1,1.102,0.61,1,90,2026-09-05,OPEN,78.56,HIGH
MT-004725,AST-00157,ENGINEERING,C18,REPAIR,POINT_DEFECT,3,4,0.511,10,1.248,0.261,1,158,2026-09-03,OPEN,72.89,HIGH
MT-004726,AST-00457,TRD,C10,INSPECTION,CONTACT_WIRE_DEFECT,3,3,0.689,44,1.219,0.295,1,51,2026-09-08,SCHEDULED,68.3,HIGH
MT-004727,AST-00191,S&T,C17,PREVENTIVE,RELAY_FAULT,1,4,0.604,12,0.652,0.246,1,70,2026-09-27,OPEN,42.99,MEDIUM
MT-004728,AST-00275,TRD,C16,PREVENTIVE,CONTACT_WIRE_DEFECT,4,3,0.583,5,1.462,0.677,1,82,2026-09-14,OPEN,72.79,HIGH
MT-004729,AST-00047,ENGINEERING,C04,PREVENTIVE,POINT_DEFECT,4,3,0.624,17,1.074,0.669,1,77,2026-09-03,OPEN,69.92,HIGH
MT-004730,AST-00147,S&T,C10,CORRECTIVE,SIGNAL_FAILURE,3,3,0.774,7,1.051,0.61,1,108,2026-09-06,OVERDUE,46.97,MEDIUM
MT-004731,AST-00120,TRD,C09,PREVENTIVE,INSULATOR_FAILURE,5,1,0.905,30,0.706,0.789,0.972,134,2026-09-04,OVERDUE,74.84,HIGH
MT-004732,AST-00383,TRD,C03,CORRECTIVE,TRANSFORMER_FAULT,4,3,0.64,11,0.841,0.473,1,140,2026-09-26,OVERDUE,69.65,HIGH
MT-004733,AST-00296,TRD,C08,PREVENTIVE,FEEDER_FAULT,5,4,0.54,17,1.536,0.673,1,88,2026-09-29,SCHEDULED,90.51,CRITICAL
MT-004734,AST-00131,TRD,C05,PREVENTIVE,CONTACT_WIRE_DEFECT,3,3,0.585,15,1.14,0.356,1,70,2026-09-24,SCHEDULED,47.18,MEDIUM
MT-004735,AST-00235,TRD,C18,OHE_REPAIR,FEEDER_FAULT,3,4,0.502,26,1.213,0.637,1,127,2026-09-29,SCHEDULED,77.36,HIGH
MT-004736,AST-00328,ENGINEERING,C10,PREVENTIVE,BALLAST_DEFECT,4,5,0.735,13,1.275,0.615,1,89,2026-09-21,OPEN,81.82,CRITICAL
MT-004737,AST-00478,ENGINEERING,C09,INSPECTION,TRACK_GEOMETRY,2,5,0.589,13,0.924,0.673,1,88,2026-09-10,OPEN,68.33,HIGH
MT-004738,AST-00408,ENGINEERING,C04,CORRECTIVE,RAIL_CRACK,3,3,0.684,15,0.525,0.286,1,159,2026-09-25,SCHEDULED,52.14,MEDIUM
MT-004739,AST-00174,S&T,C04,PREVENTIVE,INTERLOCKING_FAULT,1,4,0.826,10,0.811,0.32,1,82,2026-09-01,OPEN,38.83,LOW
MT-004740,AST-00418,ENGINEERING,C09,INSPECTION,BALLAST_DEFECT,2,5,0.637,22,1.061,0.525,1,78,2026-09-20,OPEN,72.8,HIGH
MT-004741,AST-00201,TRD,C17,OHE_REPAIR,CONTACT_WIRE_DEFECT,3,3,0.908,0,1.018,0.458,1,132,2026-09-18,OPEN,49.96,MEDIUM
MT-004742,AST-00115,S&T,C19,SIGNAL_REPAIR,SIGNAL_FAILURE,5,4,0.591,24,0.914,0.947,1,165,2026-09-29,OPEN,91.42,CRITICAL
MT-004743,AST-00188,ENGINEERING,C14,CORRECTIVE,RAIL_CRACK,4,3,0.912,0,1.052,0.74,1,127,2026-09-10,SCHEDULED,61.11,HIGH
MT-004744,AST-00474,ENGINEERING,C10,REPAIR,TRACK_GEOMETRY,4,3,1.0,3,0.25,0.639,1,182,2026-09-28,OPEN,50.55,MEDIUM
MT-004745,AST-00252,TRD,C09,OHE_REPAIR,FEEDER_FAULT,3,4,0.711,31,0.967,0.563,1,170,2026-09-16,OPEN,69.43,HIGH
MT-004746,AST-00064,S&T,C10,INSPECTION,RELAY_FAULT,2,2,0.812,14,0.946,0.355,1,79,2026-09-06,OPEN,38.23,LOW
MT-004747,AST-00415,S&T,C03,CORRECTIVE,SIGNAL_FAILURE,3,4,0.499,15,1.594,0.432,1,108,2026-09-26,OPEN,69.77,HIGH
MT-004748,AST-00108,ENGINEERING,C16,INSPECTION,BALLAST_DEFECT,5,5,0.586,0,1.447,0.463,1,58,2026-09-02,OVERDUE,85.88,CRITICAL
MT-004749,AST-00175,ENGINEERING,C20,PREVENTIVE,BALLAST_DEFECT,4,4,0.703,6,1.43,0.399,1,114,2026-09-24,OPEN,74.36,HIGH
MT-004750,AST-00478,ENGINEERING,C09,INSPECTION,STRUCTURAL_DEFECT,5,5,0.589,5,0.677,0.588,1,97,2026-09-09,OVERDUE,86.48,CRITICAL
MT-004751,AST-00348,ENGINEERING,C17,INSPECTION,BALLAST_DEFECT,3,3,0.904,25,0.587,0.499,1,70,2026-09-23,OVERDUE,48.49,MEDIUM
MT-004752,AST-00283,S&T,C19,SIGNAL_REPAIR,RELAY_FAULT,3,3,0.72,14,1.133,0.545,1,148,2026-09-19,SCHEDULED,48.39,MEDIUM
MT-004753,AST-00205,ENGINEERING,C03,INSPECTION,BALLAST_DEFECT,3,3,0.778,7,0.897,0.362,1,109,2026-09-09,SCHEDULED,54.22,MEDIUM
MT-004754,AST-00329,S&T,C20,INSPECTION,RELAY_FAULT,2,5,0.765,12,1.333,0.454,1,60,2026-09-18,SCHEDULED,63.02,HIGH
MT-004755,AST-00103,TRD,C11,CORRECTIVE,FEEDER_FAULT,4,4,0.617,5,0.917,0.33,1,129,2026-09-13,OVERDUE,74.83,HIGH
MT-004756,AST-00248,TRD,C15,CORRECTIVE,OHE_DAMAGE,4,2,0.579,23,1.008,0.422,1,135,2026-09-12,SCHEDULED,69.33,HIGH
MT-004757,AST-00266,ENGINEERING,C18,REPAIR,RAIL_CRACK,2,4,0.789,0,0.772,0.37,1,110,2026-09-22,OVERDUE,46.82,MEDIUM
MT-004758,AST-00119,TRD,C20,INSPECTION,OHE_DAMAGE,5,4,0.773,0,1.154,0.57,1,103,2026-09-20,SCHEDULED,84.36,CRITICAL
MT-004759,AST-00320,S&T,C05,INSPECTION,CABLE_FAULT,4,3,0.794,7,0.464,0.379,1,85,2026-09-21,OVERDUE,66.74,HIGH
MT-004760,AST-00215,TRD,C13,OHE_REPAIR,OHE_DAMAGE,4,3,0.488,12,1.114,0.599,1,134,2026-09-14,OVERDUE,76.01,HIGH
MT-004761,AST-00247,ENGINEERING,C13,REPAIR,RAIL_CRACK,2,2,0.637,0,0.684,0.357,1,154,2026-09-05,OVERDUE,23.68,LOW
MT-004762,AST-00284,S&T,C10,CORRECTIVE,CABLE_FAULT,3,4,0.574,0,1.104,0.547,1,151,2026-09-26,OPEN,65.46,HIGH
MT-004763,AST-00271,S&T,C14,PREVENTIVE,CABLE_FAULT,2,5,0.866,11,0.737,0.283,1,75,2026-09-29,OPEN,42.53,MEDIUM
MT-004764,AST-00442,ENGINEERING,C04,CORRECTIVE,BALLAST_DEFECT,2,4,0.701,29,0.725,0.416,1,124,2026-09-21,OVERDUE,61.67,HIGH
MT-004765,AST-00458,ENGINEERING,C09,INSPECTION,STRUCTURAL_DEFECT,1,1,0.828,11,0.38,0.494,0.924,50,2026-09-06,OPEN,16.11,LOW
MT-004766,AST-00499,S&T,C20,PREVENTIVE,AXLE_COUNTER_FAULT,4,4,0.818,5,0.39,0.645,1,110,2026-09-05,OPEN,71.67,HIGH
MT-004767,AST-00471,ENGINEERING,C11,REPAIR,RAIL_CRACK,3,2,0.712,7,0.657,0.569,1,161,2026-09-05,OPEN,48.97,MEDIUM
MT-004768,AST-00340,S&T,C12,PREVENTIVE,AXLE_COUNTER_FAULT,4,3,0.77,19,0.383,0.669,1,99,2026-09-07,OVERDUE,74.03,HIGH
MT-004769,AST-00386,S&T,C13,INSPECTION,CABLE_FAULT,4,4,0.818,6,1.07,0.788,1,92,2026-09-18,OPEN,75.31,HIGH
MT-004770,AST-00298,ENGINEERING,C06,CORRECTIVE,POINT_DEFECT,4,4,0.872,25,0.729,0.657,1,131,2026-09-29,SCHEDULED,78.05,HIGH
MT-004771,AST-00455,S&T,C18,INSPECTION,CABLE_FAULT,3,1,0.807,15,1.2,0.4,1,82,2026-09-12,OVERDUE,42.75,MEDIUM
MT-004772,AST-00381,TRD,C13,CORRECTIVE,FEEDER_FAULT,5,4,0.505,0,0.896,0.597,1,149,2026-09-13,OVERDUE,82.42,CRITICAL
MT-004773,AST-00107,TRD,C04,PREVENTIVE,CONTACT_WIRE_DEFECT,4,3,0.492,24,1.699,0.506,1,95,2026-09-09,OVERDUE,81.01,CRITICAL
MT-004774,AST-00464,S&T,C15,CORRECTIVE,AXLE_COUNTER_FAULT,3,3,0.788,7,0.324,0.342,1,120,2026-09-07,OPEN,48.46,MEDIUM
MT-004775,AST-00293,TRD,C13,OHE_REPAIR,CONTACT_WIRE_DEFECT,3,3,0.909,3,0.423,0.355,1,133,2026-09-09,OPEN,34.86,LOW
MT-004776,AST-00125,S&T,C01,PREVENTIVE,SIGNAL_FAILURE,1,4,0.852,0,0.405,0.29,1,62,2026-09-01,OPEN,20.28,LOW
MT-004777,AST-00437,ENGINEERING,C03,PREVENTIVE,STRUCTURAL_DEFECT,1,2,0.57,11,1.38,0.375,1,81,2026-09-20,OPEN,32.86,LOW
MT-004778,AST-00159,TRD,C20,CORRECTIVE,FEEDER_FAULT,4,3,0.63,0,0.642,0.333,1,166,2026-09-14,SCHEDULED,52.29,MEDIUM
MT-004779,AST-00244,ENGINEERING,C20,INSPECTION,POINT_DEFECT,2,4,0.618,19,0.753,0.257,1,39,2026-09-08,OPEN,45.51,MEDIUM
MT-004780,AST-00484,ENGINEERING,C16,REPAIR,STRUCTURAL_DEFECT,5,3,0.592,13,1.548,0.652,1,164,2026-09-15,OPEN,88.89,CRITICAL
MT-004781,AST-00284,S&T,C10,SIGNAL_REPAIR,INTERLOCKING_FAULT,5,4,0.574,16,1.635,0.546,1,153,2026-09-28,OVERDUE,90.67,CRITICAL
MT-004782,AST-00225,TRD,C17,CORRECTIVE,CONTACT_WIRE_DEFECT,5,3,0.596,7,1.344,0.726,1,126,2026-09-05,OPEN,82.09,CRITICAL
MT-004783,AST-00435,ENGINEERING,C01,CORRECTIVE,BALLAST_DEFECT,2,5,0.809,17,0.597,0.493,1,153,2026-09-25,OVERDUE,69.49,HIGH
MT-004784,AST-00041,ENGINEERING,C20,CORRECTIVE,TRACK_GEOMETRY,5,4,0.529,13,1.032,0.869,1,150,2026-09-04,OPEN,89.82,CRITICAL
MT-004785,AST-00270,ENGINEERING,C15,INSPECTION,STRUCTURAL_DEFECT,4,2,0.602,9,1.054,0.526,1,69,2026-09-15,OPEN,51.78,MEDIUM
MT-004786,AST-00275,TRD,C16,OHE_REPAIR,TRANSFORMER_FAULT,5,3,0.583,16,0.927,0.847,1,189,2026-09-05,OVERDUE,88.68,CRITICAL
MT-004787,AST-00047,ENGINEERING,C04,PREVENTIVE,BALLAST_DEFECT,2,3,0.624,15,0.952,0.588,1,63,2026-09-22,SCHEDULED,47.36,MEDIUM
MT-004788,AST-00393,ENGINEERING,C20,CORRECTIVE,RAIL_CRACK,3,1,0.599,30,1.192,0.531,1,97,2026-09-07,OPEN,49.14,MEDIUM
MT-004789,AST-00011,TRD,C06,INSPECTION,FEEDER_FAULT,3,4,0.648,18,0.917,0.393,1,75,2026-09-01,OVERDUE,54.58,MEDIUM
MT-004790,AST-00090,S&T,C07,SIGNAL_REPAIR,RELAY_FAULT,3,4,0.619,24,1.246,0.685,1,135,2026-09-14,OVERDUE,72.03,HIGH
MT-004791,AST-00040,TRD,C08,CORRECTIVE,INSULATOR_FAILURE,3,2,0.958,0,0.954,0.364,0.945,123,2026-09-10,OPEN,40.5,MEDIUM
MT-004792,AST-00137,TRD,C04,PREVENTIVE,TRANSFORMER_FAULT,3,1,0.966,14,0.644,0.47,1,104,2026-09-30,OPEN,28.12,LOW
MT-004793,AST-00261,ENGINEERING,C05,CORRECTIVE,BALLAST_DEFECT,5,4,0.77,19,1.285,0.665,1,157,2026-09-06,SCHEDULED,91.73,CRITICAL
MT-004794,AST-00349,TRD,C16,CORRECTIVE,OHE_DAMAGE,5,3,0.94,19,0.673,0.645,1,156,2026-09-23,OPEN,74.11,HIGH
MT-004795,AST-00256,ENGINEERING,C16,INSPECTION,BALLAST_DEFECT,2,3,0.48,4,1.261,0.287,1,74,2026-09-29,OVERDUE,45.54,MEDIUM
MT-004796,AST-00186,ENGINEERING,C10,PREVENTIVE,RAIL_CRACK,5,3,0.782,2,0.951,0.742,1,106,2026-09-06,OVERDUE,79.46,HIGH
MT-004797,AST-00105,S&T,C07,PREVENTIVE,CABLE_FAULT,3,1,0.741,22,0.744,0.535,1,65,2026-09-08,OPEN,33.69,LOW
MT-004798,AST-00150,ENGINEERING,C16,CORRECTIVE,STRUCTURAL_DEFECT,5,4,0.836,23,0.868,0.847,1,144,2026-09-19,OPEN,87.92,CRITICAL
MT-004799,AST-00051,ENGINEERING,C05,REPAIR,RAIL_CRACK,4,4,0.953,18,0.884,0.526,1,161,2026-09-13,OVERDUE,71.27,HIGH
MT-004800,AST-00164,ENGINEERING,C15,CORRECTIVE,RAIL_CRACK,3,5,0.572,16,1.137,0.388,1,123,2026-09-24,OVERDUE,74.69,HIGH
MT-004801,AST-00353,S&T,C08,PREVENTIVE,CABLE_FAULT,2,2,0.652,9,0.546,0.191,1,80,2026-09-04,OPEN,25.34,LOW
MT-004802,AST-00195,TRD,C17,INSPECTION,TRANSFORMER_FAULT,2,2,0.95,3,0.416,0.406,0.984,89,2026-09-08,OPEN,26.12,LOW
MT-004803,AST-00041,ENGINEERING,C20,REPAIR,RAIL_CRACK,3,4,0.529,20,1.09,0.382,1,177,2026-09-01,OPEN,70.06,HIGH
MT-004804,AST-00364,TRD,C13,OHE_REPAIR,TRANSFORMER_FAULT,4,4,0.709,30,0.493,0.8,1,177,2026-09-17,OVERDUE,80.55,CRITICAL
MT-004805,AST-00215,TRD,C13,CORRECTIVE,INSULATOR_FAILURE,3,3,0.488,16,0.886,0.518,1,112,2026-09-22,SCHEDULED,61.79,HIGH
MT-004806,AST-00212,TRD,C02,PREVENTIVE,INSULATOR_FAILURE,3,2,0.887,20,0.49,0.44,1,96,2026-09-16,OPEN,39.16,LOW
MT-004807,AST-00333,TRD,C08,CORRECTIVE,INSULATOR_FAILURE,5,5,0.659,0,1.305,0.567,1,156,2026-09-01,OVERDUE,82.46,CRITICAL
MT-004808,AST-00381,TRD,C13,CORRECTIVE,CONTACT_WIRE_DEFECT,1,4,0.505,18,1.552,0.523,1,97,2026-09-23,SCHEDULED,47.91,MEDIUM
MT-004809,AST-00328,ENGINEERING,C10,INSPECTION,STRUCTURAL_DEFECT,3,5,0.735,10,0.411,0.368,1,71,2026-09-21,OVERDUE,60.22,HIGH
MT-004810,AST-00037,S&T,C14,CORRECTIVE,INTERLOCKING_FAULT,3,2,0.829,5,0.385,0.8,1,107,2026-09-28,OPEN,52.22,MEDIUM
MT-004811,AST-00370,ENGINEERING,C17,CORRECTIVE,TRACK_GEOMETRY,4,4,0.739,0,1.017,0.755,1,135,2026-09-03,OVERDUE,69.13,HIGH
MT-004812,AST-00316,TRD,C02,OHE_REPAIR,TRANSFORMER_FAULT,1,2,0.86,0,1.032,0.473,0.992,126,2026-09-12,SCHEDULED,16.06,LOW
MT-004813,AST-00452,ENGINEERING,C02,INSPECTION,TRACK_GEOMETRY,5,2,0.77,13,0.426,0.493,1,100,2026-09-02,OPEN,59.67,MEDIUM
MT-004814,AST-00173,TRD,C10,CORRECTIVE,OHE_DAMAGE,5,5,0.811,28,0.64,0.584,1,136,2026-09-03,SCHEDULED,91.73,CRITICAL
MT-004815,AST-00481,S&T,C06,CORRECTIVE,CABLE_FAULT,1,4,0.577,19,1.475,0.43,1,112,2026-09-30,SCHEDULED,52.55,MEDIUM
MT-004816,AST-00140,S&T,C16,CORRECTIVE,INTERLOCKING_FAULT,4,1,0.752,36,1.067,0.55,1,122,2026-09-08,OPEN,64.78,HIGH
MT-004817,AST-00140,S&T,C16,INSPECTION,INTERLOCKING_FAULT,5,1,0.752,29,0.603,0.65,0.913,80,2026-09-05,OVERDUE,70.03,HIGH
MT-004818,AST-00080,TRD,C18,OHE_REPAIR,INSULATOR_FAILURE,5,3,0.774,0,1.276,0.558,1,177,2026-09-19,OVERDUE,80.58,CRITICAL
MT-004819,AST-00411,S&T,C10,SIGNAL_REPAIR,SIGNAL_FAILURE,2,4,0.557,11,1.572,0.371,1,100,2026-09-20,OPEN,48.43,MEDIUM
MT-004820,AST-00311,S&T,C08,INSPECTION,RELAY_FAULT,3,3,0.786,10,0.692,0.573,1,51,2026-09-02,SCHEDULED,40.01,MEDIUM
MT-004821,AST-00492,S&T,C11,CORRECTIVE,AXLE_COUNTER_FAULT,3,3,0.508,10,1.646,0.627,1,109,2026-09-26,OPEN,71.14,HIGH
MT-004822,AST-00097,ENGINEERING,C11,CORRECTIVE,RAIL_CRACK,4,3,0.587,0,1.47,0.529,1,136,2026-09-05,OVERDUE,74.26,HIGH
MT-004823,AST-00458,ENGINEERING,C09,REPAIR,TRACK_GEOMETRY,1,1,0.828,4,0.858,0.477,0.911,117,2026-09-04,OVERDUE,13.43,LOW
MT-004824,AST-00026,TRD,C13,INSPECTION,TRANSFORMER_FAULT,2,3,0.729,17,0.598,0.423,1,49,2026-09-08,OPEN,35.67,LOW
MT-004825,AST-00500,S&T,C02,PREVENTIVE,AXLE_COUNTER_FAULT,2,3,0.544,0,1.655,0.385,1,71,2026-09-02,OPEN,40.38,MEDIUM
MT-004826,AST-00485,ENGINEERING,C06,CORRECTIVE,POINT_DEFECT,4,4,0.794,0,1.285,0.479,1,136,2026-09-12,OVERDUE,75.05,HIGH
MT-004827,AST-00485,ENGINEERING,C06,REPAIR,RAIL_CRACK,3,4,0.794,7,1.171,0.551,1,140,2026-09-22,OPEN,52.7,MEDIUM
MT-004828,AST-00399,ENGINEERING,C05,INSPECTION,STRUCTURAL_DEFECT,4,4,0.778,10,0.661,0.559,1,86,2026-09-09,OPEN,72.15,HIGH
MT-004829,AST-00088,TRD,C12,INSPECTION,CONTACT_WIRE_DEFECT,5,4,0.747,17,1.014,0.654,1,97,2026-09-06,OVERDUE,85.99,CRITICAL
MT-004830,AST-00165,TRD,C18,PREVENTIVE,FEEDER_FAULT,2,5,0.83,6,0.484,0.363,1,91,2026-09-29,OPEN,42.32,MEDIUM
MT-004831,AST-00487,S&T,C04,INSPECTION,SIGNAL_FAILURE,3,2,0.738,16,0.491,0.382,1,55,2026-09-06,SCHEDULED,34.7,LOW
MT-004832,AST-00242,S&T,C13,CORRECTIVE,INTERLOCKING_FAULT,2,5,0.805,0,0.821,0.3,1,113,2026-09-26,OVERDUE,48.14,MEDIUM
MT-004833,AST-00006,S&T,C20,SIGNAL_REPAIR,SIGNAL_FAILURE,4,5,0.849,0,0.521,0.504,1,145,2026-09-21,OVERDUE,73.73,HIGH
MT-004834,AST-00098,TRD,C09,INSPECTION,TRANSFORMER_FAULT,1,1,0.884,0,0.857,0.42,1,32,2026-09-15,OPEN,13.94,LOW
MT-004835,AST-00269,TRD,C13,INSPECTION,FEEDER_FAULT,1,2,0.65,19,0.833,0.292,1,69,2026-09-15,OVERDUE,28.29,LOW
MT-004836,AST-00072,ENGINEERING,C05,INSPECTION,RAIL_CRACK,5,4,0.708,17,1.055,0.697,1,66,2026-09-24,OVERDUE,88.73,CRITICAL
MT-004837,AST-00170,ENGINEERING,C11,INSPECTION,POINT_DEFECT,2,2,0.674,0,1.202,0.356,1,43,2026-09-05,OVERDUE,35.97,LOW
MT-004838,AST-00065,S&T,C06,CORRECTIVE,CABLE_FAULT,4,1,0.864,19,0.995,0.721,1,118,2026-09-25,OPEN,49.18,MEDIUM
MT-004839,AST-00245,ENGINEERING,C10,REPAIR,RAIL_CRACK,1,2,0.614,29,1.033,0.376,1,126,2026-09-28,OVERDUE,40.26,MEDIUM
MT-004840,AST-00037,S&T,C14,PREVENTIVE,INTERLOCKING_FAULT,3,2,0.829,22,0.928,0.535,0.966,94,2026-09-24,SCHEDULED,46.57,MEDIUM
MT-004841,AST-00003,ENGINEERING,C20,INSPECTION,RAIL_CRACK,1,4,0.454,19,1.494,0.46,1,34,2026-09-11,OPEN,34.27,LOW
MT-004842,AST-00026,TRD,C13,OHE_REPAIR,OHE_DAMAGE,3,3,0.729,24,1.135,0.322,1,155,2026-09-28,OPEN,56.19,MEDIUM
MT-004843,AST-00386,S&T,C13,PREVENTIVE,CABLE_FAULT,1,4,0.818,27,0.601,0.297,1,64,2026-09-20,OVERDUE,36.14,LOW
MT-004844,AST-00078,S&T,C19,SIGNAL_REPAIR,CABLE_FAULT,5,5,0.627,26,1.527,0.675,1,131,2026-09-08,OPEN,89.86,CRITICAL
MT-004845,AST-00234,TRD,C17,CORRECTIVE,INSULATOR_FAILURE,3,2,0.771,14,0.826,0.439,0.903,105,2026-09-09,OVERDUE,28.09,LOW
MT-004846,AST-00150,ENGINEERING,C16,REPAIR,TRACK_GEOMETRY,4,4,0.836,6,0.61,0.381,1,164,2026-09-12,OVERDUE,72.61,HIGH
MT-004847,AST-00145,TRD,C16,CORRECTIVE,OHE_DAMAGE,3,3,0.951,10,0.698,0.519,1,130,2026-09-08,OPEN,56.28,MEDIUM
MT-004848,AST-00268,S&T,C11,SIGNAL_REPAIR,RELAY_FAULT,1,3,0.679,9,0.552,0.091,1,111,2026-09-10,OPEN,30.12,LOW
MT-004849,AST-00395,ENGINEERING,C11,INSPECTION,POINT_DEFECT,1,5,0.62,10,1.242,0.072,1,54,2026-09-05,OPEN,49.18,MEDIUM
MT-004850,AST-00285,TRD,C19,PREVENTIVE,CONTACT_WIRE_DEFECT,3,2,0.679,18,1.138,0.429,1,48,2026-09-06,OPEN,40.58,MEDIUM
MT-004851,AST-00497,ENGINEERING,C01,CORRECTIVE,TRACK_GEOMETRY,5,3,0.749,12,0.836,0.728,1,160,2026-09-02,OVERDUE,81.03,CRITICAL
MT-004852,AST-00197,TRD,C19,PREVENTIVE,OHE_DAMAGE,4,2,0.767,7,1.282,0.762,1,96,2026-09-01,OVERDUE,67.07,HIGH
MT-004853,AST-00484,ENGINEERING,C16,INSPECTION,TRACK_GEOMETRY,2,3,0.592,12,0.964,0.448,1,70,2026-09-13,OPEN,41.42,MEDIUM
MT-004854,AST-00212,TRD,C02,CORRECTIVE,TRANSFORMER_FAULT,3,2,0.887,20,1.104,0.544,1,143,2026-09-30,SCHEDULED,65.05,HIGH
MT-004855,AST-00072,ENGINEERING,C05,CORRECTIVE,STRUCTURAL_DEFECT,2,4,0.708,30,0.947,0.424,1,68,2026-09-09,OPEN,58.18,MEDIUM
MT-004856,AST-00296,TRD,C08,PREVENTIVE,CONTACT_WIRE_DEFECT,4,4,0.54,21,1.4,0.582,1,100,2026-09-04,OVERDUE,79.73,HIGH
MT-004857,AST-00207,S&T,C03,SIGNAL_REPAIR,CABLE_FAULT,3,5,0.781,10,0.506,0.595,1,126,2026-09-11,SCHEDULED,63.18,HIGH
MT-004858,AST-00081,S&T,C13,INSPECTION,CABLE_FAULT,3,4,0.682,13,0.97,0.45,1,71,2026-09-19,OPEN,58.97,MEDIUM
MT-004859,AST-00329,S&T,C20,SIGNAL_REPAIR,CABLE_FAULT,5,5,0.765,20,0.61,0.829,1,182,2026-09-16,OPEN,93.4,CRITICAL
MT-004860,AST-00090,S&T,C07,SIGNAL_REPAIR,AXLE_COUNTER_FAULT,4,4,0.619,28,1.094,0.491,1,162,2026-09-29,OVERDUE,83.13,CRITICAL
MT-004861,AST-00177,S&T,C04,PREVENTIVE,CABLE_FAULT,5,3,0.868,11,0.247,0.727,1,123,2026-09-04,OPEN,75.81,HIGH
MT-004862,AST-00494,S&T,C01,CORRECTIVE,AXLE_COUNTER_FAULT,3,3,0.611,17,1.46,0.694,1,134,2026-09-17,OPEN,72.44,HIGH
MT-004863,AST-00146,ENGINEERING,C10,INSPECTION,STRUCTURAL_DEFECT,4,2,0.948,22,0.503,0.49,1,91,2026-09-23,OPEN,56.76,MEDIUM
MT-004864,AST-00399,ENGINEERING,C05,PREVENTIVE,STRUCTURAL_DEFECT,2,4,0.778,23,1.111,0.426,1,70,2026-09-11,OPEN,64.66,HIGH
MT-004865,AST-00445,S&T,C04,INSPECTION,RELAY_FAULT,4,4,0.529,11,1.571,0.686,1,103,2026-09-06,SCHEDULED,81.94,CRITICAL
MT-004866,AST-00167,ENGINEERING,C07,PREVENTIVE,POINT_DEFECT,2,4,0.657,13,0.854,0.182,1,81,2026-09-17,OVERDUE,39.75,LOW
MT-004867,AST-00160,TRD,C04,PREVENTIVE,OHE_DAMAGE,5,1,0.553,0,1.529,0.727,1,103,2026-09-01,OVERDUE,68.09,HIGH
MT-004868,AST-00202,TRD,C08,OHE_REPAIR,INSULATOR_FAILURE,4,2,0.756,0,1.122,0.989,1,184,2026-09-27,OPEN,76.61,HIGH
MT-004869,AST-00177,S&T,C04,CORRECTIVE,RELAY_FAULT,4,3,0.868,11,0.629,0.554,1,126,2026-09-15,OPEN,43.78,MEDIUM
MT-004870,AST-00479,S&T,C08,INSPECTION,AXLE_COUNTER_FAULT,3,3,0.757,21,0.777,0.388,1,79,2026-09-11,SCHEDULED,45.47,MEDIUM
MT-004871,AST-00281,ENGINEERING,C17,CORRECTIVE,POINT_DEFECT,4,2,0.592,15,1.524,0.666,1,149,2026-09-03,OPEN,79.18,HIGH
MT-004872,AST-00106,S&T,C02,SIGNAL_REPAIR,CABLE_FAULT,3,3,0.928,15,0.431,0.648,1,102,2026-09-08,OVERDUE,39.57,LOW
MT-004873,AST-00392,ENGINEERING,C06,REPAIR,STRUCTURAL_DEFECT,2,4,0.704,12,1.163,0.66,1,153,2026-09-06,OVERDUE,54.21,MEDIUM
MT-004874,AST-00488,TRD,C11,PREVENTIVE,INSULATOR_FAILURE,4,4,0.703,4,0.798,0.644,1,105,2026-09-19,OVERDUE,77.78,HIGH
MT-004875,AST-00449,ENGINEERING,C16,CORRECTIVE,RAIL_CRACK,4,5,0.736,15,0.668,0.711,1,100,2026-09-06,OVERDUE,75.57,HIGH
MT-004876,AST-00356,ENGINEERING,C02,INSPECTION,POINT_DEFECT,4,3,0.775,10,0.925,0.824,1,116,2026-09-11,OVERDUE,70.67,HIGH
MT-004877,AST-00466,S&T,C17,PREVENTIVE,RELAY_FAULT,3,4,0.744,17,0.958,0.504,1,95,2026-09-03,OVERDUE,66.43,HIGH
MT-004878,AST-00014,S&T,C15,SIGNAL_REPAIR,SIGNAL_FAILURE,4,3,0.59,11,1.214,0.765,1,123,2026-09-30,OVERDUE,76.11,HIGH
MT-004879,AST-00161,S&T,C04,SIGNAL_REPAIR,CABLE_FAULT,1,3,0.731,36,1.13,0.054,1,103,2026-09-11,OPEN,31.43,LOW
MT-004880,AST-00014,S&T,C15,PREVENTIVE,CABLE_FAULT,3,3,0.59,0,1.108,0.437,1,72,2026-09-19,OPEN,56.86,MEDIUM
MT-004881,AST-00463,ENGINEERING,C04,CORRECTIVE,POINT_DEFECT,3,3,0.713,17,1.263,0.624,1,106,2026-09-15,OPEN,61.63,HIGH
MT-004882,AST-00385,ENGINEERING,C09,PREVENTIVE,POINT_DEFECT,1,4,0.601,19,1.139,0.292,1,80,2026-09-28,OVERDUE,41.01,MEDIUM
MT-004883,AST-00480,TRD,C08,OHE_REPAIR,INSULATOR_FAILURE,4,5,0.965,11,0.144,0.477,1,175,2026-09-25,SCHEDULED,75.72,HIGH
MT-004884,AST-00423,TRD,C02,OHE_REPAIR,INSULATOR_FAILURE,3,4,0.697,3,1.124,0.315,1,169,2026-09-29,OVERDUE,47.4,MEDIUM
MT-004885,AST-00428,ENGINEERING,C05,INSPECTION,TRACK_GEOMETRY,4,4,0.658,20,1.012,0.504,1,88,2026-09-07,OPEN,79.39,HIGH
MT-004886,AST-00119,TRD,C20,INSPECTION,INSULATOR_FAILURE,1,4,0.773,19,1.083,0.058,1,73,2026-09-04,OVERDUE,42.88,MEDIUM
MT-004887,AST-00094,S&T,C17,INSPECTION,CABLE_FAULT,2,4,0.688,8,1.178,0.35,1,59,2026-09-10,OVERDUE,56.95,MEDIUM
MT-004888,AST-00391,TRD,C08,CORRECTIVE,OHE_DAMAGE,3,4,0.882,3,0.713,0.584,1,105,2026-09-03,OVERDUE,54.24,MEDIUM
MT-004889,AST-00013,S&T,C03,SIGNAL_REPAIR,CABLE_FAULT,3,4,0.768,4,0.883,0.713,1,134,2026-09-15,OPEN,65.93,HIGH
MT-004890,AST-00069,ENGINEERING,C16,REPAIR,BALLAST_DEFECT,3,4,0.448,6,1.239,0.707,1,143,2026-09-17,OVERDUE,76.54,HIGH
MT-004891,AST-00400,S&T,C18,INSPECTION,RELAY_FAULT,1,4,0.731,6,0.536,0.034,1,44,2026-09-27,OPEN,29.47,LOW
MT-004892,AST-00052,ENGINEERING,C12,PREVENTIVE,BALLAST_DEFECT,4,5,0.607,20,1.363,0.714,1,99,2026-09-16,SCHEDULED,84.66,CRITICAL
MT-004893,AST-00485,ENGINEERING,C06,CORRECTIVE,STRUCTURAL_DEFECT,1,4,0.794,30,0.386,0.36,1,86,2026-09-10,OPEN,49.49,MEDIUM
MT-004894,AST-00293,TRD,C13,PREVENTIVE,CONTACT_WIRE_DEFECT,4,3,0.909,17,0.828,0.571,1,107,2026-09-28,OPEN,71.23,HIGH
MT-004895,AST-00003,ENGINEERING,C20,PREVENTIVE,BALLAST_DEFECT,2,4,0.454,14,1.301,0.424,1,68,2026-09-18,OVERDUE,52.66,MEDIUM
MT-004896,AST-00170,ENGINEERING,C11,INSPECTION,RAIL_CRACK,4,2,0.674,0,0.495,0.658,1,139,2026-09-02,OPEN,66.21,HIGH
MT-004897,AST-00227,ENGINEERING,C02,INSPECTION,BALLAST_DEFECT,4,5,0.729,20,0.746,0.686,1,86,2026-09-26,OVERDUE,84.69,CRITICAL
MT-004898,AST-00486,ENGINEERING,C12,REPAIR,RAIL_CRACK,3,3,0.625,19,0.713,0.334,1,147,2026-09-19,OPEN,58.69,MEDIUM
MT-004899,AST-00032,TRD,C04,CORRECTIVE,INSULATOR_FAILURE,3,3,0.655,7,0.992,0.467,1,155,2026-09-09,SCHEDULED,53.46,MEDIUM
MT-004900,AST-00269,TRD,C13,OHE_REPAIR,INSULATOR_FAILURE,2,2,0.65,32,1.449,0.413,1,133,2026-09-18,OPEN,39.98,LOW
MT-004901,AST-00452,ENGINEERING,C02,INSPECTION,BALLAST_DEFECT,4,2,0.77,12,0.725,0.815,0.916,79,2026-09-13,OPEN,67.43,HIGH
MT-004902,AST-00061,S&T,C07,INSPECTION,AXLE_COUNTER_FAULT,3,4,0.798,0,0.672,0.446,1,68,2026-09-15,OPEN,45.47,MEDIUM
MT-004903,AST-00095,S&T,C14,INSPECTION,RELAY_FAULT,3,5,0.878,7,0.704,0.405,1,64,2026-09-28,SCHEDULED,70.62,HIGH
MT-004904,AST-00429,TRD,C15,OHE_REPAIR,FEEDER_FAULT,3,2,0.751,1,1.213,0.515,1,121,2026-09-10,OPEN,51.59,MEDIUM
MT-004905,AST-00394,S&T,C03,INSPECTION,SIGNAL_FAILURE,5,2,0.922,9,0.79,0.83,1,90,2026-09-19,OVERDUE,72.9,HIGH
MT-004906,AST-00362,ENGINEERING,C20,CORRECTIVE,BALLAST_DEFECT,4,5,0.714,25,0.708,0.681,1,128,2026-09-16,OVERDUE,86.93,CRITICAL
MT-004907,AST-00294,TRD,C12,INSPECTION,CONTACT_WIRE_DEFECT,1,4,0.783,2,0.782,0.356,1,41,2026-09-30,OPEN,27.18,LOW
MT-004908,AST-00377,S&T,C09,INSPECTION,RELAY_FAULT,3,2,0.665,16,1.195,0.321,1,81,2026-09-12,OVERDUE,44.68,MEDIUM
MT-004909,AST-00385,ENGINEERING,C09,PREVENTIVE,BALLAST_DEFECT,3,4,0.601,5,0.85,0.521,1,79,2026-09-16,SCHEDULED,68.76,HIGH
MT-004910,AST-00192,TRD,C10,CORRECTIVE,TRANSFORMER_FAULT,1,3,0.622,37,0.59,0.112,1,79,2026-09-05,OPEN,24.23,LOW
MT-004911,AST-00493,ENGINEERING,C03,CORRECTIVE,POINT_DEFECT,2,3,0.693,9,1.385,0.43,1,100,2026-09-28,OPEN,39.4,LOW
MT-004912,AST-00390,ENGINEERING,C04,PREVENTIVE,STRUCTURAL_DEFECT,2,5,0.646,21,1.055,0.411,1,71,2026-09-09,OPEN,59.61,MEDIUM
MT-004913,AST-00174,S&T,C04,INSPECTION,RELAY_FAULT,2,4,0.826,0,0.698,0.325,1,47,2026-09-11,OPEN,31.82,LOW
MT-004914,AST-00476,TRD,C01,PREVENTIVE,OHE_DAMAGE,5,4,0.829,6,0.592,0.754,1,119,2026-09-16,SCHEDULED,76.85,HIGH
MT-004915,AST-00110,ENGINEERING,C14,REPAIR,STRUCTURAL_DEFECT,3,4,0.781,0,1.046,0.489,1,167,2026-09-02,OVERDUE,49.5,MEDIUM
MT-004916,AST-00334,TRD,C14,PREVENTIVE,TRANSFORMER_FAULT,5,4,0.997,0,0.545,0.556,1,97,2026-09-26,OPEN,71.71,HIGH
MT-004917,AST-00188,ENGINEERING,C14,CORRECTIVE,STRUCTURAL_DEFECT,3,3,0.912,17,0.853,0.616,1,109,2026-09-28,SCHEDULED,50.06,MEDIUM
MT-004918,AST-00225,TRD,C17,CORRECTIVE,INSULATOR_FAILURE,1,3,0.596,8,1.181,0.459,1,113,2026-09-18,OPEN,33.14,LOW
MT-004919,AST-00396,TRD,C20,INSPECTION,INSULATOR_FAILURE,5,4,0.804,6,1.01,0.711,1,100,2026-09-01,SCHEDULED,86.91,CRITICAL
MT-004920,AST-00069,ENGINEERING,C16,PREVENTIVE,STRUCTURAL_DEFECT,5,4,0.448,0,1.36,0.849,1,93,2026-09-18,OVERDUE,89.04,CRITICAL
MT-004921,AST-00056,S&T,C07,SIGNAL_REPAIR,RELAY_FAULT,4,3,0.964,0,0.937,0.603,1,120,2026-09-18,SCHEDULED,54.1,MEDIUM
MT-004922,AST-00004,S&T,C09,PREVENTIVE,AXLE_COUNTER_FAULT,3,4,0.524,0,0.815,0.389,1,74,2026-09-02,SCHEDULED,69.58,HIGH
MT-004923,AST-00107,TRD,C04,OHE_REPAIR,INSULATOR_FAILURE,3,3,0.492,0,1.58,0.549,1,176,2026-09-12,OVERDUE,55.96,MEDIUM
MT-004924,AST-00170,ENGINEERING,C11,REPAIR,TRACK_GEOMETRY,1,2,0.674,0,0.888,0.338,1,145,2026-09-30,OPEN,27.71,LOW
MT-004925,AST-00165,TRD,C18,INSPECTION,TRANSFORMER_FAULT,4,5,0.83,0,1.075,0.439,1,80,2026-09-22,OPEN,76.65,HIGH
MT-004926,AST-00432,ENGINEERING,C18,INSPECTION,STRUCTURAL_DEFECT,3,4,0.718,19,1.225,0.441,1,61,2026-09-07,OVERDUE,65.36,HIGH
MT-004927,AST-00174,S&T,C04,INSPECTION,SIGNAL_FAILURE,3,4,0.826,18,0.517,0.591,1,89,2026-09-27,OVERDUE,63.93,HIGH
MT-004928,AST-00309,S&T,C12,SIGNAL_REPAIR,AXLE_COUNTER_FAULT,5,3,0.735,1,0.928,0.668,1,137,2026-09-24,SCHEDULED,72.87,HIGH
MT-004929,AST-00049,ENGINEERING,C14,CORRECTIVE,BALLAST_DEFECT,3,2,0.785,5,1.059,0.463,1,104,2026-09-01,OPEN,36.11,LOW
MT-004930,AST-00030,TRD,C16,CORRECTIVE,FEEDER_FAULT,3,4,0.789,7,1.153,0.686,1,119,2026-09-11,SCHEDULED,65.3,HIGH
MT-004931,AST-00337,ENGINEERING,C19,INSPECTION,STRUCTURAL_DEFECT,3,5,0.889,1,0.488,0.465,1,75,2026-09-18,OPEN,59.4,MEDIUM
MT-004932,AST-00498,ENGINEERING,C03,CORRECTIVE,BALLAST_DEFECT,3,5,0.916,26,0.384,0.605,1,118,2026-09-28,OVERDUE,76.3,HIGH
MT-004933,AST-00427,TRD,C04,CORRECTIVE,INSULATOR_FAILURE,2,3,0.707,6,0.574,0.376,1,132,2026-09-11,OPEN,41.17,MEDIUM
MT-004934,AST-00391,TRD,C08,INSPECTION,OHE_DAMAGE,1,4,0.882,16,0.967,0.068,1,63,2026-09-05,OVERDUE,26.94,LOW
MT-004935,AST-00417,TRD,C15,OHE_REPAIR,INSULATOR_FAILURE,1,3,0.854,0,0.698,0.223,1,113,2026-09-13,OPEN,22.58,LOW
MT-004936,AST-00385,ENGINEERING,C09,CORRECTIVE,POINT_DEFECT,3,4,0.601,16,1.01,0.589,1,117,2026-09-13,SCHEDULED,66.01,HIGH
MT-004937,AST-00234,TRD,C17,PREVENTIVE,FEEDER_FAULT,1,2,0.771,37,0.781,0.152,1,76,2026-09-23,OVERDUE,28.31,LOW
MT-004938,AST-00316,TRD,C02,INSPECTION,FEEDER_FAULT,3,2,0.86,21,0.419,0.56,1,66,2026-09-08,OPEN,40.44,MEDIUM
MT-004939,AST-00132,TRD,C01,CORRECTIVE,OHE_DAMAGE,4,4,0.873,0,0.987,0.472,1,150,2026-09-09,OPEN,55.26,MEDIUM
MT-004940,AST-00477,TRD,C12,INSPECTION,INSULATOR_FAILURE,3,2,0.817,0,0.911,0.55,1,94,2026-09-11,OPEN,29.57,LOW
MT-004941,AST-00331,TRD,C14,PREVENTIVE,OHE_DAMAGE,3,5,0.664,0,0.953,0.415,1,97,2026-09-21,OVERDUE,61.0,HIGH
MT-004942,AST-00070,S&T,C13,INSPECTION,RELAY_FAULT,1,2,0.744,0,0.893,0.23,1,67,2026-09-15,OPEN,21.5,LOW
MT-004943,AST-00360,TRD,C11,PREVENTIVE,OHE_DAMAGE,4,4,0.886,12,0.186,0.643,1,108,2026-09-22,OVERDUE,59.37,MEDIUM
MT-004944,AST-00096,S&T,C15,CORRECTIVE,INTERLOCKING_FAULT,5,4,1.0,4,0.874,0.53,1,112,2026-09-05,SCHEDULED,76.7,HIGH
MT-004945,AST-00406,S&T,C02,INSPECTION,AXLE_COUNTER_FAULT,5,4,0.817,36,0.652,0.79,1,96,2026-09-30,OPEN,85.68,CRITICAL
MT-004946,AST-00053,ENGINEERING,C04,PREVENTIVE,RAIL_CRACK,3,3,0.801,5,0.765,0.395,1,85,2026-09-09,OPEN,43.99,MEDIUM
MT-004947,AST-00492,S&T,C11,SIGNAL_REPAIR,INTERLOCKING_FAULT,4,3,0.508,14,1.265,0.544,1,144,2026-09-19,OVERDUE,66.13,HIGH
MT-004948,AST-00068,ENGINEERING,C10,CORRECTIVE,STRUCTURAL_DEFECT,3,5,0.643,30,0.879,0.528,1,126,2026-09-20,SCHEDULED,80.0,CRITICAL
MT-004949,AST-00373,TRD,C15,CORRECTIVE,FEEDER_FAULT,2,3,0.632,7,1.514,0.258,1,104,2026-09-19,OPEN,40.33,MEDIUM
MT-004950,AST-00429,TRD,C15,INSPECTION,INSULATOR_FAILURE,2,2,0.751,2,0.797,0.576,1,70,2026-09-16,OPEN,29.12,LOW
MT-004951,AST-00138,TRD,C03,OHE_REPAIR,CONTACT_WIRE_DEFECT,3,4,0.945,0,0.348,0.314,1,158,2026-09-16,OVERDUE,38.26,LOW
MT-004952,AST-00174,S&T,C04,CORRECTIVE,INTERLOCKING_FAULT,2,4,0.826,9,0.566,0.446,1,136,2026-09-09,OPEN,51.25,MEDIUM
MT-004953,AST-00273,S&T,C16,PREVENTIVE,SIGNAL_FAILURE,3,3,0.64,16,0.809,0.643,1,82,2026-09-10,SCHEDULED,50.37,MEDIUM
MT-004954,AST-00088,TRD,C12,OHE_REPAIR,TRANSFORMER_FAULT,5,4,0.747,11,1.174,0.616,1,158,2026-09-25,OVERDUE,85.97,CRITICAL
MT-004955,AST-00494,S&T,C01,PREVENTIVE,SIGNAL_FAILURE,4,3,0.611,19,0.681,0.486,1,103,2026-09-23,SCHEDULED,69.92,HIGH
MT-004956,AST-00246,S&T,C12,CORRECTIVE,SIGNAL_FAILURE,2,3,0.848,13,0.736,0.404,1,113,2026-09-20,OVERDUE,36.53,LOW
MT-004957,AST-00257,S&T,C05,PREVENTIVE,CABLE_FAULT,4,4,0.682,11,1.355,0.692,1,117,2026-09-24,OPEN,81.26,CRITICAL
MT-004958,AST-00461,ENGINEERING,C10,INSPECTION,BALLAST_DEFECT,3,3,0.824,0,1.098,0.604,1,97,2026-09-28,OPEN,48.45,MEDIUM
MT-004959,AST-00260,ENGINEERING,C14,CORRECTIVE,BALLAST_DEFECT,3,5,0.996,24,0.193,0.582,1,151,2026-09-18,SCHEDULED,59.4,MEDIUM
MT-004960,AST-00467,ENGINEERING,C13,INSPECTION,STRUCTURAL_DEFECT,2,2,0.729,8,1.234,0.421,1,53,2026-09-06,OPEN,32.14,LOW
MT-004961,AST-00324,ENGINEERING,C15,CORRECTIVE,TRACK_GEOMETRY,2,2,0.799,9,1.177,0.295,1,123,2026-09-10,OPEN,33.12,LOW
MT-004962,AST-00262,TRD,C03,PREVENTIVE,TRANSFORMER_FAULT,3,2,0.777,16,1.321,0.482,1,76,2026-09-13,OVERDUE,53.61,MEDIUM
MT-004963,AST-00144,ENGINEERING,C06,PREVENTIVE,TRACK_GEOMETRY,3,4,0.633,3,1.251,0.504,1,78,2026-09-19,OVERDUE,63.92,HIGH
MT-004964,AST-00067,ENGINEERING,C16,INSPECTION,RAIL_CRACK,4,4,0.627,30,1.387,0.904,1,74,2026-09-29,OPEN,90.19,CRITICAL
MT-004965,AST-00208,ENGINEERING,C19,REPAIR,TRACK_GEOMETRY,3,3,0.75,14,0.551,0.472,1,132,2026-09-12,OPEN,52.57,MEDIUM
MT-004966,AST-00262,TRD,C03,CORRECTIVE,INSULATOR_FAILURE,3,2,0.777,25,0.855,0.442,1,106,2026-09-06,OVERDUE,56.9,MEDIUM
MT-004967,AST-00018,S&T,C01,SIGNAL_REPAIR,RELAY_FAULT,3,4,0.581,15,1.4,0.512,1,147,2026-09-10,SCHEDULED,79.05,HIGH
MT-004968,AST-00448,ENGINEERING,C17,PREVENTIVE,RAIL_CRACK,4,1,0.687,8,0.771,0.591,0.912,80,2026-09-08,OVERDUE,43.31,MEDIUM
MT-004969,AST-00330,S&T,C09,CORRECTIVE,INTERLOCKING_FAULT,5,4,0.753,16,0.919,0.806,1,152,2026-09-09,OVERDUE,85.52,CRITICAL
MT-004970,AST-00142,ENGINEERING,C06,PREVENTIVE,TRACK_GEOMETRY,3,5,0.649,3,1.113,0.348,1,86,2026-09-29,OPEN,72.08,HIGH
MT-004971,AST-00279,S&T,C18,PREVENTIVE,AXLE_COUNTER_FAULT,3,4,0.772,0,0.669,0.424,1,138,2026-09-09,OVERDUE,52.6,MEDIUM
MT-004972,AST-00156,ENGINEERING,C13,CORRECTIVE,STRUCTURAL_DEFECT,4,3,0.793,4,0.754,0.778,1,132,2026-09-15,OPEN,71.91,HIGH
MT-004973,AST-00492,S&T,C11,INSPECTION,SIGNAL_FAILURE,2,3,0.508,0,0.819,0.203,1,76,2026-09-28,OPEN,35.01,LOW
MT-004974,AST-00097,ENGINEERING,C11,INSPECTION,STRUCTURAL_DEFECT,3,3,0.587,0,0.843,0.439,1,85,2026-09-28,OPEN,33.21,LOW
MT-004975,AST-00153,S&T,C05,PREVENTIVE,CABLE_FAULT,1,3,0.668,1,1.219,0.075,1,64,2026-09-03,OVERDUE,20.72,LOW
MT-004976,AST-00313,ENGINEERING,C20,INSPECTION,POINT_DEFECT,5,3,0.511,10,1.466,0.698,1,72,2026-09-15,OPEN,78.5,HIGH
MT-004977,AST-00200,TRD,C08,CORRECTIVE,FEEDER_FAULT,3,4,0.784,9,0.975,0.463,1,106,2026-09-04,OPEN,60.93,HIGH
MT-004978,AST-00326,ENGINEERING,C20,PREVENTIVE,BALLAST_DEFECT,4,3,0.466,1,0.824,0.558,1,95,2026-09-30,OPEN,71.15,HIGH
MT-004979,AST-00260,ENGINEERING,C14,REPAIR,RAIL_CRACK,5,5,0.996,0,0.725,0.621,1,165,2026-09-20,OPEN,79.33,HIGH
MT-004980,AST-00255,S&T,C06,PREVENTIVE,SIGNAL_FAILURE,4,2,0.688,16,1.284,0.848,1,85,2026-09-05,OPEN,79.34,HIGH
MT-004981,AST-00240,S&T,C13,INSPECTION,SIGNAL_FAILURE,2,3,0.901,61,0.939,0.332,1,65,2026-09-17,SCHEDULED,54.28,MEDIUM
MT-004982,AST-00068,ENGINEERING,C10,REPAIR,STRUCTURAL_DEFECT,2,5,0.643,25,0.95,0.317,1,136,2026-09-06,OPEN,70.09,HIGH
MT-004983,AST-00180,ENGINEERING,C14,CORRECTIVE,TRACK_GEOMETRY,3,4,0.591,20,1.115,0.533,1,165,2026-09-08,OPEN,67.34,HIGH
MT-004984,AST-00421,S&T,C14,INSPECTION,RELAY_FAULT,5,5,0.855,8,1.192,0.853,1,118,2026-09-04,OVERDUE,87.98,CRITICAL
MT-004985,AST-00499,S&T,C20,PREVENTIVE,SIGNAL_FAILURE,2,4,0.818,6,0.4,0.482,1,62,2026-09-26,OPEN,39.87,LOW
MT-004986,AST-00384,ENGINEERING,C13,CORRECTIVE,BALLAST_DEFECT,4,5,0.636,9,0.633,0.765,1,132,2026-09-26,OVERDUE,85.03,CRITICAL
MT-004987,AST-00411,S&T,C10,SIGNAL_REPAIR,AXLE_COUNTER_FAULT,1,4,0.557,28,1.008,0.187,1,89,2026-09-13,SCHEDULED,65.01,HIGH
MT-004988,AST-00070,S&T,C13,CORRECTIVE,CABLE_FAULT,5,2,0.744,0,1.283,0.665,1,135,2026-09-03,SCHEDULED,76.26,HIGH
MT-004989,AST-00356,ENGINEERING,C02,PREVENTIVE,TRACK_GEOMETRY,4,3,0.775,10,1.12,0.764,1,92,2026-09-16,OPEN,63.17,HIGH
MT-004990,AST-00051,ENGINEERING,C05,PREVENTIVE,BALLAST_DEFECT,3,4,0.953,4,1.034,0.566,1,107,2026-09-20,SCHEDULED,44.39,MEDIUM
MT-004991,AST-00251,S&T,C09,PREVENTIVE,AXLE_COUNTER_FAULT,3,2,0.716,5,0.67,0.478,1,79,2026-09-12,SCHEDULED,29.81,LOW
MT-004992,AST-00016,ENGINEERING,C16,PREVENTIVE,STRUCTURAL_DEFECT,3,4,0.654,13,1.259,0.554,1,82,2026-09-06,OVERDUE,58.67,MEDIUM
MT-004993,AST-00306,ENGINEERING,C13,INSPECTION,POINT_DEFECT,3,4,0.665,22,1.162,0.471,1,78,2026-09-19,SCHEDULED,71.13,HIGH
MT-004994,AST-00484,ENGINEERING,C16,PREVENTIVE,POINT_DEFECT,4,3,0.592,27,0.919,0.561,1,108,2026-09-14,SCHEDULED,73.71,HIGH
MT-004995,AST-00317,TRD,C18,OHE_REPAIR,CONTACT_WIRE_DEFECT,4,1,0.792,6,1.26,0.522,1,154,2026-09-21,OPEN,44.24,MEDIUM
MT-004996,AST-00218,ENGINEERING,C05,CORRECTIVE,BALLAST_DEFECT,3,3,0.658,0,1.358,0.472,1,120,2026-09-21,OVERDUE,57.25,MEDIUM
MT-004997,AST-00239,ENGINEERING,C15,CORRECTIVE,POINT_DEFECT,4,2,0.584,6,1.566,0.737,1,129,2026-09-03,OVERDUE,76.37,HIGH
MT-004998,AST-00013,S&T,C03,PREVENTIVE,CABLE_FAULT,4,4,0.768,9,0.349,0.498,1,97,2026-09-17,SCHEDULED,66.53,HIGH
MT-004999,AST-00056,S&T,C07,CORRECTIVE,CABLE_FAULT,1,3,0.964,0,0.839,0.498,1,94,2026-09-01,OPEN,27.2,LOW
MT-005000,AST-00175,ENGINEERING,C20,PREVENTIVE,BALLAST_DEFECT,3,4,0.703,17,0.563,0.478,1,66,2026-09-02,OPEN,55.04,MEDIUM
