outcome_id,task_id,actual_duration_minutes,delay_caused,downtime_hours,completed,safety_incident
OUT-000001,MT-000498,96,1,1.6,1,0
OUT-000002,MT-002637,108,1,1.8,1,0
OUT-000003,MT-002448,78,1,1.3,1,0
OUT-000004,MT-002273,134,0,2.23,1,0
OUT-000005,MT-002530,100,1,1.67,1,0
OUT-000006,MT-004840,123,1,2.05,1,0
OUT-000007,MT-003810,120,0,2.0,1,0
OUT-000008,MT-003018,67,0,1.12,1,0
OUT-000009,MT-003032,87,0,1.45,1,0
OUT-000010,MT-002788,152,0,2.53,1,0
OUT-000011,MT-001700,63,1,1.05,1,0
OUT-000012,MT-000228,112,0,1.87,1,0
OUT-000013,MT-003635,29,1,0.48,1,0
OUT-000014,MT-002570,75,0,1.25,1,0
OUT-000015,MT-004828,83,0,1.38,1,0
OUT-000016,MT-001371,79,1,1.32,1,0
OUT-000017,MT-003811,133,0,2.22,1,0
OUT-000018,MT-003636,103,0,1.72,1,0
OUT-000019,MT-002694,98,0,1.63,1,0
OUT-000020,MT-004555,126,0,2.1,1,0
OUT-000021,MT-000071,102,1,1.7,1,0
OUT-000022,MT-000630,159,0,2.65,1,0
OUT-000023,MT-004315,157,0,2.62,1,0
OUT-000024,MT-000535,120,0,2.0,1,0
OUT-000025,MT-004676,118,1,1.97,1,0
OUT-000026,MT-000863,100,1,1.67,1,0
OUT-000027,MT-003051,100,0,1.67,1,0
OUT-000028,MT-004563,120,1,2.0,1,0
OUT-000029,MT-001036,84,0,1.4,1,0
OUT-000030,MT-000988,118,1,1.97,1,0
OUT-000031,MT-002083,91,0,1.52,1,0
OUT-000032,MT-002282,96,0,1.6,1,0
OUT-000033,MT-003037,112,0,1.87,1,0
OUT-000034,MT-000994,86,0,1.43,1,0
OUT-000035,MT-000723,93,1,1.55,1,0
OUT-000036,MT-002120,60,1,1.0,1,0
OUT-000037,MT-000152,128,0,2.13,1,0
OUT-000038,MT-002450,84,1,1.4,1,0
OUT-000039,MT-004231,116,0,1.93,1,0
OUT-000040,MT-002024,87,1,1.45,1,0
OUT-000041,MT-002826,107,0,1.78,1,0
OUT-000042,MT-003995,132,0,2.2,1,0
OUT-000043,MT-001851,102,0,1.7,1,0
OUT-000044,MT-004602,136,0,2.27,1,0
OUT-000045,MT-001516,87,0,1.45,1,0
OUT-000046,MT-003904,69,0,1.15,1,0
OUT-000047,MT-002664,71,0,1.18,1,0
OUT-000048,MT-003647,157,1,2.62,1,0
OUT-000049,MT-000991,161,1,2.68,1,0
OUT-000050,MT-003179,94,0,1.57,1,0
OUT-000051,MT-001161,188,0,3.13,1,0
OUT-000052,MT-004564,66,1,1.1,1,0
OUT-000053,MT-002253,93,1,1.55,1,0
OUT-000054,MT-003195,108,0,1.8,1,0
OUT-000055,MT-004398,103,0,1.72,1,0
OUT-000056,MT-004876,121,0,2.02,1,0
OUT-000057,MT-000804,90,0,1.5,1,0
OUT-000058,MT-002796,91,1,1.52,1,0
OUT-000059,MT-002754,59,0,0.98,1,0
OUT-000060,MT-003055,46,1,0.77,1,0
OUT-000061,MT-004307,74,1,1.23,1,0
OUT-000062,MT-001035,118,0,1.97,1,0
OUT-000063,MT-004956,136,0,2.27,1,0
OUT-000064,MT-004723,146,0,2.43,1,0
OUT-000065,MT-001359,86,1,1.43,1,0
OUT-000066,MT-003000,66,0,1.1,1,0
OUT-000067,MT-000264,38,0,0.63,1,0
OUT-000068,MT-000137,81,0,1.35,1,0
OUT-000069,MT-002722,102,1,1.7,1,0
OUT-000070,MT-002993,146,1,2.43,1,0
OUT-000071,MT-001102,73,0,1.22,1,0
OUT-000072,MT-003847,81,1,1.35,1,0
OUT-000073,MT-003520,96,0,1.6,1,0
OUT-000074,MT-003790,119,1,1.98,1,0
OUT-000075,MT-000485,149,1,2.48,1,0
OUT-000076,MT-000848,148,1,2.47,0,0
OUT-000077,MT-003616,122,0,2.03,1,0
OUT-000078,MT-003315,118,0,1.97,1,0
OUT-000079,MT-004634,124,0,2.07,1,0
OUT-000080,MT-001630,211,1,3.52,1,0
OUT-000081,MT-004770,127,1,2.12,1,0
OUT-000082,MT-000725,99,1,1.65,1,0
OUT-000083,MT-002737,61,0,1.02,1,0
OUT-000084,MT-000286,102,1,1.7,1,0
OUT-000085,MT-002495,70,1,1.17,1,0
OUT-000086,MT-004578,80,0,1.33,1,0
OUT-000087,MT-004559,94,0,1.57,1,0
OUT-000088,MT-002763,80,0,1.33,1,0
OUT-000089,MT-001501,91,0,1.52,1,0
OUT-000090,MT-001841,114,1,1.9,1,0
OUT-000091,MT-002085,118,1,1.97,1,0
OUT-000092,MT-004662,151,0,2.52,1,0
OUT-000093,MT-004697,160,1,2.67,1,0
OUT-000094,MT-003101,106,0,1.77,1,0
OUT-000095,MT-002917,66,1,1.1,1,0
OUT-000096,MT-004048,87,0,1.45,1,0
OUT-000097,MT-004942,60,0,1.0,1,0
OUT-000098,MT-004928,189,1,3.15,1,0
OUT-000099,MT-002800,148,1,2.47,1,0
OUT-000100,MT-003802,74,1,1.23,1,0
OUT-000101,MT-000222,161,0,2.68,1,0
OUT-000102,MT-003491,91,0,1.52,1,0
OUT-000103,MT-002145,126,0,2.1,1,0
OUT-000104,MT-001141,133,0,2.22,1,0
OUT-000105,MT-001366,143,1,2.38,1,0
OUT-000106,MT-001495,214,1,3.57,0,0
OUT-000107,MT-000307,80,0,1.33,1,0
OUT-000108,MT-000533,142,0,2.37,1,0
OUT-000109,MT-001447,106,0,1.77,1,0
OUT-000110,MT-001436,51,0,0.85,1,0
OUT-000111,MT-001785,51,0,0.85,1,0
OUT-000112,MT-002011,87,1,1.45,1,0
OUT-000113,MT-004090,69,0,1.15,1,0
OUT-000114,MT-002035,62,1,1.03,1,0
OUT-000115,MT-003558,100,0,1.67,1,0
OUT-000116,MT-003393,144,0,2.4,1,0
OUT-000117,MT-003090,160,1,2.67,1,0
OUT-000118,MT-000309,140,1,2.33,1,0
OUT-000119,MT-002477,117,1,1.95,1,0
OUT-000120,MT-004258,136,1,2.27,1,0
OUT-000121,MT-002296,160,1,2.67,1,0
OUT-000122,MT-004743,146,1,2.43,1,0
OUT-000123,MT-000394,121,0,2.02,1,0
OUT-000124,MT-003152,125,0,2.08,1,0
OUT-000125,MT-004104,94,1,1.57,1,0
OUT-000126,MT-000392,122,0,2.03,1,0
OUT-000127,MT-002213,125,0,2.08,1,0
OUT-000128,MT-004205,146,1,2.43,1,0
OUT-000129,MT-000448,75,1,1.25,1,0
OUT-000130,MT-002901,113,0,1.88,1,0
OUT-000131,MT-000631,103,0,1.72,1,0
OUT-000132,MT-000108,119,0,1.98,1,0
OUT-000133,MT-003423,144,0,2.4,1,0
OUT-000134,MT-003464,177,1,2.95,1,0
OUT-000135,MT-001839,91,0,1.52,1,0
OUT-000136,MT-002004,154,1,2.57,1,0
OUT-000137,MT-000400,160,0,2.67,1,0
OUT-000138,MT-004653,116,1,1.93,1,0
OUT-000139,MT-000316,138,0,2.3,1,0
OUT-000140,MT-000607,122,1,2.03,1,0
OUT-000141,MT-001953,111,0,1.85,1,0
OUT-000142,MT-001537,63,0,1.05,1,0
OUT-000143,MT-001932,204,1,3.4,1,0
OUT-000144,MT-004470,118,1,1.97,1,0
OUT-000145,MT-000826,116,1,1.93,1,0
OUT-000146,MT-004414,103,0,1.72,1,0
OUT-000147,MT-000334,97,1,1.62,1,0
OUT-000148,MT-002677,100,0,1.67,1,0
OUT-000149,MT-004436,122,0,2.03,1,0
OUT-000150,MT-001069,165,1,2.75,1,0
OUT-000151,MT-002859,93,1,1.55,1,0
OUT-000152,MT-003145,180,0,3.0,1,0
OUT-000153,MT-004378,141,1,2.35,1,0
OUT-000154,MT-000757,152,0,2.53,1,0
OUT-000155,MT-001951,177,0,2.95,1,0
OUT-000156,MT-004952,106,0,1.77,1,0
OUT-000157,MT-003048,87,1,1.45,1,0
OUT-000158,MT-000220,74,1,1.23,1,0
OUT-000159,MT-004251,78,0,1.3,1,0
OUT-000160,MT-001891,118,0,1.97,1,0
OUT-000161,MT-003412,144,1,2.4,1,0
OUT-000162,MT-001636,106,0,1.77,1,0
OUT-000163,MT-001660,207,1,3.45,1,0
OUT-000164,MT-002285,173,1,2.88,1,0
OUT-000165,MT-003945,104,0,1.73,1,0
OUT-000166,MT-002706,92,0,1.53,1,0
OUT-000167,MT-004615,79,0,1.32,1,0
OUT-000168,MT-003372,102,1,1.7,1,0
OUT-000169,MT-003793,135,0,2.25,1,0
OUT-000170,MT-001297,100,1,1.67,1,0
OUT-000171,MT-002550,82,0,1.37,1,0
OUT-000172,MT-000453,98,0,1.63,1,0
OUT-000173,MT-000659,144,1,2.4,1,0
OUT-000174,MT-003375,131,0,2.18,0,0
OUT-000175,MT-004951,197,0,3.28,1,0
OUT-000176,MT-002566,118,1,1.97,1,0
OUT-000177,MT-003318,153,1,2.55,1,0
OUT-000178,MT-002157,107,1,1.78,1,0
OUT-000179,MT-001614,149,1,2.48,1,0
OUT-000180,MT-001754,185,0,3.08,0,0
OUT-000181,MT-004959,178,0,2.97,1,0
OUT-000182,MT-003410,77,1,1.28,1,0
OUT-000183,MT-000391,49,1,0.82,1,0
OUT-000184,MT-003606,171,0,2.85,1,0
OUT-000185,MT-002224,134,0,2.23,1,0
OUT-000186,MT-003862,35,1,0.58,1,0
OUT-000187,MT-001897,153,0,2.55,1,0
OUT-000188,MT-002128,109,0,1.82,1,0
OUT-000189,MT-002102,141,0,2.35,1,0
OUT-000190,MT-004437,198,0,3.3,1,0
OUT-000191,MT-000382,81,0,1.35,1,0
OUT-000192,MT-002361,129,0,2.15,1,0
OUT-000193,MT-004493,95,0,1.58,1,0
OUT-000194,MT-003835,85,0,1.42,1,0
OUT-000195,MT-003736,90,1,1.5,1,0
OUT-000196,MT-001435,126,0,2.1,1,0
OUT-000197,MT-002941,64,0,1.07,1,0
OUT-000198,MT-002963,165,0,2.75,1,0
OUT-000199,MT-001239,55,1,0.92,1,0
OUT-000200,MT-003052,94,1,1.57,1,0
OUT-000201,MT-002317,95,0,1.58,0,0
OUT-000202,MT-004525,96,1,1.6,1,0
OUT-000203,MT-003752,141,1,2.35,1,0
OUT-000204,MT-004297,187,0,3.12,1,0
OUT-000205,MT-000171,88,1,1.47,1,0
OUT-000206,MT-001207,214,1,3.57,1,0
OUT-000207,MT-000780,144,0,2.4,1,0
OUT-000208,MT-003486,85,0,1.42,1,0
OUT-000209,MT-002360,145,1,2.42,1,0
OUT-000210,MT-002295,105,1,1.75,1,0
OUT-000211,MT-000276,81,1,1.35,0,0
OUT-000212,MT-000466,133,0,2.22,1,0
OUT-000213,MT-004798,172,0,2.87,1,0
OUT-000214,MT-004341,137,0,2.28,0,0
OUT-000215,MT-000410,125,0,2.08,0,0
OUT-000216,MT-002533,177,1,2.95,1,0
OUT-000217,MT-002374,106,0,1.77,1,0
OUT-000218,MT-003801,135,0,2.25,1,0
OUT-000219,MT-003014,197,0,3.28,1,0
OUT-000220,MT-000283,116,1,1.93,1,0
OUT-000221,MT-001221,68,1,1.13,0,0
OUT-000222,MT-001579,104,0,1.73,1,0
OUT-000223,MT-001748,153,0,2.55,1,0
OUT-000224,MT-000464,110,0,1.83,1,0
OUT-000225,MT-004765,55,0,0.92,1,0
OUT-000226,MT-000227,115,0,1.92,1,0
OUT-000227,MT-004256,71,0,1.18,1,0
OUT-000228,MT-002714,89,0,1.48,1,0
OUT-000229,MT-003910,95,1,1.58,1,0
OUT-000230,MT-003170,62,1,1.03,1,0
OUT-000231,MT-000404,165,0,2.75,1,0
OUT-000232,MT-002001,117,1,1.95,1,0
OUT-000233,MT-004624,73,0,1.22,1,0
OUT-000234,MT-003223,51,1,0.85,1,0
OUT-000235,MT-004476,170,1,2.83,1,0
OUT-000236,MT-004141,118,0,1.97,1,0
OUT-000237,MT-002255,130,1,2.17,0,0
OUT-000238,MT-000843,104,0,1.73,1,0
OUT-000239,MT-004983,181,1,3.02,1,0
OUT-000240,MT-001988,95,0,1.58,1,0
OUT-000241,MT-003144,121,0,2.02,1,0
OUT-000242,MT-002174,39,0,0.65,1,0
OUT-000243,MT-003882,121,0,2.02,1,0
OUT-000244,MT-003419,199,1,3.32,1,0
OUT-000245,MT-004008,51,0,0.85,1,0
OUT-000246,MT-001074,117,0,1.95,1,0
OUT-000247,MT-001205,170,0,2.83,1,0
OUT-000248,MT-004036,165,0,2.75,1,0
OUT-000249,MT-003691,84,1,1.4,1,0
OUT-000250,MT-001964,117,1,1.95,1,0
OUT-000251,MT-001429,88,0,1.47,1,0
OUT-000252,MT-000418,125,0,2.08,1,0
OUT-000253,MT-002929,187,1,3.12,1,0
OUT-000254,MT-004103,111,0,1.85,1,0
OUT-000255,MT-000966,57,0,0.95,1,0
OUT-000256,MT-002594,114,0,1.9,1,0
OUT-000257,MT-003727,96,0,1.6,1,0
OUT-000258,MT-000328,135,0,2.25,1,0
OUT-000259,MT-004162,69,0,1.15,1,0
OUT-000260,MT-004804,231,0,3.85,1,0
OUT-000261,MT-000358,92,1,1.53,1,0
OUT-000262,MT-001641,153,0,2.55,1,0
OUT-000263,MT-003986,175,1,2.92,1,0
OUT-000264,MT-000605,102,0,1.7,1,0
OUT-000265,MT-004886,75,0,1.25,1,0
OUT-000266,MT-001816,93,0,1.55,1,0
OUT-000267,MT-001502,185,0,3.08,1,0
OUT-000268,MT-002158,61,0,1.02,1,0
OUT-000269,MT-002078,114,0,1.9,1,0
OUT-000270,MT-001144,97,1,1.62,1,0
OUT-000271,MT-004732,161,0,2.68,1,0
OUT-000272,MT-002531,218,1,3.63,0,0
OUT-000273,MT-001538,126,0,2.1,1,0
OUT-000274,MT-004434,48,0,0.8,1,0
OUT-000275,MT-001172,64,0,1.07,1,0
OUT-000276,MT-002538,108,1,1.8,1,0
OUT-000277,MT-004623,106,1,1.77,1,0
OUT-000278,MT-001693,126,1,2.1,1,0
OUT-000279,MT-003992,111,1,1.85,1,0
OUT-000280,MT-000035,62,0,1.03,1,0
OUT-000281,MT-002236,117,1,1.95,1,0
OUT-000282,MT-001475,125,0,2.08,1,0
OUT-000283,MT-003108,167,1,2.78,1,0
OUT-000284,MT-004526,127,0,2.12,1,0
OUT-000285,MT-004684,163,0,2.72,1,0
OUT-000286,MT-001967,146,0,2.43,1,0
OUT-000287,MT-001845,99,0,1.65,1,0
OUT-000288,MT-003646,41,1,0.68,1,0
OUT-000289,MT-004354,154,0,2.57,1,0
OUT-000290,MT-000794,88,0,1.47,1,0
OUT-000291,MT-004838,129,1,2.15,1,0
OUT-000292,MT-002168,77,0,1.28,1,0
OUT-000293,MT-002774,134,0,2.23,1,0
OUT-000294,MT-000270,76,0,1.27,1,0
OUT-000295,MT-000909,138,0,2.3,1,0
OUT-000296,MT-001199,95,0,1.58,1,0
OUT-000297,MT-004078,71,1,1.18,1,0
OUT-000298,MT-004755,135,1,2.25,1,0
OUT-000299,MT-000026,115,1,1.92,1,0
OUT-000300,MT-002048,146,1,2.43,1,0
OUT-000301,MT-003952,115,0,1.92,1,0
OUT-000302,MT-000342,120,0,2.0,1,0
OUT-000303,MT-000776,204,1,3.4,1,0
OUT-000304,MT-003490,106,0,1.77,1,0
OUT-000305,MT-002050,123,0,2.05,1,0
OUT-000306,MT-004222,134,0,2.23,1,0
OUT-000307,MT-002036,126,1,2.1,1,0
OUT-000308,MT-000217,105,0,1.75,1,0
OUT-000309,MT-000653,142,1,2.37,1,0
OUT-000310,MT-000188,117,0,1.95,1,0
OUT-000311,MT-001225,95,0,1.58,1,0
OUT-000312,MT-003843,109,1,1.82,1,0
OUT-000313,MT-002413,115,0,1.92,1,0
OUT-000314,MT-004944,115,0,1.92,0,0
OUT-000315,MT-003719,137,0,2.28,1,0
OUT-000316,MT-004644,68,0,1.13,1,0
OUT-000317,MT-001265,43,0,0.72,1,0
OUT-000318,MT-002982,100,1,1.67,1,0
OUT-000319,MT-000662,81,1,1.35,1,0
OUT-000320,MT-001820,114,1,1.9,1,0
OUT-000321,MT-000295,114,0,1.9,1,0
OUT-000322,MT-003274,168,0,2.8,1,0
OUT-000323,MT-002739,107,1,1.78,1,0
OUT-000324,MT-003685,127,1,2.12,1,0
OUT-000325,MT-002890,180,1,3.0,1,0
OUT-000326,MT-000479,118,0,1.97,1,0
OUT-000327,MT-002216,98,1,1.63,1,0
OUT-000328,MT-004453,110,0,1.83,1,0
OUT-000329,MT-003427,160,1,2.67,1,0
OUT-000330,MT-004767,180,0,3.0,1,0
OUT-000331,MT-000039,110,0,1.83,1,0
OUT-000332,MT-000239,108,0,1.8,1,0
OUT-000333,MT-001355,106,1,1.77,0,0
OUT-000334,MT-000860,126,0,2.1,1,0
OUT-000335,MT-001757,102,0,1.7,1,0
OUT-000336,MT-000693,81,0,1.35,1,0
OUT-000337,MT-001180,115,0,1.92,1,0
OUT-000338,MT-003984,74,1,1.23,1,0
OUT-000339,MT-000522,98,0,1.63,1,0
OUT-000340,MT-000829,70,0,1.17,1,0
OUT-000341,MT-004264,64,0,1.07,1,0
OUT-000342,MT-001920,114,0,1.9,1,0
OUT-000343,MT-004330,112,0,1.87,1,0
OUT-000344,MT-004343,98,0,1.63,1,0
OUT-000345,MT-002977,182,1,3.03,1,0
OUT-000346,MT-001220,81,1,1.35,1,0
OUT-000347,MT-000817,133,1,2.22,1,0
OUT-000348,MT-002967,64,0,1.07,1,0
OUT-000349,MT-004499,144,1,2.4,1,0
OUT-000350,MT-003730,121,0,2.02,1,0
OUT-000351,MT-001427,85,0,1.42,1,0
OUT-000352,MT-002227,100,1,1.67,1,0
OUT-000353,MT-003038,161,0,2.68,1,0
OUT-000354,MT-003873,152,0,2.53,1,0
OUT-000355,MT-002028,65,0,1.08,1,0
OUT-000356,MT-004989,95,0,1.58,1,0
OUT-000357,MT-001596,177,0,2.95,1,0
OUT-000358,MT-002715,112,1,1.87,1,0
OUT-000359,MT-000755,65,0,1.08,1,0
OUT-000360,MT-003877,93,0,1.55,1,0
OUT-000361,MT-004729,92,0,1.53,1,0
OUT-000362,MT-002554,131,1,2.18,1,0
OUT-000363,MT-002099,98,0,1.63,1,0
OUT-000364,MT-000351,75,1,1.25,1,0
OUT-000365,MT-000809,159,1,2.65,1,0
OUT-000366,MT-003229,86,0,1.43,1,0
OUT-000367,MT-002809,87,1,1.45,1,0
OUT-000368,MT-002131,41,1,0.68,1,0
OUT-000369,MT-000146,52,0,0.87,1,0
OUT-000370,MT-004631,87,0,1.45,1,0
OUT-000371,MT-004668,74,0,1.23,1,0
OUT-000372,MT-001948,75,1,1.25,1,0
OUT-000373,MT-000561,119,0,1.98,1,0
OUT-000374,MT-001096,78,0,1.3,1,0
OUT-000375,MT-000460,92,1,1.53,1,0
OUT-000376,MT-000292,166,0,2.77,1,0
OUT-000377,MT-000383,87,0,1.45,1,0
OUT-000378,MT-003013,121,0,2.02,1,0
OUT-000379,MT-001282,176,1,2.93,1,0
OUT-000380,MT-003083,59,0,0.98,1,0
OUT-000381,MT-003254,148,1,2.47,1,0
OUT-000382,MT-002094,110,0,1.83,1,0
OUT-000383,MT-003807,171,0,2.85,1,0
OUT-000384,MT-003361,107,0,1.78,1,0
OUT-000385,MT-001438,106,0,1.77,1,0
OUT-000386,MT-003974,81,0,1.35,1,0
OUT-000387,MT-000360,77,0,1.28,1,0
OUT-000388,MT-002730,106,0,1.77,1,0
OUT-000389,MT-000050,179,1,2.98,1,0
OUT-000390,MT-002479,117,0,1.95,1,0
OUT-000391,MT-004960,63,0,1.05,1,0
OUT-000392,MT-004545,133,0,2.22,1,0
OUT-000393,MT-002733,66,0,1.1,1,0
OUT-000394,MT-003432,87,0,1.45,1,0
OUT-000395,MT-001305,71,0,1.18,1,0
OUT-000396,MT-000511,127,0,2.12,1,0
OUT-000397,MT-001952,119,0,1.98,1,0
OUT-000398,MT-000042,104,0,1.73,1,0
OUT-000399,MT-004255,61,0,1.02,1,0
OUT-000400,MT-004446,90,0,1.5,1,0
OUT-000401,MT-001493,109,0,1.82,1,0
OUT-000402,MT-002366,85,0,1.42,1,0
OUT-000403,MT-000208,89,1,1.48,1,0
OUT-000404,MT-004837,44,1,0.73,1,0
OUT-000405,MT-004500,59,0,0.98,1,0
OUT-000406,MT-004076,104,1,1.73,1,0
OUT-000407,MT-001164,97,1,1.62,1,0
OUT-000408,MT-002683,129,1,2.15,1,0
OUT-000409,MT-004301,126,1,2.1,0,0
OUT-000410,MT-004044,96,0,1.6,1,0
OUT-000411,MT-004143,80,1,1.33,1,0
OUT-000412,MT-001462,164,0,2.73,1,0
OUT-000413,MT-003124,140,0,2.33,1,0
OUT-000414,MT-003428,123,0,2.05,1,0
OUT-000415,MT-004088,224,1,3.73,1,0
OUT-000416,MT-002577,99,1,1.65,1,0
OUT-000417,MT-004650,148,0,2.47,1,0
OUT-000418,MT-001876,120,0,2.0,1,0
OUT-000419,MT-001055,157,0,2.62,1,0
OUT-000420,MT-002814,128,1,2.13,0,0
OUT-000421,MT-002922,118,0,1.97,1,0
OUT-000422,MT-002156,106,0,1.77,1,0
OUT-000423,MT-003828,109,1,1.82,1,0
OUT-000424,MT-004730,97,0,1.62,1,0
OUT-000425,MT-003782,133,0,2.22,1,0
OUT-000426,MT-002093,118,0,1.97,1,0
OUT-000427,MT-000128,139,0,2.32,1,0
OUT-000428,MT-003720,88,0,1.47,1,0
OUT-000429,MT-002204,121,1,2.02,1,0
OUT-000430,MT-000262,103,0,1.72,1,0
OUT-000431,MT-002881,130,1,2.17,1,0
OUT-000432,MT-000615,52,0,0.87,1,0
OUT-000433,MT-002155,122,0,2.03,1,0
OUT-000434,MT-003898,156,0,2.6,1,0
OUT-000435,MT-004372,129,1,2.15,1,0
OUT-000436,MT-001142,180,0,3.0,1,0
OUT-000437,MT-002810,134,0,2.23,1,0
OUT-000438,MT-001023,70,0,1.17,1,0
OUT-000439,MT-000596,98,0,1.63,1,0
OUT-000440,MT-001940,144,0,2.4,1,0
OUT-000441,MT-004138,116,1,1.93,1,0
OUT-000442,MT-003250,71,0,1.18,1,0
OUT-000443,MT-004012,105,1,1.75,1,0
OUT-000444,MT-002175,58,0,0.97,1,0
OUT-000445,MT-003735,87,0,1.45,1,0
OUT-000446,MT-000883,106,0,1.77,1,0
OUT-000447,MT-003462,101,1,1.68,1,0
OUT-000448,MT-002964,111,0,1.85,1,0
OUT-000449,MT-001898,110,1,1.83,1,0
OUT-000450,MT-004361,93,1,1.55,1,0
OUT-000451,MT-000027,133,1,2.22,1,0
OUT-000452,MT-004150,94,0,1.57,1,0
OUT-000453,MT-002745,116,0,1.93,1,0
OUT-000454,MT-000388,96,1,1.6,1,0
OUT-000455,MT-002303,100,0,1.67,0,0
OUT-000456,MT-000532,125,0,2.08,1,0
OUT-000457,MT-002718,41,1,0.68,1,0
OUT-000458,MT-002972,166,0,2.77,1,0
OUT-000459,MT-003608,62,1,1.03,1,0
OUT-000460,MT-001782,81,0,1.35,1,0
OUT-000461,MT-003345,99,1,1.65,1,0
OUT-000462,MT-004062,61,0,1.02,1,0
OUT-000463,MT-000627,134,1,2.23,1,0
OUT-000464,MT-004276,67,0,1.12,1,0
OUT-000465,MT-000390,137,1,2.28,1,0
OUT-000466,MT-000714,137,0,2.28,1,0
OUT-000467,MT-004360,82,0,1.37,1,0
OUT-000468,MT-003185,89,0,1.48,1,0
OUT-000469,MT-000014,152,0,2.53,1,0
OUT-000470,MT-004024,138,0,2.3,1,0
OUT-000471,MT-004661,133,1,2.22,1,0
OUT-000472,MT-001751,71,0,1.18,1,0
OUT-000473,MT-004324,117,1,1.95,1,0
OUT-000474,MT-002767,73,0,1.22,1,0
OUT-000475,MT-001041,191,1,3.18,1,0
OUT-000476,MT-000140,160,0,2.67,1,0
OUT-000477,MT-002356,110,0,1.83,1,0
OUT-000478,MT-004752,154,1,2.57,1,0
OUT-000479,MT-003800,129,1,2.15,1,0
OUT-000480,MT-001386,102,0,1.7,1,0
OUT-000481,MT-001335,88,0,1.47,1,0
OUT-000482,MT-004929,98,0,1.63,1,0
OUT-000483,MT-002838,122,1,2.03,1,0
OUT-000484,MT-003786,139,0,2.32,1,0
OUT-000485,MT-003233,85,0,1.42,1,0
OUT-000486,MT-001293,87,0,1.45,1,0
OUT-000487,MT-001534,121,0,2.02,1,0
OUT-000488,MT-004998,121,0,2.02,1,0
OUT-000489,MT-002576,84,0,1.4,1,0
OUT-000490,MT-004993,88,0,1.47,1,0
OUT-000491,MT-004502,123,1,2.05,1,0
OUT-000492,MT-001947,132,0,2.2,1,0
OUT-000493,MT-004472,97,1,1.62,1,0
OUT-000494,MT-002691,116,0,1.93,0,0
OUT-000495,MT-003535,152,1,2.53,1,0
OUT-000496,MT-002335,64,0,1.07,1,0
OUT-000497,MT-000750,70,1,1.17,1,0
OUT-000498,MT-000611,130,1,2.17,0,0
OUT-000499,MT-001695,84,1,1.4,1,0
OUT-000500,MT-001918,95,0,1.58,1,0
OUT-000501,MT-001213,192,1,3.2,1,0
OUT-000502,MT-003116,147,1,2.45,1,0
OUT-000503,MT-002117,116,0,1.93,1,0
OUT-000504,MT-001406,221,1,3.68,1,0
OUT-000505,MT-004516,92,1,1.53,1,0
OUT-000506,MT-004356,101,0,1.68,1,0
OUT-000507,MT-003577,28,1,0.47,1,0
OUT-000508,MT-000125,93,1,1.55,1,0
OUT-000509,MT-002165,99,1,1.65,1,0
OUT-000510,MT-001099,173,1,2.88,1,0
OUT-000511,MT-001878,146,1,2.43,1,0
OUT-000512,MT-004246,90,1,1.5,0,0
OUT-000513,MT-000960,126,0,2.1,1,0
OUT-000514,MT-002272,145,1,2.42,1,0
OUT-000515,MT-002022,187,0,3.12,1,0
OUT-000516,MT-002365,174,0,2.9,1,0
OUT-000517,MT-004314,83,1,1.38,1,0
OUT-000518,MT-004603,87,1,1.45,1,0
OUT-000519,MT-002762,96,0,1.6,1,0
OUT-000520,MT-002124,211,1,3.52,1,0
OUT-000521,MT-002731,72,0,1.2,0,0
OUT-000522,MT-000992,42,0,0.7,1,0
OUT-000523,MT-002695,119,0,1.98,0,0
OUT-000524,MT-003392,183,0,3.05,1,0
OUT-000525,MT-002698,84,1,1.4,1,0
OUT-000526,MT-004247,129,0,2.15,1,0
OUT-000527,MT-002498,83,0,1.38,1,0
OUT-000528,MT-001855,81,0,1.35,1,0
OUT-000529,MT-004196,72,0,1.2,1,0
OUT-000530,MT-002321,89,0,1.48,1,0
OUT-000531,MT-000580,58,0,0.97,1,0
OUT-000532,MT-000052,59,0,0.98,1,0
OUT-000533,MT-002950,98,0,1.63,1,0
OUT-000534,MT-002679,84,0,1.4,1,0
OUT-000535,MT-002541,125,1,2.08,1,0
OUT-000536,MT-000317,60,0,1.0,1,0
OUT-000537,MT-003798,141,0,2.35,1,0
OUT-000538,MT-003473,87,1,1.45,1,0
OUT-000539,MT-004756,148,0,2.47,1,0
OUT-000540,MT-002271,119,1,1.98,1,0
OUT-000541,MT-002930,87,0,1.45,1,0
OUT-000542,MT-000225,102,0,1.7,1,0
OUT-000543,MT-001319,87,0,1.45,1,0
OUT-000544,MT-003796,89,1,1.48,0,0
OUT-000545,MT-000415,122,0,2.03,1,0
OUT-000546,MT-001106,75,0,1.25,1,0
OUT-000547,MT-002344,126,0,2.1,1,0
OUT-000548,MT-002844,132,0,2.2,1,0
OUT-000549,MT-003226,151,1,2.52,1,0
OUT-000550,MT-001153,124,0,2.07,1,0
OUT-000551,MT-001275,96,0,1.6,0,0
OUT-000552,MT-002764,147,1,2.45,1,0
OUT-000553,MT-001266,130,1,2.17,1,0
OUT-000554,MT-003439,142,0,2.37,1,0
OUT-000555,MT-001993,131,1,2.18,1,0
OUT-000556,MT-002473,117,0,1.95,1,0
OUT-000557,MT-004018,121,1,2.02,1,0
OUT-000558,MT-000705,112,0,1.87,1,0
OUT-000559,MT-002650,131,0,2.18,1,0
OUT-000560,MT-002701,136,1,2.27,1,0
OUT-000561,MT-000604,120,1,2.0,1,0
OUT-000562,MT-004921,84,0,1.4,1,0
OUT-000563,MT-002209,114,0,1.9,1,0
OUT-000564,MT-002643,143,0,2.38,1,0
OUT-000565,MT-000765,176,1,2.93,1,0
OUT-000566,MT-004176,44,1,0.73,1,0
OUT-000567,MT-000030,111,0,1.85,1,0
OUT-000568,MT-003977,126,0,2.1,1,0
OUT-000569,MT-003406,47,0,0.78,1,0
OUT-000570,MT-000658,139,0,2.32,1,0
OUT-000571,MT-004055,111,0,1.85,1,0
OUT-000572,MT-004029,158,0,2.63,1,0
OUT-000573,MT-003414,169,0,2.82,1,0
OUT-000574,MT-004147,100,0,1.67,1,0
OUT-000575,MT-000311,66,0,1.1,1,0
OUT-000576,MT-000489,88,1,1.47,1,0
OUT-000577,MT-000160,91,0,1.52,1,0
OUT-000578,MT-004897,97,0,1.62,1,0
OUT-000579,MT-004902,71,0,1.18,1,0
OUT-000580,MT-001243,84,0,1.4,1,0
OUT-000581,MT-001026,113,1,1.88,1,0
OUT-000582,MT-001186,98,0,1.63,1,0
OUT-000583,MT-003547,118,1,1.97,1,0
OUT-000584,MT-003346,160,1,2.67,1,0
OUT-000585,MT-002148,66,1,1.1,1,0
OUT-000586,MT-004558,162,0,2.7,1,0
OUT-000587,MT-004173,76,1,1.27,1,0
OUT-000588,MT-003394,156,1,2.6,1,0
OUT-000589,MT-002523,102,0,1.7,1,0
OUT-000590,MT-001232,71,0,1.18,1,0
OUT-000591,MT-002481,108,0,1.8,1,0
OUT-000592,MT-003488,153,1,2.55,1,0
OUT-000593,MT-002628,89,0,1.48,1,0
OUT-000594,MT-003436,184,1,3.07,1,0
OUT-000595,MT-004454,90,0,1.5,1,0
OUT-000596,MT-002784,161,1,2.68,1,0
OUT-000597,MT-003405,99,0,1.65,1,0
OUT-000598,MT-000386,205,0,3.42,1,0
OUT-000599,MT-000034,171,1,2.85,1,0
OUT-000600,MT-000571,136,0,2.27,1,0
OUT-000601,MT-002620,53,0,0.88,1,0
OUT-000602,MT-002935,147,0,2.45,1,0
OUT-000603,MT-000876,68,0,1.13,1,0
OUT-000604,MT-003019,161,0,2.68,1,0
OUT-000605,MT-002606,159,1,2.65,1,0
OUT-000606,MT-003447,71,0,1.18,1,0
OUT-000607,MT-000214,151,0,2.52,1,0
OUT-000608,MT-000332,139,1,2.32,1,0
OUT-000609,MT-003908,151,1,2.52,1,0
OUT-000610,MT-000127,122,1,2.03,1,0
OUT-000611,MT-004494,184,1,3.07,1,0
OUT-000612,MT-003310,125,0,2.08,1,0
OUT-000613,MT-003113,98,0,1.63,1,0
OUT-000614,MT-004460,166,0,2.77,1,0
OUT-000615,MT-003638,71,0,1.18,1,0
OUT-000616,MT-004128,86,0,1.43,1,0
OUT-000617,MT-001320,74,0,1.23,1,0
OUT-000618,MT-004741,110,1,1.83,1,0
OUT-000619,MT-000893,90,0,1.5,1,0
OUT-000620,MT-001562,110,0,1.83,1,0
OUT-000621,MT-001799,89,1,1.48,1,0
OUT-000622,MT-002123,86,0,1.43,1,0
OUT-000623,MT-000697,76,0,1.27,1,0
OUT-000624,MT-003391,82,0,1.37,1,0
OUT-000625,MT-002638,137,0,2.28,1,0
OUT-000626,MT-001617,106,0,1.77,1,0
OUT-000627,MT-001194,154,1,2.57,1,0
OUT-000628,MT-004105,146,1,2.43,1,0
OUT-000629,MT-000350,153,1,2.55,1,0
OUT-000630,MT-004216,56,0,0.93,1,0
OUT-000631,MT-001415,130,0,2.17,1,0
OUT-000632,MT-000793,151,0,2.52,1,0
OUT-000633,MT-002061,48,0,0.8,1,0
OUT-000634,MT-000978,97,1,1.62,1,0
OUT-000635,MT-003555,94,0,1.57,1,0
OUT-000636,MT-004236,166,0,2.77,1,0
OUT-000637,MT-004107,81,1,1.35,1,0
OUT-000638,MT-002975,50,0,0.83,1,0
OUT-000639,MT-001847,142,0,2.37,1,0
OUT-000640,MT-003679,88,0,1.47,1,0
OUT-000641,MT-003567,150,0,2.5,1,0
OUT-000642,MT-001779,104,0,1.73,1,0
OUT-000643,MT-003339,161,1,2.68,1,0
OUT-000644,MT-004651,90,1,1.5,1,0
OUT-000645,MT-001339,129,0,2.15,1,0
OUT-000646,MT-001966,68,0,1.13,1,0
OUT-000647,MT-002597,103,1,1.72,1,0
OUT-000648,MT-001736,79,0,1.32,1,0
OUT-000649,MT-000770,72,0,1.2,1,0
OUT-000650,MT-003978,39,0,0.65,1,0
OUT-000651,MT-001280,93,0,1.55,1,0
OUT-000652,MT-000614,75,0,1.25,0,0
OUT-000653,MT-001935,71,0,1.18,1,0
OUT-000654,MT-000598,161,1,2.68,1,0
OUT-000655,MT-000560,83,0,1.38,1,0
OUT-000656,MT-000066,165,1,2.75,1,0
OUT-000657,MT-003681,129,1,2.15,1,0
OUT-000658,MT-003654,43,0,0.72,1,0
OUT-000659,MT-000421,99,1,1.65,1,0
OUT-000660,MT-000657,113,0,1.88,1,0
OUT-000661,MT-004846,190,1,3.17,1,0
OUT-000662,MT-000685,107,0,1.78,1,0
OUT-000663,MT-000510,98,0,1.63,1,0
OUT-000664,MT-000557,63,0,1.05,1,0
OUT-000665,MT-002015,98,0,1.63,1,0
OUT-000666,MT-002075,103,0,1.72,1,0
OUT-000667,MT-001179,113,0,1.88,1,0
OUT-000668,MT-002053,141,1,2.35,1,0
OUT-000669,MT-004658,139,0,2.32,1,0
OUT-000670,MT-002081,157,1,2.62,1,0
OUT-000671,MT-003578,130,1,2.17,1,0
OUT-000672,MT-004926,61,0,1.02,1,0
OUT-000673,MT-001517,68,0,1.13,1,0
OUT-000674,MT-004739,71,1,1.18,1,0
OUT-000675,MT-004122,132,1,2.2,1,0
OUT-000676,MT-001257,110,0,1.83,1,0
OUT-000677,MT-002090,92,0,1.53,1,0
OUT-000678,MT-002600,125,0,2.08,1,0
OUT-000679,MT-001338,183,1,3.05,1,0
OUT-000680,MT-001104,81,0,1.35,1,0
OUT-000681,MT-001867,167,0,2.78,1,0
OUT-000682,MT-003385,77,0,1.28,1,0
OUT-000683,MT-003537,175,0,2.92,1,0
OUT-000684,MT-000084,92,0,1.53,1,0
OUT-000685,MT-004872,91,0,1.52,1,0
OUT-000686,MT-002742,104,0,1.73,1,0
OUT-000687,MT-002905,140,0,2.33,1,0
OUT-000688,MT-002719,97,1,1.62,1,0
OUT-000689,MT-003057,77,1,1.28,1,0
OUT-000690,MT-001634,61,0,1.02,1,0
OUT-000691,MT-003923,125,1,2.08,1,0
OUT-000692,MT-002532,76,1,1.27,1,0
OUT-000693,MT-004116,167,1,2.78,1,0
OUT-000694,MT-003582,128,1,2.13,1,0
OUT-000695,MT-001874,110,1,1.83,1,0
OUT-000696,MT-000036,144,0,2.4,1,0
OUT-000697,MT-002618,110,0,1.83,1,0
OUT-000698,MT-003479,82,0,1.37,1,0
OUT-000699,MT-004184,76,0,1.27,1,0
OUT-000700,MT-001260,147,0,2.45,1,0
OUT-000701,MT-000766,123,0,2.05,1,0
OUT-000702,MT-003557,122,1,2.03,1,0
OUT-000703,MT-004233,89,0,1.48,1,0
OUT-000704,MT-000113,108,0,1.8,1,0
OUT-000705,MT-004687,114,1,1.9,1,0
OUT-000706,MT-002358,72,1,1.2,1,0
OUT-000707,MT-003075,137,1,2.28,1,0
OUT-000708,MT-002659,107,0,1.78,1,0
OUT-000709,MT-000584,103,1,1.72,1,0
OUT-000710,MT-000033,86,0,1.43,1,0
OUT-000711,MT-000529,181,1,3.02,1,0
OUT-000712,MT-003354,93,0,1.55,1,0
OUT-000713,MT-003815,121,0,2.02,1,0
OUT-000714,MT-001385,90,1,1.5,1,0
OUT-000715,MT-001292,92,0,1.53,1,0
OUT-000716,MT-004596,108,0,1.8,1,0
OUT-000717,MT-003906,95,1,1.58,1,0
OUT-000718,MT-001551,108,0,1.8,1,0
OUT-000719,MT-003831,110,0,1.83,1,0
OUT-000720,MT-001725,99,0,1.65,1,0
OUT-000721,MT-003561,154,0,2.57,1,0
OUT-000722,MT-004738,160,1,2.67,1,0
OUT-000723,MT-002383,152,0,2.53,1,0
OUT-000724,MT-001917,91,0,1.52,1,0
OUT-000725,MT-003329,97,1,1.62,1,0
OUT-000726,MT-003168,126,0,2.1,1,0
OUT-000727,MT-002649,151,0,2.52,1,0
OUT-000728,MT-000896,173,0,2.88,1,0
OUT-000729,MT-001529,95,1,1.58,1,0
OUT-000730,MT-004703,92,0,1.53,1,0
OUT-000731,MT-004992,104,0,1.73,1,0
OUT-000732,MT-000320,107,1,1.78,1,0
OUT-000733,MT-003308,163,0,2.72,1,0
OUT-000734,MT-003429,131,0,2.18,1,0
OUT-000735,MT-002348,124,1,2.07,1,0
OUT-000736,MT-002101,105,1,1.75,1,0
OUT-000737,MT-004511,150,0,2.5,1,0
OUT-000738,MT-003711,171,1,2.85,1,0
OUT-000739,MT-002039,93,0,1.55,1,0
OUT-000740,MT-002107,111,0,1.85,1,0
OUT-000741,MT-004611,105,1,1.75,1,0
OUT-000742,MT-002340,80,0,1.33,1,0
OUT-000743,MT-001360,82,0,1.37,1,0
OUT-000744,MT-004352,114,0,1.9,1,0
OUT-000745,MT-001658,148,0,2.47,1,0
OUT-000746,MT-003256,104,1,1.73,1,0
OUT-000747,MT-004836,67,0,1.12,1,0
OUT-000748,MT-001016,90,0,1.5,1,0
OUT-000749,MT-003928,140,1,2.33,1,0
OUT-000750,MT-004394,222,1,3.7,1,0
OUT-000751,MT-004946,82,1,1.37,1,0
OUT-000752,MT-004108,157,0,2.62,1,0
OUT-000753,MT-002043,56,0,0.93,1,0
OUT-000754,MT-003126,55,0,0.92,1,0
OUT-000755,MT-003259,128,0,2.13,1,0
OUT-000756,MT-003103,125,0,2.08,1,0
OUT-000757,MT-003157,83,0,1.38,1,0
OUT-000758,MT-000313,105,0,1.75,1,0
OUT-000759,MT-003466,147,1,2.45,1,0
OUT-000760,MT-004113,189,1,3.15,1,0
OUT-000761,MT-001965,217,1,3.62,1,0
OUT-000762,MT-000407,134,0,2.23,1,0
OUT-000763,MT-004794,178,0,2.97,1,0
OUT-000764,MT-004638,32,1,0.53,1,0
OUT-000765,MT-004046,89,1,1.48,1,0
OUT-000766,MT-000086,97,0,1.62,0,0
OUT-000767,MT-003378,144,1,2.4,1,0
OUT-000768,MT-004188,80,0,1.33,1,0
OUT-000769,MT-001978,30,0,0.5,1,0
OUT-000770,MT-000380,102,0,1.7,1,0
OUT-000771,MT-001791,55,0,0.92,1,0
OUT-000772,MT-004627,106,1,1.77,1,0
OUT-000773,MT-000338,79,1,1.32,1,0
OUT-000774,MT-001554,139,0,2.32,1,0
OUT-000775,MT-003682,133,1,2.22,1,0
OUT-000776,MT-002089,83,0,1.38,1,0
OUT-000777,MT-004439,70,1,1.17,1,0
OUT-000778,MT-004482,122,0,2.03,1,0
OUT-000779,MT-001667,46,0,0.77,1,0
OUT-000780,MT-002297,144,0,2.4,1,0
OUT-000781,MT-004209,135,1,2.25,1,0
OUT-000782,MT-001131,73,0,1.22,1,0
OUT-000783,MT-004331,70,1,1.17,1,0
OUT-000784,MT-003264,126,1,2.1,1,0
OUT-000785,MT-003284,169,0,2.82,1,0
OUT-000786,MT-004263,135,1,2.25,1,0
OUT-000787,MT-004058,112,1,1.87,1,0
OUT-000788,MT-001063,119,0,1.98,1,0
OUT-000789,MT-004213,149,1,2.48,1,0
OUT-000790,MT-003773,104,0,1.73,1,0
OUT-000791,MT-004073,86,0,1.43,1,0
OUT-000792,MT-002228,160,0,2.67,1,0
OUT-000793,MT-000977,172,1,2.87,1,0
OUT-000794,MT-001664,132,0,2.2,1,0
OUT-000795,MT-002848,91,0,1.52,1,0
OUT-000796,MT-001535,137,0,2.28,1,0
OUT-000797,MT-002956,105,1,1.75,1,0
OUT-000798,MT-002215,92,0,1.53,1,0
OUT-000799,MT-001723,179,0,2.98,1,0
OUT-000800,MT-004745,172,0,2.87,1,0
OUT-000801,MT-004457,199,0,3.32,1,0
OUT-000802,MT-004305,76,1,1.27,1,0
OUT-000803,MT-000782,93,1,1.55,1,0
OUT-000804,MT-000238,161,1,2.68,1,0
OUT-000805,MT-001062,161,0,2.68,1,0
OUT-000806,MT-003837,139,1,2.32,1,0
OUT-000807,MT-000918,111,1,1.85,1,0
OUT-000808,MT-001034,185,1,3.08,1,0
OUT-000809,MT-000016,116,0,1.93,1,0
OUT-000810,MT-004221,114,1,1.9,1,0
OUT-000811,MT-004518,113,0,1.88,1,0
OUT-000812,MT-002915,128,0,2.13,1,0
OUT-000813,MT-000680,142,0,2.37,1,0
OUT-000814,MT-004093,124,0,2.07,1,0
OUT-000815,MT-001488,73,0,1.22,1,0
OUT-000816,MT-002025,91,1,1.52,1,0
OUT-000817,MT-002948,82,1,1.37,1,0
OUT-000818,MT-001842,119,0,1.98,1,0
OUT-000819,MT-004433,193,0,3.22,1,0
OUT-000820,MT-000143,96,0,1.6,1,0
OUT-000821,MT-004368,133,0,2.22,1,0
OUT-000822,MT-004785,90,1,1.5,1,0
OUT-000823,MT-002582,99,0,1.65,1,0
OUT-000824,MT-001342,145,0,2.42,1,0
OUT-000825,MT-002858,97,1,1.62,1,0
OUT-000826,MT-001627,51,1,0.85,1,0
OUT-000827,MT-001391,119,1,1.98,1,0
OUT-000828,MT-002385,124,1,2.07,1,0
OUT-000829,MT-004035,143,0,2.38,1,0
OUT-000830,MT-002046,36,0,0.6,0,0
OUT-000831,MT-004546,129,1,2.15,1,0
OUT-000832,MT-004539,131,1,2.18,1,0
OUT-000833,MT-002262,160,1,2.67,1,0
OUT-000834,MT-004175,75,0,1.25,1,0
OUT-000835,MT-001246,134,0,2.23,1,0
OUT-000836,MT-004266,71,0,1.18,1,0
OUT-000837,MT-002920,81,0,1.35,1,0
OUT-000838,MT-001398,164,0,2.73,1,0
OUT-000839,MT-002817,146,0,2.43,1,0
OUT-000840,MT-004605,142,0,2.37,1,0
OUT-000841,MT-004834,33,1,0.55,1,0
OUT-000842,MT-000194,138,0,2.3,1,0
OUT-000843,MT-004274,164,1,2.73,1,0
OUT-000844,MT-003961,94,0,1.57,1,0
OUT-000845,MT-001448,110,1,1.83,1,0
OUT-000846,MT-000869,80,1,1.33,1,0
OUT-000847,MT-004287,123,1,2.05,0,0
OUT-000848,MT-001512,71,0,1.18,1,0
OUT-000849,MT-000845,97,0,1.62,1,0
OUT-000850,MT-003026,154,1,2.57,1,0
OUT-000851,MT-004987,89,0,1.48,1,0
OUT-000852,MT-001147,82,0,1.37,1,0
OUT-000853,MT-003766,157,1,2.62,1,0
OUT-000854,MT-004858,72,0,1.2,0,0
OUT-000855,MT-003415,132,0,2.2,1,0
OUT-000856,MT-000859,124,1,2.07,1,0
OUT-000857,MT-000612,149,1,2.48,1,0
OUT-000858,MT-004982,141,1,2.35,1,0
OUT-000859,MT-003416,226,1,3.77,1,0
OUT-000860,MT-004569,49,1,0.82,1,0
OUT-000861,MT-002776,91,0,1.52,1,0
OUT-000862,MT-002678,162,0,2.7,1,0
OUT-000863,MT-001013,73,0,1.22,1,0
OUT-000864,MT-002217,99,0,1.65,1,0
OUT-000865,MT-000097,196,1,3.27,1,0
OUT-000866,MT-002875,125,0,2.08,1,0
OUT-000867,MT-001326,129,0,2.15,1,0
OUT-000868,MT-003704,96,0,1.6,1,0
OUT-000869,MT-004934,70,0,1.17,1,0
OUT-000870,MT-002372,152,1,2.53,1,0
OUT-000871,MT-002862,134,0,2.23,0,0
OUT-000872,MT-004241,101,0,1.68,1,0
OUT-000873,MT-004265,41,0,0.68,1,0
OUT-000874,MT-001051,85,0,1.42,1,0
OUT-000875,MT-004377,81,0,1.35,1,0
OUT-000876,MT-004320,76,0,1.27,1,0
OUT-000877,MT-003183,82,0,1.37,1,0
OUT-000878,MT-000226,95,0,1.58,1,0
OUT-000879,MT-002520,80,1,1.33,1,0
OUT-000880,MT-004821,133,1,2.22,1,0
OUT-000881,MT-000353,89,0,1.48,1,0
OUT-000882,MT-002386,65,1,1.08,1,0
OUT-000883,MT-003723,117,1,1.95,1,0
OUT-000884,MT-002735,127,1,2.12,1,0
OUT-000885,MT-001996,158,1,2.63,1,0
OUT-000886,MT-004917,89,0,1.48,0,0
OUT-000887,MT-002446,135,0,2.25,1,0
OUT-000888,MT-003255,124,0,2.07,1,0
OUT-000889,MT-003468,208,0,3.47,1,0
OUT-000890,MT-001089,96,0,1.6,1,0
OUT-000891,MT-003969,75,1,1.25,1,0
OUT-000892,MT-004337,129,1,2.15,1,0
OUT-000893,MT-003840,99,1,1.65,1,0
OUT-000894,MT-003934,199,1,3.32,1,0
OUT-000895,MT-003239,127,0,2.12,1,0
OUT-000896,MT-000396,76,0,1.27,1,0
OUT-000897,MT-001969,84,0,1.4,1,0
OUT-000898,MT-004349,110,0,1.83,1,0
OUT-000899,MT-004011,133,1,2.22,1,0
OUT-000900,MT-003334,103,1,1.72,1,0
OUT-000901,MT-002857,174,0,2.9,1,0
OUT-000902,MT-004165,236,0,3.93,1,0
OUT-000903,MT-001061,90,1,1.5,1,0
OUT-000904,MT-001956,112,0,1.87,1,0
OUT-000905,MT-003994,86,1,1.43,1,0
OUT-000906,MT-001858,87,0,1.45,1,0
OUT-000907,MT-003326,144,1,2.4,1,0
OUT-000908,MT-001804,71,0,1.18,1,0
OUT-000909,MT-002308,102,1,1.7,1,0
OUT-000910,MT-004763,94,0,1.57,1,0
OUT-000911,MT-001835,72,0,1.2,1,0
OUT-000912,MT-001747,109,0,1.82,1,0
OUT-000913,MT-000458,95,1,1.58,1,0
OUT-000914,MT-001038,43,0,0.72,1,0
OUT-000915,MT-002652,76,1,1.27,1,0
OUT-000916,MT-001750,191,0,3.18,1,0
OUT-000917,MT-002088,128,1,2.13,1,0
OUT-000918,MT-003194,106,0,1.77,1,0
OUT-000919,MT-003017,155,1,2.58,1,0
OUT-000920,MT-000628,85,1,1.42,1,0
OUT-000921,MT-003073,102,0,1.7,1,0
OUT-000922,MT-000892,122,1,2.03,1,0
OUT-000923,MT-000855,134,1,2.23,1,0
OUT-000924,MT-003687,71,0,1.18,1,0
OUT-000925,MT-001325,123,1,2.05,1,0
OUT-000926,MT-000094,87,0,1.45,1,0
OUT-000927,MT-001148,144,0,2.4,1,0
OUT-000928,MT-004030,150,1,2.5,1,0
OUT-000929,MT-000545,137,1,2.28,1,0
OUT-000930,MT-001137,183,1,3.05,1,0
OUT-000931,MT-002837,71,0,1.18,1,0
OUT-000932,MT-004573,91,1,1.52,1,0
OUT-000933,MT-000667,137,1,2.28,1,0
OUT-000934,MT-004396,80,1,1.33,0,0
OUT-000935,MT-004757,110,0,1.83,1,0
OUT-000936,MT-001097,147,0,2.45,0,0
OUT-000937,MT-002700,45,1,0.75,1,0
OUT-000938,MT-004816,124,1,2.07,1,0
OUT-000939,MT-003241,135,0,2.25,1,0
OUT-000940,MT-000932,82,0,1.37,1,0
OUT-000941,MT-004742,162,1,2.7,1,0
OUT-000942,MT-001425,109,1,1.82,1,0
OUT-000943,MT-004115,114,1,1.9,1,0
OUT-000944,MT-002196,126,1,2.1,1,0
OUT-000945,MT-000490,69,1,1.15,1,0
OUT-000946,MT-001315,71,0,1.18,1,0
OUT-000947,MT-004326,123,0,2.05,1,0
OUT-000948,MT-002430,118,0,1.97,1,0
OUT-000949,MT-001278,73,0,1.22,1,0
OUT-000950,MT-001060,99,0,1.65,1,0
OUT-000951,MT-001143,100,1,1.67,1,0
OUT-000952,MT-002373,74,1,1.23,1,0
OUT-000953,MT-001382,142,1,2.37,1,0
OUT-000954,MT-000764,109,1,1.82,1,0
OUT-000955,MT-002465,119,1,1.98,1,0
OUT-000956,MT-003211,120,1,2.0,1,0
OUT-000957,MT-000945,62,0,1.03,1,0
OUT-000958,MT-001250,129,0,2.15,1,0
OUT-000959,MT-002464,60,0,1.0,1,0
OUT-000960,MT-004336,126,1,2.1,1,0
OUT-000961,MT-003148,169,0,2.82,0,0
OUT-000962,MT-004215,184,0,3.07,1,0
OUT-000963,MT-001677,70,0,1.17,1,0
OUT-000964,MT-001476,120,0,2.0,1,0
OUT-000965,MT-002082,143,0,2.38,1,0
OUT-000966,MT-004286,136,1,2.27,1,0
OUT-000967,MT-003698,118,0,1.97,1,0
OUT-000968,MT-003420,192,1,3.2,1,0
OUT-000969,MT-004279,143,1,2.38,1,0
OUT-000970,MT-000169,129,1,2.15,1,0
OUT-000971,MT-000274,139,0,2.32,1,0
OUT-000972,MT-003438,134,0,2.23,1,0
OUT-000973,MT-004219,63,1,1.05,1,0
OUT-000974,MT-003117,175,1,2.92,1,0
OUT-000975,MT-004883,217,0,3.62,1,0
OUT-000976,MT-000830,105,1,1.75,1,0
OUT-000977,MT-001050,156,0,2.6,1,0
OUT-000978,MT-000064,156,1,2.6,1,0
OUT-000979,MT-000236,130,1,2.17,1,0
OUT-000980,MT-002636,81,0,1.35,1,0
OUT-000981,MT-004304,87,0,1.45,1,0
OUT-000982,MT-001786,85,0,1.42,1,0
OUT-000983,MT-000465,192,0,3.2,1,0
OUT-000984,MT-002244,76,0,1.27,1,0
OUT-000985,MT-004303,110,0,1.83,1,0
OUT-000986,MT-000701,125,1,2.08,1,0
OUT-000987,MT-001688,50,0,0.83,1,0
OUT-000988,MT-003849,122,0,2.03,1,0
OUT-000989,MT-003601,126,1,2.1,1,0
OUT-000990,MT-001741,141,0,2.35,1,0
OUT-000991,MT-001465,155,1,2.58,1,0
OUT-000992,MT-003820,85,0,1.42,0,0
OUT-000993,MT-002716,97,1,1.62,1,0
OUT-000994,MT-001679,102,1,1.7,1,0
OUT-000995,MT-002249,224,0,3.73,1,0
OUT-000996,MT-002946,173,0,2.88,1,0
OUT-000997,MT-003476,75,0,1.25,1,0
OUT-000998,MT-000161,83,0,1.38,0,0
OUT-000999,MT-003424,123,0,2.05,1,0
OUT-001000,MT-004958,89,0,1.48,1,0
OUT-001001,MT-001508,131,0,2.18,1,0
OUT-001002,MT-004673,176,0,2.93,1,0
OUT-001003,MT-000438,128,0,2.13,1,0
OUT-001004,MT-000235,64,0,1.07,1,0
OUT-001005,MT-001767,78,0,1.3,1,0
OUT-001006,MT-000703,102,1,1.7,1,0
OUT-001007,MT-002118,73,0,1.22,1,0
OUT-001008,MT-004126,110,0,1.83,1,0
OUT-001009,MT-001363,81,0,1.35,1,0
OUT-001010,MT-001887,82,0,1.37,1,0
OUT-001011,MT-003842,103,0,1.72,1,0
OUT-001012,MT-001178,106,0,1.77,1,0
OUT-001013,MT-003371,153,0,2.55,1,0
OUT-001014,MT-004125,165,1,2.75,1,0
OUT-001015,MT-001500,177,0,2.95,1,0
OUT-001016,MT-004054,110,1,1.83,1,0
OUT-001017,MT-001316,144,1,2.4,1,0
OUT-001018,MT-002585,104,1,1.73,1,0
OUT-001019,MT-003167,188,0,3.13,1,0
OUT-001020,MT-000207,129,0,2.15,1,0
OUT-001021,MT-001124,113,0,1.88,1,0
OUT-001022,MT-004667,103,0,1.72,1,0
OUT-001023,MT-000633,150,0,2.5,1,0
OUT-001024,MT-001424,84,1,1.4,1,0
OUT-001025,MT-003140,117,1,1.95,1,0
OUT-001026,MT-004404,110,0,1.83,1,0
OUT-001027,MT-003263,187,0,3.12,1,0
OUT-001028,MT-000527,115,0,1.92,0,0
OUT-001029,MT-004778,170,0,2.83,1,0
OUT-001030,MT-000245,132,0,2.2,1,0
OUT-001031,MT-000523,145,0,2.42,1,0
OUT-001032,MT-000796,115,0,1.92,1,0
OUT-001033,MT-003082,117,1,1.95,1,0
OUT-001034,MT-000805,152,1,2.53,1,0
OUT-001035,MT-003458,123,0,2.05,1,0
OUT-001036,MT-004515,72,1,1.2,1,0
OUT-001037,MT-000576,145,1,2.42,1,0
OUT-001038,MT-000908,121,1,2.02,1,0
OUT-001039,MT-003457,112,1,1.87,1,0
OUT-001040,MT-001726,177,1,2.95,1,0
OUT-001041,MT-000700,81,0,1.35,1,0
OUT-001042,MT-004636,128,1,2.13,1,0
OUT-001043,MT-002673,176,0,2.93,1,0
OUT-001044,MT-000202,172,1,2.87,1,0
OUT-001045,MT-001559,88,1,1.47,1,0
OUT-001046,MT-004232,84,1,1.4,1,0
OUT-001047,MT-001522,145,1,2.42,1,0
OUT-001048,MT-003729,105,0,1.75,1,0
OUT-001049,MT-000907,100,1,1.67,1,0
OUT-001050,MT-002914,84,0,1.4,1,0
OUT-001051,MT-001466,81,0,1.35,0,0
OUT-001052,MT-002580,116,1,1.93,1,0
OUT-001053,MT-004133,132,0,2.2,0,0
OUT-001054,MT-001046,110,0,1.83,1,0
OUT-001055,MT-001540,202,0,3.37,1,0
OUT-001056,MT-004535,137,0,2.28,1,0
OUT-001057,MT-004612,125,1,2.08,1,0
OUT-001058,MT-004704,94,0,1.57,1,0
OUT-001059,MT-003502,85,1,1.42,1,0
OUT-001060,MT-000976,69,1,1.15,1,0
OUT-001061,MT-000509,98,1,1.63,1,0
OUT-001062,MT-002790,106,0,1.77,1,0
OUT-001063,MT-003966,146,0,2.43,1,0
OUT-001064,MT-002421,105,0,1.75,1,0
OUT-001065,MT-003714,188,0,3.13,0,0
OUT-001066,MT-004483,101,0,1.68,1,0
OUT-001067,MT-003982,97,1,1.62,1,0
OUT-001068,MT-004417,157,0,2.62,1,0
OUT-001069,MT-004875,102,0,1.7,1,0
OUT-001070,MT-001597,68,1,1.13,1,0
OUT-001071,MT-001635,71,1,1.18,1,0
OUT-001072,MT-001764,118,0,1.97,1,0
OUT-001073,MT-002425,93,1,1.55,0,0
OUT-001074,MT-003131,118,0,1.97,1,0
OUT-001075,MT-004859,184,1,3.07,1,0
OUT-001076,MT-002353,190,1,3.17,1,0
OUT-001077,MT-001524,96,0,1.6,0,0
OUT-001078,MT-001817,164,0,2.73,1,0
OUT-001079,MT-002736,193,0,3.22,1,0
OUT-001080,MT-001672,167,0,2.78,1,0
OUT-001081,MT-001065,106,0,1.77,1,0
OUT-001082,MT-002354,131,1,2.18,1,0
OUT-001083,MT-002014,109,0,1.82,1,0
OUT-001084,MT-003343,138,1,2.3,1,0
OUT-001085,MT-003225,52,0,0.87,1,0
OUT-001086,MT-002375,195,1,3.25,1,0
OUT-001087,MT-000364,110,0,1.83,1,0
OUT-001088,MT-002657,101,0,1.68,1,0
OUT-001089,MT-000068,124,1,2.07,1,0
OUT-001090,MT-003285,75,0,1.25,1,0
OUT-001091,MT-002957,124,0,2.07,1,0
OUT-001092,MT-003564,115,0,1.92,1,0
OUT-001093,MT-004081,113,1,1.88,1,0
OUT-001094,MT-001445,149,0,2.48,1,0
OUT-001095,MT-000507,41,0,0.68,1,0
OUT-001096,MT-004643,37,1,0.62,1,0
OUT-001097,MT-003648,78,1,1.3,1,0
OUT-001098,MT-000002,192,0,3.2,1,0
OUT-001099,MT-001519,103,1,1.72,1,0
OUT-001100,MT-001548,143,0,2.38,1,0
OUT-001101,MT-000948,130,1,2.17,1,0
OUT-001102,MT-004072,153,1,2.55,1,0
OUT-001103,MT-001451,211,1,3.52,1,0
OUT-001104,MT-004807,180,0,3.0,1,0
OUT-001105,MT-003894,53,0,0.88,1,0
OUT-001106,MT-001171,87,0,1.45,1,0
OUT-001107,MT-002976,153,0,2.55,1,0
OUT-001108,MT-003905,101,0,1.68,1,0
OUT-001109,MT-004429,136,1,2.27,1,0
OUT-001110,MT-000632,151,0,2.52,1,0
OUT-001111,MT-003872,84,1,1.4,1,0
OUT-001112,MT-002399,106,0,1.77,0,0
OUT-001113,MT-001006,75,0,1.25,1,0
OUT-001114,MT-000761,39,1,0.65,1,0
OUT-001115,MT-004174,181,0,3.02,1,0
OUT-001116,MT-002392,104,1,1.73,1,0
OUT-001117,MT-001134,166,0,2.77,1,0
OUT-001118,MT-004032,132,1,2.2,1,0
OUT-001119,MT-003193,164,1,2.73,1,0
OUT-001120,MT-001455,79,0,1.32,1,0
OUT-001121,MT-004243,89,1,1.48,1,0
OUT-001122,MT-003092,127,0,2.12,1,0
OUT-001123,MT-000795,92,1,1.53,1,0
OUT-001124,MT-000331,81,1,1.35,1,0
OUT-001125,MT-004550,125,0,2.08,1,0
OUT-001126,MT-002959,90,1,1.5,1,0
OUT-001127,MT-004357,141,1,2.35,1,0
OUT-001128,MT-002791,104,0,1.73,1,0
OUT-001129,MT-002208,192,0,3.2,1,0
OUT-001130,MT-001175,111,1,1.85,1,0
OUT-001131,MT-004153,81,1,1.35,1,0
OUT-001132,MT-001998,68,1,1.13,1,0
OUT-001133,MT-003979,99,0,1.65,1,0
OUT-001134,MT-004628,97,0,1.62,1,0
OUT-001135,MT-004485,75,1,1.25,1,0
OUT-001136,MT-004510,47,0,0.78,1,0
OUT-001137,MT-000513,83,0,1.38,1,0
OUT-001138,MT-003397,118,1,1.97,1,0
OUT-001139,MT-003160,107,1,1.78,1,0
OUT-001140,MT-004280,106,0,1.77,1,0
OUT-001141,MT-001312,126,0,2.1,1,0
OUT-001142,MT-004862,126,1,2.1,1,0
OUT-001143,MT-003922,98,0,1.63,1,0
OUT-001144,MT-000168,72,0,1.2,1,0
OUT-001145,MT-003845,123,0,2.05,1,0
OUT-001146,MT-003217,157,0,2.62,1,0
OUT-001147,MT-002696,105,0,1.75,1,0
OUT-001148,MT-002274,193,1,3.22,1,0
OUT-001149,MT-002614,227,1,3.78,1,0
OUT-001150,MT-003176,136,0,2.27,0,0
OUT-001151,MT-003016,117,1,1.95,1,0
OUT-001152,MT-004359,124,0,2.07,1,0
OUT-001153,MT-001545,153,0,2.55,1,0
OUT-001154,MT-003189,73,0,1.22,1,0
OUT-001155,MT-000480,116,0,1.93,1,0
OUT-001156,MT-003348,101,0,1.68,1,0
OUT-001157,MT-000518,95,1,1.58,1,0
OUT-001158,MT-000305,153,0,2.55,1,0
OUT-001159,MT-000537,127,1,2.12,1,0
OUT-001160,MT-002623,106,0,1.77,1,0
OUT-001161,MT-003340,99,0,1.65,1,0
OUT-001162,MT-004811,129,0,2.15,1,0
OUT-001163,MT-004853,80,0,1.33,1,0
OUT-001164,MT-000206,84,0,1.4,1,0
OUT-001165,MT-002324,150,1,2.5,1,0
OUT-001166,MT-001632,104,0,1.73,1,0
OUT-001167,MT-001903,102,0,1.7,1,0
OUT-001168,MT-001712,77,0,1.28,1,0
OUT-001169,MT-003338,101,0,1.68,1,0
OUT-001170,MT-000881,96,0,1.6,1,0
OUT-001171,MT-000629,79,0,1.32,1,0
OUT-001172,MT-000882,64,0,1.07,1,0
OUT-001173,MT-002996,239,0,3.98,1,0
OUT-001174,MT-000081,61,0,1.02,1,0
OUT-001175,MT-002949,83,1,1.38,1,0
OUT-001176,MT-001111,116,0,1.93,1,0
OUT-001177,MT-003039,98,1,1.63,1,0
OUT-001178,MT-002369,121,1,2.02,1,0
OUT-001179,MT-002339,94,0,1.57,1,0
OUT-001180,MT-001214,135,0,2.25,1,0
OUT-001181,MT-000186,118,0,1.97,1,0
OUT-001182,MT-003913,38,0,0.63,1,0
OUT-001183,MT-002226,51,0,0.85,1,0
OUT-001184,MT-004471,120,1,2.0,1,0
OUT-001185,MT-003987,95,0,1.58,1,0
OUT-001186,MT-004640,132,0,2.2,1,0
OUT-001187,MT-003644,58,1,0.97,1,0
OUT-001188,MT-003472,99,1,1.65,1,0
OUT-001189,MT-004185,151,0,2.52,1,0
OUT-001190,MT-001846,120,1,2.0,1,0
OUT-001191,MT-001091,70,0,1.17,1,0
OUT-001192,MT-001884,79,1,1.32,1,0
OUT-001193,MT-004949,114,1,1.9,1,0
OUT-001194,MT-002009,129,0,2.15,1,0
OUT-001195,MT-003775,90,0,1.5,1,0
OUT-001196,MT-002766,158,0,2.63,1,0
OUT-001197,MT-003731,168,1,2.8,1,0
OUT-001198,MT-004267,60,0,1.0,1,0
OUT-001199,MT-000044,64,1,1.07,1,0
OUT-001200,MT-004466,100,0,1.67,1,0
OUT-001201,MT-001698,136,1,2.27,1,0
OUT-001202,MT-000468,84,1,1.4,1,0
OUT-001203,MT-000927,141,0,2.35,1,0
OUT-001204,MT-003590,129,0,2.15,1,0
OUT-001205,MT-004974,104,0,1.73,1,0
OUT-001206,MT-000492,100,0,1.67,1,0
OUT-001207,MT-001668,81,0,1.35,1,0
OUT-001208,MT-002072,103,0,1.72,1,0
OUT-001209,MT-003409,116,0,1.93,1,0
OUT-001210,MT-000293,96,0,1.6,1,0
OUT-001211,MT-004017,130,0,2.17,1,0
OUT-001212,MT-002720,75,0,1.25,1,0
OUT-001213,MT-001010,106,0,1.77,1,0
OUT-001214,MT-000651,92,0,1.53,1,0
OUT-001215,MT-003119,108,1,1.8,1,0
OUT-001216,MT-001783,58,0,0.97,1,0
OUT-001217,MT-003483,157,0,2.62,1,0
OUT-001218,MT-001590,73,0,1.22,1,0
OUT-001219,MT-002316,72,0,1.2,1,0
OUT-001220,MT-002543,57,0,0.95,1,0
OUT-001221,MT-004892,116,1,1.93,1,0
OUT-001222,MT-002646,130,1,2.17,1,0
OUT-001223,MT-001430,110,0,1.83,1,0
OUT-001224,MT-003527,109,1,1.82,1,0
OUT-001225,MT-001583,79,0,1.32,1,0
OUT-001226,MT-002562,58,0,0.97,1,0
OUT-001227,MT-001254,126,1,2.1,1,0
OUT-001228,MT-002445,117,1,1.95,1,0
OUT-001229,MT-002575,140,0,2.33,1,0
OUT-001230,MT-004099,106,0,1.77,1,0
OUT-001231,MT-001833,145,0,2.42,1,0
OUT-001232,MT-004933,162,0,2.7,1,0
OUT-001233,MT-000546,156,0,2.6,1,0
OUT-001234,MT-000773,120,1,2.0,1,0
OUT-001235,MT-002773,65,1,1.08,1,0
OUT-001236,MT-004874,85,1,1.42,1,0
OUT-001237,MT-003396,140,1,2.33,1,0
OUT-001238,MT-003760,77,0,1.28,1,0
OUT-001239,MT-001766,129,1,2.15,1,0
OUT-001240,MT-002825,82,0,1.37,1,0
OUT-001241,MT-001431,101,0,1.68,1,0
OUT-001242,MT-000989,69,0,1.15,1,0
OUT-001243,MT-001900,97,1,1.62,1,0
OUT-001244,MT-000541,95,0,1.58,1,0
OUT-001245,MT-002732,129,0,2.15,1,0
OUT-001246,MT-000593,68,1,1.13,1,0
OUT-001247,MT-003563,147,1,2.45,1,0
OUT-001248,MT-000266,147,0,2.45,1,0
OUT-001249,MT-004226,94,1,1.57,1,0
OUT-001250,MT-002276,71,1,1.18,1,0
OUT-001251,MT-001191,72,1,1.2,1,0
OUT-001252,MT-004458,144,0,2.4,1,0
OUT-001253,MT-004652,134,1,2.23,1,0
OUT-001254,MT-003975,68,1,1.13,1,0
OUT-001255,MT-002222,41,1,0.68,1,0
OUT-001256,MT-001546,138,1,2.3,1,0
OUT-001257,MT-004296,133,0,2.22,1,0
OUT-001258,MT-004800,159,1,2.65,1,0
OUT-001259,MT-001160,151,1,2.52,1,0
OUT-001260,MT-003507,93,1,1.55,0,0
OUT-001261,MT-001285,119,0,1.98,1,0
OUT-001262,MT-001203,139,1,2.32,1,0
OUT-001263,MT-003614,164,0,2.73,1,0
OUT-001264,MT-004300,135,0,2.25,1,0
OUT-001265,MT-002332,152,0,2.53,1,0
OUT-001266,MT-004823,114,0,1.9,1,0
OUT-001267,MT-004647,178,0,2.97,1,0
OUT-001268,MT-001539,139,0,2.32,1,0
OUT-001269,MT-004891,29,0,0.48,1,0
OUT-001270,MT-002132,80,0,1.33,1,0
OUT-001271,MT-004839,146,0,2.43,1,0
OUT-001272,MT-004089,119,1,1.98,1,0
OUT-001273,MT-001859,63,1,1.05,1,0
OUT-001274,MT-001555,116,0,1.93,1,0
OUT-001275,MT-002067,105,0,1.75,1,0
OUT-001276,MT-001827,165,0,2.75,0,0
OUT-001277,MT-002557,158,1,2.63,1,0
OUT-001278,MT-004308,95,0,1.58,1,0
OUT-001279,MT-001215,107,0,1.78,1,0
OUT-001280,MT-002325,140,1,2.33,1,0
OUT-001281,MT-003600,122,1,2.03,1,0
OUT-001282,MT-004207,112,0,1.87,1,0
OUT-001283,MT-003166,111,0,1.85,1,0
OUT-001284,MT-004985,67,0,1.12,1,0
OUT-001285,MT-001491,123,1,2.05,1,0
OUT-001286,MT-004189,129,1,2.15,1,0
OUT-001287,MT-001873,88,0,1.47,1,0
OUT-001288,MT-004013,91,0,1.52,1,0
OUT-001289,MT-004932,130,0,2.17,1,0
OUT-001290,MT-001469,99,1,1.65,1,0
OUT-001291,MT-001362,61,0,1.02,1,0
OUT-001292,MT-004190,135,1,2.25,1,0
OUT-001293,MT-004579,121,0,2.02,1,0
OUT-001294,MT-000436,122,0,2.03,1,0
OUT-001295,MT-001347,106,0,1.77,1,0
OUT-001296,MT-000314,96,0,1.6,1,0
OUT-001297,MT-003357,78,1,1.3,1,0
OUT-001298,MT-003389,142,0,2.37,1,0
OUT-001299,MT-004599,172,1,2.87,1,0
OUT-001300,MT-003004,75,1,1.25,1,0
OUT-001301,MT-001776,153,1,2.55,1,0
OUT-001302,MT-004284,68,0,1.13,1,0
OUT-001303,MT-000872,130,0,2.17,1,0
OUT-001304,MT-000642,126,0,2.1,1,0
OUT-001305,MT-003288,112,1,1.87,1,0
OUT-001306,MT-001234,148,1,2.47,1,0
OUT-001307,MT-002612,100,0,1.67,1,0
OUT-001308,MT-003187,135,1,2.25,1,0
OUT-001309,MT-003002,175,0,2.92,1,0
OUT-001310,MT-004849,50,0,0.83,1,0
OUT-001311,MT-000981,74,1,1.23,1,0
OUT-001312,MT-003390,128,1,2.13,1,0
OUT-001313,MT-003331,98,0,1.63,1,0
OUT-001314,MT-004906,148,1,2.47,1,0
OUT-001315,MT-004168,35,0,0.58,1,0
OUT-001316,MT-003954,105,1,1.75,1,0
OUT-001317,MT-000999,111,1,1.85,1,0
OUT-001318,MT-001457,106,1,1.77,1,0
OUT-001319,MT-000159,136,0,2.27,1,0
OUT-001320,MT-004632,121,1,2.02,1,0
OUT-001321,MT-002768,115,1,1.92,1,0
OUT-001322,MT-003860,103,1,1.72,1,0
OUT-001323,MT-003895,72,0,1.2,1,0
OUT-001324,MT-001130,88,1,1.47,0,0
OUT-001325,MT-002437,79,0,1.32,1,0
OUT-001326,MT-003240,74,0,1.23,1,0
OUT-001327,MT-001618,116,1,1.93,1,0
OUT-001328,MT-003087,96,0,1.6,1,0
OUT-001329,MT-003511,179,1,2.98,1,0
OUT-001330,MT-002602,156,1,2.6,1,0
OUT-001331,MT-003006,126,1,2.1,1,0
OUT-001332,MT-003190,92,1,1.53,1,0
OUT-001333,MT-000917,91,0,1.52,1,0
OUT-001334,MT-001188,186,0,3.1,1,0
OUT-001335,MT-000496,121,1,2.02,1,0
OUT-001336,MT-004769,100,0,1.67,1,0
OUT-001337,MT-001154,170,0,2.83,1,0
OUT-001338,MT-001753,106,0,1.77,1,0
OUT-001339,MT-000184,186,0,3.1,1,0
OUT-001340,MT-002467,93,0,1.55,1,0
OUT-001341,MT-002821,95,1,1.58,1,0
OUT-001342,MT-001793,107,1,1.78,1,0
OUT-001343,MT-001625,116,0,1.93,1,0
OUT-001344,MT-002885,108,1,1.8,1,0
OUT-001345,MT-001605,128,0,2.13,1,0
OUT-001346,MT-000790,208,0,3.47,1,0
OUT-001347,MT-003942,67,0,1.12,1,0
OUT-001348,MT-004009,162,0,2.7,1,0
OUT-001349,MT-000734,140,0,2.33,1,0
OUT-001350,MT-001416,89,0,1.48,1,0
OUT-001351,MT-000158,122,1,2.03,1,0
OUT-001352,MT-000787,174,0,2.9,1,0
OUT-001353,MT-003881,109,1,1.82,1,0
OUT-001354,MT-004801,84,0,1.4,1,0
OUT-001355,MT-002195,128,1,2.13,1,0
OUT-001356,MT-001612,102,0,1.7,1,0
OUT-001357,MT-003671,122,0,2.03,1,0
OUT-001358,MT-001701,128,1,2.13,1,0
OUT-001359,MT-000506,128,0,2.13,1,0
OUT-001360,MT-002362,126,0,2.1,1,0
OUT-001361,MT-001040,98,0,1.63,1,0
OUT-001362,MT-000322,84,1,1.4,1,0
OUT-001363,MT-000224,110,0,1.83,1,0
OUT-001364,MT-002753,147,0,2.45,1,0
OUT-001365,MT-003545,104,1,1.73,1,0
OUT-001366,MT-004393,53,0,0.88,1,0
OUT-001367,MT-001227,94,1,1.57,1,0
OUT-001368,MT-003112,155,0,2.58,1,0
OUT-001369,MT-004427,90,1,1.5,1,0
OUT-001370,MT-002281,146,1,2.43,1,0
OUT-001371,MT-004981,52,1,0.87,1,0
OUT-001372,MT-004776,59,1,0.98,1,0
OUT-001373,MT-004484,127,0,2.12,1,0
OUT-001374,MT-000730,104,0,1.73,1,0
OUT-001375,MT-002193,163,1,2.72,1,0
OUT-001376,MT-002888,111,0,1.85,1,0
OUT-001377,MT-002847,141,1,2.35,1,0
OUT-001378,MT-003851,95,0,1.58,1,0
OUT-001379,MT-002855,60,1,1.0,1,0
OUT-001380,MT-002159,143,0,2.38,1,0
OUT-001381,MT-004329,152,0,2.53,1,0
OUT-001382,MT-004818,210,1,3.5,1,0
OUT-001383,MT-002903,79,0,1.32,0,0
OUT-001384,MT-004528,193,1,3.22,1,0
OUT-001385,MT-000525,98,0,1.63,1,0
OUT-001386,MT-001740,57,0,0.95,1,0
OUT-001387,MT-002953,149,1,2.48,0,0
OUT-001388,MT-000970,84,1,1.4,1,0
OUT-001389,MT-001119,97,0,1.62,1,0
OUT-001390,MT-000814,154,1,2.57,1,0
OUT-001391,MT-003426,81,0,1.35,1,0
OUT-001392,MT-001778,63,1,1.05,1,0
OUT-001393,MT-000797,62,1,1.03,1,0
OUT-001394,MT-003781,136,0,2.27,1,0
OUT-001395,MT-004479,141,0,2.35,1,0
OUT-001396,MT-004244,99,0,1.65,1,0
OUT-001397,MT-001691,114,0,1.9,1,0
OUT-001398,MT-001329,167,0,2.78,1,0
OUT-001399,MT-003576,54,1,0.9,1,0
OUT-001400,MT-004713,95,0,1.58,1,0
OUT-001401,MT-002412,110,1,1.83,1,0
OUT-001402,MT-004416,105,0,1.75,1,0
OUT-001403,MT-004477,76,0,1.27,1,0
OUT-001404,MT-000193,109,1,1.82,1,0
OUT-001405,MT-001049,82,1,1.37,1,0
OUT-001406,MT-000939,92,0,1.53,1,0
OUT-001407,MT-001802,114,1,1.9,1,0
OUT-001408,MT-000922,62,0,1.03,1,0
OUT-001409,MT-003745,97,0,1.62,1,0
OUT-001410,MT-001812,60,1,1.0,1,0
OUT-001411,MT-003915,63,0,1.05,1,0
OUT-001412,MT-000361,110,1,1.83,1,0
OUT-001413,MT-004965,117,0,1.95,1,0
OUT-001414,MT-003628,99,1,1.65,1,0
OUT-001415,MT-002866,99,0,1.65,1,0
OUT-001416,MT-003707,76,1,1.27,1,0
OUT-001417,MT-004332,112,0,1.87,1,0
OUT-001418,MT-000414,135,1,2.25,1,0
OUT-001419,MT-000142,114,0,1.9,1,0
OUT-001420,MT-000119,59,0,0.98,1,0
OUT-001421,MT-000482,79,0,1.32,1,0
OUT-001422,MT-003261,70,1,1.17,1,0
OUT-001423,MT-003003,107,1,1.78,0,0
OUT-001424,MT-001373,120,0,2.0,1,0
OUT-001425,MT-002942,41,0,0.68,1,0
OUT-001426,MT-003573,55,0,0.92,1,0
OUT-001427,MT-003839,112,1,1.87,1,0
OUT-001428,MT-002086,110,0,1.83,0,0
OUT-001429,MT-004930,146,1,2.43,1,0
OUT-001430,MT-002870,74,0,1.23,1,0
OUT-001431,MT-003588,102,0,1.7,1,0
OUT-001432,MT-004633,81,0,1.35,1,0
OUT-001433,MT-001247,102,0,1.7,1,0
OUT-001434,MT-001999,174,1,2.9,1,0
OUT-001435,MT-001877,151,1,2.52,1,0
OUT-001436,MT-003253,159,1,2.65,1,0
OUT-001437,MT-002400,152,0,2.53,1,0
OUT-001438,MT-001687,140,0,2.33,1,0
OUT-001439,MT-000763,131,0,2.18,1,0
OUT-001440,MT-003534,155,0,2.58,1,0
OUT-001441,MT-004718,107,1,1.78,1,0
OUT-001442,MT-002461,113,1,1.88,1,0
OUT-001443,MT-003658,116,0,1.93,1,0
OUT-001444,MT-004809,84,0,1.4,1,0
OUT-001445,MT-000074,156,1,2.6,1,0
OUT-001446,MT-001574,126,0,2.1,1,0
OUT-001447,MT-002250,138,1,2.3,1,0
OUT-001448,MT-004521,82,0,1.37,1,0
OUT-001449,MT-002160,93,1,1.55,1,0
OUT-001450,MT-001880,76,0,1.27,1,0
OUT-001451,MT-002639,76,1,1.27,0,0
OUT-001452,MT-004461,133,0,2.22,1,0
OUT-001453,MT-003487,82,1,1.37,1,0
OUT-001454,MT-004167,51,1,0.85,1,0
OUT-001455,MT-003279,99,0,1.65,0,0
OUT-001456,MT-003859,102,1,1.7,1,0
OUT-001457,MT-003215,74,0,1.23,1,0
OUT-001458,MT-002181,102,1,1.7,1,0
OUT-001459,MT-004449,154,0,2.57,1,0
OUT-001460,MT-003939,156,1,2.6,1,0
OUT-001461,MT-002925,126,0,2.1,1,0
OUT-001462,MT-000346,112,0,1.87,1,0
OUT-001463,MT-004497,130,0,2.17,1,0
OUT-001464,MT-003120,64,0,1.07,1,0
OUT-001465,MT-001198,163,0,2.72,1,0
OUT-001466,MT-001561,138,0,2.3,1,0
OUT-001467,MT-003595,127,1,2.12,1,0
OUT-001468,MT-002891,132,1,2.2,1,0
OUT-001469,MT-004292,195,0,3.25,1,0
OUT-001470,MT-004245,141,0,2.35,1,0
OUT-001471,MT-002469,112,0,1.87,1,0
OUT-001472,MT-000832,118,0,1.97,1,0
OUT-001473,MT-004443,41,0,0.68,1,0
OUT-001474,MT-003104,101,1,1.68,0,0
OUT-001475,MT-003098,153,1,2.55,1,0
OUT-001476,MT-001394,89,1,1.48,1,0
OUT-001477,MT-002125,98,1,1.63,1,0
OUT-001478,MT-003336,141,1,2.35,1,0
OUT-001479,MT-002743,75,0,1.25,1,0
OUT-001480,MT-003688,78,0,1.3,1,0
OUT-001481,MT-003403,79,1,1.32,1,0
OUT-001482,MT-002150,85,1,1.42,1,0
OUT-001483,MT-001073,104,0,1.73,0,0
OUT-001484,MT-001942,157,1,2.62,1,0
OUT-001485,MT-003291,101,0,1.68,1,0
OUT-001486,MT-003445,116,1,1.93,1,0
OUT-001487,MT-003674,87,0,1.45,1,0
OUT-001488,MT-000133,108,1,1.8,1,0
OUT-001489,MT-002002,152,1,2.53,1,0
OUT-001490,MT-002334,156,0,2.6,1,0
OUT-001491,MT-002586,78,1,1.3,1,0
OUT-001492,MT-002551,80,0,1.33,1,0
OUT-001493,MT-002203,108,0,1.8,1,0
OUT-001494,MT-002934,139,0,2.32,1,0
OUT-001495,MT-003158,152,0,2.53,1,0
OUT-001496,MT-002940,127,1,2.12,1,0
OUT-001497,MT-003893,150,1,2.5,1,0
OUT-001498,MT-002622,185,1,3.08,1,0
OUT-001499,MT-003712,146,1,2.43,1,0
OUT-001500,MT-000835,154,0,2.57,1,0
OUT-001501,MT-001823,33,1,0.55,1,0
OUT-001502,MT-004826,126,1,2.1,1,0
OUT-001503,MT-003821,166,0,2.77,1,0
OUT-001504,MT-004523,138,1,2.3,1,0
OUT-001505,MT-003298,110,1,1.83,1,0
OUT-001506,MT-004938,80,1,1.33,1,0
OUT-001507,MT-002318,91,0,1.52,1,0
OUT-001508,MT-001926,130,0,2.17,1,0
OUT-001509,MT-002798,188,0,3.13,1,0
OUT-001510,MT-001216,157,0,2.62,1,0
OUT-001511,MT-001573,106,0,1.77,1,0
OUT-001512,MT-002073,128,1,2.13,1,0
OUT-001513,MT-000995,112,0,1.87,1,0
OUT-001514,MT-001008,149,0,2.48,1,0
OUT-001515,MT-003497,97,1,1.62,1,0
OUT-001516,MT-003690,103,1,1.72,1,0
OUT-001517,MT-003102,80,0,1.33,1,0
OUT-001518,MT-001569,191,0,3.18,1,0
OUT-001519,MT-004572,181,0,3.02,1,0
OUT-001520,MT-003181,48,1,0.8,1,0
OUT-001521,MT-004913,48,1,0.8,1,0
OUT-001522,MT-000645,120,0,2.0,1,0
OUT-001523,MT-002063,73,0,1.22,1,0
OUT-001524,MT-004059,128,0,2.13,1,0
OUT-001525,MT-000037,72,0,1.2,1,0
OUT-001526,MT-000352,58,0,0.97,1,0
OUT-001527,MT-004235,105,0,1.75,0,0
OUT-001528,MT-003305,90,0,1.5,1,0
OUT-001529,MT-004022,78,1,1.3,1,0
OUT-001530,MT-001337,94,1,1.57,1,0
OUT-001531,MT-002845,58,0,0.97,1,0
OUT-001532,MT-000743,74,1,1.23,1,0
OUT-001533,MT-001136,101,0,1.68,1,0
OUT-001534,MT-001931,116,1,1.93,1,0
OUT-001535,MT-004334,82,0,1.37,1,0
OUT-001536,MT-000302,58,0,0.97,1,0
OUT-001537,MT-001086,72,0,1.2,1,0
OUT-001538,MT-000462,74,0,1.23,1,0
OUT-001539,MT-002171,152,1,2.53,1,0
OUT-001540,MT-002310,49,1,0.82,1,0
OUT-001541,MT-000306,163,0,2.72,1,0
OUT-001542,MT-004566,215,0,3.58,1,0
OUT-001543,MT-001943,48,0,0.8,1,0
OUT-001544,MT-002229,107,0,1.78,1,0
OUT-001545,MT-002785,143,0,2.38,1,0
OUT-001546,MT-000717,131,1,2.18,1,0
OUT-001547,MT-003172,198,0,3.3,1,0
OUT-001548,MT-000854,93,0,1.55,1,0
OUT-001549,MT-002277,212,1,3.53,1,0
OUT-001550,MT-004374,80,0,1.33,1,0
OUT-001551,MT-003981,153,0,2.55,1,0
OUT-001552,MT-001722,148,1,2.47,1,0
OUT-001553,MT-000654,135,0,2.25,1,0
OUT-001554,MT-000381,162,1,2.7,1,0
OUT-001555,MT-002803,173,1,2.88,1,0
OUT-001556,MT-002463,34,0,0.57,1,0
OUT-001557,MT-004079,125,0,2.08,1,0
OUT-001558,MT-003341,101,0,1.68,1,0
OUT-001559,MT-000904,96,0,1.6,1,0
OUT-001560,MT-004881,116,1,1.93,1,0
OUT-001561,MT-002349,95,0,1.58,1,0
OUT-001562,MT-004230,152,1,2.53,1,0
OUT-001563,MT-000500,38,0,0.63,1,0
OUT-001564,MT-002003,123,0,2.05,1,0
OUT-001565,MT-000290,185,1,3.08,1,0
OUT-001566,MT-004567,108,0,1.8,1,0
OUT-001567,MT-004238,142,1,2.37,1,0
OUT-001568,MT-003203,129,0,2.15,1,0
OUT-001569,MT-001676,84,0,1.4,1,0
OUT-001570,MT-004152,113,0,1.88,1,0
OUT-001571,MT-002974,174,0,2.9,1,0
OUT-001572,MT-002653,166,0,2.77,1,0
OUT-001573,MT-003247,73,0,1.22,1,0
OUT-001574,MT-004114,159,1,2.65,1,0
OUT-001575,MT-002098,153,0,2.55,1,0
OUT-001576,MT-001114,119,0,1.98,0,0
OUT-001577,MT-002313,57,0,0.95,1,0
OUT-001578,MT-000638,108,0,1.8,1,0
OUT-001579,MT-004037,64,0,1.07,1,0
OUT-001580,MT-004857,144,1,2.4,1,0
OUT-001581,MT-000636,143,0,2.38,1,0
OUT-001582,MT-000447,145,0,2.42,1,0
OUT-001583,MT-004199,190,0,3.17,1,0
OUT-001584,MT-001226,96,1,1.6,1,0
OUT-001585,MT-003067,116,1,1.93,1,0
OUT-001586,MT-003827,83,0,1.38,1,0
OUT-001587,MT-001854,162,0,2.7,1,0
OUT-001588,MT-002179,152,0,2.53,1,0
OUT-001589,MT-002584,160,1,2.67,0,0
OUT-001590,MT-001079,106,0,1.77,1,0
OUT-001591,MT-000834,137,1,2.28,1,0
OUT-001592,MT-000691,104,1,1.73,0,0
OUT-001593,MT-000077,88,0,1.47,1,0
OUT-001594,MT-003522,112,1,1.87,1,0
OUT-001595,MT-001652,103,1,1.72,1,0
OUT-001596,MT-001864,132,1,2.2,1,0
OUT-001597,MT-000164,150,0,2.5,1,0
OUT-001598,MT-002854,117,0,1.95,1,0
OUT-001599,MT-000130,109,1,1.82,1,0
OUT-001600,MT-001189,124,0,2.07,1,0
OUT-001601,MT-000243,92,0,1.53,1,0
OUT-001602,MT-000075,58,1,0.97,1,0
OUT-001603,MT-004895,94,0,1.57,1,0
OUT-001604,MT-000528,85,0,1.42,1,0
OUT-001605,MT-002689,147,0,2.45,1,0
OUT-001606,MT-003925,141,0,2.35,1,0
OUT-001607,MT-003594,52,1,0.87,1,0
OUT-001608,MT-003769,151,1,2.52,1,0
OUT-001609,MT-004139,117,0,1.95,1,0
OUT-001610,MT-001939,164,0,2.73,1,0
OUT-001611,MT-001808,148,0,2.47,1,0
OUT-001612,MT-003621,189,0,3.15,1,0
OUT-001613,MT-003106,177,0,2.95,1,0
OUT-001614,MT-001510,214,1,3.57,1,0
OUT-001615,MT-002291,54,0,0.9,1,0
OUT-001616,MT-003155,186,1,3.1,1,0
OUT-001617,MT-003728,108,1,1.8,1,0
OUT-001618,MT-001298,176,1,2.93,1,0
OUT-001619,MT-004129,201,1,3.35,1,0
OUT-001620,MT-004542,153,1,2.55,1,0
OUT-001621,MT-000930,177,1,2.95,1,0
OUT-001622,MT-001100,98,0,1.63,1,0
OUT-001623,MT-001589,134,1,2.23,0,0
OUT-001624,MT-002802,85,0,1.42,1,0
OUT-001625,MT-001871,155,0,2.58,1,0
OUT-001626,MT-003637,105,0,1.75,1,0
OUT-001627,MT-004534,79,0,1.32,1,0
OUT-001628,MT-002830,125,1,2.08,1,0
OUT-001629,MT-004885,77,1,1.28,1,0
OUT-001630,MT-004325,87,1,1.45,1,0
OUT-001631,MT-002958,61,0,1.02,1,0
OUT-001632,MT-003770,111,1,1.85,1,0
OUT-001633,MT-003461,117,1,1.95,1,0
OUT-001634,MT-003210,126,0,2.1,1,0
OUT-001635,MT-003005,198,0,3.3,1,0
OUT-001636,MT-002068,87,1,1.45,1,0
OUT-001637,MT-004727,79,1,1.32,1,0
OUT-001638,MT-002521,154,1,2.57,1,0
OUT-001639,MT-002729,81,0,1.35,1,0
OUT-001640,MT-002154,94,0,1.57,1,0
OUT-001641,MT-000898,106,0,1.77,1,0
OUT-001642,MT-002717,100,1,1.67,1,0
OUT-001643,MT-001705,91,0,1.52,1,0
OUT-001644,MT-003041,53,0,0.88,1,0
OUT-001645,MT-002261,129,0,2.15,1,0
OUT-001646,MT-002738,93,0,1.55,1,0
OUT-001647,MT-002305,57,1,0.95,1,0
OUT-001648,MT-000548,109,1,1.82,1,0
OUT-001649,MT-000046,61,0,1.02,1,0
OUT-001650,MT-002697,130,0,2.17,1,0
OUT-001651,MT-002808,70,0,1.17,1,0
OUT-001652,MT-002472,137,1,2.28,1,0
OUT-001653,MT-003200,108,1,1.8,1,0
OUT-001654,MT-001801,87,0,1.45,1,0
OUT-001655,MT-004253,130,1,2.17,1,0
OUT-001656,MT-000079,138,0,2.3,1,0
OUT-001657,MT-001219,51,1,0.85,1,0
OUT-001658,MT-001930,171,1,2.85,1,0
OUT-001659,MT-001578,81,1,1.35,1,0
OUT-001660,MT-004531,80,0,1.33,1,0
OUT-001661,MT-004490,131,1,2.18,1,0
OUT-001662,MT-001202,160,0,2.67,1,0
OUT-001663,MT-001527,126,1,2.1,1,0
OUT-001664,MT-004758,124,0,2.07,1,0
OUT-001665,MT-002207,83,1,1.38,1,0
OUT-001666,MT-004670,109,1,1.82,1,0
OUT-001667,MT-003841,63,0,1.05,1,0
OUT-001668,MT-004530,105,1,1.75,1,0
OUT-001669,MT-001000,85,1,1.42,0,0
OUT-001670,MT-001295,193,1,3.22,1,0
OUT-001671,MT-001461,113,1,1.88,1,0
OUT-001672,MT-002938,59,1,0.98,1,0
OUT-001673,MT-001815,81,1,1.35,1,0
OUT-001674,MT-000936,111,1,1.85,1,0
OUT-001675,MT-003376,53,1,0.88,1,0
OUT-001676,MT-000884,128,0,2.13,1,0
OUT-001677,MT-000756,117,1,1.95,1,0
OUT-001678,MT-004428,113,1,1.88,1,0
OUT-001679,MT-003084,140,1,2.33,1,0
OUT-001680,MT-003518,80,1,1.33,1,0
OUT-001681,MT-001853,115,0,1.92,1,0
OUT-001682,MT-001123,137,0,2.28,1,0
OUT-001683,MT-001784,195,0,3.25,1,0
OUT-001684,MT-003666,96,1,1.6,1,0
OUT-001685,MT-000738,167,0,2.78,1,0
OUT-001686,MT-004003,101,0,1.68,1,0
OUT-001687,MT-000212,131,0,2.18,1,0
OUT-001688,MT-000857,118,0,1.97,1,0
OUT-001689,MT-004431,111,0,1.85,1,0
OUT-001690,MT-000234,149,0,2.48,1,0
OUT-001691,MT-004365,165,1,2.75,1,0
OUT-001692,MT-001027,142,0,2.37,1,0
OUT-001693,MT-001263,148,0,2.47,1,0
OUT-001694,MT-001684,168,1,2.8,1,0
OUT-001695,MT-001904,144,0,2.4,1,0
OUT-001696,MT-004557,100,0,1.67,1,0
OUT-001697,MT-002506,97,0,1.62,1,0
OUT-001698,MT-004584,109,1,1.82,1,0
OUT-001699,MT-000231,88,0,1.47,1,0
OUT-001700,MT-000195,77,0,1.28,1,0
OUT-001701,MT-000711,126,0,2.1,1,0
OUT-001702,MT-004554,122,0,2.03,1,0
OUT-001703,MT-002111,97,0,1.62,1,0
OUT-001704,MT-004964,73,1,1.22,1,0
OUT-001705,MT-000878,101,1,1.68,1,0
OUT-001706,MT-003655,111,0,1.85,1,0
OUT-001707,MT-001048,126,0,2.1,1,0
OUT-001708,MT-004322,131,0,2.18,1,0
OUT-001709,MT-001212,108,0,1.8,1,0
OUT-001710,MT-003506,62,0,1.03,1,0
OUT-001711,MT-003607,126,0,2.1,1,0
OUT-001712,MT-000459,113,0,1.88,1,0
OUT-001713,MT-003609,105,0,1.75,1,0
OUT-001714,MT-004664,124,1,2.07,1,0
OUT-001715,MT-000646,175,0,2.92,1,0
OUT-001716,MT-003111,103,0,1.72,1,0
OUT-001717,MT-001318,196,0,3.27,1,0
OUT-001718,MT-004121,88,0,1.47,1,0
OUT-001719,MT-004544,210,0,3.5,1,0
OUT-001720,MT-004501,98,1,1.63,1,0
OUT-001721,MT-000771,87,0,1.45,1,0
OUT-001722,MT-001771,77,0,1.28,1,0
OUT-001723,MT-004702,138,0,2.3,1,0
OUT-001724,MT-000340,75,0,1.25,1,0
OUT-001725,MT-000777,120,0,2.0,0,0
OUT-001726,MT-001532,182,0,3.03,0,0
OUT-001727,MT-003205,220,0,3.67,1,0
OUT-001728,MT-004481,73,0,1.22,1,0
OUT-001729,MT-000957,131,1,2.18,1,0
OUT-001730,MT-004234,157,1,2.62,1,0
OUT-001731,MT-004100,131,1,2.18,1,0
OUT-001732,MT-000879,166,0,2.77,1,0
OUT-001733,MT-004123,103,0,1.72,1,0
OUT-001734,MT-004038,134,1,2.23,1,0
OUT-001735,MT-003764,134,0,2.23,1,0
OUT-001736,MT-004023,150,1,2.5,1,0
OUT-001737,MT-001068,113,0,1.88,1,0
OUT-001738,MT-004625,81,0,1.35,1,0
OUT-001739,MT-001485,162,0,2.7,1,0
OUT-001740,MT-004900,131,1,2.18,1,0
OUT-001741,MT-000201,115,1,1.92,1,0
OUT-001742,MT-000599,142,1,2.37,1,0
OUT-001743,MT-003344,172,0,2.87,1,0
OUT-001744,MT-003880,132,0,2.2,1,0
OUT-001745,MT-000972,149,1,2.48,1,0
OUT-001746,MT-001515,68,0,1.13,1,0
OUT-001747,MT-004391,87,0,1.45,1,0
OUT-001748,MT-001388,60,0,1.0,1,0
OUT-001749,MT-001624,115,0,1.92,1,0
OUT-001750,MT-003541,148,0,2.47,1,0
OUT-001751,MT-002510,114,0,1.9,1,0
OUT-001752,MT-000503,55,0,0.92,1,0
OUT-001753,MT-004465,71,0,1.18,1,0
OUT-001754,MT-002408,53,1,0.88,1,0
OUT-001755,MT-004768,111,1,1.85,1,0
OUT-001756,MT-000987,136,1,2.27,1,0
OUT-001757,MT-001581,117,0,1.95,1,0
OUT-001758,MT-000019,67,0,1.12,1,0
OUT-001759,MT-004577,67,1,1.12,1,0
OUT-001760,MT-000280,184,1,3.07,1,0
OUT-001761,MT-002692,72,0,1.2,1,0
OUT-001762,MT-000634,190,1,3.17,1,0
OUT-001763,MT-001572,151,0,2.52,1,0
OUT-001764,MT-000606,95,1,1.58,1,0
OUT-001765,MT-001946,127,0,2.12,1,0
OUT-001766,MT-004700,116,1,1.93,1,0
OUT-001767,MT-003983,101,1,1.68,1,0
OUT-001768,MT-002795,174,1,2.9,1,0
OUT-001769,MT-000083,98,1,1.63,1,0
OUT-001770,MT-003589,76,0,1.27,1,0
OUT-001771,MT-001640,112,1,1.87,1,0
OUT-001772,MT-003604,134,1,2.23,1,0
OUT-001773,MT-003362,74,0,1.23,1,0
OUT-001774,MT-003560,113,1,1.88,1,0
OUT-001775,MT-001907,119,0,1.98,1,0
OUT-001776,MT-001021,101,0,1.68,1,0
OUT-001777,MT-002119,193,0,3.22,1,0
OUT-001778,MT-004766,125,1,2.08,1,0
OUT-001779,MT-000664,209,1,3.48,0,0
OUT-001780,MT-004924,179,1,2.98,1,0
OUT-001781,MT-004734,68,1,1.13,1,0
OUT-001782,MT-004270,139,1,2.32,1,0
OUT-001783,MT-002561,101,0,1.68,0,0
OUT-001784,MT-000852,129,1,2.15,1,0
OUT-001785,MT-000124,131,1,2.18,1,0
OUT-001786,MT-001518,82,0,1.37,1,0
OUT-001787,MT-001473,102,0,1.7,1,0
OUT-001788,MT-003749,37,0,0.62,1,0
OUT-001789,MT-000595,120,0,2.0,1,0
OUT-001790,MT-003206,130,0,2.17,1,0
OUT-001791,MT-003853,141,1,2.35,1,0
OUT-001792,MT-001238,38,1,0.63,1,0
OUT-001793,MT-000205,184,1,3.07,1,0
OUT-001794,MT-004722,137,0,2.28,1,0
OUT-001795,MT-002590,152,1,2.53,0,0
OUT-001796,MT-002246,56,0,0.93,1,0
OUT-001797,MT-001167,103,0,1.72,1,0
OUT-001798,MT-000216,117,0,1.95,1,0
OUT-001799,MT-001166,83,0,1.38,1,0
OUT-001800,MT-003812,85,0,1.42,1,0
OUT-001801,MT-000774,158,0,2.63,1,0
OUT-001802,MT-003236,178,1,2.97,1,0
OUT-001803,MT-001005,110,0,1.83,1,0
OUT-001804,MT-004026,207,0,3.45,1,0
OUT-001805,MT-004841,39,0,0.65,1,0
OUT-001806,MT-002656,169,1,2.82,1,0
OUT-001807,MT-001788,167,0,2.78,1,0
OUT-001808,MT-000091,28,0,0.47,1,0
OUT-001809,MT-001007,164,1,2.73,1,0
OUT-001810,MT-004712,62,1,1.03,1,0
OUT-001811,MT-003546,129,1,2.15,1,0
OUT-001812,MT-001235,62,0,1.03,1,0
OUT-001813,MT-002138,152,0,2.53,1,0
OUT-001814,MT-000456,71,0,1.18,1,0
OUT-001815,MT-000495,157,1,2.62,1,0
OUT-001816,MT-000446,66,0,1.1,1,0
OUT-001817,MT-002237,62,0,1.03,1,0
OUT-001818,MT-003505,169,0,2.82,1,0
OUT-001819,MT-004469,210,1,3.5,1,0
OUT-001820,MT-000982,116,0,1.93,1,0
OUT-001821,MT-004424,134,0,2.23,1,0
OUT-001822,MT-001400,106,0,1.77,1,0
OUT-001823,MT-004379,138,1,2.3,1,0
OUT-001824,MT-004540,103,0,1.72,1,0
OUT-001825,MT-000626,118,1,1.97,1,0
OUT-001826,MT-000895,228,1,3.8,1,0
OUT-001827,MT-002418,96,0,1.6,1,0
OUT-001828,MT-002578,80,1,1.33,1,0
OUT-001829,MT-003270,81,0,1.35,1,0
OUT-001830,MT-002583,168,0,2.8,1,0
OUT-001831,MT-004919,96,0,1.6,1,0
OUT-001832,MT-003313,75,0,1.25,1,0
OUT-001833,MT-001482,43,0,0.72,1,0
OUT-001834,MT-002943,106,1,1.77,1,0
OUT-001835,MT-001567,74,0,1.23,1,0
OUT-001836,MT-003912,116,0,1.93,1,0
OUT-001837,MT-004110,113,1,1.88,1,0
OUT-001838,MT-001306,147,0,2.45,1,0
OUT-001839,MT-004014,113,1,1.88,1,0
OUT-001840,MT-002057,110,0,1.83,1,0
OUT-001841,MT-000650,154,1,2.57,1,0
OUT-001842,MT-001507,129,1,2.15,1,0
OUT-001843,MT-001370,88,0,1.47,0,0
OUT-001844,MT-002345,130,0,2.17,1,0
OUT-001845,MT-003186,58,0,0.97,1,0
OUT-001846,MT-003715,74,1,1.23,0,0
OUT-001847,MT-002104,71,1,1.18,1,0
OUT-001848,MT-002314,109,1,1.82,1,0
OUT-001849,MT-002230,116,1,1.93,1,0
OUT-001850,MT-001397,145,0,2.42,1,0
OUT-001851,MT-000911,129,1,2.15,1,0
OUT-001852,MT-002443,123,0,2.05,1,0
OUT-001853,MT-002555,122,1,2.03,1,0
OUT-001854,MT-000749,141,0,2.35,1,0
OUT-001855,MT-003879,74,0,1.23,1,0
OUT-001856,MT-000940,148,1,2.47,1,0
OUT-001857,MT-004382,118,1,1.97,1,0
OUT-001858,MT-003069,78,0,1.3,1,0
OUT-001859,MT-001901,171,0,2.85,1,0
OUT-001860,MT-004715,130,0,2.17,1,0
OUT-001861,MT-003673,77,1,1.28,1,0
OUT-001862,MT-003289,110,1,1.83,1,0
OUT-001863,MT-001663,157,0,2.62,1,0
OUT-001864,MT-004051,118,0,1.97,1,0
OUT-001865,MT-000838,174,1,2.9,1,0
OUT-001866,MT-003355,137,0,2.28,1,0
OUT-001867,MT-001915,169,1,2.82,1,0
OUT-001868,MT-001358,90,0,1.5,1,0
OUT-001869,MT-000308,126,0,2.1,1,0
OUT-001870,MT-000920,132,0,2.2,1,0
OUT-001871,MT-001914,108,0,1.8,1,0
OUT-001872,MT-000517,162,0,2.7,1,0
OUT-001873,MT-000325,173,1,2.88,1,0
OUT-001874,MT-000156,96,0,1.6,1,0
OUT-001875,MT-000417,120,1,2.0,1,0
OUT-001876,MT-001003,80,0,1.33,1,0
OUT-001877,MT-002544,119,0,1.98,1,0
OUT-001878,MT-004384,109,1,1.82,1,0
OUT-001879,MT-004973,71,0,1.18,1,0
OUT-001880,MT-004363,136,1,2.27,1,0
OUT-001881,MT-004954,167,1,2.78,1,0
OUT-001882,MT-002167,130,1,2.17,1,0
OUT-001883,MT-002771,142,1,2.37,1,0
OUT-001884,MT-003118,123,0,2.05,1,0
OUT-001885,MT-001126,154,1,2.57,1,0
OUT-001886,MT-004335,102,0,1.7,0,0
OUT-001887,MT-001547,109,1,1.82,1,0
OUT-001888,MT-004690,143,0,2.38,1,0
OUT-001889,MT-002852,121,0,2.02,1,0
OUT-001890,MT-000704,69,1,1.15,1,0
OUT-001891,MT-004075,163,0,2.72,1,0
OUT-001892,MT-000696,97,1,1.62,1,0
OUT-001893,MT-002818,184,0,3.07,1,0
OUT-001894,MT-004040,184,1,3.07,1,0
OUT-001895,MT-000117,105,1,1.75,1,0
OUT-001896,MT-002214,72,0,1.2,1,0
OUT-001897,MT-003321,179,0,2.98,1,0
OUT-001898,MT-003627,167,1,2.78,1,0
OUT-001899,MT-002489,147,1,2.45,1,0
OUT-001900,MT-000263,204,1,3.4,1,0
OUT-001901,MT-004975,59,0,0.98,1,0
OUT-001902,MT-003443,140,1,2.33,1,0
OUT-001903,MT-004943,109,1,1.82,1,0
OUT-001904,MT-002142,104,0,1.73,1,0
OUT-001905,MT-004144,76,0,1.27,1,0
OUT-001906,MT-004953,99,1,1.65,1,0
OUT-001907,MT-001486,91,0,1.52,1,0
OUT-001908,MT-004146,72,1,1.2,1,0
OUT-001909,MT-004795,68,0,1.13,1,0
OUT-001910,MT-003402,166,0,2.77,1,0
OUT-001911,MT-003738,126,0,2.1,1,0
OUT-001912,MT-004890,162,0,2.7,1,0
OUT-001913,MT-004844,143,0,2.38,1,0
OUT-001914,MT-004719,178,1,2.97,1,0
OUT-001915,MT-002981,61,0,1.02,1,0
OUT-001916,MT-002112,111,0,1.85,1,0
OUT-001917,MT-001025,127,1,2.12,1,0
OUT-001918,MT-003774,79,0,1.32,1,0
OUT-001919,MT-003759,98,1,1.63,1,0
OUT-001920,MT-001653,122,1,2.03,1,0
OUT-001921,MT-000093,140,0,2.33,1,0
OUT-001922,MT-000173,149,0,2.48,1,0
OUT-001923,MT-002252,116,0,1.93,1,0
OUT-001924,MT-000586,58,1,0.97,1,0
OUT-001925,MT-004746,86,0,1.43,1,0
OUT-001926,MT-002727,153,1,2.55,1,0
OUT-001927,MT-001977,108,1,1.8,1,0
OUT-001928,MT-003122,127,0,2.12,1,0
OUT-001929,MT-000806,79,0,1.32,1,0
OUT-001930,MT-003470,177,1,2.95,1,0
OUT-001931,MT-000906,100,1,1.67,1,0
OUT-001932,MT-000484,157,0,2.62,1,0
OUT-001933,MT-000089,117,0,1.95,1,0
OUT-001934,MT-000249,145,1,2.42,1,0
OUT-001935,MT-004254,115,0,1.92,1,0
OUT-001936,MT-001483,163,0,2.72,1,0
OUT-001937,MT-004171,100,0,1.67,1,0
OUT-001938,MT-003022,84,0,1.4,1,0
OUT-001939,MT-004180,100,1,1.67,1,0
OUT-001940,MT-000356,116,0,1.93,1,0
OUT-001941,MT-001986,89,1,1.48,1,0
OUT-001942,MT-003050,145,0,2.42,1,0
OUT-001943,MT-002980,88,0,1.47,1,0
OUT-001944,MT-003988,102,1,1.7,1,0
OUT-001945,MT-004347,51,0,0.85,1,0
OUT-001946,MT-004419,121,1,2.02,1,0
OUT-001947,MT-002395,56,0,0.93,1,0
OUT-001948,MT-004085,150,0,2.5,1,0
OUT-001949,MT-000867,194,0,3.23,1,0
OUT-001950,MT-004966,125,1,2.08,1,0
OUT-001951,MT-004711,110,1,1.83,1,0
OUT-001952,MT-002983,64,0,1.07,1,0
OUT-001953,MT-000823,93,1,1.55,1,0
OUT-001954,MT-001577,52,0,0.87,1,0
OUT-001955,MT-000784,198,1,3.3,1,0
OUT-001956,MT-001222,78,0,1.3,1,0
OUT-001957,MT-002410,152,1,2.53,1,0
OUT-001958,MT-003525,59,1,0.98,1,0
OUT-001959,MT-000569,129,0,2.15,1,0
OUT-001960,MT-003222,115,1,1.92,1,0
OUT-001961,MT-003136,96,0,1.6,1,0
OUT-001962,MT-004321,69,0,1.15,1,0
OUT-001963,MT-002525,151,1,2.52,0,0
OUT-001964,MT-004882,94,1,1.57,1,0
OUT-001965,MT-000914,157,0,2.62,1,0
OUT-001966,MT-001662,152,0,2.53,1,0
OUT-001967,MT-003993,107,1,1.78,0,0
OUT-001968,MT-004995,132,0,2.2,1,0
OUT-001969,MT-000744,119,0,1.98,1,0
OUT-001970,MT-004006,112,0,1.87,1,0
OUT-001971,MT-002595,126,0,2.1,1,0
OUT-001972,MT-002668,61,0,1.02,1,0
OUT-001973,MT-002973,167,0,2.78,1,0
OUT-001974,MT-001472,142,0,2.37,1,0
OUT-001975,MT-002166,88,0,1.47,1,0
OUT-001976,MT-001564,149,1,2.48,1,0
OUT-001977,MT-002401,74,0,1.23,1,0
OUT-001978,MT-002933,106,0,1.77,1,0
OUT-001979,MT-004060,93,1,1.55,1,0
OUT-001980,MT-002693,106,0,1.77,1,0
OUT-001981,MT-001489,152,0,2.53,1,0
OUT-001982,MT-001921,151,1,2.52,1,0
OUT-001983,MT-002572,82,0,1.37,1,0
OUT-001984,MT-000679,145,1,2.42,1,0
OUT-001985,MT-001422,113,1,1.88,1,0
OUT-001986,MT-003528,109,0,1.82,1,0
OUT-001987,MT-004101,79,1,1.32,1,0
OUT-001988,MT-004725,151,0,2.52,1,0
OUT-001989,MT-002593,170,0,2.83,1,0
OUT-001990,MT-003292,95,1,1.58,1,0
OUT-001991,MT-000715,134,1,2.23,1,0
OUT-001992,MT-002960,99,0,1.65,1,0
OUT-001993,MT-001568,126,0,2.1,1,0
OUT-001994,MT-001591,189,1,3.15,1,0
OUT-001995,MT-002553,94,1,1.57,1,0
OUT-001996,MT-000624,151,0,2.52,1,0
OUT-001997,MT-001108,71,0,1.18,1,0
OUT-001998,MT-003804,129,1,2.15,1,0
OUT-001999,MT-000379,55,1,0.92,1,0
OUT-002000,MT-002144,188,0,3.13,1,0
OUT-002001,MT-000623,104,0,1.73,1,0
OUT-002002,MT-000505,102,0,1.7,1,0
OUT-002003,MT-004879,101,1,1.68,1,0
OUT-002004,MT-000005,81,0,1.35,1,0
OUT-002005,MT-002687,87,0,1.45,1,0
OUT-002006,MT-004282,128,0,2.13,1,0
OUT-002007,MT-004475,78,1,1.3,1,0
OUT-002008,MT-002569,158,1,2.63,1,0
OUT-002009,MT-001443,91,0,1.52,1,0
OUT-002010,MT-004916,94,0,1.57,1,0
OUT-002011,MT-003033,95,0,1.58,1,0
OUT-002012,MT-001805,64,0,1.07,1,0
OUT-002013,MT-000003,137,0,2.28,1,0
OUT-002014,MT-002080,186,1,3.1,1,0
OUT-002015,MT-002198,126,1,2.1,1,0
OUT-002016,MT-000747,109,0,1.82,1,0
OUT-002017,MT-000165,161,0,2.68,1,0
OUT-002018,MT-000916,127,0,2.12,1,0
OUT-002019,MT-004348,78,0,1.3,1,0
OUT-002020,MT-003552,172,0,2.87,1,0
OUT-002021,MT-000684,94,0,1.57,1,0
OUT-002022,MT-004869,143,1,2.38,1,0
OUT-002023,MT-002201,69,1,1.15,1,0
OUT-002024,MT-000357,44,0,0.73,1,0
OUT-002025,MT-004610,127,0,2.12,1,0
OUT-002026,MT-001716,155,0,2.58,1,0
OUT-002027,MT-003684,118,1,1.97,1,0
OUT-002028,MT-004637,77,1,1.28,1,0
OUT-002029,MT-000590,185,1,3.08,1,0
OUT-002030,MT-001526,72,0,1.2,1,0
OUT-002031,MT-004131,121,0,2.02,1,0
OUT-002032,MT-003093,95,0,1.58,1,0
OUT-002033,MT-002137,89,0,1.48,1,0
OUT-002034,MT-000625,150,1,2.5,1,0
OUT-002035,MT-004517,136,0,2.27,1,0
OUT-002036,MT-000434,177,1,2.95,1,0
OUT-002037,MT-004799,194,1,3.23,1,0
OUT-002038,MT-004218,132,0,2.2,1,0
OUT-002039,MT-001531,112,0,1.87,1,0
OUT-002040,MT-003865,65,0,1.08,1,0
OUT-002041,MT-001015,145,0,2.42,1,0
OUT-002042,MT-004202,93,1,1.55,1,0
OUT-002043,MT-001694,93,1,1.55,1,0
OUT-002044,MT-003076,86,1,1.43,1,0
OUT-002045,MT-000024,82,0,1.37,1,0
OUT-002046,MT-000047,107,0,1.78,1,0
OUT-002047,MT-002850,117,1,1.95,1,0
OUT-002048,MT-003281,74,1,1.23,1,0
OUT-002049,MT-002173,103,1,1.72,1,0
OUT-002050,MT-000718,90,0,1.5,1,0
OUT-002051,MT-004884,184,1,3.07,1,0
OUT-002052,MT-003380,87,1,1.45,1,0
OUT-002053,MT-003401,172,1,2.87,1,0
OUT-002054,MT-002508,86,0,1.43,0,0
OUT-002055,MT-000637,108,1,1.8,1,0
OUT-002056,MT-004140,58,0,0.97,1,0
OUT-002057,MT-003639,107,1,1.78,1,0
OUT-002058,MT-000481,97,0,1.62,1,0
OUT-002059,MT-000372,162,0,2.7,1,0
OUT-002060,MT-000661,112,1,1.87,1,0
OUT-002061,MT-003418,169,1,2.82,1,0
OUT-002062,MT-000609,122,0,2.03,1,0
OUT-002063,MT-004118,128,1,2.13,1,0
OUT-002064,MT-004456,125,0,2.08,1,0
OUT-002065,MT-003441,113,0,1.88,1,0
OUT-002066,MT-000219,33,0,0.55,1,0
OUT-002067,MT-004911,108,0,1.8,1,0
OUT-002068,MT-001209,99,0,1.65,1,0
OUT-002069,MT-000849,105,1,1.75,1,0
OUT-002070,MT-000530,133,0,2.22,1,0
OUT-002071,MT-003584,92,0,1.53,1,0
OUT-002072,MT-000429,136,0,2.27,1,0
OUT-002073,MT-003967,87,0,1.45,1,0
OUT-002074,MT-004124,207,0,3.45,1,0
OUT-002075,MT-004597,138,0,2.3,1,0
OUT-002076,MT-002103,98,1,1.63,1,0
OUT-002077,MT-000111,101,0,1.68,1,0
OUT-002078,MT-002918,98,0,1.63,1,0
OUT-002079,MT-001848,90,0,1.5,1,0
OUT-002080,MT-000751,189,0,3.15,1,0
OUT-002081,MT-001828,147,0,2.45,1,0
OUT-002082,MT-004609,88,0,1.47,1,0
OUT-002083,MT-001053,75,1,1.25,1,0
OUT-002084,MT-003747,72,0,1.2,1,0
OUT-002085,MT-000816,178,0,2.97,1,0
OUT-002086,MT-002352,124,0,2.07,1,0
OUT-002087,MT-001330,84,0,1.4,1,0
OUT-002088,MT-004787,70,0,1.17,1,0
OUT-002089,MT-003548,148,0,2.47,1,0
OUT-002090,MT-000435,110,1,1.83,1,0
OUT-002091,MT-001761,109,0,1.82,1,0
OUT-002092,MT-001800,109,0,1.82,1,0
OUT-002093,MT-003762,95,1,1.58,1,0
OUT-002094,MT-000420,91,1,1.52,1,0
OUT-002095,MT-004820,49,0,0.82,1,0
OUT-002096,MT-001719,175,1,2.92,1,0
OUT-002097,MT-002407,94,1,1.57,1,0
OUT-002098,MT-004854,166,1,2.77,1,0
OUT-002099,MT-003323,156,1,2.6,1,0
OUT-002100,MT-003021,55,0,0.92,1,0
OUT-002101,MT-002220,106,1,1.77,1,0
OUT-002102,MT-003081,106,1,1.77,1,0
OUT-002103,MT-003407,59,1,0.98,1,0
OUT-002104,MT-002631,151,1,2.52,1,0
OUT-002105,MT-001689,91,1,1.52,1,0
OUT-002106,MT-000778,137,1,2.28,0,0
OUT-002107,MT-003888,107,1,1.78,1,0
OUT-002108,MT-001906,125,0,2.08,1,0
OUT-002109,MT-004630,76,1,1.27,1,0
OUT-002110,MT-004408,114,1,1.9,1,0
OUT-002111,MT-004771,54,0,0.9,1,0
OUT-002112,MT-004707,139,0,2.32,1,0
OUT-002113,MT-000555,121,1,2.02,1,0
OUT-002114,MT-004111,119,1,1.98,0,0
OUT-002115,MT-000815,161,1,2.68,1,0
OUT-002116,MT-000572,221,1,3.68,1,0
OUT-002117,MT-001039,132,0,2.2,1,0
OUT-002118,MT-002438,139,1,2.32,1,0
OUT-002119,MT-003642,130,0,2.17,1,0
OUT-002120,MT-004288,172,1,2.87,1,0
OUT-002121,MT-000974,92,0,1.53,1,0
OUT-002122,MT-004731,139,1,2.32,1,0
OUT-002123,MT-002511,119,1,1.98,1,0
OUT-002124,MT-002006,192,0,3.2,1,0
OUT-002125,MT-003273,153,0,2.55,1,0
OUT-002126,MT-004411,104,0,1.73,1,0
OUT-002127,MT-003817,95,0,1.58,1,0
OUT-002128,MT-001916,74,0,1.23,1,0
OUT-002129,MT-004487,181,0,3.02,1,0
OUT-002130,MT-000182,109,0,1.82,1,0
OUT-002131,MT-002232,61,1,1.02,1,0
OUT-002132,MT-003772,148,1,2.47,1,0
OUT-002133,MT-004710,147,0,2.45,1,0
OUT-002134,MT-000689,84,0,1.4,1,0
OUT-002135,MT-000840,147,0,2.45,1,0
OUT-002136,MT-004997,142,1,2.37,1,0
OUT-002137,MT-002740,57,1,0.95,1,0
OUT-002138,MT-002005,101,1,1.68,1,0
OUT-002139,MT-002289,108,1,1.8,1,0
OUT-002140,MT-001281,153,1,2.55,1,0
OUT-002141,MT-003971,220,1,3.67,1,0
OUT-002142,MT-001236,60,1,1.0,1,0
OUT-002143,MT-004362,69,1,1.15,1,0
OUT-002144,MT-003726,118,0,1.97,1,0
OUT-002145,MT-003301,195,1,3.25,1,0
OUT-002146,MT-002021,106,0,1.77,1,0
OUT-002147,MT-004387,123,0,2.05,1,0
OUT-002148,MT-001017,84,1,1.4,1,0
OUT-002149,MT-004796,119,0,1.98,1,0
OUT-002150,MT-003836,92,0,1.53,1,0
OUT-002151,MT-001692,108,0,1.8,1,0
OUT-002152,MT-002951,93,0,1.55,1,0
OUT-002153,MT-001580,145,1,2.42,1,0
OUT-002154,MT-003245,118,0,1.97,1,0
OUT-002155,MT-002851,88,0,1.47,1,0
OUT-002156,MT-001929,163,0,2.72,1,0
OUT-002157,MT-002206,90,0,1.5,1,0
OUT-002158,MT-001271,69,1,1.15,1,0
OUT-002159,MT-004762,177,0,2.95,1,0
OUT-002160,MT-001768,88,0,1.47,1,0
OUT-002161,MT-002607,141,0,2.35,1,0
OUT-002162,MT-004021,134,0,2.23,1,0
OUT-002163,MT-001661,166,1,2.77,1,0
OUT-002164,MT-000015,105,1,1.75,1,0
OUT-002165,MT-004045,96,0,1.6,1,0
OUT-002166,MT-003919,126,0,2.1,1,0
OUT-002167,MT-004148,130,0,2.17,1,0
OUT-002168,MT-003408,100,1,1.67,1,0
OUT-002169,MT-002278,112,0,1.87,1,0
OUT-002170,MT-003617,127,0,2.12,1,0
OUT-002171,MT-003941,142,1,2.37,1,0
OUT-002172,MT-002493,162,1,2.7,1,0
OUT-002173,MT-003411,76,1,1.27,1,0
OUT-002174,MT-000315,118,0,1.97,0,0
OUT-002175,MT-000300,162,0,2.7,1,0
OUT-002176,MT-003937,113,0,1.88,1,0
OUT-002177,MT-002177,47,0,0.78,1,0
OUT-002178,MT-004810,106,1,1.77,1,0
OUT-002179,MT-001602,118,0,1.97,1,0
OUT-002180,MT-003623,91,0,1.52,1,0
OUT-002181,MT-003471,174,0,2.9,1,0
OUT-002182,MT-000183,104,1,1.73,1,0
OUT-002183,MT-000943,96,0,1.6,1,0
OUT-002184,MT-003825,121,1,2.02,1,0
OUT-002185,MT-003062,53,1,0.88,1,0
OUT-002186,MT-004367,138,1,2.3,1,0
OUT-002187,MT-003866,102,0,1.7,1,0
OUT-002188,MT-000471,110,0,1.83,1,0
OUT-002189,MT-001067,113,0,1.88,1,0
OUT-002190,MT-002549,131,0,2.18,1,0
OUT-002191,MT-000298,47,0,0.78,1,0
OUT-002192,MT-001240,80,0,1.33,1,0
OUT-002193,MT-003586,124,1,2.07,1,0
OUT-002194,MT-001809,81,0,1.35,1,0
OUT-002195,MT-003474,72,0,1.2,1,0
OUT-002196,MT-001151,112,1,1.87,1,0
OUT-002197,MT-003110,143,0,2.38,1,0
OUT-002198,MT-002741,49,0,0.82,1,0
OUT-002199,MT-002294,177,1,2.95,1,0
OUT-002200,MT-001244,62,0,1.03,1,0
OUT-002201,MT-000538,126,0,2.1,1,0
OUT-002202,MT-003733,78,0,1.3,1,0
OUT-002203,MT-004889,159,0,2.65,1,0
OUT-002204,MT-003543,51,0,0.85,1,0
OUT-002205,MT-000179,81,0,1.35,1,0
OUT-002206,MT-001182,141,1,2.35,1,0
OUT-002207,MT-002758,57,0,0.95,1,0
OUT-002208,MT-003311,149,0,2.48,1,0
OUT-002209,MT-003612,31,0,0.52,1,0
OUT-002210,MT-003029,108,1,1.8,1,0
OUT-002211,MT-000405,136,1,2.27,1,0
OUT-002212,MT-002871,94,0,1.57,1,0
OUT-002213,MT-003755,81,0,1.35,1,0
OUT-002214,MT-003221,140,1,2.33,0,0
OUT-002215,MT-004830,97,0,1.62,1,0
OUT-002216,MT-003819,96,1,1.6,1,0
OUT-002217,MT-001643,116,0,1.93,1,0
OUT-002218,MT-000294,109,0,1.82,1,0
OUT-002219,MT-003191,76,0,1.27,1,0
OUT-002220,MT-004570,73,0,1.22,1,0
OUT-002221,MT-000828,182,0,3.03,1,0
OUT-002222,MT-003823,102,0,1.7,1,0
OUT-002223,MT-004468,185,1,3.08,1,0
OUT-002224,MT-000865,28,0,0.47,1,0
OUT-002225,MT-000275,115,0,1.92,1,0
OUT-002226,MT-001190,124,1,2.07,1,0
OUT-002227,MT-001081,164,0,2.73,1,0
OUT-002228,MT-001950,180,1,3.0,1,0
OUT-002229,MT-003444,97,1,1.62,1,0
OUT-002230,MT-001758,74,1,1.23,0,0
OUT-002231,MT-000009,147,0,2.45,1,0
OUT-002232,MT-004587,93,0,1.55,1,0
OUT-002233,MT-001620,114,1,1.9,1,0
OUT-002234,MT-001300,134,0,2.23,1,0
OUT-002235,MT-004852,94,1,1.57,1,0
OUT-002236,MT-001933,141,0,2.35,1,0
OUT-002237,MT-002978,141,0,2.35,1,0
OUT-002238,MT-000733,99,0,1.65,1,0
OUT-002239,MT-002527,34,0,0.57,1,0
OUT-002240,MT-002070,82,0,1.37,1,0
OUT-002241,MT-001317,92,0,1.53,1,0
OUT-002242,MT-000376,168,1,2.8,1,0
OUT-002243,MT-004086,141,1,2.35,1,0
OUT-002244,MT-000203,114,1,1.9,1,0
OUT-002245,MT-003631,206,0,3.43,1,0
OUT-002246,MT-003091,142,0,2.37,0,0
OUT-002247,MT-002031,84,0,1.4,1,0
OUT-002248,MT-004432,73,1,1.22,1,0
OUT-002249,MT-003924,229,1,3.82,1,0
OUT-002250,MT-000962,175,0,2.92,1,0
OUT-002251,MT-003930,81,0,1.35,1,0
OUT-002252,MT-003568,97,1,1.62,1,0
OUT-002253,MT-004127,125,1,2.08,1,0
OUT-002254,MT-002133,95,0,1.58,1,0
OUT-002255,MT-003257,175,1,2.92,1,0
OUT-002256,MT-001637,118,0,1.97,1,0
OUT-002257,MT-000880,130,0,2.17,1,0
OUT-002258,MT-004053,196,0,3.27,1,0
OUT-002259,MT-003325,106,0,1.77,1,0
OUT-002260,MT-003732,116,0,1.93,1,0
OUT-002261,MT-002396,167,0,2.78,1,0
OUT-002262,MT-000864,117,1,1.95,1,0
OUT-002263,MT-000374,60,0,1.0,1,0
OUT-002264,MT-003173,133,1,2.22,1,0
OUT-002265,MT-002147,146,0,2.43,1,0
OUT-002266,MT-001401,153,0,2.55,1,0
OUT-002267,MT-001418,108,1,1.8,1,0
OUT-002268,MT-004749,110,1,1.83,1,0
OUT-002269,MT-000652,141,0,2.35,1,0
OUT-002270,MT-004120,78,1,1.3,1,0
OUT-002271,MT-000371,135,1,2.25,1,0
OUT-002272,MT-001157,105,0,1.75,1,0
OUT-002273,MT-001836,126,0,2.1,1,0
OUT-002274,MT-002322,104,0,1.73,1,0
OUT-002275,MT-003304,33,1,0.55,1,0
OUT-002276,MT-003917,127,0,2.12,1,0
OUT-002277,MT-000762,123,1,2.05,1,0
OUT-002278,MT-004825,72,0,1.2,1,0
OUT-002279,MT-003381,110,1,1.83,1,0
OUT-002280,MT-004698,115,1,1.92,1,0
OUT-002281,MT-002989,173,1,2.88,1,0
OUT-002282,MT-001444,91,0,1.52,1,0
OUT-002283,MT-001844,99,0,1.65,1,0
OUT-002284,MT-001328,94,0,1.57,1,0
OUT-002285,MT-001056,77,0,1.28,1,0
OUT-002286,MT-004543,69,0,1.15,1,0
OUT-002287,MT-003787,149,1,2.48,1,0
OUT-002288,MT-004203,120,1,2.0,1,0
OUT-002289,MT-000279,107,0,1.78,1,0
OUT-002290,MT-001420,59,0,0.98,1,0
OUT-002291,MT-000683,76,1,1.27,1,0
OUT-002292,MT-002087,122,0,2.03,1,0
OUT-002293,MT-002662,88,0,1.47,1,0
OUT-002294,MT-004512,99,0,1.65,1,0
OUT-002295,MT-002114,121,0,2.02,1,0
OUT-002296,MT-002782,64,0,1.07,1,0
OUT-002297,MT-002210,108,1,1.8,0,0
OUT-002298,MT-004744,204,0,3.4,0,0
OUT-002299,MT-003188,135,0,2.25,1,0
OUT-002300,MT-003169,73,1,1.22,1,0
OUT-002301,MT-000430,210,1,3.5,1,0
OUT-002302,MT-002420,115,0,1.92,1,0
OUT-002303,MT-002704,91,1,1.52,1,0
OUT-002304,MT-003434,88,0,1.47,1,0
OUT-002305,MT-004560,45,1,0.75,1,0
OUT-002306,MT-000891,118,1,1.97,1,0
OUT-002307,MT-003207,95,0,1.58,1,0
OUT-002308,MT-002835,90,1,1.5,1,0
OUT-002309,MT-004893,101,1,1.68,1,0
OUT-002310,MT-004299,76,0,1.27,1,0
OUT-002311,MT-002491,74,0,1.23,1,0
OUT-002312,MT-001963,64,0,1.07,1,0
OUT-002313,MT-002509,122,1,2.03,1,0
OUT-002314,MT-000899,90,1,1.5,1,0
OUT-002315,MT-004706,94,0,1.57,0,0
OUT-002316,MT-001980,189,0,3.15,1,0
OUT-002317,MT-001183,73,1,1.22,1,0
OUT-002318,MT-000953,114,1,1.9,1,0
OUT-002319,MT-000801,63,1,1.05,1,0
OUT-002320,MT-001889,106,0,1.77,1,0
OUT-002321,MT-001787,174,1,2.9,1,0
OUT-002322,MT-002398,126,1,2.1,1,0
OUT-002323,MT-000006,120,0,2.0,1,0
OUT-002324,MT-003963,100,0,1.67,1,0
OUT-002325,MT-002189,117,1,1.95,1,0
OUT-002326,MT-001742,82,0,1.37,1,0
OUT-002327,MT-004227,86,1,1.43,1,0
OUT-002328,MT-004923,230,1,3.83,1,0
OUT-002329,MT-004242,157,1,2.62,1,0
OUT-002330,MT-002423,88,1,1.47,1,0
OUT-002331,MT-001381,154,0,2.57,1,0
OUT-002332,MT-003884,102,1,1.7,0,0
OUT-002333,MT-000619,182,0,3.03,1,0
OUT-002334,MT-004812,133,0,2.22,1,0
OUT-002335,MT-004224,170,0,2.83,1,0
OUT-002336,MT-001145,105,1,1.75,1,0
OUT-002337,MT-004843,70,1,1.17,1,0
OUT-002338,MT-001047,177,0,2.95,1,0
OUT-002339,MT-003175,82,0,1.37,1,0
OUT-002340,MT-004214,90,1,1.5,1,0
OUT-002341,MT-003134,129,1,2.15,1,0
OUT-002342,MT-004619,123,0,2.05,1,0
OUT-002343,MT-000197,112,0,1.87,1,0
OUT-002344,MT-000565,172,0,2.87,1,0
OUT-002345,MT-004833,164,0,2.73,1,0
OUT-002346,MT-002309,141,1,2.35,1,0
OUT-002347,MT-003485,63,1,1.05,1,0
OUT-002348,MT-003554,180,0,3.0,1,0
OUT-002349,MT-001127,136,1,2.27,1,0
OUT-002350,MT-003751,118,1,1.97,1,0
OUT-002351,MT-002514,144,0,2.4,1,0
OUT-002352,MT-002079,71,1,1.18,1,0
OUT-002353,MT-001960,107,0,1.78,1,0
OUT-002354,MT-004806,105,1,1.75,1,0
OUT-002355,MT-001174,100,0,1.67,1,0
OUT-002356,MT-003244,86,0,1.43,1,0
OUT-002357,MT-000250,145,0,2.42,1,0
OUT-002358,MT-002542,125,1,2.08,1,0
OUT-002359,MT-004370,66,1,1.1,1,0
OUT-002360,MT-002868,143,0,2.38,1,0
OUT-002361,MT-001959,94,0,1.57,1,0
OUT-002362,MT-004760,148,1,2.47,1,0
OUT-002363,MT-001829,52,0,0.87,1,0
OUT-002364,MT-003015,52,0,0.87,1,0
OUT-002365,MT-001807,159,0,2.65,1,0
OUT-002366,MT-003171,137,0,2.28,1,0
OUT-002367,MT-001350,48,0,0.8,1,0
OUT-002368,MT-000827,229,0,3.82,1,0
OUT-002369,MT-001499,129,0,2.15,1,0
OUT-002370,MT-000487,117,1,1.95,1,0
OUT-002371,MT-000547,187,1,3.12,1,0
OUT-002372,MT-004873,165,1,2.75,1,0
OUT-002373,MT-001117,77,0,1.28,1,0
OUT-002374,MT-004845,136,0,2.27,1,0
OUT-002375,MT-003243,74,1,1.23,1,0
OUT-002376,MT-002302,105,1,1.75,1,0
OUT-002377,MT-000889,159,1,2.65,1,0
OUT-002378,MT-000304,49,1,0.82,1,0
OUT-002379,MT-004311,178,0,2.97,1,0
OUT-002380,MT-003980,62,1,1.03,1,0
OUT-002381,MT-002626,112,0,1.87,1,0
OUT-002382,MT-004412,61,0,1.02,1,0
OUT-002383,MT-001272,101,1,1.68,1,0
OUT-002384,MT-000092,171,0,2.85,0,0
OUT-002385,MT-003478,141,1,2.35,1,0
OUT-002386,MT-001890,159,1,2.65,1,0
OUT-002387,MT-001261,48,0,0.8,1,0
OUT-002388,MT-004237,115,0,1.92,0,0
OUT-002389,MT-004878,141,1,2.35,1,0
OUT-002390,MT-004050,111,0,1.85,1,0
OUT-002391,MT-004042,63,1,1.05,1,0
OUT-002392,MT-004782,146,1,2.43,1,0
OUT-002393,MT-000986,149,0,2.48,1,0
OUT-002394,MT-001310,95,1,1.58,1,0
OUT-002395,MT-002414,131,0,2.18,1,0
OUT-002396,MT-003868,115,1,1.92,1,0
OUT-002397,MT-002591,175,0,2.92,1,0
OUT-002398,MT-001208,121,0,2.02,1,0
OUT-002399,MT-002734,70,0,1.17,1,0
OUT-002400,MT-004206,98,1,1.63,1,0
OUT-002401,MT-002749,106,0,1.77,1,0
OUT-002402,MT-002882,148,1,2.47,1,0
OUT-002403,MT-003387,97,0,1.62,1,0
OUT-002404,MT-004269,137,0,2.28,1,0
OUT-002405,MT-000288,65,0,1.08,1,0
OUT-002406,MT-001181,67,0,1.12,1,0
OUT-002407,MT-003442,119,1,1.98,1,0
OUT-002408,MT-001957,97,1,1.62,1,0
OUT-002409,MT-004442,91,1,1.52,1,0
OUT-002410,MT-003137,181,0,3.02,1,0
OUT-002411,MT-003330,115,0,1.92,1,0
OUT-002412,MT-001796,82,0,1.37,1,0
OUT-002413,MT-003095,78,1,1.3,1,0
OUT-002414,MT-000888,89,0,1.48,1,0
OUT-002415,MT-000712,154,1,2.57,0,0
OUT-002416,MT-004645,130,0,2.17,1,0
OUT-002417,MT-005000,70,1,1.17,1,0
OUT-002418,MT-002990,105,0,1.75,1,0
OUT-002419,MT-002880,78,0,1.3,1,0
OUT-002420,MT-002879,120,0,2.0,1,0
OUT-002421,MT-002895,166,1,2.77,1,0
OUT-002422,MT-001910,130,1,2.17,1,0
OUT-002423,MT-001974,59,0,0.98,1,0
OUT-002424,MT-001395,96,0,1.6,1,0
OUT-002425,MT-004629,100,1,1.67,1,0
OUT-002426,MT-000278,84,0,1.4,1,0
OUT-002427,MT-001642,101,1,1.68,1,0
OUT-002428,MT-003883,64,1,1.07,1,0
OUT-002429,MT-001955,127,1,2.12,1,0
OUT-002430,MT-003356,66,1,1.1,1,0
OUT-002431,MT-001819,52,0,0.87,1,0
OUT-002432,MT-000553,99,0,1.65,1,0
OUT-002433,MT-000785,108,1,1.8,1,0
OUT-002434,MT-000897,135,1,2.25,0,0
OUT-002435,MT-001520,39,1,0.65,1,0
OUT-002436,MT-004119,124,1,2.07,0,0
OUT-002437,MT-004575,64,0,1.07,1,0
OUT-002438,MT-002007,170,0,2.83,1,0
OUT-002439,MT-001739,153,1,2.55,1,0
OUT-002440,MT-001077,148,1,2.47,1,0
OUT-002441,MT-002772,124,1,2.07,1,0
OUT-002442,MT-000078,63,0,1.05,1,0
OUT-002443,MT-003632,118,1,1.97,0,0
OUT-002444,MT-000138,137,1,2.28,1,0
OUT-002445,MT-001704,78,1,1.3,1,0
OUT-002446,MT-002827,90,0,1.5,1,0
OUT-002447,MT-002783,181,1,3.02,1,0
OUT-002448,MT-001912,152,0,2.53,1,0
OUT-002449,MT-004721,82,1,1.37,1,0
OUT-002450,MT-000741,179,0,2.98,1,0
OUT-002451,MT-001895,166,1,2.77,1,0
OUT-002452,MT-000866,150,1,2.5,1,0
OUT-002453,MT-002609,156,1,2.6,1,0
OUT-002454,MT-001110,165,0,2.75,1,0
OUT-002455,MT-003267,56,0,0.93,1,0
OUT-002456,MT-001492,145,0,2.42,1,0
OUT-002457,MT-004187,185,1,3.08,1,0
OUT-002458,MT-001496,65,1,1.08,1,0
OUT-002459,MT-004020,89,1,1.48,1,0
OUT-002460,MT-002442,110,1,1.83,1,0
OUT-002461,MT-000736,110,0,1.83,1,0
OUT-002462,MT-003277,105,1,1.75,1,0
OUT-002463,MT-004617,67,0,1.12,1,0
OUT-002464,MT-000721,156,0,2.6,1,0
OUT-002465,MT-001790,59,1,0.98,1,0
OUT-002466,MT-003499,123,1,2.05,1,0
OUT-002467,MT-004186,123,0,2.05,1,0
OUT-002468,MT-000924,109,0,1.82,1,0
OUT-002469,MT-003661,64,0,1.07,1,0
OUT-002470,MT-001865,124,0,2.07,1,0
OUT-002471,MT-002343,128,0,2.13,1,0
OUT-002472,MT-002775,70,0,1.17,1,0
OUT-002473,MT-001619,83,0,1.38,1,0
OUT-002474,MT-004395,132,0,2.2,1,0
OUT-002475,MT-003024,94,0,1.57,1,0
OUT-002476,MT-000746,103,0,1.72,1,0
OUT-002477,MT-004480,110,1,1.83,0,0
OUT-002478,MT-000861,184,1,3.07,1,0
OUT-002479,MT-002842,150,1,2.5,1,0
OUT-002480,MT-001896,149,0,2.48,1,0
OUT-002481,MT-003538,97,0,1.62,1,0
OUT-002482,MT-002633,178,0,2.97,1,0
OUT-002483,MT-000180,146,1,2.43,0,0
OUT-002484,MT-004777,92,1,1.53,1,0
OUT-002485,MT-002536,81,0,1.35,1,0
OUT-002486,MT-000443,112,1,1.87,1,0
OUT-002487,MT-003421,142,0,2.37,1,0
OUT-002488,MT-004915,186,0,3.1,1,0
OUT-002489,MT-003159,80,1,1.33,1,0
OUT-002490,MT-004789,77,1,1.28,1,0
OUT-002491,MT-003177,131,1,2.18,1,0
OUT-002492,MT-001989,152,1,2.53,1,0
OUT-002493,MT-002840,153,0,2.55,1,0
OUT-002494,MT-004402,82,0,1.37,1,0
OUT-002495,MT-002263,127,1,2.12,1,0
OUT-002496,MT-001600,165,0,2.75,1,0
OUT-002497,MT-000230,126,1,2.1,1,0
OUT-002498,MT-001031,138,0,2.3,1,0
OUT-002499,MT-001446,93,1,1.55,1,0
OUT-002500,MT-003367,125,0,2.08,1,0
OUT-002501,MT-002200,131,0,2.18,1,0
OUT-002502,MT-002831,79,0,1.32,1,0
OUT-002503,MT-001587,81,0,1.35,1,0
OUT-002504,MT-003132,104,1,1.73,0,0
OUT-002505,MT-004015,50,1,0.83,1,0
OUT-002506,MT-002163,128,1,2.13,1,0
OUT-002507,MT-002886,40,1,0.67,1,0
OUT-002508,MT-002394,132,0,2.2,1,0
OUT-002509,MT-002251,158,0,2.63,1,0
OUT-002510,MT-003530,135,1,2.25,1,0
OUT-002511,MT-000445,178,0,2.97,1,0
OUT-002512,MT-002986,96,1,1.6,1,0
OUT-002513,MT-004134,187,1,3.12,1,0
OUT-002514,MT-002248,82,0,1.37,1,0
OUT-002515,MT-002522,77,0,1.28,1,0
OUT-002516,MT-000524,104,0,1.73,1,0
OUT-002517,MT-001052,36,0,0.6,1,0
OUT-002518,MT-002245,145,0,2.42,1,0
OUT-002519,MT-004488,93,1,1.55,1,0
OUT-002520,MT-001087,161,0,2.68,1,0
OUT-002521,MT-003540,143,1,2.38,1,0
OUT-002522,MT-002192,109,0,1.82,1,0
OUT-002523,MT-003228,106,1,1.77,1,0
OUT-002524,MT-002328,133,0,2.22,1,0
OUT-002525,MT-000038,69,0,1.15,1,0
OUT-002526,MT-000811,106,0,1.77,1,0
OUT-002527,MT-002755,103,0,1.72,1,0
OUT-002528,MT-001523,118,0,1.97,1,0
OUT-002529,MT-000144,81,0,1.35,1,0
OUT-002530,MT-002608,109,1,1.82,1,0
OUT-002531,MT-004371,68,0,1.13,1,0
OUT-002532,MT-004695,103,0,1.72,1,0
OUT-002533,MT-001456,144,1,2.4,1,0
OUT-002534,MT-004532,52,0,0.87,1,0
OUT-002535,MT-004674,93,0,1.55,1,0
OUT-002536,MT-001302,133,0,2.22,1,0
OUT-002537,MT-000256,130,1,2.17,1,0
OUT-002538,MT-004390,54,0,0.9,1,0
OUT-002539,MT-002304,99,0,1.65,1,0
OUT-002540,MT-003596,85,1,1.42,1,0
OUT-002541,MT-001156,164,0,2.73,1,0
OUT-002542,MT-004513,145,0,2.42,1,0
OUT-002543,MT-003293,142,0,2.37,1,0
OUT-002544,MT-002293,81,0,1.35,1,0
OUT-002545,MT-001479,148,1,2.47,0,0
OUT-002546,MT-004450,93,1,1.55,1,0
OUT-002547,MT-003549,91,1,1.52,1,0
OUT-002548,MT-002452,140,1,2.33,1,0
OUT-002549,MT-004548,104,1,1.73,1,0
OUT-002550,MT-003570,62,0,1.03,1,0
OUT-002551,MT-000336,43,1,0.72,1,0
OUT-002552,MT-000297,58,0,0.97,1,0
OUT-002553,MT-001875,70,0,1.17,1,0
OUT-002554,MT-004970,91,0,1.52,1,0
OUT-002555,MT-000062,118,0,1.97,1,0
OUT-002556,MT-002019,80,1,1.33,1,0
OUT-002557,MT-001093,136,0,2.27,1,0
OUT-002558,MT-004240,185,1,3.08,1,0
OUT-002559,MT-003459,91,0,1.52,1,0
OUT-002560,MT-002899,203,1,3.38,1,0
OUT-002561,MT-001107,117,1,1.95,1,0
OUT-002562,MT-003358,59,0,0.98,1,0
OUT-002563,MT-001610,131,0,2.18,1,0
OUT-002564,MT-003643,60,0,1.0,1,0
OUT-002565,MT-003089,97,1,1.62,1,0
OUT-002566,MT-003150,92,0,1.53,1,0
OUT-002567,MT-004386,84,0,1.4,1,0
OUT-002568,MT-000362,105,1,1.75,1,0
OUT-002569,MT-000032,85,0,1.42,1,0
OUT-002570,MT-001586,70,0,1.17,1,0
OUT-002571,MT-002130,64,1,1.07,1,0
OUT-002572,MT-000802,128,0,2.13,1,0
OUT-002573,MT-002288,94,0,1.57,1,0
OUT-002574,MT-000672,97,0,1.62,1,0
OUT-002575,MT-002596,128,0,2.13,1,0
OUT-002576,MT-003286,98,0,1.63,1,0
OUT-002577,MT-003907,102,0,1.7,1,0
OUT-002578,MT-004939,156,0,2.6,1,0
OUT-002579,MT-004750,108,0,1.8,1,0
OUT-002580,MT-001646,88,0,1.47,1,0
OUT-002581,MT-002327,158,0,2.63,1,0
OUT-002582,MT-000788,102,0,1.7,1,0
OUT-002583,MT-002259,148,1,2.47,1,0
OUT-002584,MT-004492,150,0,2.5,1,0
OUT-002585,MT-003163,76,0,1.27,1,0
OUT-002586,MT-003417,139,1,2.32,1,0
OUT-002587,MT-001353,104,1,1.73,1,0
OUT-002588,MT-004380,191,1,3.18,1,0
OUT-002589,MT-004399,124,0,2.07,1,0
OUT-002590,MT-000402,84,0,1.4,1,0
OUT-002591,MT-001165,81,0,1.35,1,0
OUT-002592,MT-000640,102,0,1.7,1,0
OUT-002593,MT-001426,157,1,2.62,1,0
OUT-002594,MT-004527,119,1,1.98,1,0
OUT-002595,MT-002792,90,1,1.5,1,0
OUT-002596,MT-003973,85,0,1.42,1,0
OUT-002597,MT-003968,106,0,1.77,1,0
OUT-002598,MT-002434,158,1,2.63,1,0
OUT-002599,MT-002524,147,0,2.45,1,0
OUT-002600,MT-000905,45,0,0.75,1,0
OUT-002601,MT-001367,113,0,1.88,1,0
OUT-002602,MT-001514,107,0,1.78,1,0
OUT-002603,MT-001387,149,0,2.48,1,0
OUT-002604,MT-001513,56,0,0.93,1,0
OUT-002605,MT-004248,132,1,2.2,1,0
OUT-002606,MT-001283,84,0,1.4,1,0
OUT-002607,MT-002563,73,0,1.22,1,0
OUT-002608,MT-002747,105,0,1.75,1,0
OUT-002609,MT-002898,74,0,1.23,1,0
OUT-002610,MT-001673,90,0,1.5,1,0
OUT-002611,MT-003105,65,0,1.08,1,0
OUT-002612,MT-001217,97,1,1.62,1,0
OUT-002613,MT-003099,145,0,2.42,1,0
OUT-002614,MT-001863,91,0,1.52,1,0
OUT-002615,MT-004747,129,0,2.15,1,0
OUT-002616,MT-004797,65,1,1.08,1,0
OUT-002617,MT-003266,131,0,2.18,1,0
OUT-002618,MT-001258,99,1,1.65,1,0
OUT-002619,MT-003153,120,1,2.0,1,0
OUT-002620,MT-002040,98,0,1.63,1,0
OUT-002621,MT-000065,163,1,2.72,1,0
OUT-002622,MT-001622,96,0,1.6,1,0
OUT-002623,MT-001607,130,0,2.17,1,0
OUT-002624,MT-000617,182,0,3.03,1,0
OUT-002625,MT-000457,100,0,1.67,1,0
OUT-002626,MT-001345,121,0,2.02,1,0
OUT-002627,MT-004522,67,1,1.12,1,0
OUT-002628,MT-002330,83,1,1.38,1,0
OUT-002629,MT-000531,79,0,1.32,1,0
OUT-002630,MT-003480,115,0,1.92,1,0
OUT-002631,MT-000470,55,1,0.92,1,0
OUT-002632,MT-004010,178,1,2.97,1,0
OUT-002633,MT-001211,109,1,1.82,1,0
OUT-002634,MT-002629,133,0,2.22,1,0
OUT-002635,MT-004735,145,0,2.42,1,0
OUT-002636,MT-002052,147,0,2.45,1,0
OUT-002637,MT-002672,152,0,2.53,1,0
OUT-002638,MT-003224,104,0,1.73,1,0
OUT-002639,MT-003007,94,1,1.57,1,0
OUT-002640,MT-002474,99,1,1.65,1,0
OUT-002641,MT-000536,159,0,2.65,1,0
OUT-002642,MT-001439,67,0,1.12,1,0
OUT-002643,MT-003750,49,0,0.82,1,0
OUT-002644,MT-004291,96,1,1.6,1,0
OUT-002645,MT-003077,135,1,2.25,1,0
OUT-002646,MT-002350,127,0,2.12,1,0
OUT-002647,MT-004192,105,0,1.75,1,0
OUT-002648,MT-000285,62,1,1.03,1,0
OUT-002649,MT-001621,139,1,2.32,1,0
OUT-002650,MT-003299,53,0,0.88,1,0
OUT-002651,MT-001375,128,0,2.13,1,0
OUT-002652,MT-000515,71,0,1.18,1,0
OUT-002653,MT-000333,131,0,2.18,1,0
OUT-002654,MT-001197,142,0,2.37,1,0
OUT-002655,MT-002724,123,0,2.05,1,0
OUT-002656,MT-002346,112,1,1.87,0,0
OUT-002657,MT-003201,60,0,1.0,1,0
OUT-002658,MT-002492,138,0,2.3,1,0
OUT-002659,MT-004904,135,0,2.25,1,0
OUT-002660,MT-002233,124,0,2.07,1,0
OUT-002661,MT-004979,160,0,2.67,1,0
OUT-002662,MT-000873,185,0,3.08,1,0
OUT-002663,MT-004318,95,0,1.58,1,0
OUT-002664,MT-003251,81,0,1.35,1,0
OUT-002665,MT-004561,129,0,2.15,1,0
OUT-002666,MT-000842,84,0,1.4,1,0
OUT-002667,MT-003918,134,0,2.23,1,0
OUT-002668,MT-001384,121,1,2.02,1,0
OUT-002669,MT-003613,80,1,1.33,1,0
OUT-002670,MT-004699,170,0,2.83,1,0
OUT-002671,MT-001028,45,1,0.75,1,0
OUT-002672,MT-001631,109,1,1.82,1,0
OUT-002673,MT-003693,155,1,2.58,0,0
OUT-002674,MT-002169,119,1,1.98,1,0
OUT-002675,MT-003465,98,0,1.63,1,0
OUT-002676,MT-000237,106,1,1.77,1,0
OUT-002677,MT-002000,127,0,2.12,0,0
OUT-002678,MT-003384,193,1,3.22,1,0
OUT-002679,MT-003500,87,0,1.45,1,0
OUT-002680,MT-001885,71,1,1.18,1,0
OUT-002681,MT-003575,46,0,0.77,1,0
OUT-002682,MT-004257,136,0,2.27,1,0
OUT-002683,MT-003871,119,0,1.98,1,0
OUT-002684,MT-000671,74,1,1.23,1,0
OUT-002685,MT-001746,119,1,1.98,1,0
OUT-002686,MT-000055,226,1,3.77,1,0
OUT-002687,MT-000870,116,0,1.93,1,0
OUT-002688,MT-001633,68,0,1.13,1,0
OUT-002689,MT-001414,129,1,2.15,1,0
OUT-002690,MT-001223,102,0,1.7,1,0
OUT-002691,MT-001730,96,0,1.6,1,0
OUT-002692,MT-000271,104,0,1.73,1,0
OUT-002693,MT-002286,85,1,1.42,1,0
OUT-002694,MT-000964,63,0,1.05,1,0
OUT-002695,MT-001762,127,0,2.12,1,0
OUT-002696,MT-001024,79,1,1.32,1,0
OUT-002697,MT-003306,133,1,2.22,1,0
OUT-002698,MT-001731,34,0,0.57,1,0
OUT-002699,MT-001690,103,0,1.72,1,0
OUT-002700,MT-003141,140,0,2.33,1,0
OUT-002701,MT-003351,204,1,3.4,1,0
OUT-002702,MT-001504,154,0,2.57,1,0
OUT-002703,MT-004381,74,0,1.23,1,0
OUT-002704,MT-000847,153,0,2.55,1,0
OUT-002705,MT-001490,107,1,1.78,1,0
OUT-002706,MT-003139,192,0,3.2,1,0
OUT-002707,MT-001682,96,1,1.6,1,0
OUT-002708,MT-001770,48,0,0.8,1,0
OUT-002709,MT-003042,137,0,2.28,1,0
OUT-002710,MT-002675,137,0,2.28,1,0
OUT-002711,MT-003718,158,0,2.63,1,0
OUT-002712,MT-000542,71,1,1.18,1,0
OUT-002713,MT-004971,167,1,2.78,1,0
OUT-002714,MT-001321,90,0,1.5,1,0
OUT-002715,MT-000504,166,0,2.77,1,0
OUT-002716,MT-001410,111,0,1.85,1,0
OUT-002717,MT-000109,155,0,2.58,1,0
OUT-002718,MT-003700,212,1,3.53,1,0
OUT-002719,MT-004358,112,0,1.87,1,0
OUT-002720,MT-001563,132,1,2.2,0,0
OUT-002721,MT-000049,124,0,2.07,1,0
OUT-002722,MT-003295,169,1,2.82,1,0
OUT-002723,MT-002519,88,0,1.47,1,0
OUT-002724,MT-002475,153,1,2.55,1,0
OUT-002725,MT-004948,153,0,2.55,1,0
OUT-002726,MT-003074,115,1,1.92,1,0
OUT-002727,MT-002326,107,1,1.78,1,0
OUT-002728,MT-003565,95,0,1.58,1,0
OUT-002729,MT-003824,74,0,1.23,1,0
OUT-002730,MT-002962,129,1,2.15,1,0
OUT-002731,MT-000488,200,0,3.33,1,0
OUT-002732,MT-001647,182,1,3.03,1,0
OUT-002733,MT-003020,59,0,0.98,1,0
OUT-002734,MT-004947,163,0,2.72,1,0
OUT-002735,MT-004435,62,0,1.03,1,0
OUT-002736,MT-001881,102,1,1.7,1,0
OUT-002737,MT-001936,112,0,1.87,1,0
OUT-002738,MT-004835,52,1,0.87,1,0
OUT-002739,MT-004239,60,0,1.0,1,0
OUT-002740,MT-001717,69,1,1.15,1,0
OUT-002741,MT-000594,97,0,1.62,1,0
OUT-002742,MT-002815,114,1,1.9,1,0
OUT-002743,MT-003059,87,1,1.45,1,0
OUT-002744,MT-003492,107,0,1.78,1,0
OUT-002745,MT-001274,124,1,2.07,1,0
OUT-002746,MT-002020,127,0,2.12,1,0
OUT-002747,MT-001334,110,1,1.83,1,0
OUT-002748,MT-000699,68,0,1.13,1,0
OUT-002749,MT-003477,146,1,2.43,1,0
OUT-002750,MT-001738,153,1,2.55,1,0
OUT-002751,MT-000534,192,1,3.2,1,0
OUT-002752,MT-002105,125,1,2.08,1,0
OUT-002753,MT-003832,89,1,1.48,1,0
OUT-002754,MT-001649,79,0,1.32,1,0
OUT-002755,MT-003900,34,1,0.57,1,0
OUT-002756,MT-003309,140,1,2.33,1,0
OUT-002757,MT-004198,201,0,3.35,1,0
OUT-002758,MT-000713,128,1,2.13,1,0
OUT-002759,MT-000218,112,0,1.87,1,0
OUT-002760,MT-002301,168,0,2.8,1,0
OUT-002761,MT-004033,46,0,0.77,1,0
OUT-002762,MT-003142,166,0,2.77,1,0
OUT-002763,MT-001354,108,0,1.8,1,0
OUT-002764,MT-001638,78,1,1.3,1,0
OUT-002765,MT-003763,153,0,2.55,0,0
OUT-002766,MT-004648,92,0,1.53,1,0
OUT-002767,MT-004489,84,0,1.4,1,0
OUT-002768,MT-001849,64,1,1.07,1,0
OUT-002769,MT-000574,61,1,1.02,1,0
OUT-002770,MT-002931,154,1,2.57,1,0
OUT-002771,MT-001419,76,1,1.27,1,0
OUT-002772,MT-001650,179,0,2.98,1,0
OUT-002773,MT-003625,97,1,1.62,1,0
OUT-002774,MT-000772,101,1,1.68,1,0
OUT-002775,MT-003242,153,1,2.55,1,0
OUT-002776,MT-003023,82,0,1.37,1,0
OUT-002777,MT-003990,62,1,1.03,1,0
OUT-002778,MT-002134,139,0,2.32,1,0
OUT-002779,MT-001893,155,0,2.58,1,0
OUT-002780,MT-002688,194,0,3.23,1,0
OUT-002781,MT-002077,62,1,1.03,1,0
OUT-002782,MT-004905,110,1,1.83,0,0
OUT-002783,MT-004142,116,0,1.93,1,0
OUT-002784,MT-003182,106,0,1.77,0,0
OUT-002785,MT-000281,193,0,3.22,1,0
OUT-002786,MT-003056,176,1,2.93,1,0
OUT-002787,MT-004936,118,0,1.97,1,0
OUT-002788,MT-003803,162,0,2.7,1,0
OUT-002789,MT-003342,120,0,2.0,1,0
OUT-002790,MT-000248,66,1,1.1,1,0
OUT-002791,MT-002778,67,0,1.12,1,0
OUT-002792,MT-000720,118,0,1.97,1,0
OUT-002793,MT-001542,35,0,0.58,1,0
OUT-002794,MT-000735,99,0,1.65,1,0
OUT-002795,MT-000008,51,0,0.85,1,0
OUT-002796,MT-001611,147,1,2.45,0,0
OUT-002797,MT-004041,77,0,1.28,1,0
OUT-002798,MT-001919,170,0,2.83,1,0
OUT-002799,MT-000455,135,1,2.25,1,0
OUT-002800,MT-003650,87,0,1.45,1,0
OUT-002801,MT-002405,120,1,2.0,1,0
OUT-002802,MT-003234,64,0,1.07,1,0
OUT-002803,MT-003143,178,0,2.97,1,0
OUT-002804,MT-003694,158,1,2.63,1,0
OUT-002805,MT-003088,107,0,1.78,0,0
OUT-002806,MT-001255,73,0,1.22,1,0
OUT-002807,MT-000260,110,0,1.83,1,0
OUT-002808,MT-001655,75,0,1.25,1,0
OUT-002809,MT-004317,162,0,2.7,1,0
OUT-002810,MT-004784,242,0,4.03,1,0
OUT-002811,MT-000526,174,1,2.9,1,0
OUT-002812,MT-004832,137,1,2.28,1,0
OUT-002813,MT-004896,170,0,2.83,1,0
OUT-002814,MT-000321,96,1,1.6,1,0
OUT-002815,MT-002030,99,0,1.65,1,0
OUT-002816,MT-003446,147,1,2.45,1,0
OUT-002817,MT-004401,79,0,1.32,1,0
OUT-002818,MT-001699,117,0,1.95,1,0
OUT-002819,MT-002928,96,0,1.6,1,0
OUT-002820,MT-002829,153,0,2.55,1,0
OUT-002821,MT-001595,139,1,2.32,1,0
OUT-002822,MT-002267,132,0,2.2,1,0
OUT-002823,MT-004164,107,0,1.78,1,0
OUT-002824,MT-004091,98,0,1.63,1,0
OUT-002825,MT-004183,91,0,1.52,1,0
OUT-002826,MT-000101,69,1,1.15,1,0
OUT-002827,MT-001696,169,0,2.82,1,0
OUT-002828,MT-002952,133,1,2.22,1,0
OUT-002829,MT-001352,69,0,1.15,1,0
OUT-002830,MT-000543,116,0,1.93,1,0
OUT-002831,MT-002116,110,1,1.83,1,0
OUT-002832,MT-004576,60,1,1.0,1,0
OUT-002833,MT-002333,50,1,0.83,1,0
OUT-002834,MT-001832,63,1,1.05,1,0
OUT-002835,MT-001825,116,0,1.93,1,0
OUT-002836,MT-002071,149,0,2.48,1,0
OUT-002837,MT-000258,105,0,1.75,1,0
OUT-002838,MT-003070,87,0,1.45,1,0
OUT-002839,MT-001763,76,1,1.27,1,0
OUT-002840,MT-000269,120,0,2.0,1,0
OUT-002841,MT-000540,104,0,1.73,1,0
OUT-002842,MT-002712,98,1,1.63,1,0
OUT-002843,MT-000153,111,0,1.85,1,0
OUT-002844,MT-002709,162,0,2.7,1,0
OUT-002845,MT-000080,125,1,2.08,1,0
OUT-002846,MT-002574,148,1,2.47,0,0
OUT-002847,MT-002702,44,0,0.73,1,0
OUT-002848,MT-002290,155,1,2.58,1,0
OUT-002849,MT-004994,109,0,1.82,1,0
OUT-002850,MT-003556,137,0,2.28,1,0
OUT-002851,MT-004106,177,0,2.95,1,0
OUT-002852,MT-000539,122,0,2.03,1,0
OUT-002853,MT-002624,86,0,1.43,1,0
OUT-002854,MT-003740,153,0,2.55,1,0
OUT-002855,MT-004223,128,0,2.13,1,0
OUT-002856,MT-000910,125,1,2.08,1,0
OUT-002857,MT-003536,118,0,1.97,1,0
OUT-002858,MT-004788,127,0,2.12,1,0
OUT-002859,MT-000355,84,1,1.4,1,0
OUT-002860,MT-003724,35,0,0.58,1,0
OUT-002861,MT-004701,40,0,0.67,1,0
OUT-002862,MT-000856,106,1,1.77,1,0
OUT-002863,MT-003068,110,0,1.83,1,0
OUT-002864,MT-003028,110,0,1.83,1,0
OUT-002865,MT-003806,111,0,1.85,1,0
OUT-002866,MT-004988,126,0,2.1,1,0
OUT-002867,MT-004210,195,0,3.25,1,0
OUT-002868,MT-003830,156,1,2.6,1,0
OUT-002869,MT-001481,118,0,1.97,1,0
OUT-002870,MT-003680,100,1,1.67,1,0
OUT-002871,MT-001307,111,1,1.85,0,0
OUT-002872,MT-004261,134,0,2.23,1,0
OUT-002873,MT-001710,92,1,1.53,1,0
OUT-002874,MT-004156,84,1,1.4,1,0
OUT-002875,MT-003258,174,0,2.9,1,0
OUT-002876,MT-002140,169,1,2.82,0,0
OUT-002877,MT-002907,52,1,0.87,1,0
OUT-002878,MT-004407,104,0,1.73,1,0
OUT-002879,MT-001976,110,0,1.83,0,0
OUT-002880,MT-004201,109,1,1.82,1,0
OUT-002881,MT-001344,187,1,3.12,1,0
OUT-002882,MT-000731,96,0,1.6,1,0
OUT-002883,MT-001707,117,0,1.95,1,0
OUT-002884,MT-001628,182,1,3.03,1,0
OUT-002885,MT-002676,115,1,1.92,1,0
OUT-002886,MT-002770,75,0,1.25,1,0
OUT-002887,MT-001413,178,1,2.97,1,0
OUT-002888,MT-003180,164,0,2.73,1,0
OUT-002889,MT-002645,116,0,1.93,1,0
OUT-002890,MT-001405,163,0,2.72,1,0
OUT-002891,MT-003320,36,0,0.6,1,0
OUT-002892,MT-003579,72,0,1.2,1,0
OUT-002893,MT-003071,79,0,1.32,1,0
OUT-002894,MT-000330,99,0,1.65,1,0
OUT-002895,MT-004562,93,1,1.55,1,0
OUT-002896,MT-002910,60,0,1.0,1,0
OUT-002897,MT-003846,56,0,0.93,1,0
OUT-002898,MT-004298,117,0,1.95,0,0
OUT-002899,MT-002906,85,0,1.42,1,0
OUT-002900,MT-000296,81,0,1.35,1,0
OUT-002901,MT-003422,133,1,2.22,1,0
OUT-002902,MT-003581,106,0,1.77,1,0
OUT-002903,MT-001296,95,0,1.58,1,0
OUT-002904,MT-002779,97,0,1.62,1,0
OUT-002905,MT-003149,90,1,1.5,1,0
OUT-002906,MT-002648,118,0,1.97,1,0
OUT-002907,MT-002238,95,1,1.58,1,0
OUT-002908,MT-002476,95,0,1.58,1,0
OUT-002909,MT-000491,90,1,1.5,1,0
OUT-002910,MT-004681,107,0,1.78,1,0
OUT-002911,MT-003605,80,0,1.33,1,0
OUT-002912,MT-003916,94,0,1.57,1,0
OUT-002913,MT-000163,105,1,1.75,1,0
OUT-002914,MT-004761,159,0,2.65,1,0
OUT-002915,MT-003903,86,0,1.43,1,0
OUT-002916,MT-002970,102,1,1.7,1,0
OUT-002917,MT-002266,107,0,1.78,1,0
OUT-002918,MT-002225,71,1,1.18,1,0
OUT-002919,MT-004473,120,0,2.0,1,0
OUT-002920,MT-001029,97,0,1.62,1,0
OUT-002921,MT-002669,131,1,2.18,1,0
OUT-002922,MT-004425,109,0,1.82,1,0
OUT-002923,MT-000368,100,1,1.67,1,0
OUT-002924,MT-001681,61,0,1.02,1,0
OUT-002925,MT-002671,67,0,1.12,1,0
OUT-002926,MT-000588,125,0,2.08,1,0
OUT-002927,MT-001195,156,1,2.6,1,0
OUT-002928,MT-002897,155,0,2.58,1,0
OUT-002929,MT-001675,154,0,2.57,1,0
OUT-002930,MT-000752,167,0,2.78,1,0
OUT-002931,MT-002878,88,0,1.47,1,0
OUT-002932,MT-000583,125,0,2.08,1,0
OUT-002933,MT-001497,54,1,0.9,1,0
OUT-002934,MT-003965,150,1,2.5,1,0
OUT-002935,MT-003156,104,0,1.73,1,0
OUT-002936,MT-002483,62,0,1.03,1,0
OUT-002937,MT-003252,94,0,1.57,1,0
OUT-002938,MT-000020,87,0,1.45,1,0
OUT-002939,MT-002404,107,0,1.78,1,0
OUT-002940,MT-003413,89,1,1.48,1,0
OUT-002941,MT-003949,82,0,1.37,1,0
OUT-002942,MT-004440,116,0,1.93,1,0
OUT-002943,MT-004342,139,0,2.32,1,0
OUT-002944,MT-000463,106,0,1.77,1,0
OUT-002945,MT-000789,30,1,0.5,0,0
OUT-002946,MT-000934,124,1,2.07,1,0
OUT-002947,MT-000221,40,0,0.67,1,0
OUT-002948,MT-000868,69,1,1.15,1,0
OUT-002949,MT-000692,158,0,2.63,1,0
OUT-002950,MT-003504,90,1,1.5,1,0
OUT-002951,MT-002460,73,0,1.22,1,0
OUT-002952,MT-002306,140,0,2.33,1,0
OUT-002953,MT-004865,116,1,1.93,0,0
OUT-002954,MT-003985,194,0,3.23,1,0
OUT-002955,MT-003272,103,1,1.72,1,0
OUT-002956,MT-003283,124,0,2.07,1,0
OUT-002957,MT-003870,129,0,2.15,1,0
OUT-002958,MT-004410,93,0,1.55,1,0
OUT-002959,MT-001037,174,1,2.9,1,0
OUT-002960,MT-000247,173,0,2.88,1,0
OUT-002961,MT-003469,103,1,1.72,1,0
OUT-002962,MT-000253,104,1,1.73,1,0
OUT-002963,MT-002368,79,0,1.32,1,0
OUT-002964,MT-004095,99,0,1.65,1,0
OUT-002965,MT-001671,150,0,2.5,1,0
OUT-002966,MT-000190,216,0,3.6,1,0
OUT-002967,MT-002241,74,1,1.23,1,0
OUT-002968,MT-000204,71,0,1.18,1,0
OUT-002969,MT-002435,124,1,2.07,1,0
OUT-002970,MT-002581,126,0,2.1,1,0
OUT-002971,MT-000043,58,1,0.97,1,0
OUT-002972,MT-004819,121,0,2.02,1,0
OUT-002973,MT-003670,80,0,1.33,1,0
OUT-002974,MT-004594,132,0,2.2,0,0
OUT-002975,MT-000551,71,1,1.18,1,0
OUT-002976,MT-000670,99,1,1.65,0,0
OUT-002977,MT-003300,102,0,1.7,1,0
OUT-002978,MT-001237,46,0,0.77,1,0
OUT-002979,MT-004505,84,1,1.4,1,0
OUT-002980,MT-001922,102,0,1.7,1,0
OUT-002981,MT-002884,84,1,1.4,1,0
OUT-002982,MT-001152,66,1,1.1,1,0
OUT-002983,MT-003127,121,1,2.02,1,0
OUT-002984,MT-002869,96,0,1.6,1,0
OUT-002985,MT-003054,180,0,3.0,1,0
OUT-002986,MT-004868,213,0,3.55,1,0
OUT-002987,MT-002728,67,0,1.12,1,0
OUT-002988,MT-002065,88,0,1.47,1,0
OUT-002989,MT-000473,114,1,1.9,1,0
OUT-002990,MT-002769,95,1,1.58,1,0
OUT-002991,MT-000552,138,0,2.3,1,0
OUT-002992,MT-004452,69,1,1.15,1,0
OUT-002993,MT-002708,122,0,2.03,1,0
OUT-002994,MT-004814,141,1,2.35,1,0
OUT-002995,MT-000211,95,1,1.58,1,0
OUT-002996,MT-002528,139,1,2.32,1,0
OUT-002997,MT-000060,71,1,1.18,1,0
OUT-002998,MT-002634,123,0,2.05,1,0
OUT-002999,MT-000570,101,0,1.68,1,0
OUT-003000,MT-000467,111,0,1.85,1,0
OUT-003001,MT-004063,92,1,1.53,1,0
OUT-003002,MT-001909,101,1,1.68,1,0
OUT-003003,MT-002500,57,0,0.95,1,0
OUT-003004,MT-003260,178,0,2.97,1,0
OUT-003005,MT-002257,108,0,1.8,1,0
OUT-003006,MT-002256,73,1,1.22,1,0
OUT-003007,MT-001711,116,0,1.93,0,0
OUT-003008,MT-004774,114,0,1.9,1,0
OUT-003009,MT-001308,84,0,1.4,1,0
OUT-003010,MT-001460,87,1,1.45,1,0
OUT-003011,MT-002419,86,0,1.43,1,0
OUT-003012,MT-002627,116,1,1.93,1,0
OUT-003013,MT-002642,61,0,1.02,1,0
OUT-003014,MT-004074,142,1,2.37,1,0
OUT-003015,MT-000501,97,0,1.62,1,0
OUT-003016,MT-000469,179,0,2.98,1,0
OUT-003017,MT-000259,131,0,2.18,1,0
OUT-003018,MT-002008,127,0,2.12,1,0
OUT-003019,MT-001324,181,0,3.02,1,0
OUT-003020,MT-003369,94,1,1.57,1,0
OUT-003021,MT-000174,138,0,2.3,0,0
OUT-003022,MT-003322,86,0,1.43,1,0
OUT-003023,MT-001336,81,0,1.35,1,0
OUT-003024,MT-000791,135,0,2.25,1,0
OUT-003025,MT-001970,114,1,1.9,1,0
OUT-003026,MT-004495,65,0,1.08,1,0
OUT-003027,MT-004405,137,1,2.28,1,0
OUT-003028,MT-004327,256,0,4.27,1,0
OUT-003029,MT-001821,112,1,1.87,1,0
OUT-003030,MT-003047,172,0,2.87,1,0
OUT-003031,MT-001570,156,0,2.6,1,0
OUT-003032,MT-003722,104,0,1.73,1,0
OUT-003033,MT-003976,146,0,2.43,1,0
OUT-003034,MT-001544,107,0,1.78,1,0
OUT-003035,MT-004028,139,1,2.32,1,0
OUT-003036,MT-001983,122,0,2.03,1,0
OUT-003037,MT-000690,189,0,3.15,1,0
OUT-003038,MT-002680,122,0,2.03,0,0
OUT-003039,MT-000319,123,1,2.05,1,0
OUT-003040,MT-001715,151,0,2.52,1,0
OUT-003041,MT-002363,116,0,1.93,1,0
OUT-003042,MT-000240,57,0,0.95,1,0
OUT-003043,MT-003335,91,1,1.52,1,0
OUT-003044,MT-001755,168,0,2.8,0,0
OUT-003045,MT-004977,120,0,2.0,1,0
OUT-003046,MT-003232,122,1,2.03,1,0
OUT-003047,MT-001743,118,0,1.97,1,0
OUT-003048,MT-003154,125,1,2.08,1,0
OUT-003049,MT-003012,124,1,2.07,1,0
OUT-003050,MT-003123,124,1,2.07,0,0
OUT-003051,MT-002507,135,1,2.25,1,0
OUT-003052,MT-002811,85,1,1.42,1,0
OUT-003053,MT-003702,134,0,2.23,1,0
OUT-003054,MT-003566,86,1,1.43,1,0
OUT-003055,MT-001923,103,1,1.72,1,0
OUT-003056,MT-001075,132,0,2.2,1,0
OUT-003057,MT-000354,101,1,1.68,1,0
OUT-003058,MT-002042,98,1,1.63,1,0
OUT-003059,MT-000167,90,0,1.5,1,0
OUT-003060,MT-003926,97,1,1.62,1,0
OUT-003061,MT-000327,182,0,3.03,1,0
OUT-003062,MT-004155,67,0,1.12,1,0
OUT-003063,MT-004851,225,1,3.75,1,0
OUT-003064,MT-000284,96,1,1.6,1,0
OUT-003065,MT-003533,128,0,2.13,1,0
OUT-003066,MT-001168,142,0,2.37,1,0
OUT-003067,MT-002565,122,0,2.03,1,0
OUT-003068,MT-002592,110,0,1.83,1,0
OUT-003069,MT-002416,92,0,1.53,1,0
OUT-003070,MT-003302,140,0,2.33,1,0
OUT-003071,MT-000950,112,0,1.87,1,0
OUT-003072,MT-004084,102,0,1.7,1,0
OUT-003073,MT-001140,154,1,2.57,1,0
OUT-003074,MT-004848,121,0,2.02,1,0
OUT-003075,MT-001708,75,1,1.25,1,0
OUT-003076,MT-003844,131,0,2.18,1,0
OUT-003077,MT-003611,147,1,2.45,1,0
OUT-003078,MT-000573,106,0,1.77,1,0
OUT-003079,MT-001557,68,1,1.13,1,0
OUT-003080,MT-000454,152,1,2.53,1,0
OUT-003081,MT-004519,117,0,1.95,1,0
OUT-003082,MT-003869,142,1,2.37,1,0
OUT-003083,MT-003940,117,0,1.95,1,0
OUT-003084,MT-002611,55,0,0.92,1,0
OUT-003085,MT-003510,121,0,2.02,1,0
OUT-003086,MT-002424,101,1,1.68,1,0
OUT-003087,MT-002968,152,1,2.53,1,0
OUT-003088,MT-000318,107,0,1.78,1,0
OUT-003089,MT-003902,136,0,2.27,1,0
OUT-003090,MT-002616,151,0,2.52,1,0
OUT-003091,MT-001813,160,1,2.67,1,0
OUT-003092,MT-002307,212,0,3.53,1,0
OUT-003093,MT-003262,121,1,2.02,1,0
OUT-003094,MT-002760,149,1,2.48,1,0
OUT-003095,MT-003569,140,0,2.33,0,0
OUT-003096,MT-002876,59,0,0.98,1,0
OUT-003097,MT-001794,60,1,1.0,1,0
OUT-003098,MT-000229,147,0,2.45,1,0
OUT-003099,MT-002984,157,1,2.62,1,0
OUT-003100,MT-001270,92,1,1.53,1,0
OUT-003101,MT-003767,133,1,2.22,1,0
OUT-003102,MT-003482,127,1,2.12,1,0
OUT-003103,MT-002794,62,1,1.03,1,0
OUT-003104,MT-003809,88,1,1.47,1,0
OUT-003105,MT-001892,69,0,1.15,1,0
OUT-003106,MT-004588,217,0,3.62,1,0
OUT-003107,MT-001674,162,0,2.7,1,0
OUT-003108,MT-001129,95,0,1.58,1,0
OUT-003109,MT-000110,100,1,1.67,1,0
OUT-003110,MT-003208,131,0,2.18,1,0
OUT-003111,MT-000871,52,0,0.87,1,0
OUT-003112,MT-000710,112,0,1.87,1,0
OUT-003113,MT-004726,55,0,0.92,1,0
OUT-003114,MT-001775,140,0,2.33,1,0
OUT-003115,MT-001033,136,0,2.27,1,0
OUT-003116,MT-004290,102,1,1.7,1,0
OUT-003117,MT-000477,109,0,1.82,1,0
OUT-003118,MT-004208,91,1,1.52,1,0
OUT-003119,MT-001735,73,0,1.22,1,0
OUT-003120,MT-000959,102,0,1.7,1,0
OUT-003121,MT-003278,71,0,1.18,1,0
OUT-003122,MT-001666,94,0,1.57,1,0
OUT-003123,MT-002995,45,0,0.75,1,0
OUT-003124,MT-000367,45,0,0.75,1,0
OUT-003125,MT-002601,120,0,2.0,1,0
OUT-003126,MT-002661,109,0,1.82,1,0
OUT-003127,MT-000476,138,0,2.3,1,0
OUT-003128,MT-003399,102,0,1.7,1,0
OUT-003129,MT-002188,80,1,1.33,1,0
OUT-003130,MT-000425,152,0,2.53,1,0
OUT-003131,MT-002403,72,0,1.2,1,0
OUT-003132,MT-000406,168,1,2.8,1,0
OUT-003133,MT-002127,96,0,1.6,1,0
OUT-003134,MT-004158,97,0,1.62,1,0
OUT-003135,MT-000426,120,0,2.0,1,0
OUT-003136,MT-000100,115,0,1.92,1,0
OUT-003137,MT-001098,155,1,2.58,1,0
OUT-003138,MT-001149,94,0,1.57,1,0
OUT-003139,MT-002856,105,1,1.75,1,0
OUT-003140,MT-003275,177,0,2.95,1,0
OUT-003141,MT-004177,158,1,2.63,1,0
OUT-003142,MT-002439,193,1,3.22,1,0
OUT-003143,MT-003958,125,0,2.08,1,0
OUT-003144,MT-000148,91,0,1.52,1,0
OUT-003145,MT-001346,143,1,2.38,1,0
OUT-003146,MT-004096,134,0,2.23,1,0
OUT-003147,MT-004571,92,1,1.53,1,0
OUT-003148,MT-004972,133,1,2.22,1,0
OUT-003149,MT-002170,134,1,2.23,1,0
OUT-003150,MT-004211,124,0,2.07,1,0
OUT-003151,MT-004967,146,1,2.43,1,0
OUT-003152,MT-003699,100,1,1.67,1,0
OUT-003153,MT-000618,95,0,1.58,1,0
OUT-003154,MT-004912,68,0,1.13,0,0
OUT-003155,MT-000949,155,1,2.58,1,0
OUT-003156,MT-000132,104,0,1.73,1,0
OUT-003157,MT-000072,168,0,2.8,1,0
OUT-003158,MT-002312,114,1,1.9,1,0
OUT-003159,MT-004413,140,1,2.33,1,0
OUT-003160,MT-000846,207,0,3.45,1,0
OUT-003161,MT-004861,119,1,1.98,1,0
OUT-003162,MT-004504,148,0,2.47,1,0
OUT-003163,MT-001187,74,1,1.23,1,0
OUT-003164,MT-000412,62,1,1.03,1,0
OUT-003165,MT-004097,113,1,1.88,1,0
OUT-003166,MT-003761,124,0,2.07,1,0
OUT-003167,MT-001536,116,1,1.93,1,0
OUT-003168,MT-003598,167,1,2.78,1,0
OUT-003169,MT-000107,159,0,2.65,1,0
OUT-003170,MT-000106,186,1,3.1,1,0
OUT-003171,MT-003204,71,0,1.18,1,0
OUT-003172,MT-000451,132,0,2.2,0,0
OUT-003173,MT-000875,158,0,2.63,1,0
OUT-003174,MT-003162,97,0,1.62,1,0
OUT-003175,MT-003388,154,1,2.57,1,0
OUT-003176,MT-003689,85,1,1.42,1,0
OUT-003177,MT-001185,60,0,1.0,1,0
OUT-003178,MT-001639,100,1,1.67,1,0
OUT-003179,MT-004057,169,1,2.82,1,0
OUT-003180,MT-004581,112,0,1.87,1,0
OUT-003181,MT-004151,102,1,1.7,1,0
OUT-003182,MT-000494,182,1,3.03,1,0
OUT-003183,MT-003452,129,1,2.15,1,0
OUT-003184,MT-001971,117,0,1.95,1,0
OUT-003185,MT-004671,101,0,1.68,1,0
OUT-003186,MT-003892,108,1,1.8,1,0
OUT-003187,MT-004737,95,1,1.58,1,0
OUT-003188,MT-003197,95,0,1.58,1,0
OUT-003189,MT-000291,119,0,1.98,1,0
OUT-003190,MT-001085,193,0,3.22,1,0
OUT-003191,MT-004316,81,0,1.35,0,0
OUT-003192,MT-000115,95,1,1.58,1,0
OUT-003193,MT-002836,165,0,2.75,1,0
OUT-003194,MT-000176,106,0,1.77,1,0
OUT-003195,MT-001645,125,0,2.08,1,0
OUT-003196,MT-004112,131,1,2.18,1,0
OUT-003197,MT-004389,90,1,1.5,1,0
OUT-003198,MT-000519,90,1,1.5,1,0
OUT-003199,MT-002801,105,0,1.75,1,0
OUT-003200,MT-002926,93,1,1.55,1,0
OUT-003201,MT-000728,85,1,1.42,1,0
OUT-003202,MT-000053,127,0,2.12,1,0
OUT-003203,MT-000984,114,0,1.9,0,0
OUT-003204,MT-000997,146,0,2.43,1,0
OUT-003205,MT-002621,106,0,1.77,1,0
OUT-003206,MT-002824,132,1,2.2,1,0
OUT-003207,MT-000121,96,0,1.6,1,0
OUT-003208,MT-000378,116,0,1.93,1,0
OUT-003209,MT-001467,123,0,2.05,1,0
OUT-003210,MT-004813,92,0,1.53,1,0
OUT-003211,MT-004351,124,0,2.07,1,0
OUT-003212,MT-001030,138,0,2.3,1,0
OUT-003213,MT-001494,111,1,1.85,1,0
OUT-003214,MT-001251,64,0,1.07,1,0
OUT-003215,MT-000824,97,0,1.62,1,0
OUT-003216,MT-003030,69,0,1.15,1,0
OUT-003217,MT-003517,115,0,1.92,1,0
OUT-003218,MT-002069,51,0,0.85,1,0
OUT-003219,MT-004418,96,1,1.6,1,0
OUT-003220,MT-003319,149,0,2.48,1,0
OUT-003221,MT-004931,61,1,1.02,1,0
OUT-003222,MT-001616,86,1,1.43,1,0
OUT-003223,MT-003086,113,0,1.88,1,0
OUT-003224,MT-004976,78,1,1.3,1,0
OUT-003225,MT-000577,135,0,2.25,1,0
OUT-003226,MT-003551,73,1,1.22,1,0
OUT-003227,MT-000365,101,1,1.68,1,0
OUT-003228,MT-003927,112,0,1.87,1,0
OUT-003229,MT-003901,79,0,1.32,1,0
OUT-003230,MT-000597,116,1,1.93,1,0
OUT-003231,MT-002315,162,1,2.7,1,0
OUT-003232,MT-004194,143,1,2.38,1,0
OUT-003233,MT-001277,116,0,1.93,1,0
OUT-003234,MT-004867,121,0,2.02,1,0
OUT-003235,MT-000150,117,0,1.95,1,0
OUT-003236,MT-003352,139,1,2.32,1,0
OUT-003237,MT-003597,69,1,1.15,1,0
OUT-003238,MT-001608,95,0,1.58,1,0
OUT-003239,MT-002239,100,0,1.67,1,0
OUT-003240,MT-002598,135,1,2.25,1,0
OUT-003241,MT-003771,61,0,1.02,1,0
OUT-003242,MT-002947,109,1,1.82,1,0
OUT-003243,MT-003503,112,0,1.87,1,0
OUT-003244,MT-003657,114,0,1.9,1,0
OUT-003245,MT-001995,58,0,0.97,1,0
OUT-003246,MT-000272,200,1,3.33,1,0
OUT-003247,MT-004940,107,0,1.78,1,0
OUT-003248,MT-000114,81,0,1.35,1,0
OUT-003249,MT-002635,120,0,2.0,1,0
OUT-003250,MT-001184,102,0,1.7,1,0
OUT-003251,MT-000961,152,0,2.53,1,0
OUT-003252,MT-000136,65,1,1.08,1,0
OUT-003253,MT-000031,56,1,0.93,1,0
OUT-003254,MT-003706,82,0,1.37,1,0
OUT-003255,MT-004600,76,0,1.27,1,0
OUT-003256,MT-004294,172,0,2.87,1,0
OUT-003257,MT-004275,62,0,1.03,1,0
OUT-003258,MT-001772,97,0,1.62,1,0
OUT-003259,MT-002265,172,1,2.87,1,0
OUT-003260,MT-000737,81,0,1.35,1,0
OUT-003261,MT-004027,126,1,2.1,1,0
OUT-003262,MT-000768,112,1,1.87,1,0
OUT-003263,MT-002904,98,1,1.63,1,0
OUT-003264,MT-002029,91,1,1.52,1,0
OUT-003265,MT-004373,148,0,2.47,1,0
OUT-003266,MT-002937,81,0,1.35,1,0
OUT-003267,MT-002092,125,1,2.08,1,0
OUT-003268,MT-001379,141,1,2.35,1,0
OUT-003269,MT-001132,87,1,1.45,1,0
OUT-003270,MT-003125,129,0,2.15,1,0
OUT-003271,MT-004887,67,0,1.12,1,0
OUT-003272,MT-001121,139,1,2.32,1,0
OUT-003273,MT-000098,92,0,1.53,1,0
OUT-003274,MT-004598,74,1,1.23,1,0
OUT-003275,MT-004047,81,0,1.35,1,0
OUT-003276,MT-003379,117,1,1.95,1,0
OUT-003277,MT-001669,92,1,1.53,1,0
OUT-003278,MT-004781,186,1,3.1,1,0
OUT-003279,MT-004714,124,0,2.07,1,0
OUT-003280,MT-002860,171,0,2.85,1,0
OUT-003281,MT-004888,116,1,1.93,1,0
OUT-003282,MT-002436,137,1,2.28,1,0
OUT-003283,MT-001797,93,0,1.55,0,0
OUT-003284,MT-002091,137,0,2.28,1,0
OUT-003285,MT-002485,157,1,2.62,1,0
OUT-003286,MT-001071,81,0,1.35,1,0
OUT-003287,MT-003495,187,1,3.12,1,0
OUT-003288,MT-004509,105,0,1.75,1,0
OUT-003289,MT-002863,70,0,1.17,1,0
OUT-003290,MT-002699,121,0,2.02,1,0
OUT-003291,MT-000054,143,0,2.38,1,0
OUT-003292,MT-002501,115,0,1.92,1,0
OUT-003293,MT-003850,204,0,3.4,1,0
OUT-003294,MT-000041,121,1,2.02,1,0
OUT-003295,MT-002604,238,1,3.97,1,0
OUT-003296,MT-000508,151,1,2.52,1,0
OUT-003297,MT-004688,152,1,2.53,1,0
OUT-003298,MT-003373,128,0,2.13,1,0
OUT-003299,MT-004430,85,0,1.42,1,0
OUT-003300,MT-004918,115,0,1.92,1,0
OUT-003301,MT-003430,132,0,2.2,1,0
OUT-003302,MT-001458,214,0,3.57,1,0
OUT-003303,MT-001505,56,0,0.93,1,0
OUT-003304,MT-000582,104,1,1.73,1,0
OUT-003305,MT-004313,96,1,1.6,1,0
OUT-003306,MT-004533,50,0,0.83,1,0
OUT-003307,MT-002431,50,0,0.83,1,0
OUT-003308,MT-001509,95,1,1.58,1,0
OUT-003309,MT-002518,173,0,2.88,1,0
OUT-003310,MT-002342,180,1,3.0,1,0
OUT-003311,MT-000145,95,1,1.58,1,0
OUT-003312,MT-002221,126,0,2.1,1,0
OUT-003313,MT-002985,138,0,2.3,1,0
OUT-003314,MT-000935,129,0,2.15,1,0
OUT-003315,MT-002180,117,1,1.95,1,0
OUT-003316,MT-000702,64,0,1.07,1,0
OUT-003317,MT-000439,189,0,3.15,1,0
OUT-003318,MT-003708,154,0,2.57,1,0
OUT-003319,MT-001678,96,1,1.6,1,0
OUT-003320,MT-002406,200,1,3.33,1,0
OUT-003321,MT-004899,171,0,2.85,1,0
OUT-003322,MT-003063,126,1,2.1,1,0
OUT-003323,MT-001905,192,0,3.2,1,0
OUT-003324,MT-004621,117,1,1.95,1,0
OUT-003325,MT-003645,169,1,2.82,1,0
OUT-003326,MT-004135,87,0,1.45,1,0
OUT-003327,MT-000191,119,0,1.98,1,0
OUT-003328,MT-003064,111,0,1.85,1,0
OUT-003329,MT-002183,143,1,2.38,1,0
OUT-003330,MT-004622,106,0,1.77,1,0
OUT-003331,MT-002371,101,1,1.68,1,0
OUT-003332,MT-004675,146,0,2.43,1,0
OUT-003333,MT-002482,145,0,2.42,1,0
OUT-003334,MT-004080,65,0,1.08,1,0
OUT-003335,MT-004657,130,1,2.17,1,0
OUT-003336,MT-002411,101,0,1.68,1,0
OUT-003337,MT-002045,47,0,0.78,1,0
OUT-003338,MT-001409,155,0,2.58,1,0
OUT-003339,MT-000564,115,1,1.92,1,0
OUT-003340,MT-004641,27,0,0.45,1,0
OUT-003341,MT-001092,144,0,2.4,1,0
OUT-003342,MT-001437,65,0,1.08,1,0
OUT-003343,MT-004793,169,0,2.82,1,0
OUT-003344,MT-002849,118,0,1.97,1,0
OUT-003345,MT-001082,99,1,1.65,1,0
OUT-003346,MT-002060,130,0,2.17,1,0
OUT-003347,MT-000753,104,0,1.73,1,0
OUT-003348,MT-003701,137,0,2.28,1,0
OUT-003349,MT-004829,105,1,1.75,1,0
OUT-003350,MT-002927,114,0,1.9,1,0
OUT-003351,MT-003742,141,0,2.35,1,0
OUT-003352,MT-000324,128,0,2.13,1,0
OUT-003353,MT-004613,110,0,1.83,1,0
OUT-003354,MT-003943,47,0,0.78,1,0
OUT-003355,MT-004686,49,0,0.82,1,0
OUT-003356,MT-002355,71,0,1.18,1,0
OUT-003357,MT-001962,125,0,2.08,1,0
OUT-003358,MT-003813,148,1,2.47,1,0
OUT-003359,MT-002797,82,0,1.37,1,0
OUT-003360,MT-004536,71,0,1.18,1,0
OUT-003361,MT-002545,141,1,2.35,1,0
OUT-003362,MT-001478,109,1,1.82,1,0
OUT-003363,MT-001626,70,0,1.17,1,0
OUT-003364,MT-003237,109,0,1.82,1,0
OUT-003365,MT-000192,91,1,1.52,1,0
OUT-003366,MT-004672,171,1,2.85,1,0
OUT-003367,MT-002579,187,1,3.12,1,0
OUT-003368,MT-000514,124,0,2.07,1,0
OUT-003369,MT-003664,56,1,0.93,1,0
OUT-003370,MT-001440,70,0,1.17,1,0
OUT-003371,MT-003953,98,1,1.63,1,0
OUT-003372,MT-003756,99,0,1.65,1,0
OUT-003373,MT-002136,134,0,2.23,1,0
OUT-003374,MT-000798,95,0,1.58,1,0
OUT-003375,MT-001503,56,0,0.93,1,0
OUT-003376,MT-004751,79,1,1.32,1,0
OUT-003377,MT-000147,150,1,2.5,1,0
OUT-003378,MT-002300,123,1,2.05,1,0
OUT-003379,MT-004660,129,0,2.15,1,0
OUT-003380,MT-003788,132,0,2.2,1,0
OUT-003381,MT-002458,88,0,1.47,1,0
OUT-003382,MT-004568,84,0,1.4,0,0
OUT-003383,MT-001713,74,1,1.23,1,0
OUT-003384,MT-002780,71,0,1.18,1,0
OUT-003385,MT-003653,105,1,1.75,1,0
OUT-003386,MT-003097,78,1,1.3,1,0
OUT-003387,MT-000199,119,1,1.98,1,0
OUT-003388,MT-000384,126,1,2.1,1,0
OUT-003389,MT-003454,151,0,2.52,1,0
OUT-003390,MT-003198,79,0,1.32,1,0
OUT-003391,MT-000810,59,1,0.98,1,0
OUT-003392,MT-003829,70,0,1.17,1,0
OUT-003393,MT-000902,194,0,3.23,1,0
OUT-003394,MT-002526,96,0,1.6,1,0
OUT-003395,MT-003768,187,0,3.12,1,0
OUT-003396,MT-002902,171,1,2.85,1,0
OUT-003397,MT-000399,121,1,2.02,1,0
OUT-003398,MT-004529,91,0,1.52,1,0
OUT-003399,MT-000073,64,1,1.07,1,0
OUT-003400,MT-000600,83,1,1.38,1,0
OUT-003401,MT-003151,87,1,1.45,1,0
OUT-003402,MT-004991,89,1,1.48,1,0
OUT-003403,MT-003467,111,1,1.85,1,0
OUT-003404,MT-000268,104,0,1.73,1,0
OUT-003405,MT-002711,153,0,2.55,1,0
OUT-003406,MT-003932,179,1,2.98,1,0
OUT-003407,MT-002172,65,0,1.08,1,0
OUT-003408,MT-004272,43,0,0.72,1,0
OUT-003409,MT-000045,73,1,1.22,1,0
OUT-003410,MT-001369,149,0,2.48,1,0
OUT-003411,MT-000915,115,0,1.92,1,0
OUT-003412,MT-004491,114,1,1.9,1,0
OUT-003413,MT-001348,84,1,1.4,1,0
OUT-003414,MT-002298,71,0,1.18,1,0
OUT-003415,MT-002667,101,0,1.68,0,0
OUT-003416,MT-000389,110,1,1.83,1,0
OUT-003417,MT-003542,88,1,1.47,1,0
OUT-003418,MT-002299,56,1,0.93,1,0
OUT-003419,MT-001094,94,0,1.57,1,0
OUT-003420,MT-004068,44,1,0.73,1,0
OUT-003421,MT-002490,84,0,1.4,1,0
OUT-003422,MT-002864,110,0,1.83,1,0
OUT-003423,MT-001290,132,1,2.2,1,0
OUT-003424,MT-004438,83,0,1.38,1,0
OUT-003425,MT-003792,96,0,1.6,1,0
OUT-003426,MT-000850,132,0,2.2,1,0
OUT-003427,MT-001402,166,0,2.77,1,0
OUT-003428,MT-003265,87,0,1.45,1,0
OUT-003429,MT-001196,92,0,1.53,1,0
OUT-003430,MT-003634,80,0,1.33,0,0
OUT-003431,MT-001868,94,1,1.57,1,0
OUT-003432,MT-003046,91,1,1.52,1,0
OUT-003433,MT-001441,90,1,1.5,1,0
OUT-003434,MT-003035,124,1,2.07,1,0
OUT-003435,MT-004333,109,1,1.82,1,0
OUT-003436,MT-003950,135,1,2.25,1,0
OUT-003437,MT-003365,176,0,2.93,1,0
OUT-003438,MT-002496,78,0,1.3,1,0
OUT-003439,MT-000613,131,1,2.18,1,0
OUT-003440,MT-001248,76,0,1.27,1,0
OUT-003441,MT-003164,112,1,1.87,1,0
OUT-003442,MT-001615,113,0,1.88,1,0
OUT-003443,MT-002471,212,1,3.53,1,0
OUT-003444,MT-000440,113,0,1.88,1,0
OUT-003445,MT-000181,143,1,2.38,1,0
OUT-003446,MT-001042,126,0,2.1,1,0
OUT-003447,MT-000958,83,0,1.38,1,0
OUT-003448,MT-004740,88,1,1.47,1,0
OUT-003449,MT-000198,111,0,1.85,1,0
OUT-003450,MT-004963,84,1,1.4,1,0
OUT-003451,MT-003583,168,1,2.8,1,0
OUT-003452,MT-004903,66,0,1.1,1,0
OUT-003453,MT-002197,134,0,2.23,1,0
OUT-003454,MT-001018,131,0,2.18,1,0
OUT-003455,MT-003944,78,1,1.3,1,0
OUT-003456,MT-004052,118,0,1.97,0,0
OUT-003457,MT-002055,78,0,1.3,1,0
OUT-003458,MT-002393,40,1,0.67,1,0
OUT-003459,MT-003970,119,1,1.98,1,0
OUT-003460,MT-003599,84,1,1.4,1,0
OUT-003461,MT-002139,171,0,2.85,1,0
OUT-003462,MT-001433,133,0,2.22,1,0
OUT-003463,MT-003514,115,0,1.92,0,0
OUT-003464,MT-003856,118,0,1.97,1,0
OUT-003465,MT-002456,173,0,2.88,1,0
OUT-003466,MT-001163,94,0,1.57,1,0
OUT-003467,MT-000726,130,0,2.17,1,0
OUT-003468,MT-001721,133,1,2.22,1,0
OUT-003469,MT-001528,70,1,1.17,1,0
OUT-003470,MT-002537,74,0,1.23,1,0
OUT-003471,MT-000562,134,1,2.23,1,0
OUT-003472,MT-003641,107,0,1.78,1,0
OUT-003473,MT-002921,80,0,1.33,1,0
OUT-003474,MT-001582,205,0,3.42,1,0
OUT-003475,MT-004031,136,1,2.27,1,0
OUT-003476,MT-000493,156,1,2.6,1,0
OUT-003477,MT-004464,115,1,1.92,1,0
OUT-003478,MT-003437,66,0,1.1,1,0
OUT-003479,MT-004748,78,1,1.3,1,0
OUT-003480,MT-003863,153,0,2.55,1,0
OUT-003481,MT-000521,156,1,2.6,1,0
OUT-003482,MT-002665,163,0,2.72,1,0
OUT-003483,MT-004999,84,0,1.4,1,0
OUT-003484,MT-002777,55,1,0.92,1,0
OUT-003485,MT-004066,80,0,1.33,1,0
OUT-003486,MT-003746,76,0,1.27,1,0
OUT-003487,MT-002666,80,0,1.33,1,0
OUT-003488,MT-000742,58,1,0.97,1,0
OUT-003489,MT-001924,184,0,3.07,0,0
OUT-003490,MT-003618,141,0,2.35,0,0
OUT-003491,MT-000254,151,1,2.52,1,0
OUT-003492,MT-004642,101,0,1.68,1,0
OUT-003493,MT-000057,97,0,1.62,1,0
OUT-003494,MT-002865,117,0,1.95,1,0
OUT-003495,MT-001434,109,0,1.82,1,0
OUT-003496,MT-000694,89,1,1.48,1,0
OUT-003497,MT-000971,122,1,2.03,1,0
OUT-003498,MT-000502,127,0,2.12,1,0
OUT-003499,MT-004677,142,0,2.37,1,0
OUT-003500,MT-002487,115,1,1.92,1,0
OUT-003501,MT-000056,122,1,2.03,1,0
OUT-003502,MT-002428,183,1,3.05,0,0
OUT-003503,MT-003997,110,0,1.83,1,0
OUT-003504,MT-000760,148,0,2.47,1,0
OUT-003505,MT-004595,82,0,1.37,1,0
OUT-003506,MT-003737,115,0,1.92,1,0
OUT-003507,MT-001128,134,0,2.23,1,0
OUT-003508,MT-001752,135,0,2.25,1,0
OUT-003509,MT-003550,78,1,1.3,1,0
OUT-003510,MT-004061,106,1,1.77,1,0
OUT-003511,MT-000998,53,0,0.88,1,0
OUT-003512,MT-003789,120,0,2.0,1,0
OUT-003513,MT-002283,127,1,2.12,1,0
OUT-003514,MT-003129,86,1,1.43,1,0
OUT-003515,MT-001985,183,1,3.05,1,0
OUT-003516,MT-003359,131,0,2.18,1,0
OUT-003517,MT-002789,138,0,2.3,1,0
OUT-003518,MT-004157,121,0,2.02,1,0
OUT-003519,MT-004941,96,0,1.6,1,0
OUT-003520,MT-004950,73,0,1.22,1,0
OUT-003521,MT-004736,96,1,1.6,1,0
OUT-003522,MT-003885,181,1,3.02,1,0
OUT-003523,MT-001987,89,1,1.48,1,0
OUT-003524,MT-001242,36,0,0.6,1,0
OUT-003525,MT-003370,103,0,1.72,1,0
OUT-003526,MT-001588,176,0,2.93,1,0
OUT-003527,MT-000952,85,0,1.42,1,0
OUT-003528,MT-000554,95,0,1.58,1,0
OUT-003529,MT-004217,80,1,1.33,1,0
OUT-003530,MT-000112,139,1,2.32,1,0
OUT-003531,MT-003435,26,1,0.43,1,0
OUT-003532,MT-004262,105,1,1.75,1,0
OUT-003533,MT-002834,183,1,3.05,1,0
OUT-003534,MT-000393,167,0,2.78,1,0
OUT-003535,MT-002269,117,1,1.95,1,0
OUT-003536,MT-004783,180,0,3.0,1,0
OUT-003537,MT-002033,112,0,1.87,1,0
OUT-003538,MT-002380,86,1,1.43,1,0
OUT-003539,MT-004547,129,0,2.15,1,0
OUT-003540,MT-004486,153,0,2.55,1,0
OUT-003541,MT-000678,79,0,1.32,1,0
OUT-003542,MT-004447,92,0,1.53,1,0
OUT-003543,MT-000941,103,0,1.72,1,0
OUT-003544,MT-001683,120,0,2.0,1,0
OUT-003545,MT-000732,202,0,3.37,1,0
OUT-003546,MT-004955,109,1,1.82,1,0
OUT-003547,MT-003938,135,0,2.25,1,0
OUT-003548,MT-003665,123,1,2.05,1,0
OUT-003549,MT-003010,64,0,1.07,1,0
OUT-003550,MT-002674,141,0,2.35,0,0
OUT-003551,MT-000844,94,0,1.57,1,0
OUT-003552,MT-003290,174,1,2.9,1,0
OUT-003553,MT-004870,92,1,1.53,1,0
OUT-003554,MT-002364,131,1,2.18,1,0
OUT-003555,MT-000409,134,0,2.23,1,0
OUT-003556,MT-004344,169,0,2.82,1,0
OUT-003557,MT-000200,178,1,2.97,1,0
OUT-003558,MT-000103,124,0,2.07,1,0
OUT-003559,MT-002919,184,1,3.07,1,0
OUT-003560,MT-001937,85,1,1.42,1,0
OUT-003561,MT-003778,174,1,2.9,1,0
OUT-003562,MT-001870,103,1,1.72,1,0
OUT-003563,MT-003891,93,1,1.55,1,0
OUT-003564,MT-004406,90,1,1.5,1,0
OUT-003565,MT-004117,96,0,1.6,1,0
OUT-003566,MT-001773,97,0,1.62,1,0
OUT-003567,MT-004350,143,1,2.38,1,0
OUT-003568,MT-000370,198,1,3.3,1,0
OUT-003569,MT-001066,131,0,2.18,1,0
OUT-003570,MT-004616,162,0,2.7,1,0
OUT-003571,MT-001421,84,0,1.4,1,0
OUT-003572,MT-004556,66,1,1.1,1,0
OUT-003573,MT-004538,151,0,2.52,1,0
OUT-003574,MT-001603,94,1,1.57,1,0
OUT-003575,MT-002384,133,0,2.22,1,0
OUT-003576,MT-003220,79,1,1.32,0,0
OUT-003577,MT-003852,119,1,1.98,1,0
OUT-003578,MT-004601,63,1,1.05,1,0
OUT-003579,MT-002504,72,0,1.2,1,0
OUT-003580,MT-003591,158,0,2.63,1,0
OUT-003581,MT-003710,167,1,2.78,0,0
OUT-003582,MT-002587,83,0,1.38,1,0
OUT-003583,MT-004593,142,1,2.37,1,0
OUT-003584,MT-001109,119,1,1.98,1,0
OUT-003585,MT-001059,158,1,2.63,1,0
OUT-003586,MT-000177,159,0,2.65,1,0
OUT-003587,MT-000775,78,1,1.3,0,0
OUT-003588,MT-000758,117,1,1.95,1,0
OUT-003589,MT-001553,101,0,1.68,1,0
OUT-003590,MT-001543,90,0,1.5,1,0
OUT-003591,MT-002686,65,0,1.08,1,0
OUT-003592,MT-000397,73,1,1.22,1,0
OUT-003593,MT-000767,114,0,1.9,1,0
OUT-003594,MT-003027,175,0,2.92,1,0
OUT-003595,MT-004864,75,0,1.25,1,0
OUT-003596,MT-001390,86,0,1.43,0,0
OUT-003597,MT-003795,107,0,1.78,1,0
OUT-003598,MT-003931,153,0,2.55,1,0
OUT-003599,MT-000951,119,0,1.98,1,0
OUT-003600,MT-003867,98,0,1.63,1,0
OUT-003601,MT-000616,126,0,2.1,1,0
OUT-003602,MT-004271,81,0,1.35,1,0
OUT-003603,MT-004984,130,0,2.17,1,0
OUT-003604,MT-004178,72,1,1.2,1,0
OUT-003605,MT-000233,129,0,2.15,1,0
OUT-003606,MT-001831,97,1,1.62,1,0
OUT-003607,MT-000310,70,0,1.17,1,0
OUT-003608,MT-001913,72,0,1.2,1,0
OUT-003609,MT-001454,135,1,2.25,1,0
OUT-003610,MT-000170,57,0,0.95,1,0
OUT-003611,MT-001392,83,0,1.38,1,0
OUT-003612,MT-002058,120,1,2.0,1,0
OUT-003613,MT-001934,144,0,2.4,1,0
OUT-003614,MT-000373,206,0,3.43,1,0
OUT-003615,MT-000251,70,0,1.17,1,0
OUT-003616,MT-004860,175,1,2.92,1,0
OUT-003617,MT-001869,85,1,1.42,1,0
OUT-003618,MT-001525,139,1,2.32,1,0
OUT-003619,MT-003192,120,1,2.0,1,0
OUT-003620,MT-000648,90,0,1.5,1,0
OUT-003621,MT-004693,61,0,1.02,1,0
OUT-003622,MT-001781,149,0,2.48,1,0
OUT-003623,MT-003360,96,0,1.6,1,0
OUT-003624,MT-004340,125,0,2.08,1,0
OUT-003625,MT-001193,86,1,1.43,1,0
OUT-003626,MT-001734,83,0,1.38,1,0
OUT-003627,MT-000343,104,0,1.73,1,0
OUT-003628,MT-000449,187,1,3.12,1,0
OUT-003629,MT-000029,134,1,2.23,1,0
OUT-003630,MT-002632,199,1,3.32,1,0
OUT-003631,MT-003753,95,0,1.58,0,0
OUT-003632,MT-000069,165,0,2.75,1,0
OUT-003633,MT-002998,89,0,1.48,1,0
OUT-003634,MT-001464,183,1,3.05,0,0
OUT-003635,MT-001399,83,0,1.38,1,0
OUT-003636,MT-002064,100,0,1.67,1,0
OUT-003637,MT-003999,130,1,2.17,1,0
OUT-003638,MT-004898,156,0,2.6,1,0
OUT-003639,MT-003553,130,1,2.17,1,0
OUT-003640,MT-002748,152,0,2.53,1,0
OUT-003641,MT-003001,74,0,1.23,1,0
OUT-003642,MT-004764,118,1,1.97,1,0
OUT-003643,MT-001803,85,0,1.42,1,0
OUT-003644,MT-002129,166,0,2.77,1,0
OUT-003645,MT-004524,130,0,2.17,1,0
OUT-003646,MT-001856,123,1,2.05,1,0
OUT-003647,MT-002843,139,1,2.32,1,0
OUT-003648,MT-004591,137,1,2.28,1,0
OUT-003649,MT-002047,183,1,3.05,1,0
OUT-003650,MT-004691,114,0,1.9,1,0
OUT-003651,MT-002987,137,0,2.28,1,0
OUT-003652,MT-003043,79,0,1.32,1,0
OUT-003653,MT-001294,218,1,3.63,1,0
OUT-003654,MT-000244,155,0,2.58,1,0
OUT-003655,MT-002558,113,1,1.88,1,0
OUT-003656,MT-002426,112,0,1.87,1,0
OUT-003657,MT-003721,62,1,1.03,1,0
OUT-003658,MT-002240,129,0,2.15,1,0
OUT-003659,MT-000323,90,0,1.5,1,0
OUT-003660,MT-002505,198,0,3.3,1,0
OUT-003661,MT-002484,210,1,3.5,1,0
OUT-003662,MT-004635,101,0,1.68,1,0
OUT-003663,MT-002037,64,0,1.07,1,0
OUT-003664,MT-001558,69,0,1.15,1,0
OUT-003665,MT-001714,129,1,2.15,0,0
OUT-003666,MT-000287,134,0,2.23,1,0
OUT-003667,MT-002162,143,1,2.38,1,0
OUT-003668,MT-003249,130,1,2.17,1,0
OUT-003669,MT-004252,94,0,1.57,1,0
OUT-003670,MT-002084,159,0,2.65,1,0
OUT-003671,MT-002605,159,0,2.65,1,0
OUT-003672,MT-000223,75,0,1.25,1,0
OUT-003673,MT-001133,140,1,2.33,1,0
OUT-003674,MT-003633,63,1,1.05,1,0
OUT-003675,MT-001233,58,0,0.97,1,0
OUT-003676,MT-001990,149,1,2.48,1,0
OUT-003677,MT-002279,156,0,2.6,1,0
OUT-003678,MT-003838,101,1,1.68,1,0
OUT-003679,MT-004421,166,0,2.77,1,0
OUT-003680,MT-002546,149,0,2.48,1,0
OUT-003681,MT-002390,119,1,1.98,1,0
OUT-003682,MT-001958,132,0,2.2,1,0
OUT-003683,MT-002402,122,0,2.03,1,0
OUT-003684,MT-004802,98,0,1.63,1,0
OUT-003685,MT-002512,88,0,1.47,1,0
OUT-003686,MT-002813,186,0,3.1,1,0
OUT-003687,MT-002247,178,0,2.97,1,0
OUT-003688,MT-004582,121,1,2.02,1,0
OUT-003689,MT-003799,90,0,1.5,1,0
OUT-003690,MT-001267,156,0,2.6,1,0
OUT-003691,MT-000665,106,0,1.77,1,0
OUT-003692,MT-003363,113,0,1.88,1,0
OUT-003693,MT-003350,84,0,1.4,1,0
OUT-003694,MT-004306,145,1,2.42,1,0
OUT-003695,MT-003147,183,0,3.05,1,0
OUT-003696,MT-004855,66,1,1.1,1,0
OUT-003697,MT-003135,60,0,1.0,1,0
OUT-003698,MT-002258,122,0,2.03,1,0
OUT-003699,MT-000591,119,1,1.98,1,0
OUT-003700,MT-001972,95,0,1.58,1,0
OUT-003701,MT-004805,149,1,2.48,1,0
OUT-003702,MT-002126,130,1,2.17,0,0
OUT-003703,MT-002786,140,0,2.33,1,0
OUT-003704,MT-001928,117,0,1.95,1,0
OUT-003705,MT-003996,100,0,1.67,1,0
OUT-003706,MT-001604,133,0,2.22,1,0
OUT-003707,MT-001412,98,1,1.63,1,0
OUT-003708,MT-001861,159,1,2.65,1,0
OUT-003709,MT-004260,139,1,2.32,1,0
OUT-003710,MT-004692,112,1,1.87,1,0
OUT-003711,MT-003130,75,0,1.25,1,0
OUT-003712,MT-002969,102,1,1.7,1,0
OUT-003713,MT-001064,147,0,2.45,1,0
OUT-003714,MT-004364,250,0,4.17,1,0
OUT-003715,MT-003920,228,1,3.8,1,0
OUT-003716,MT-002726,128,1,2.13,1,0
OUT-003717,MT-002135,149,1,2.48,1,0
OUT-003718,MT-001685,77,0,1.28,1,0
OUT-003719,MT-004866,103,1,1.72,1,0
OUT-003720,MT-000641,74,1,1.23,1,0
OUT-003721,MT-002323,63,0,1.05,1,0
OUT-003722,MT-004474,73,1,1.22,1,0
OUT-003723,MT-001840,125,0,2.08,1,0
OUT-003724,MT-002603,117,0,1.95,1,0
OUT-003725,MT-000059,111,1,1.85,1,0
OUT-003726,MT-002889,120,0,2.0,1,0
OUT-003727,MT-001083,102,0,1.7,0,0
OUT-003728,MT-000567,120,0,2.0,1,0
OUT-003729,MT-000120,109,0,1.82,1,0
OUT-003730,MT-001245,97,1,1.62,1,0
OUT-003731,MT-000862,130,1,2.17,1,0
OUT-003732,MT-004130,73,1,1.22,1,0
OUT-003733,MT-003914,152,0,2.53,1,0
OUT-003734,MT-002599,111,1,1.85,1,0
OUT-003735,MT-002347,89,1,1.48,1,0
OUT-003736,MT-002194,149,1,2.48,1,0
OUT-003737,MT-002820,84,0,1.4,1,0
OUT-003738,MT-003235,152,1,2.53,1,0
OUT-003739,MT-001095,185,0,3.08,1,0
OUT-003740,MT-000427,131,0,2.18,1,0
OUT-003741,MT-002466,76,0,1.27,1,0
OUT-003742,MT-002432,103,0,1.72,1,0
OUT-003743,MT-004583,89,1,1.48,1,0
OUT-003744,MT-001356,86,0,1.43,1,0
OUT-003745,MT-001374,178,1,2.97,1,0
OUT-003746,MT-002121,137,0,2.28,1,0
OUT-003747,MT-000189,135,0,2.25,1,0
OUT-003748,MT-004383,127,0,2.12,1,0
OUT-003749,MT-004328,94,0,1.57,1,0
OUT-003750,MT-004508,113,0,1.88,1,0
OUT-003751,MT-000698,115,1,1.92,1,0
OUT-003752,MT-002497,104,1,1.73,1,0
OUT-003753,MT-003521,108,1,1.8,1,0
OUT-003754,MT-002573,79,1,1.32,1,0
OUT-003755,MT-001862,104,1,1.73,1,0
OUT-003756,MT-002049,98,1,1.63,1,0
OUT-003757,MT-003758,148,0,2.47,1,0
OUT-003758,MT-001331,105,1,1.75,1,0
OUT-003759,MT-002988,72,0,1.2,1,0
OUT-003760,MT-004871,136,1,2.27,1,0
OUT-003761,MT-002012,159,1,2.65,1,0
OUT-003762,MT-002568,95,1,1.58,1,0
OUT-003763,MT-000677,98,1,1.63,1,0
OUT-003764,MT-000209,93,0,1.55,1,0
OUT-003765,MT-001252,57,0,0.95,1,0
OUT-003766,MT-002641,175,0,2.92,1,0
OUT-003767,MT-000277,134,1,2.23,1,0
OUT-003768,MT-003324,102,1,1.7,1,0
OUT-003769,MT-003230,104,0,1.73,1,0
OUT-003770,MT-001724,62,0,1.03,1,0
OUT-003771,MT-004685,122,1,2.03,1,0
OUT-003772,MT-003848,66,0,1.1,1,0
OUT-003773,MT-003383,101,0,1.68,1,0
OUT-003774,MT-003897,162,0,2.7,1,0
OUT-003775,MT-002254,140,0,2.33,1,0
OUT-003776,MT-004397,103,0,1.72,0,0
OUT-003777,MT-003456,50,0,0.83,1,0
OUT-003778,MT-000149,211,0,3.52,1,0
OUT-003779,MT-002382,101,0,1.68,1,0
OUT-003780,MT-004733,85,1,1.42,1,0
OUT-003781,MT-003307,117,0,1.95,1,0
OUT-003782,MT-003294,150,1,2.5,1,0
OUT-003783,MT-004283,121,0,2.02,1,0
OUT-003784,MT-002751,93,0,1.55,1,0
OUT-003785,MT-004565,170,0,2.83,1,0
OUT-003786,MT-000913,126,0,2.1,1,0
OUT-003787,MT-000134,66,0,1.1,1,0
OUT-003788,MT-001361,82,0,1.37,1,0
OUT-003789,MT-001769,81,0,1.35,1,0
OUT-003790,MT-001311,81,0,1.35,1,0
OUT-003791,MT-000252,196,1,3.27,0,0
OUT-003792,MT-004000,201,0,3.35,1,0
OUT-003793,MT-004049,64,0,1.07,1,0
OUT-003794,MT-002887,121,0,2.02,1,0
OUT-003795,MT-000472,123,1,2.05,1,0
OUT-003796,MT-001450,125,0,2.08,1,0
OUT-003797,MT-004803,232,1,3.87,1,0
OUT-003798,MT-001403,89,0,1.48,1,0
OUT-003799,MT-004423,102,0,1.7,1,0
OUT-003800,MT-001852,57,0,0.95,1,0
OUT-003801,MT-001150,125,0,2.08,1,0
OUT-003802,MT-000833,141,1,2.35,1,0
OUT-003803,MT-000968,88,1,1.47,1,0
OUT-003804,MT-002705,41,0,0.68,1,0
OUT-003805,MT-004309,137,0,2.28,1,0
OUT-003806,MT-002916,116,1,1.93,1,0
OUT-003807,MT-000990,232,0,3.87,1,0
OUT-003808,MT-002115,100,0,1.67,1,0
OUT-003809,MT-002034,100,0,1.67,1,0
OUT-003810,MT-003571,131,0,2.18,1,0
OUT-003811,MT-004696,121,1,2.02,1,0
OUT-003812,MT-002016,88,1,1.47,1,0
OUT-003813,MT-003692,131,0,2.18,1,0
OUT-003814,MT-000213,69,1,1.15,1,0
OUT-003815,MT-002822,95,0,1.58,1,0
OUT-003816,MT-001857,169,1,2.82,1,0
OUT-003817,MT-002357,101,1,1.68,1,0
OUT-003818,MT-001177,104,0,1.73,1,0
OUT-003819,MT-002682,130,0,2.17,1,0
OUT-003820,MT-002391,141,1,2.35,1,0
OUT-003821,MT-003128,162,0,2.7,1,0
OUT-003822,MT-001552,95,0,1.58,1,0
OUT-003823,MT-003757,156,1,2.6,1,0
OUT-003824,MT-002470,132,1,2.2,1,0
OUT-003825,MT-004077,158,1,2.63,1,0
OUT-003826,MT-000858,145,1,2.42,1,0
OUT-003827,MT-001806,113,0,1.88,1,0
OUT-003828,MT-000841,124,1,2.07,1,0
OUT-003829,MT-001814,109,0,1.82,1,0
OUT-003830,MT-000369,92,1,1.53,1,0
OUT-003831,MT-004968,88,0,1.47,1,0
OUT-003832,MT-001076,155,0,2.58,1,0
OUT-003833,MT-003227,97,0,1.62,1,0
OUT-003834,MT-003513,99,0,1.65,1,0
OUT-003835,MT-003049,90,0,1.5,1,0
OUT-003836,MT-001818,82,1,1.37,1,0
OUT-003837,MT-002149,97,0,1.62,1,0
OUT-003838,MT-001423,78,0,1.3,1,0
OUT-003839,MT-004639,182,0,3.03,1,0
OUT-003840,MT-004302,49,0,0.82,1,0
OUT-003841,MT-001289,132,1,2.2,0,0
OUT-003842,MT-003231,77,0,1.28,1,0
OUT-003843,MT-003602,130,0,2.17,1,0
OUT-003844,MT-000921,167,0,2.78,1,0
OUT-003845,MT-003695,70,0,1.17,1,0
OUT-003846,MT-000428,106,1,1.77,1,0
OUT-003847,MT-002997,105,0,1.75,1,0
OUT-003848,MT-003610,210,1,3.5,1,0
OUT-003849,MT-003199,114,1,1.9,1,0
OUT-003850,MT-002807,155,1,2.58,1,0
OUT-003851,MT-001291,52,1,0.87,1,0
OUT-003852,MT-001230,138,0,2.3,1,0
OUT-003853,MT-004400,69,1,1.15,1,0
OUT-003854,MT-002547,144,1,2.4,1,0
OUT-003855,MT-002552,62,1,1.03,1,0
OUT-003856,MT-004659,184,1,3.07,1,0
OUT-003857,MT-000969,53,0,0.88,1,0
OUT-003858,MT-000326,89,1,1.48,1,0
OUT-003859,MT-002823,111,0,1.85,1,0
OUT-003860,MT-000669,147,0,2.45,1,0
OUT-003861,MT-004094,68,0,1.13,1,0
OUT-003862,MT-004773,129,1,2.15,1,0
OUT-003863,MT-001991,56,0,0.93,1,0
OUT-003864,MT-000745,200,1,3.33,1,0
OUT-003865,MT-002939,79,1,1.32,1,0
OUT-003866,MT-002190,93,1,1.55,1,0
OUT-003867,MT-001982,145,0,2.42,1,0
OUT-003868,MT-000621,114,1,1.9,1,0
OUT-003869,MT-004654,121,1,2.02,1,0
OUT-003870,MT-000803,130,1,2.17,1,0
OUT-003871,MT-002026,94,0,1.57,1,0
OUT-003872,MT-001927,88,1,1.47,1,0
OUT-003873,MT-003332,163,1,2.72,1,0
OUT-003874,MT-002781,53,0,0.88,1,0
OUT-003875,MT-000058,99,0,1.65,1,0
OUT-003876,MT-000021,94,0,1.57,1,0
OUT-003877,MT-001654,158,0,2.63,1,0
OUT-003878,MT-000301,131,0,2.18,1,0
OUT-003879,MT-003683,113,1,1.88,1,0
OUT-003880,MT-003219,109,0,1.82,1,0
OUT-003881,MT-002853,103,0,1.72,1,0
OUT-003882,MT-002654,161,1,2.68,1,0
OUT-003883,MT-001511,224,1,3.73,1,0
OUT-003884,MT-003559,132,1,2.2,1,0
OUT-003885,MT-002535,103,0,1.72,1,0
OUT-003886,MT-004772,119,1,1.98,1,0
OUT-003887,MT-001009,114,1,1.9,1,0
OUT-003888,MT-003451,34,1,0.57,1,0
OUT-003889,MT-001389,149,0,2.48,1,0
OUT-003890,MT-003100,196,1,3.27,1,0
OUT-003891,MT-001323,107,0,1.78,1,0
OUT-003892,MT-003539,179,0,2.98,1,0
OUT-003893,MT-001101,92,0,1.53,1,0
OUT-003894,MT-003964,171,0,2.85,1,0
OUT-003895,MT-001122,101,1,1.68,1,0
OUT-003896,MT-003040,86,1,1.43,1,0
OUT-003897,MT-000048,26,1,0.43,1,0
OUT-003898,MT-004392,56,1,0.93,1,0
OUT-003899,MT-000255,148,1,2.47,1,0
OUT-003900,MT-001332,147,0,2.45,1,0
OUT-003901,MT-002122,99,1,1.65,1,0
OUT-003902,MT-003079,162,0,2.7,1,0
OUT-003903,MT-000116,102,0,1.7,1,0
OUT-003904,MT-003328,149,0,2.48,1,0
OUT-003905,MT-000676,154,1,2.57,1,0
OUT-003906,MT-000894,62,0,1.03,1,0
OUT-003907,MT-003475,234,1,3.9,1,0
OUT-003908,MT-004507,95,1,1.58,1,0
OUT-003909,MT-000707,103,0,1.72,1,0
OUT-003910,MT-003652,105,0,1.75,1,0
OUT-003911,MT-001372,160,0,2.67,1,0
OUT-003912,MT-001686,120,1,2.0,1,0
OUT-003913,MT-000716,95,1,1.58,1,0
OUT-003914,MT-002459,150,0,2.5,1,0
OUT-003915,MT-003734,99,0,1.65,1,0
OUT-003916,MT-002658,78,1,1.3,1,0
OUT-003917,MT-004098,153,1,2.55,1,0
OUT-003918,MT-000431,118,1,1.97,1,0
OUT-003919,MT-004910,81,1,1.35,1,0
OUT-003920,MT-003989,86,0,1.43,1,0
OUT-003921,MT-002944,69,0,1.15,1,0
OUT-003922,MT-001850,59,1,0.98,1,0
OUT-003923,MT-002806,113,0,1.88,0,0
OUT-003924,MT-001432,74,1,1.23,1,0
OUT-003925,MT-001459,52,0,0.87,1,0
OUT-003926,MT-004907,44,0,0.73,1,0
OUT-003927,MT-000210,103,1,1.72,1,0
OUT-003928,MT-002185,84,0,1.4,1,0
OUT-003929,MT-000947,206,0,3.43,1,0
OUT-003930,MT-000135,125,0,2.08,1,0
OUT-003931,MT-003312,114,0,1.9,1,0
OUT-003932,MT-003364,55,1,0.92,1,0
OUT-003933,MT-000675,111,1,1.85,1,0
OUT-003934,MT-004922,94,1,1.57,1,0
OUT-003935,MT-002377,87,1,1.45,1,0
OUT-003936,MT-000178,138,1,2.3,1,0
OUT-003937,MT-002588,185,1,3.08,1,0
OUT-003938,MT-004268,159,0,2.65,1,0
OUT-003939,MT-001811,168,0,2.8,1,0
OUT-003940,MT-004927,99,0,1.65,1,0
OUT-003941,MT-000729,38,0,0.63,1,0
OUT-003942,MT-002218,142,1,2.37,1,0
OUT-003943,MT-001376,131,0,2.18,1,0
OUT-003944,MT-004462,64,0,1.07,1,0
OUT-003945,MT-001477,185,0,3.08,1,0
OUT-003946,MT-003515,59,0,0.98,1,0
OUT-003947,MT-003072,85,0,1.42,1,0
OUT-003948,MT-002433,219,1,3.65,1,0
OUT-003949,MT-002839,109,0,1.82,1,0
OUT-003950,MT-000681,163,1,2.72,1,0
OUT-003951,MT-003066,117,0,1.95,1,0
OUT-003952,MT-002965,137,0,2.28,1,0
OUT-003953,MT-001882,155,1,2.58,1,0
OUT-003954,MT-003814,167,1,2.78,0,0
OUT-003955,MT-002056,176,1,2.93,1,0
OUT-003956,MT-003754,83,1,1.38,1,0
OUT-003957,MT-003061,114,1,1.9,1,0
OUT-003958,MT-004212,53,0,0.88,1,0
OUT-003959,MT-001902,181,1,3.02,1,0
OUT-003960,MT-004649,93,0,1.55,1,0
OUT-003961,MT-002191,147,0,2.45,1,0
OUT-003962,MT-000028,106,1,1.77,1,0
OUT-003963,MT-001125,219,1,3.65,1,0
OUT-003964,MT-000011,58,0,0.97,1,0
OUT-003965,MT-001333,157,1,2.62,1,0
OUT-003966,MT-004161,146,1,2.43,1,0
OUT-003967,MT-001728,119,0,1.98,1,0
OUT-003968,MT-000424,146,0,2.43,1,0
OUT-003969,MT-001644,127,1,2.12,1,0
OUT-003970,MT-004056,100,0,1.67,1,0
OUT-003971,MT-000282,220,0,3.67,1,0
OUT-003972,MT-000622,122,0,2.03,1,0
OUT-003973,MT-003998,40,0,0.67,1,0
OUT-003974,MT-003085,88,0,1.47,1,0
OUT-003975,MT-000516,127,1,2.12,1,0
OUT-003976,MT-001733,93,1,1.55,1,0
OUT-003977,MT-004200,81,1,1.35,1,0
OUT-003978,MT-000450,83,0,1.38,1,0
OUT-003979,MT-001484,103,1,1.72,1,0
OUT-003980,MT-001327,84,1,1.4,1,0
OUT-003981,MT-002867,164,1,2.73,1,0
OUT-003982,MT-001343,124,0,2.07,1,0
OUT-003983,MT-001070,79,1,1.32,1,0
OUT-003984,MT-000979,168,0,2.8,0,0
OUT-003985,MT-004689,126,0,2.1,1,0
OUT-003986,MT-002556,130,1,2.17,1,0
OUT-003987,MT-001944,152,1,2.53,1,0
OUT-003988,MT-002270,82,0,1.37,1,0
OUT-003989,MT-003460,116,0,1.93,1,0
OUT-003990,MT-003440,126,1,2.1,1,0
OUT-003991,MT-004220,135,1,2.25,1,0
OUT-003992,MT-002059,109,1,1.82,1,0
OUT-003993,MT-004179,64,1,1.07,1,0
OUT-003994,MT-001560,200,0,3.33,1,0
OUT-003995,MT-004034,93,0,1.55,1,0
OUT-003996,MT-001566,161,0,2.68,1,0
OUT-003997,MT-002182,167,1,2.78,1,0
OUT-003998,MT-000419,112,0,1.87,1,0
OUT-003999,MT-001886,136,1,2.27,1,0
OUT-004000,MT-002387,131,0,2.18,1,0
OUT-004001,MT-004842,156,1,2.6,1,0
OUT-004002,MT-001498,92,1,1.53,1,0
OUT-004003,MT-000215,76,0,1.27,1,0
OUT-004004,MT-002841,220,1,3.67,1,0
OUT-004005,MT-003875,61,0,1.02,1,0
OUT-004006,MT-002184,63,0,1.05,0,0
OUT-004007,MT-001256,81,0,1.35,1,0
OUT-004008,MT-002027,90,0,1.5,1,0
OUT-004009,MT-003991,82,1,1.37,1,0
OUT-004010,MT-003280,70,1,1.17,1,0
OUT-004011,MT-004195,87,1,1.45,1,0
OUT-004012,MT-002367,178,0,2.97,1,0
OUT-004013,MT-003668,163,1,2.72,1,0
OUT-004014,MT-002787,174,1,2.9,1,0
OUT-004015,MT-001228,70,0,1.17,0,0
OUT-004016,MT-002235,123,1,2.05,1,0
OUT-004017,MT-002243,119,0,1.98,1,0
OUT-004018,MT-002746,119,0,1.98,1,0
OUT-004019,MT-001745,78,1,1.3,1,0
OUT-004020,MT-003053,119,0,1.98,1,0
OUT-004021,MT-003744,94,1,1.57,1,0
OUT-004022,MT-001487,76,0,1.27,1,0
OUT-004023,MT-004355,111,0,1.85,1,0
OUT-004024,MT-004614,103,0,1.72,1,0
OUT-004025,MT-003115,123,1,2.05,1,0
OUT-004026,MT-004197,103,0,1.72,1,0
OUT-004027,MT-001241,109,0,1.82,0,0
OUT-004028,MT-000956,199,1,3.32,1,0
OUT-004029,MT-000687,77,1,1.28,1,0
OUT-004030,MT-001103,154,0,2.57,1,0
OUT-004031,MT-002311,177,0,2.95,1,0
OUT-004032,MT-004170,127,0,2.12,1,0
OUT-004033,MT-003615,132,1,2.2,1,0
OUT-004034,MT-002681,134,1,2.23,1,0
OUT-004035,MT-003404,192,0,3.2,1,0
OUT-004036,MT-000345,112,0,1.87,0,0
OUT-004037,MT-000740,207,1,3.45,0,0
OUT-004038,MT-004786,166,1,2.77,1,0
OUT-004039,MT-004908,88,1,1.47,1,0
OUT-004040,MT-004503,163,1,2.72,0,0
OUT-004041,MT-002284,89,0,1.48,1,0
OUT-004042,MT-004754,81,0,1.35,1,0
OUT-004043,MT-004415,105,1,1.75,0,0
OUT-004044,MT-004894,103,0,1.72,1,0
OUT-004045,MT-003948,151,0,2.52,1,0
OUT-004046,MT-000329,114,1,1.9,1,0
OUT-004047,MT-002292,152,0,2.53,1,0
OUT-004048,MT-003620,83,1,1.38,1,0
OUT-004049,MT-000232,113,1,1.88,0,0
OUT-004050,MT-001984,73,1,1.22,1,0
OUT-004051,MT-000620,151,0,2.52,1,0
OUT-004052,MT-004945,99,1,1.65,1,0
OUT-004053,MT-001774,157,0,2.62,1,0
OUT-004054,MT-004025,103,0,1.72,1,0
OUT-004055,MT-003663,110,0,1.83,1,0
OUT-004056,MT-001084,112,1,1.87,1,0
OUT-004057,MT-001378,156,0,2.6,1,0
OUT-004058,MT-003178,197,0,3.28,1,0
OUT-004059,MT-002690,35,0,0.58,1,0
OUT-004060,MT-003686,150,0,2.5,1,0
OUT-004061,MT-003455,94,0,1.57,1,0
OUT-004062,MT-003936,171,0,2.85,1,0
OUT-004063,MT-003353,84,0,1.4,1,0
OUT-004064,MT-002152,65,0,1.08,1,0
OUT-004065,MT-004323,150,0,2.5,1,0
OUT-004066,MT-000931,157,1,2.62,1,0
OUT-004067,MT-001162,153,0,2.55,1,0
OUT-004068,MT-000118,125,1,2.08,1,0
OUT-004069,MT-001521,112,1,1.87,1,0
OUT-004070,MT-001383,125,0,2.08,1,0
OUT-004071,MT-002630,115,0,1.92,1,0
OUT-004072,MT-001979,165,0,2.75,1,0
OUT-004073,MT-000708,120,0,2.0,1,0
OUT-004074,MT-000025,104,0,1.73,1,0
OUT-004075,MT-000668,138,0,2.3,1,0
OUT-004076,MT-003669,140,1,2.33,1,0
OUT-004077,MT-001629,95,1,1.58,1,0
OUT-004078,MT-004694,103,1,1.72,1,0
OUT-004079,MT-004004,171,1,2.85,1,0
OUT-004080,MT-001449,57,0,0.95,1,0
OUT-004081,MT-002540,163,0,2.72,1,0
OUT-004082,MT-002896,150,1,2.5,1,0
OUT-004083,MT-000821,151,1,2.52,1,0
OUT-004084,MT-002721,76,1,1.27,1,0
OUT-004085,MT-004310,93,0,1.55,1,0
OUT-004086,MT-002892,160,1,2.67,1,0
OUT-004087,MT-002513,129,0,2.15,1,0
OUT-004088,MT-002422,139,0,2.32,1,0
OUT-004089,MT-004229,67,0,1.12,1,0
OUT-004090,MT-000643,124,0,2.07,1,0
OUT-004091,MT-000885,142,1,2.37,1,0
OUT-004092,MT-000973,122,0,2.03,1,0
OUT-004093,MT-000157,112,1,1.87,1,0
OUT-004094,MT-004708,184,0,3.07,1,0
OUT-004095,MT-001599,111,0,1.85,1,0
OUT-004096,MT-001368,96,1,1.6,1,0
OUT-004097,MT-001737,145,0,2.42,1,0
OUT-004098,MT-001471,102,1,1.7,1,0
OUT-004099,MT-003626,160,0,2.67,1,0
OUT-004100,MT-004790,158,0,2.63,1,0
OUT-004101,MT-000123,75,0,1.25,1,0
OUT-004102,MT-002955,113,1,1.88,1,0
OUT-004103,MT-000261,119,1,1.98,1,0
OUT-004104,MT-001981,137,0,2.28,0,0
OUT-004105,MT-002651,68,0,1.13,1,0
OUT-004106,MT-003791,141,0,2.35,1,0
OUT-004107,MT-001043,132,1,2.2,1,0
OUT-004108,MT-001054,124,0,2.07,1,0
OUT-004109,MT-003146,73,1,1.22,1,0
OUT-004110,MT-001749,121,0,2.02,1,0
OUT-004111,MT-000831,144,1,2.4,1,0
OUT-004112,MT-004978,111,0,1.85,1,0
OUT-004113,MT-003972,117,1,1.95,1,0
OUT-004114,MT-002625,99,0,1.65,1,0
OUT-004115,MT-004606,148,0,2.47,1,0
OUT-004116,MT-004541,120,0,2.0,0,0
OUT-004117,MT-001057,52,1,0.87,1,0
OUT-004118,MT-004182,70,0,1.17,1,0
OUT-004119,MT-004759,86,0,1.43,1,0
OUT-004120,MT-002999,95,1,1.58,1,0
OUT-004121,MT-000674,64,0,1.07,1,0
OUT-004122,MT-004585,155,0,2.58,0,0
OUT-004123,MT-003184,103,0,1.72,1,0
OUT-004124,MT-001299,123,0,2.05,1,0
OUT-004125,MT-002516,59,0,0.98,1,0
OUT-004126,MT-002908,36,0,0.6,1,0
OUT-004127,MT-004646,133,0,2.22,1,0
OUT-004128,MT-004607,71,0,1.18,1,0
OUT-004129,MT-004278,123,1,2.05,1,0
OUT-004130,MT-001506,44,0,0.73,1,0
OUT-004131,MT-002062,142,0,2.37,1,0
OUT-004132,MT-001729,125,0,2.08,1,0
OUT-004133,MT-002819,64,0,1.07,1,0
OUT-004134,MT-000076,192,0,3.2,1,0
OUT-004135,MT-003058,96,0,1.6,1,0
OUT-004136,MT-004880,81,0,1.35,1,0
OUT-004137,MT-004403,78,0,1.3,1,0
OUT-004138,MT-002041,125,1,2.08,1,0
OUT-004139,MT-004319,118,1,1.97,1,0
OUT-004140,MT-000437,133,1,2.22,1,0
OUT-004141,MT-004181,128,0,2.13,1,0
OUT-004142,MT-004920,85,1,1.42,1,0
OUT-004143,MT-004312,91,1,1.52,1,0
OUT-004144,MT-001019,76,0,1.27,1,0
OUT-004145,MT-000082,104,1,1.73,1,0
OUT-004146,MT-001549,143,0,2.38,1,0
OUT-004147,MT-004961,113,0,1.88,0,0
OUT-004148,MT-003785,115,0,1.92,1,0
OUT-004149,MT-000366,57,0,0.95,1,0
OUT-004150,MT-002066,99,0,1.65,1,0
OUT-004151,MT-002351,178,1,2.97,1,0
OUT-004152,MT-001090,104,1,1.73,1,0
OUT-004153,MT-000900,119,0,1.98,1,0
OUT-004154,MT-001780,101,0,1.68,1,0
OUT-004155,MT-003780,115,1,1.92,1,0
OUT-004156,MT-003739,164,0,2.73,1,0
OUT-004157,MT-001231,92,0,1.53,1,0
OUT-004158,MT-000416,51,1,0.85,1,0
OUT-004159,MT-002337,156,1,2.6,1,0
OUT-004160,MT-000452,101,1,1.68,1,0
OUT-004161,MT-004604,125,1,2.08,1,0
OUT-004162,MT-001169,97,0,1.62,1,0
OUT-004163,MT-002812,135,0,2.25,1,0
OUT-004164,MT-000461,77,0,1.28,1,0
OUT-004165,MT-003864,68,1,1.13,1,0
OUT-004166,MT-002151,164,1,2.73,1,0
OUT-004167,MT-002804,85,0,1.42,1,0
OUT-004168,MT-004620,60,1,1.0,1,0
OUT-004169,MT-001259,77,0,1.28,1,0
OUT-004170,MT-003833,211,0,3.52,1,0
OUT-004171,MT-003886,71,0,1.18,1,0
OUT-004172,MT-004831,58,1,0.97,1,0
OUT-004173,MT-000196,62,1,1.03,1,0
OUT-004174,MT-001115,68,1,1.13,1,0
OUT-004175,MT-004071,116,0,1.93,1,0
OUT-004176,MT-001351,81,1,1.35,1,0
OUT-004177,MT-003956,182,1,3.03,1,0
OUT-004178,MT-004132,52,1,0.87,1,0
OUT-004179,MT-003218,185,1,3.08,1,0
OUT-004180,MT-003703,85,0,1.42,1,0
OUT-004181,MT-004369,97,0,1.62,1,0
OUT-004182,MT-000719,148,1,2.47,1,0
OUT-004183,MT-004656,101,0,1.68,1,0
OUT-004184,MT-002186,67,0,1.12,1,0
OUT-004185,MT-002757,123,0,2.05,1,0
OUT-004186,MT-001680,92,0,1.53,1,0
OUT-004187,MT-000162,182,0,3.03,1,0
OUT-004188,MT-000585,149,0,2.48,1,0
OUT-004189,MT-003951,163,0,2.72,1,0
OUT-004190,MT-000825,121,1,2.02,1,0
OUT-004191,MT-003659,115,0,1.92,1,0
OUT-004192,MT-003890,166,1,2.77,1,0
OUT-004193,MT-004338,112,1,1.87,1,0
OUT-004194,MT-002644,114,1,1.9,1,0
OUT-004195,MT-000965,135,1,2.25,1,0
OUT-004196,MT-001556,125,0,2.08,1,0
OUT-004197,MT-001468,82,0,1.37,1,0
OUT-004198,MT-002010,85,1,1.42,1,0
OUT-004199,MT-003025,104,0,1.73,1,0
OUT-004200,MT-003366,118,1,1.97,1,0
OUT-004201,MT-001651,53,0,0.88,1,0
OUT-004202,MT-002793,122,1,2.03,1,0
OUT-004203,MT-001105,75,1,1.25,1,0
OUT-004204,MT-001879,72,0,1.2,1,0
OUT-004205,MT-002744,82,1,1.37,1,0
OUT-004206,MT-004779,40,1,0.67,1,0
OUT-004207,MT-004422,141,0,2.35,1,0
OUT-004208,MT-004193,84,0,1.4,1,0
OUT-004209,MT-003921,203,0,3.38,1,0
OUT-004210,MT-003826,70,0,1.17,1,0
OUT-004211,MT-000344,183,0,3.05,1,0
OUT-004212,MT-004716,66,0,1.1,1,0
OUT-004213,MT-004459,75,0,1.25,1,0
OUT-004214,MT-003213,41,0,0.68,1,0
OUT-004215,MT-000544,103,0,1.72,1,0
OUT-004216,MT-004856,119,1,1.98,1,0
OUT-004217,MT-003855,71,0,1.18,1,0
OUT-004218,MT-003386,91,0,1.52,1,0
OUT-004219,MT-000395,105,0,1.75,1,0
OUT-004220,MT-004353,77,0,1.28,1,0
OUT-004221,MT-003656,161,1,2.68,1,0
OUT-004222,MT-004986,142,1,2.37,1,0
OUT-004223,MT-000925,106,1,1.77,1,0
OUT-004224,MT-004775,157,1,2.62,1,0
OUT-004225,MT-004580,96,0,1.6,1,0
OUT-004226,MT-001138,112,1,1.87,1,0
OUT-004227,MT-001176,109,0,1.82,1,0
OUT-004228,MT-001670,117,0,1.95,1,0
OUT-004229,MT-000497,80,0,1.33,1,0
OUT-004230,MT-000579,110,1,1.83,1,0
OUT-004231,MT-002893,99,1,1.65,1,0
OUT-004232,MT-004281,69,0,1.15,1,0
OUT-004233,MT-002615,141,0,2.35,1,0
OUT-004234,MT-000655,115,0,1.92,1,0
OUT-004235,MT-001585,103,0,1.72,1,0
OUT-004236,MT-002074,147,0,2.45,1,0
OUT-004237,MT-004996,151,0,2.52,1,0
OUT-004238,MT-001453,161,1,2.68,1,0
OUT-004239,MT-002449,77,0,1.28,1,0
OUT-004240,MT-001314,86,1,1.43,1,0
OUT-004241,MT-002478,97,0,1.62,1,0
OUT-004242,MT-002376,115,0,1.92,1,0
OUT-004243,MT-002900,101,1,1.68,1,0
OUT-004244,MT-004850,53,1,0.88,1,0
OUT-004245,MT-000155,173,0,2.88,1,0
OUT-004246,MT-000483,143,1,2.38,1,0
OUT-004247,MT-002861,109,0,1.82,1,0
OUT-004248,MT-004808,111,0,1.85,0,0
OUT-004249,MT-002991,156,1,2.6,0,0
OUT-004250,MT-000781,116,1,1.93,1,0
OUT-004251,MT-004065,93,1,1.55,1,0
OUT-004252,MT-003449,87,0,1.45,1,0
OUT-004253,MT-002911,85,0,1.42,1,0
OUT-004254,MT-003857,116,1,1.93,1,0
OUT-004255,MT-004863,84,0,1.4,1,0
OUT-004256,MT-002341,163,1,2.72,1,0
OUT-004257,MT-004626,152,0,2.53,1,0
OUT-004258,MT-002663,133,0,2.22,1,0
OUT-004259,MT-004679,130,0,2.17,1,0
OUT-004260,MT-003238,146,0,2.43,1,0
OUT-004261,MT-001789,102,1,1.7,1,0
OUT-004262,MT-001792,60,0,1.0,1,0
OUT-004263,MT-000441,136,0,2.27,1,0
OUT-004264,MT-000442,56,0,0.93,1,0
OUT-004265,MT-000635,79,0,1.32,0,0
OUT-004266,MT-002713,86,1,1.43,1,0
OUT-004267,MT-003065,131,0,2.18,1,0
OUT-004268,MT-002534,118,1,1.97,1,0
OUT-004269,MT-003896,86,0,1.43,1,0
OUT-004270,MT-002828,132,1,2.2,1,0
OUT-004271,MT-001463,124,1,2.07,1,0
OUT-004272,MT-001287,153,0,2.55,1,0
OUT-004273,MT-002756,146,0,2.43,1,0
OUT-004274,MT-000335,160,0,2.67,1,0
OUT-004275,MT-004962,78,1,1.3,1,0
OUT-004276,MT-000010,139,1,2.32,1,0
OUT-004277,MT-000608,136,0,2.27,1,0
OUT-004278,MT-003268,159,1,2.65,1,0
OUT-004279,MT-000666,120,0,2.0,1,0
OUT-004280,MT-002331,79,0,1.32,1,0
OUT-004281,MT-001594,65,0,1.08,1,0
OUT-004282,MT-003748,142,0,2.37,1,0
OUT-004283,MT-002752,60,0,1.0,1,0
OUT-004284,MT-004822,151,1,2.52,1,0
OUT-004285,MT-004083,98,0,1.63,1,0
OUT-004286,MT-001276,62,0,1.03,1,0
OUT-004287,MT-001135,155,0,2.58,1,0
OUT-004288,MT-000769,64,0,1.07,1,0
OUT-004289,MT-000890,100,0,1.67,1,0
OUT-004290,MT-002832,244,0,4.07,1,0
OUT-004291,MT-002234,122,1,2.03,1,0
OUT-004292,MT-003303,70,0,1.17,1,0
OUT-004293,MT-000660,121,0,2.02,1,0
OUT-004294,MT-001888,146,1,2.43,1,0
OUT-004295,MT-001113,155,0,2.58,1,0
OUT-004296,MT-004249,125,0,2.08,1,0
OUT-004297,MT-002488,92,0,1.53,1,0
OUT-004298,MT-004420,82,1,1.37,1,0
OUT-004299,MT-003580,130,0,2.17,1,0
OUT-004300,MT-001112,88,1,1.47,1,0
OUT-004301,MT-001860,81,1,1.35,1,0
OUT-004302,MT-000051,158,1,2.63,1,0
OUT-004303,MT-001139,85,1,1.42,0,0
OUT-004304,MT-003493,78,0,1.3,1,0
OUT-004305,MT-003133,134,1,2.23,1,0
OUT-004306,MT-000549,179,0,2.98,1,0
OUT-004307,MT-002338,187,1,3.12,1,0
OUT-004308,MT-003501,70,0,1.17,1,0
OUT-004309,MT-001158,106,1,1.77,1,0
OUT-004310,MT-001322,102,1,1.7,1,0
OUT-004311,MT-003783,98,1,1.63,1,0
OUT-004312,MT-002480,98,0,1.63,1,0
OUT-004313,MT-001727,103,0,1.72,1,0
OUT-004314,MT-000166,97,0,1.62,1,0
OUT-004315,MT-004346,90,1,1.5,1,0
OUT-004316,MT-003603,80,0,1.33,1,0
OUT-004317,MT-001269,126,1,2.1,1,0
OUT-004318,MT-004043,120,0,2.0,1,0
OUT-004319,MT-002161,78,0,1.3,1,0
OUT-004320,MT-003523,134,0,2.23,1,0
OUT-004321,MT-004159,167,1,2.78,1,0
OUT-004322,MT-004445,154,1,2.57,1,0
OUT-004323,MT-000812,130,0,2.17,1,0
OUT-004324,MT-000727,131,1,2.18,1,0
OUT-004325,MT-000267,73,0,1.22,1,0
OUT-004326,MT-000022,76,1,1.27,1,0
OUT-004327,MT-003011,86,0,1.43,1,0
OUT-004328,MT-001911,122,0,2.03,1,0
OUT-004329,MT-004149,55,1,0.92,1,0
OUT-004330,MT-001396,90,0,1.5,1,0
OUT-004331,MT-002571,161,0,2.68,1,0
OUT-004332,MT-002038,160,0,2.67,1,0
OUT-004333,MT-002178,111,1,1.85,1,0
OUT-004334,MT-000886,146,1,2.43,1,0
OUT-004335,MT-001973,91,0,1.52,0,0
OUT-004336,MT-003822,117,1,1.95,1,0
OUT-004337,MT-004154,105,0,1.75,1,0
OUT-004338,MT-003651,157,0,2.62,1,0
OUT-004339,MT-001044,97,0,1.62,1,0
OUT-004340,MT-002589,121,0,2.02,1,0
OUT-004341,MT-000012,46,0,0.77,1,0
OUT-004342,MT-001192,91,0,1.52,1,0
OUT-004343,MT-000820,116,1,1.93,1,0
OUT-004344,MT-001720,146,0,2.43,1,0
OUT-004345,MT-003209,109,0,1.82,1,0
OUT-004346,MT-002750,159,1,2.65,1,0
OUT-004347,MT-001014,126,0,2.1,1,0
OUT-004348,MT-001012,75,0,1.25,1,0
OUT-004349,MT-003433,140,0,2.33,1,0
OUT-004350,MT-001883,69,1,1.15,1,0
OUT-004351,MT-001659,110,0,1.83,1,0
OUT-004352,MT-000851,207,1,3.45,1,0
OUT-004353,MT-002076,74,0,1.23,1,0
OUT-004354,MT-002044,93,0,1.55,1,0
OUT-004355,MT-004720,119,1,1.98,1,0
OUT-004356,MT-001229,166,1,2.77,0,0
OUT-004357,MT-001011,80,0,1.33,1,0
OUT-004358,MT-001080,224,0,3.73,1,0
OUT-004359,MT-004680,159,0,2.65,1,0
OUT-004360,MT-003463,81,1,1.35,1,0
OUT-004361,MT-003044,129,0,2.15,1,0
OUT-004362,MT-001380,152,1,2.53,1,0
OUT-004363,MT-000944,42,0,0.7,1,0
OUT-004364,MT-000241,165,1,2.75,1,0
OUT-004365,MT-000673,92,0,1.53,1,0
OUT-004366,MT-000187,93,0,1.55,1,0
OUT-004367,MT-000933,95,1,1.58,1,0
OUT-004368,MT-002499,198,1,3.3,1,0
OUT-004369,MT-003524,128,1,2.13,1,0
OUT-004370,MT-000242,84,1,1.4,1,0
OUT-004371,MT-000141,107,1,1.78,1,0
OUT-004372,MT-000839,137,1,2.28,1,0
OUT-004373,MT-000967,100,0,1.67,1,0
OUT-004374,MT-002539,175,1,2.92,1,0
OUT-004375,MT-003161,161,1,2.68,1,0
OUT-004376,MT-003078,96,1,1.6,1,0
OUT-004377,MT-004064,87,0,1.45,1,0
OUT-004378,MT-000067,122,0,2.03,1,0
OUT-004379,MT-000061,107,1,1.78,1,0
OUT-004380,MT-001279,94,0,1.57,1,0
OUT-004381,MT-001407,76,0,1.27,1,0
OUT-004382,MT-001665,96,1,1.6,1,0
OUT-004383,MT-004451,51,0,0.85,1,0
OUT-004384,MT-003060,122,0,2.03,1,0
OUT-004385,MT-004980,94,1,1.57,1,0
OUT-004386,MT-003165,82,0,1.37,1,0
OUT-004387,MT-003572,143,0,2.38,1,0
OUT-004388,MT-000398,93,0,1.55,1,0
OUT-004389,MT-003431,119,1,1.98,1,0
OUT-004390,MT-001593,114,1,1.9,1,0
OUT-004391,MT-002453,168,0,2.8,1,0
OUT-004392,MT-000375,55,0,0.92,1,0
OUT-004393,MT-001760,173,0,2.88,1,0
OUT-004394,MT-000403,127,1,2.12,1,0
OUT-004395,MT-002647,129,0,2.15,1,0
OUT-004396,MT-003214,128,0,2.13,0,0
OUT-004397,MT-000912,112,0,1.87,1,0
OUT-004398,MT-000085,103,0,1.72,1,0
OUT-004399,MT-001759,87,0,1.45,1,0
OUT-004400,MT-004388,129,0,2.15,1,0
OUT-004401,MT-001340,142,1,2.37,1,0
OUT-004402,MT-001288,60,0,1.0,1,0
OUT-004403,MT-000475,68,0,1.13,1,0
OUT-004404,MT-000432,113,1,1.88,1,0
OUT-004405,MT-000131,85,0,1.42,1,0
OUT-004406,MT-000474,99,0,1.65,1,0
OUT-004407,MT-004520,144,0,2.4,1,0
OUT-004408,MT-001565,93,0,1.55,1,0
OUT-004409,MT-001120,145,0,2.42,1,0
OUT-004410,MT-002205,84,1,1.4,1,0
OUT-004411,MT-002924,109,0,1.82,1,0
OUT-004412,MT-003705,140,1,2.33,1,0
OUT-004413,MT-003484,117,0,1.95,1,0
OUT-004414,MT-002397,63,0,1.05,1,0
OUT-004415,MT-000129,94,0,1.57,1,0
OUT-004416,MT-000023,169,0,2.82,1,0
OUT-004417,MT-002971,165,1,2.75,1,0
OUT-004418,MT-000603,169,0,2.82,1,0
OUT-004419,MT-003481,124,1,2.07,1,0
OUT-004420,MT-002725,113,0,1.88,1,0
OUT-004421,MT-004925,76,1,1.27,1,0
OUT-004422,MT-003508,74,0,1.23,1,0
OUT-004423,MT-003531,154,1,2.57,1,0
OUT-004424,MT-000105,126,0,2.1,1,0
OUT-004425,MT-001550,168,1,2.8,1,0
OUT-004426,MT-002417,118,0,1.97,1,0
OUT-004427,MT-000786,84,1,1.4,1,0
OUT-004428,MT-001365,114,0,1.9,1,0
OUT-004429,MT-002517,123,1,2.05,1,0
OUT-004430,MT-001961,69,0,1.15,1,0
OUT-004431,MT-001533,74,0,1.23,1,0
OUT-004432,MT-002723,91,0,1.52,1,0
OUT-004433,MT-004109,143,1,2.38,1,0
OUT-004434,MT-001004,88,0,1.47,1,0
OUT-004435,MT-000090,147,1,2.45,1,0
OUT-004436,MT-003519,153,1,2.55,1,0
OUT-004437,MT-004007,114,1,1.9,1,0
OUT-004438,MT-002455,86,0,1.43,1,0
OUT-004439,MT-001795,53,0,0.88,1,0
OUT-004440,MT-002023,60,0,1.0,1,0
OUT-004441,MT-001613,56,0,0.93,1,0
OUT-004442,MT-003216,106,0,1.77,1,0
OUT-004443,MT-004102,182,1,3.03,1,0
OUT-004444,MT-001303,128,0,2.13,1,0
OUT-004445,MT-003667,133,0,2.22,0,0
OUT-004446,MT-000172,102,1,1.7,1,0
OUT-004447,MT-000980,81,0,1.35,0,0
OUT-004448,MT-004070,100,1,1.67,1,0
OUT-004449,MT-003287,136,1,2.27,1,0
OUT-004450,MT-000423,128,0,2.13,1,0
OUT-004451,MT-003697,149,0,2.48,1,0
OUT-004452,MT-003246,183,0,3.05,1,0
OUT-004453,MT-003834,81,0,1.35,1,0
OUT-004454,MT-004678,65,1,1.08,1,0
OUT-004455,MT-002685,85,0,1.42,1,0
OUT-004456,MT-004705,165,1,2.75,1,0
OUT-004457,MT-001022,183,0,3.05,1,0
OUT-004458,MT-003349,75,0,1.25,1,0
OUT-004459,MT-000985,73,0,1.22,1,0
OUT-004460,MT-001001,112,1,1.87,1,0
OUT-004461,MT-003861,162,0,2.7,1,0
OUT-004462,MT-002051,198,1,3.3,1,0
OUT-004463,MT-004467,134,1,2.23,1,0
OUT-004464,MT-003516,227,0,3.78,1,0
OUT-004465,MT-001703,77,0,1.28,1,0
OUT-004466,MT-001598,127,0,2.12,1,0
OUT-004467,MT-001452,102,1,1.7,1,0
OUT-004468,MT-000938,103,0,1.72,1,0
OUT-004469,MT-004514,165,0,2.75,1,0
OUT-004470,MT-001159,126,0,2.1,1,0
OUT-004471,MT-000154,149,0,2.48,1,0
OUT-004472,MT-001975,136,0,2.27,1,0
OUT-004473,MT-002223,95,0,1.58,1,0
OUT-004474,MT-002979,104,0,1.73,1,0
OUT-004475,MT-004285,169,0,2.82,1,0
OUT-004476,MT-000946,161,1,2.68,1,0
OUT-004477,MT-001872,171,1,2.85,1,0
OUT-004478,MT-001032,120,1,2.0,1,0
OUT-004479,MT-000566,55,0,0.92,1,0
OUT-004480,MT-004969,171,1,2.85,1,0
OUT-004481,MT-001837,99,0,1.65,1,0
OUT-004482,MT-003592,116,1,1.93,1,0
OUT-004483,MT-003741,171,0,2.85,1,0
OUT-004484,MT-000151,110,0,1.83,1,0
OUT-004485,MT-002212,188,0,3.13,1,0
OUT-004486,MT-002451,113,0,1.88,1,0
OUT-004487,MT-001078,145,1,2.42,1,0
OUT-004488,MT-003805,67,0,1.12,1,0
OUT-004489,MT-003743,118,1,1.97,1,0
OUT-004490,MT-000901,75,0,1.25,1,0
OUT-004491,MT-004019,84,0,1.4,1,0
OUT-004492,MT-002961,51,0,0.85,1,0
OUT-004493,MT-002280,82,0,1.37,1,0
OUT-004494,MT-003337,62,0,1.03,1,0
OUT-004495,MT-000122,130,1,2.17,1,0
OUT-004496,MT-002388,154,0,2.57,1,0
OUT-004497,MT-002913,100,0,1.67,1,0
OUT-004498,MT-002992,142,0,2.37,0,0
OUT-004499,MT-003036,136,1,2.27,1,0
OUT-004500,MT-003398,119,0,1.98,1,0
OUT-004501,MT-000556,97,1,1.62,1,0
OUT-004502,MT-001264,139,0,2.32,1,0
OUT-004503,MT-003317,102,0,1.7,1,0
OUT-004504,MT-000578,95,1,1.58,1,0
OUT-004505,MT-001592,115,0,1.92,0,0
OUT-004506,MT-002515,125,1,2.08,1,0
OUT-004507,MT-003574,142,0,2.37,1,0
OUT-004508,MT-003959,168,1,2.8,1,0
OUT-004509,MT-002018,144,0,2.4,1,0
OUT-004510,MT-001648,120,0,2.0,1,0
OUT-004511,MT-001155,127,0,2.12,1,0
OUT-004512,MT-000017,81,0,1.35,1,0
OUT-004513,MT-002017,120,1,2.0,1,0
OUT-004514,MT-001045,75,0,1.25,1,0
OUT-004515,MT-002389,142,0,2.37,1,0
OUT-004516,MT-001576,136,1,2.27,1,0
OUT-004517,MT-004172,138,0,2.3,1,0
OUT-004518,MT-000341,108,0,1.8,1,0
OUT-004519,MT-001284,112,0,1.87,1,0
OUT-004520,MT-000587,62,0,1.03,1,0
OUT-004521,MT-003196,115,1,1.92,1,0
OUT-004522,MT-000070,139,0,2.32,1,0
OUT-004523,MT-003874,67,0,1.12,1,0
OUT-004524,MT-001146,94,0,1.57,1,0
OUT-004525,MT-002454,163,0,2.72,1,0
OUT-004526,MT-001480,92,1,1.53,0,0
OUT-004527,MT-000601,114,1,1.9,1,0
OUT-004528,MT-003887,109,1,1.82,1,0
OUT-004529,MT-000581,153,0,2.55,1,0
OUT-004530,MT-001309,119,1,1.98,1,0
OUT-004531,MT-002613,135,0,2.25,1,0
OUT-004532,MT-004817,86,1,1.43,1,0
OUT-004533,MT-001204,147,1,2.45,1,0
OUT-004534,MT-002447,89,0,1.48,1,0
OUT-004535,MT-000289,96,1,1.6,1,0
OUT-004536,MT-002872,59,0,0.98,1,0
OUT-004537,MT-000387,159,0,2.65,1,0
OUT-004538,MT-003512,72,1,1.2,1,0
OUT-004539,MT-004753,103,1,1.72,1,0
OUT-004540,MT-004169,176,0,2.93,1,0
OUT-004541,MT-001530,137,1,2.28,1,0
OUT-004542,MT-004002,160,0,2.67,0,0
OUT-004543,MT-001954,78,0,1.3,1,0
OUT-004544,MT-004990,115,0,1.92,1,0
OUT-004545,MT-001756,113,0,1.88,1,0
OUT-004546,MT-001364,129,0,2.15,1,0
OUT-004547,MT-003946,217,1,3.62,1,0
OUT-004548,MT-003109,153,0,2.55,1,0
OUT-004549,MT-004496,92,0,1.53,1,0
OUT-004550,MT-004717,107,1,1.78,1,0
OUT-004551,MT-001072,75,1,1.25,1,0
OUT-004552,MT-002945,129,0,2.15,1,0
OUT-004553,MT-004409,63,0,1.05,1,0
OUT-004554,MT-001377,44,0,0.73,1,0
OUT-004555,MT-000001,67,1,1.12,1,0
OUT-004556,MT-002684,100,0,1.67,0,0
OUT-004557,MT-000040,123,0,2.05,1,0
OUT-004558,MT-004204,98,0,1.63,1,0
OUT-004559,MT-000303,78,1,1.3,1,0
OUT-004560,MT-004791,120,0,2.0,1,0
OUT-004561,MT-003532,149,0,2.48,1,0
OUT-004562,MT-000602,122,1,2.03,1,0
OUT-004563,MT-001945,138,1,2.3,1,0
OUT-004564,MT-001709,152,1,2.53,1,0
OUT-004565,MT-001826,122,1,2.03,1,0
OUT-004566,MT-004385,164,0,2.73,1,0
OUT-004567,MT-000550,99,0,1.65,1,0
OUT-004568,MT-001894,62,0,1.03,1,0
OUT-004569,MT-000877,205,1,3.42,1,0
OUT-004570,MT-001657,121,1,2.02,1,0
OUT-004571,MT-000339,87,1,1.45,1,0
OUT-004572,MT-002108,175,0,2.92,1,0
OUT-004573,MT-004877,93,0,1.55,1,0
OUT-004574,MT-001341,38,0,0.63,1,0
OUT-004575,MT-001941,78,0,1.3,1,0
OUT-004576,MT-003797,154,1,2.57,1,0
OUT-004577,MT-002799,53,0,0.88,1,0
OUT-004578,MT-001470,90,0,1.5,1,0
OUT-004579,MT-000644,144,1,2.4,1,0
OUT-004580,MT-003034,61,1,1.02,1,0
OUT-004581,MT-003947,120,1,2.0,1,0
OUT-004582,MT-000724,124,0,2.07,1,0
OUT-004583,MT-002187,160,0,2.67,1,0
OUT-004584,MT-003400,179,1,2.98,1,0
OUT-004585,MT-000592,112,0,1.87,1,0
OUT-004586,MT-001116,100,0,1.67,1,0
OUT-004587,MT-003640,58,0,0.97,1,0
OUT-004588,MT-003955,186,0,3.1,1,0
OUT-004589,MT-004663,130,0,2.17,1,0
OUT-004590,MT-000663,106,0,1.77,1,0
OUT-004591,MT-000722,90,0,1.5,1,0
OUT-004592,MT-002409,129,0,2.15,1,0
OUT-004593,MT-002909,66,1,1.1,1,0
OUT-004594,MT-000273,99,0,1.65,1,0
OUT-004595,MT-002444,62,0,1.03,1,0
OUT-004596,MT-002529,189,0,3.15,1,0
OUT-004597,MT-002994,133,0,2.22,1,0
OUT-004598,MT-002559,125,0,2.08,1,0
OUT-004599,MT-001822,141,0,2.35,1,0
OUT-004600,MT-002873,131,1,2.18,1,0
OUT-004601,MT-002106,134,0,2.23,1,0
OUT-004602,MT-000808,155,0,2.58,1,0
OUT-004603,MT-000433,181,0,3.02,1,0
OUT-004604,MT-001706,61,0,1.02,1,0
OUT-004605,MT-002110,139,0,2.32,1,0
OUT-004606,MT-002164,63,1,1.05,1,0
OUT-004607,MT-002703,158,0,2.63,1,0
OUT-004608,MT-003008,177,1,2.95,1,0
OUT-004609,MT-004463,170,1,2.83,1,0
OUT-004610,MT-000413,134,0,2.23,1,0
OUT-004611,MT-002619,73,0,1.22,1,0
OUT-004612,MT-002564,78,1,1.3,1,0
OUT-004613,MT-001718,89,0,1.48,1,0
OUT-004614,MT-002379,91,0,1.52,1,0
OUT-004615,MT-004551,71,0,1.18,1,0
OUT-004616,MT-004589,119,0,1.98,1,0
OUT-004617,MT-000779,149,1,2.48,1,0
OUT-004618,MT-004590,119,1,1.98,0,0
OUT-004619,MT-001304,69,0,1.15,1,0
OUT-004620,MT-003382,60,0,1.0,1,0
OUT-004621,MT-003962,170,0,2.83,1,0
OUT-004622,MT-004455,121,0,2.02,1,0
OUT-004623,MT-000996,47,1,0.78,1,0
OUT-004624,MT-000799,187,0,3.12,1,0
OUT-004625,MT-000954,97,1,1.62,1,0
OUT-004626,MT-000836,71,1,1.18,1,0
OUT-004627,MT-000589,120,1,2.0,1,0
OUT-004628,MT-000853,164,1,2.73,1,0
OUT-004629,MT-004444,42,1,0.7,1,0
OUT-004630,MT-000783,70,1,1.17,1,0
OUT-004631,MT-003677,75,0,1.25,1,0
OUT-004632,MT-000748,127,0,2.12,1,0
OUT-004633,MT-003316,95,0,1.58,1,0
OUT-004634,MT-002260,95,0,1.58,1,0
OUT-004635,MT-002096,159,0,2.65,1,0
OUT-004636,MT-003080,116,0,1.93,1,0
OUT-004637,MT-003709,174,1,2.9,1,0
OUT-004638,MT-004001,126,1,2.1,1,0
OUT-004639,MT-003876,81,0,1.35,1,0
OUT-004640,MT-001262,122,0,2.03,0,0
OUT-004641,MT-000709,86,0,1.43,1,0
OUT-004642,MT-002202,92,0,1.53,1,0
OUT-004643,MT-000800,72,0,1.2,1,0
OUT-004644,MT-003045,96,1,1.6,1,0
OUT-004645,MT-002440,102,0,1.7,1,0
OUT-004646,MT-000126,120,1,2.0,0,0
OUT-004647,MT-000963,134,0,2.23,1,0
OUT-004648,MT-003138,119,1,1.98,1,0
OUT-004649,MT-004250,178,1,2.97,1,0
OUT-004650,MT-003587,114,1,1.9,0,0
OUT-004651,MT-000499,81,0,1.35,1,0
OUT-004652,MT-000887,147,0,2.45,1,0
OUT-004653,MT-003395,88,1,1.47,1,0
OUT-004654,MT-003629,146,0,2.43,1,0
OUT-004655,MT-001866,101,1,1.68,1,0
OUT-004656,MT-002617,123,1,2.05,1,0
OUT-004657,MT-002707,68,1,1.13,0,0
OUT-004658,MT-000903,157,0,2.62,1,0
OUT-004659,MT-003212,101,1,1.68,1,0
OUT-004660,MT-000349,64,0,1.07,1,0
OUT-004661,MT-000686,124,0,2.07,1,0
OUT-004662,MT-003717,108,0,1.8,1,0
OUT-004663,MT-000923,126,1,2.1,1,0
OUT-004664,MT-002268,160,1,2.67,1,0
OUT-004665,MT-003114,106,1,1.77,1,0
OUT-004666,MT-001992,115,1,1.92,1,0
OUT-004667,MT-001606,144,0,2.4,1,0
OUT-004668,MT-003662,169,1,2.82,1,0
OUT-004669,MT-000102,117,1,1.95,1,0
OUT-004670,MT-001899,70,0,1.17,0,0
OUT-004671,MT-001411,163,1,2.72,1,0
OUT-004672,MT-002548,72,0,1.2,1,0
OUT-004673,MT-004901,90,1,1.5,1,0
OUT-004674,MT-000874,110,0,1.83,1,0
OUT-004675,MT-000975,191,0,3.18,1,0
OUT-004676,MT-003121,121,0,2.02,1,0
OUT-004677,MT-001656,113,1,1.88,1,0
OUT-004678,MT-004295,97,1,1.62,1,0
OUT-004679,MT-004914,118,1,1.97,1,0
OUT-004680,MT-002874,181,1,3.02,1,0
OUT-004681,MT-002231,138,0,2.3,1,0
OUT-004682,MT-004375,96,1,1.6,1,0
OUT-004683,MT-002146,177,1,2.95,1,0
OUT-004684,MT-001601,129,1,2.15,1,0
OUT-004685,MT-002143,97,0,1.62,1,0
OUT-004686,MT-002242,84,0,1.4,1,0
OUT-004687,MT-001575,76,1,1.27,1,0
OUT-004688,MT-001201,161,0,2.68,1,0
OUT-004689,MT-001286,98,1,1.63,1,0
OUT-004690,MT-000363,109,0,1.82,1,0
OUT-004691,MT-002655,69,0,1.15,1,0
OUT-004692,MT-003489,89,1,1.48,1,0
OUT-004693,MT-002427,77,0,1.28,0,0
OUT-004694,MT-000422,106,0,1.77,1,0
OUT-004695,MT-000807,123,0,2.05,1,0
OUT-004696,MT-003713,111,1,1.85,1,0
OUT-004697,MT-000647,77,0,1.28,1,0
OUT-004698,MT-001357,142,0,2.37,1,0
OUT-004699,MT-004191,130,1,2.17,1,0
OUT-004700,MT-004665,62,0,1.03,1,0
OUT-004701,MT-003675,186,1,3.1,1,0
OUT-004702,MT-002429,133,1,2.22,1,0
OUT-004703,MT-003450,51,1,0.85,1,0
OUT-004704,MT-001744,110,0,1.83,1,0
OUT-004705,MT-000837,80,0,1.33,0,0
OUT-004706,MT-000013,162,0,2.7,1,0
OUT-004707,MT-004005,132,1,2.2,1,0
OUT-004708,MT-004441,98,0,1.63,1,0
OUT-004709,MT-004289,157,0,2.62,1,0
OUT-004710,MT-000822,236,0,3.93,1,0
OUT-004711,MT-002894,137,0,2.28,1,0
OUT-004712,MT-003619,67,0,1.12,1,0
OUT-004713,MT-003776,109,0,1.82,1,0
OUT-004714,MT-001994,94,0,1.57,1,0
OUT-004715,MT-002319,138,1,2.3,1,0
OUT-004716,MT-002264,87,0,1.45,1,0
OUT-004717,MT-002966,132,1,2.2,1,0
OUT-004718,MT-000649,77,1,1.28,1,0
OUT-004719,MT-001824,70,1,1.17,1,0
OUT-004720,MT-003854,99,1,1.65,1,0
OUT-004721,MT-000004,136,1,2.27,1,0
OUT-004722,MT-000359,37,0,0.62,1,0
OUT-004723,MT-002336,108,1,1.8,1,0
OUT-004724,MT-000983,86,0,1.43,1,0
OUT-004725,MT-004682,192,0,3.2,1,0
OUT-004726,MT-002912,201,0,3.35,1,0
OUT-004727,MT-002936,87,1,1.45,1,0
OUT-004728,MT-004592,160,0,2.67,1,0
OUT-004729,MT-002100,164,0,2.73,1,0
OUT-004730,MT-004909,86,1,1.43,1,0
OUT-004731,MT-003031,123,1,2.05,1,0
OUT-004732,MT-003276,125,0,2.08,1,0
OUT-004733,MT-004339,95,0,1.58,1,0
OUT-004734,MT-003816,131,0,2.18,1,0
OUT-004735,MT-004067,120,0,2.0,1,0
OUT-004736,MT-000444,146,1,2.43,1,0
OUT-004737,MT-000246,100,0,1.67,0,0
OUT-004738,MT-003649,131,0,2.18,1,0
OUT-004739,MT-004815,110,1,1.83,1,0
OUT-004740,MT-003593,186,1,3.1,1,0
OUT-004741,MT-003765,63,0,1.05,1,0
OUT-004742,MT-004937,83,1,1.38,1,0
OUT-004743,MT-004345,141,0,2.35,1,0
OUT-004744,MT-001798,161,1,2.68,0,0
OUT-004745,MT-000688,152,0,2.53,0,0
OUT-004746,MT-000993,145,1,2.42,1,0
OUT-004747,MT-003347,113,0,1.88,1,0
OUT-004748,MT-002833,113,0,1.88,1,0
OUT-004749,MT-002141,113,0,1.88,1,0
OUT-004750,MT-002370,92,0,1.53,1,0
OUT-004751,MT-001830,89,1,1.48,1,0
OUT-004752,MT-004160,131,0,2.18,1,0
OUT-004753,MT-001702,121,1,2.02,1,0
OUT-004754,MT-000929,106,0,1.77,1,0
OUT-004755,MT-000099,163,0,2.72,1,0
OUT-004756,MT-001404,155,0,2.58,1,0
OUT-004757,MT-003282,196,1,3.27,1,0
OUT-004758,MT-004498,29,0,0.48,0,0
OUT-004759,MT-000337,96,0,1.6,1,0
OUT-004760,MT-002640,97,0,1.62,1,0
OUT-004761,MT-001838,82,1,1.37,1,0
OUT-004762,MT-004728,91,0,1.52,1,0
OUT-004763,MT-000639,87,0,1.45,1,0
OUT-004764,MT-000575,143,1,2.38,0,0
OUT-004765,MT-003094,146,1,2.43,1,0
OUT-004766,MT-001210,101,0,1.68,1,0
OUT-004767,MT-003368,157,1,2.62,1,0
OUT-004768,MT-003808,94,1,1.57,1,0
OUT-004769,MT-002883,141,0,2.35,0,0
OUT-004770,MT-003509,73,0,1.22,0,0
OUT-004771,MT-004669,61,1,1.02,1,0
OUT-004772,MT-003933,147,0,2.45,1,0
OUT-004773,MT-002329,154,1,2.57,1,0
OUT-004774,MT-001584,154,1,2.57,1,0
OUT-004775,MT-003096,167,1,2.78,1,0
OUT-004776,MT-000937,171,0,2.85,1,0
OUT-004777,MT-000312,103,0,1.72,1,0
OUT-004778,MT-001408,106,1,1.77,1,0
OUT-004779,MT-003725,122,0,2.03,1,0
OUT-004780,MT-000408,104,0,1.73,1,0
OUT-004781,MT-004553,89,0,1.48,1,0
OUT-004782,MT-003696,90,0,1.5,1,0
OUT-004783,MT-004549,107,0,1.78,1,0
OUT-004784,MT-000955,39,0,0.65,1,0
OUT-004785,MT-003009,164,1,2.73,1,0
OUT-004786,MT-001301,145,0,2.42,1,0
OUT-004787,MT-003957,144,1,2.4,1,0
OUT-004788,MT-000512,140,0,2.33,0,0
OUT-004789,MT-002502,145,1,2.42,1,0
OUT-004790,MT-003269,152,0,2.53,1,0
OUT-004791,MT-002923,28,1,0.47,1,0
OUT-004792,MT-000096,52,0,0.87,1,0
OUT-004793,MT-004586,130,0,2.17,1,0
OUT-004794,MT-004655,151,1,2.52,1,0
OUT-004795,MT-000139,120,1,2.0,1,0
OUT-004796,MT-003562,58,0,0.97,1,0
OUT-004797,MT-001088,71,0,1.18,1,0
OUT-004798,MT-000706,57,1,0.95,1,0
OUT-004799,MT-001697,70,0,1.17,1,0
OUT-004800,MT-001058,130,1,2.17,1,0
OUT-004801,MT-003960,182,0,3.03,1,0
OUT-004802,MT-000175,167,0,2.78,1,0
OUT-004803,MT-001173,88,1,1.47,1,0
OUT-004804,MT-000919,170,1,2.83,1,0
OUT-004805,MT-004957,114,0,1.9,0,0
OUT-004806,MT-003624,177,1,2.95,1,0
OUT-004807,MT-004092,90,1,1.5,1,0
OUT-004808,MT-001834,78,0,1.3,1,0
OUT-004809,MT-002381,126,1,2.1,1,0
OUT-004810,MT-001609,142,1,2.37,1,0
OUT-004811,MT-003248,116,0,1.93,1,0
OUT-004812,MT-002560,153,1,2.55,1,0
OUT-004813,MT-002095,95,1,1.58,1,0
OUT-004814,MT-001206,80,0,1.33,1,0
OUT-004815,MT-001273,146,1,2.43,1,0
OUT-004816,MT-001442,172,0,2.87,1,0
OUT-004817,MT-000095,129,1,2.15,1,0
OUT-004818,MT-004824,62,0,1.03,1,0
OUT-004819,MT-002462,146,0,2.43,1,0
OUT-004820,MT-003529,80,0,1.33,1,0
OUT-004821,MT-004724,105,0,1.75,1,0
OUT-004822,MT-002670,83,0,1.38,1,0
OUT-004823,MT-002153,122,0,2.03,1,0
OUT-004824,MT-003544,96,0,1.6,1,0
OUT-004825,MT-004366,121,0,2.02,1,0
OUT-004826,MT-004145,144,0,2.4,1,0
OUT-004827,MT-002457,102,0,1.7,1,0
OUT-004828,MT-003889,76,1,1.27,1,0
OUT-004829,MT-002054,156,0,2.6,1,0
OUT-004830,MT-002660,107,0,1.78,1,0
OUT-004831,MT-001417,100,0,1.67,1,0
OUT-004832,MT-001925,87,0,1.45,1,0
OUT-004833,MT-002846,59,0,0.98,1,0
OUT-004834,MT-003660,155,0,2.58,1,0
OUT-004835,MT-004087,135,0,2.25,1,0
OUT-004836,MT-002109,108,0,1.8,1,0
OUT-004837,MT-001349,171,0,2.85,0,0
OUT-004838,MT-003858,43,0,0.72,0,0
OUT-004839,MT-001218,162,0,2.7,1,0
OUT-004840,MT-000478,117,1,1.95,1,0
OUT-004841,MT-000185,187,1,3.12,1,0
OUT-004842,MT-000104,116,0,1.93,1,0
OUT-004843,MT-003377,128,1,2.13,1,0
OUT-004844,MT-004448,153,0,2.55,1,0
OUT-004845,MT-003935,116,0,1.93,1,0
OUT-004846,MT-004709,110,1,1.83,1,0
OUT-004847,MT-000088,123,1,2.05,1,0
OUT-004848,MT-002610,203,0,3.38,0,0
OUT-004849,MT-000401,69,0,1.15,1,0
OUT-004850,MT-000299,173,1,2.88,1,0
OUT-004851,MT-000792,177,0,2.95,1,0
OUT-004852,MT-004506,111,1,1.85,1,0
OUT-004853,MT-002320,178,0,2.97,1,0
OUT-004854,MT-001843,94,0,1.57,1,0
OUT-004855,MT-001253,84,0,1.4,1,0
OUT-004856,MT-000759,74,0,1.23,1,0
OUT-004857,MT-003494,142,0,2.37,1,0
OUT-004858,MT-002486,66,0,1.1,1,0
OUT-004859,MT-004069,109,1,1.82,1,0
OUT-004860,MT-004552,152,1,2.53,1,0
OUT-004861,MT-000087,174,1,2.9,1,0
OUT-004862,MT-002816,152,0,2.53,1,0
OUT-004863,MT-000520,59,1,0.98,1,0
OUT-004864,MT-000385,92,1,1.53,1,0
OUT-004865,MT-001732,129,0,2.15,1,0
OUT-004866,MT-003878,62,0,1.03,1,0
OUT-004867,MT-000018,152,0,2.53,1,0
OUT-004868,MT-000928,107,0,1.78,1,0
OUT-004869,MT-003911,100,1,1.67,1,0
OUT-004870,MT-001224,162,0,2.7,1,0
OUT-004871,MT-004792,126,0,2.1,1,0
OUT-004872,MT-004136,69,1,1.15,1,0
OUT-004873,MT-001908,180,0,3.0,1,0
OUT-004874,MT-000377,85,0,1.42,1,0
OUT-004875,MT-000265,100,0,1.67,1,0
OUT-004876,MT-004137,99,0,1.65,1,0
OUT-004877,MT-002503,177,0,2.95,1,0
OUT-004878,MT-003333,148,1,2.47,1,0
OUT-004879,MT-003453,83,0,1.38,1,0
OUT-004880,MT-003672,136,1,2.27,1,0
OUT-004881,MT-003777,116,1,1.93,1,0
OUT-004882,MT-001765,121,0,2.02,1,0
OUT-004883,MT-003794,176,0,2.93,1,0
OUT-004884,MT-002759,126,0,2.1,1,0
OUT-004885,MT-001020,67,1,1.12,1,0
OUT-004886,MT-004016,120,1,2.0,1,0
OUT-004887,MT-002211,142,0,2.37,1,0
OUT-004888,MT-002567,162,0,2.7,1,0
OUT-004889,MT-001002,111,0,1.85,1,0
OUT-004890,MT-003448,104,0,1.73,1,0
OUT-004891,MT-002877,87,0,1.45,1,0
OUT-004892,MT-004166,112,1,1.87,1,0
OUT-004893,MT-004225,153,0,2.55,0,0
OUT-004894,MT-004827,149,0,2.48,1,0
OUT-004895,MT-003585,80,0,1.33,1,0
OUT-004896,MT-001268,104,1,1.73,1,0
OUT-004897,MT-004426,129,0,2.15,1,0
OUT-004898,MT-004293,117,1,1.95,0,0
OUT-004899,MT-002761,164,1,2.73,1,0
OUT-004900,MT-002710,152,0,2.53,1,0
OUT-004901,MT-003676,102,1,1.7,1,0
OUT-004902,MT-004618,98,1,1.63,1,0
OUT-004903,MT-003425,131,0,2.18,1,0
OUT-004904,MT-004082,71,1,1.18,1,0
OUT-004905,MT-001810,67,0,1.12,1,0
OUT-004906,MT-002113,106,0,1.77,0,0
OUT-004907,MT-000818,137,1,2.28,1,0
OUT-004908,MT-000486,83,0,1.38,1,0
OUT-004909,MT-003929,72,0,1.2,1,0
OUT-004910,MT-003818,89,0,1.48,1,0
OUT-004911,MT-004666,71,1,1.18,1,0
OUT-004912,MT-000347,89,0,1.48,1,0
OUT-004913,MT-003296,129,1,2.15,1,0
OUT-004914,MT-004228,70,0,1.17,1,0
OUT-004915,MT-002954,144,0,2.4,1,0
OUT-004916,MT-003784,161,0,2.68,0,0
OUT-004917,MT-000257,96,0,1.6,1,0
OUT-004918,MT-003622,90,0,1.5,1,0
OUT-004919,MT-004376,141,0,2.35,1,0
OUT-004920,MT-004039,145,1,2.42,1,0
OUT-004921,MT-001200,93,0,1.55,1,0
OUT-004922,MT-001997,200,0,3.33,1,0
OUT-004923,MT-003297,56,1,0.93,1,0
OUT-004924,MT-003271,172,1,2.87,1,0
OUT-004925,MT-000007,122,1,2.03,1,0
OUT-004926,MT-002468,192,1,3.2,1,0
OUT-004927,MT-002219,141,1,2.35,1,0
OUT-004928,MT-003630,74,0,1.23,1,0
OUT-004929,MT-004537,152,0,2.53,1,0
OUT-004930,MT-002199,173,1,2.88,1,0
OUT-004931,MT-002378,145,1,2.42,1,0
OUT-004932,MT-004163,163,0,2.72,1,0
OUT-004933,MT-001170,159,0,2.65,1,0
OUT-004934,MT-004273,86,0,1.43,1,0
OUT-004935,MT-000411,130,1,2.17,1,0
OUT-004936,MT-000559,107,0,1.78,1,0
OUT-004937,MT-003496,79,0,1.32,1,0
OUT-004938,MT-002097,165,0,2.75,1,0
OUT-004939,MT-003174,148,0,2.47,1,0
OUT-004940,MT-002765,68,0,1.13,0,0
OUT-004941,MT-000754,145,1,2.42,1,0
OUT-004942,MT-001118,43,0,0.72,1,0
OUT-004943,MT-001393,91,0,1.52,1,0
OUT-004944,MT-003498,85,0,1.42,1,0
OUT-004945,MT-001777,72,0,1.2,1,0
OUT-004946,MT-004847,150,0,2.5,1,0
OUT-004947,MT-000568,65,0,1.08,1,0
OUT-004948,MT-002275,109,1,1.82,1,0
OUT-004949,MT-001938,68,1,1.13,1,0
OUT-004950,MT-003678,140,1,2.33,1,0
OUT-004951,MT-004935,133,0,2.22,1,0
OUT-004952,MT-000819,100,0,1.67,1,0
OUT-004953,MT-001313,134,0,2.23,1,0
OUT-004954,MT-003107,93,1,1.55,1,0
OUT-004955,MT-000942,143,0,2.38,1,0
OUT-004956,MT-003899,107,1,1.78,1,0
OUT-004957,MT-003526,103,1,1.72,1,0
OUT-004958,MT-004277,161,0,2.68,1,0
OUT-004959,MT-003779,156,1,2.6,1,0
OUT-004960,MT-004574,121,0,2.02,1,0
OUT-004961,MT-001249,115,0,1.92,1,0
OUT-004962,MT-002805,87,1,1.45,1,0
OUT-004963,MT-001541,139,1,2.32,1,0
OUT-004964,MT-001428,86,0,1.43,1,0
OUT-004965,MT-000563,133,0,2.22,1,0
OUT-004966,MT-004780,183,0,3.05,1,0
OUT-004967,MT-003314,102,1,1.7,0,0
OUT-004968,MT-000656,49,1,0.82,1,0
OUT-004969,MT-002932,44,0,0.73,1,0
OUT-004970,MT-003202,101,1,1.68,1,0
OUT-004971,MT-002032,70,1,1.17,1,0
OUT-004972,MT-003716,170,0,2.83,1,0
OUT-004973,MT-001968,65,0,1.08,1,0
OUT-004974,MT-004608,143,1,2.38,1,0
OUT-004975,MT-004259,143,0,2.38,1,0
OUT-004976,MT-000348,51,0,0.85,1,0
OUT-004977,MT-000063,90,1,1.5,1,0
OUT-004978,MT-003374,87,0,1.45,1,0
OUT-004979,MT-002287,109,1,1.82,1,0
OUT-004980,MT-004683,76,0,1.27,1,0
OUT-004981,MT-001571,137,0,2.28,1,0
OUT-004982,MT-004478,72,0,1.2,1,0
OUT-004983,MT-001474,95,1,1.58,1,0
OUT-004984,MT-000695,58,0,0.97,0,0
OUT-004985,MT-001623,84,1,1.4,1,0
OUT-004986,MT-000558,78,1,1.3,1,0
OUT-004987,MT-000739,215,1,3.58,1,0
OUT-004988,MT-001949,63,1,1.05,1,0
OUT-004989,MT-002415,117,1,1.95,1,0
OUT-004990,MT-000682,101,1,1.68,1,0
OUT-004991,MT-000926,187,1,3.12,1,0
OUT-004992,MT-003327,61,0,1.02,1,0
OUT-004993,MT-002359,148,1,2.47,1,0
OUT-004994,MT-002013,98,1,1.63,1,0
OUT-004995,MT-002441,83,0,1.38,0,0
OUT-004996,MT-003909,137,0,2.28,1,0
OUT-004997,MT-000610,74,0,1.23,1,0
OUT-004998,MT-000813,128,1,2.13,1,0
OUT-004999,MT-002494,72,0,1.2,0,0
OUT-005000,MT-002176,139,0,2.32,1,0
