task_id,block_id,corridor_id,date,start_time,end_time,duration_minutes,department,maintenance_type,priority_score,priority_class,criticality,overdue_days,scheduling_score
MT-003767,BLK-01157,C08,2026-09-02,12:08,14:04,116,TRD,PREVENTIVE,95.52,CRITICAL,5,20,0.895
MT-003885,BLK-01309,C12,2026-09-18,02:10,04:26,136,TRD,CORRECTIVE,95.18,CRITICAL,5,20,0.8955
MT-001546,BLK-01320,C18,2026-09-03,13:19,15:31,132,ENGINEERING,CORRECTIVE,94.39,CRITICAL,5,37,0.9237
MT-000926,BLK-00555,C14,2026-09-05,18:25,20:58,153,ENGINEERING,REPAIR,94.31,CRITICAL,5,9,0.8119
MT-000403,BLK-01448,C07,2026-09-12,03:29,05:35,126,TRD,CORRECTIVE,94.27,CRITICAL,5,19,0.8838
MT-002122,BLK-00884,C10,2026-09-05,11:11,12:56,105,ENGINEERING,INSPECTION,94.24,CRITICAL,5,30,0.9473
MT-000149,BLK-00325,C12,2026-09-24,02:02,04:59,177,TRD,OHE_REPAIR,93.42,CRITICAL,5,4,0.7942
MT-004039,BLK-01665,C01,2026-09-02,08:40,11:21,161,ENGINEERING,REPAIR,93.37,CRITICAL,5,4,0.7935
MT-001656,BLK-00392,C01,2026-09-27,18:32,20:25,113,ENGINEERING,PREVENTIVE,93.35,CRITICAL,5,30,0.936
MT-001140,BLK-01642,C19,2026-09-09,12:04,14:10,126,S&T,CORRECTIVE,93.26,CRITICAL,5,10,0.8267
MT-000919,BLK-00028,C11,2026-09-09,10:30,13:09,159,ENGINEERING,REPAIR,93.21,CRITICAL,5,7,0.8225
MT-000393,BLK-00767,C13,2026-09-03,10:07,12:52,165,TRD,OHE_REPAIR,93.05,CRITICAL,4,23,0.8908
MT-000940,BLK-00166,C13,2026-09-03,04:53,07:12,139,S&T,SIGNAL_REPAIR,92.98,CRITICAL,4,25,0.8858
MT-000441,BLK-00430,C18,2026-09-04,19:15,21:26,131,ENGINEERING,CORRECTIVE,92.95,CRITICAL,5,0,0.7935
MT-000818,BLK-02673,C16,2026-09-21,16:04,18:13,129,ENGINEERING,CORRECTIVE,92.79,CRITICAL,5,44,0.9123
MT-003295,BLK-01895,C20,2026-09-01,12:48,15:04,136,S&T,PREVENTIVE,92.71,CRITICAL,5,7,0.8315
MT-001345,BLK-01999,C07,2026-09-05,06:01,07:42,101,TRD,INSPECTION,92.7,CRITICAL,5,0,0.7763
MT-001406,BLK-00777,C13,2026-09-03,10:28,13:09,161,TRD,CORRECTIVE,92.67,CRITICAL,4,14,0.8439
MT-003419,BLK-00120,C16,2026-09-21,01:40,04:22,162,ENGINEERING,REPAIR,92.64,CRITICAL,5,24,0.9013
MT-001977,BLK-02139,C18,2026-09-05,11:26,13:17,111,TRD,PREVENTIVE,92.49,CRITICAL,5,23,0.9063
MT-000768,BLK-01874,C17,2026-09-10,19:44,21:40,116,ENGINEERING,INSPECTION,92.49,CRITICAL,5,0,0.8064
MT-002465,BLK-00646,C13,2026-09-14,15:02,16:42,100,TRD,PREVENTIVE,92.39,CRITICAL,5,25,0.9314
MT-000512,BLK-01766,C06,2026-09-05,16:01,18:12,131,ENGINEERING,CORRECTIVE,92.35,CRITICAL,5,9,0.8287
MT-000524,BLK-00134,C13,2026-09-13,09:36,11:06,90,S&T,PREVENTIVE,92.33,CRITICAL,5,29,0.942
MT-004276,BLK-00977,C18,2026-09-18,04:25,05:29,64,TRD,INSPECTION,92.22,CRITICAL,5,31,0.9468
MT-002391,BLK-00196,C08,2026-09-05,09:47,11:43,116,TRD,CORRECTIVE,92.21,CRITICAL,4,18,0.8668
MT-001379,BLK-01141,C11,2026-09-10,03:41,06:04,143,ENGINEERING,CORRECTIVE,92.18,CRITICAL,5,34,0.9513
MT-003675,BLK-01214,C18,2026-09-06,08:59,11:58,179,ENGINEERING,REPAIR,92.04,CRITICAL,4,20,0.8702
MT-001765,BLK-00785,C08,2026-09-10,16:51,18:40,109,TRD,CORRECTIVE,91.99,CRITICAL,5,20,0.8674
MT-003020,BLK-01697,C01,2026-09-03,17:02,18:10,68,S&T,INSPECTION,91.97,CRITICAL,4,41,0.9343
MT-004584,BLK-02850,C04,2026-09-12,19:39,21:13,94,ENGINEERING,PREVENTIVE,91.96,CRITICAL,4,0,0.7612
MT-003711,BLK-00181,C09,2026-09-06,08:54,11:06,132,ENGINEERING,PREVENTIVE,91.93,CRITICAL,4,20,0.8879
MT-003387,BLK-02118,C14,2026-09-07,16:50,18:39,109,TRD,INSPECTION,91.87,CRITICAL,5,21,0.8907
MT-003160,BLK-02065,C09,2026-09-18,18:27,20:03,96,TRD,PREVENTIVE,91.85,CRITICAL,5,0,0.7727
MT-003436,BLK-01673,C20,2026-09-01,02:16,04:58,162,ENGINEERING,REPAIR,91.8,CRITICAL,5,37,0.9119
MT-001821,BLK-02616,C20,2026-09-22,02:41,04:39,118,ENGINEERING,PREVENTIVE,91.79,CRITICAL,4,15,0.8559
MT-001787,BLK-01618,C04,2026-09-12,09:43,12:27,164,ENGINEERING,REPAIR,91.75,CRITICAL,4,5,0.7793
MT-004814,BLK-02939,C10,2026-09-02,06:05,08:21,136,TRD,CORRECTIVE,91.73,CRITICAL,5,28,0.9022
MT-000731,BLK-00180,C15,2026-09-02,07:20,08:44,84,ENGINEERING,INSPECTION,91.69,CRITICAL,5,15,0.8578
MT-004407,BLK-01043,C06,2026-09-09,05:34,06:59,85,S&T,INSPECTION,91.68,CRITICAL,4,1,0.7758
MT-002502,BLK-02411,C17,2026-09-05,15:50,18:22,152,TRD,OHE_REPAIR,91.62,CRITICAL,5,28,0.9325
MT-001985,BLK-02255,C12,2026-09-05,15:22,18:06,164,ENGINEERING,CORRECTIVE,91.61,CRITICAL,5,0,0.7661
MT-004742,BLK-00402,C19,2026-09-24,13:21,16:06,165,S&T,SIGNAL_REPAIR,91.42,CRITICAL,4,24,0.9032
MT-004634,BLK-02517,C18,2026-09-10,12:43,14:54,131,ENGINEERING,CORRECTIVE,91.09,CRITICAL,5,12,0.8428
MT-001525,BLK-01034,C08,2026-09-21,16:57,18:47,110,ENGINEERING,PREVENTIVE,91.05,CRITICAL,5,12,0.8317
MT-004380,BLK-01339,C09,2026-09-10,08:31,10:51,140,TRD,CORRECTIVE,91.0,CRITICAL,5,14,0.8492
MT-003366,BLK-00766,C16,2026-09-04,20:34,22:31,117,ENGINEERING,PREVENTIVE,90.92,CRITICAL,5,1,0.7733
MT-001009,BLK-01011,C02,2026-09-26,16:07,18:06,119,TRD,PREVENTIVE,90.83,CRITICAL,5,5,0.8072
MT-004204,BLK-00454,C10,2026-09-13,05:43,07:27,104,ENGINEERING,PREVENTIVE,90.77,CRITICAL,5,15,0.8396
MT-004561,BLK-02311,C18,2026-09-06,06:29,08:27,118,TRD,PREVENTIVE,90.76,CRITICAL,5,18,0.8736
MT-002171,BLK-00740,C20,2026-09-16,00:15,02:23,128,TRD,PREVENTIVE,90.72,CRITICAL,4,34,0.9189
MT-004781,BLK-01063,C10,2026-09-15,13:54,16:27,153,S&T,SIGNAL_REPAIR,90.67,CRITICAL,4,16,0.8121
MT-000522,BLK-00062,C04,2026-09-17,20:13,21:53,100,ENGINEERING,PREVENTIVE,90.57,CRITICAL,4,0,0.7654
MT-004733,BLK-00109,C08,2026-09-18,18:14,19:42,88,TRD,PREVENTIVE,90.51,CRITICAL,4,17,0.838
MT-000434,BLK-01159,C20,2026-09-14,09:28,12:07,159,ENGINEERING,REPAIR,90.48,CRITICAL,4,17,0.8277
MT-000677,BLK-00744,C05,2026-09-10,08:55,10:22,87,ENGINEERING,INSPECTION,90.47,CRITICAL,4,0,0.7582
MT-004505,BLK-01764,C01,2026-09-07,20:23,21:41,78,ENGINEERING,INSPECTION,90.38,CRITICAL,5,7,0.8111
MT-002027,BLK-00887,C19,2026-09-15,14:19,16:06,107,S&T,CORRECTIVE,90.29,CRITICAL,5,11,0.8165
MT-001112,BLK-02345,C03,2026-09-01,13:29,14:50,81,S&T,INSPECTION,90.26,CRITICAL,5,17,0.8542
MT-002969,BLK-00531,C07,2026-09-05,22:09,23:33,84,ENGINEERING,PREVENTIVE,90.25,CRITICAL,4,26,0.8796
MT-000859,BLK-01863,C06,2026-09-04,02:31,04:28,117,ENGINEERING,CORRECTIVE,90.22,CRITICAL,5,7,0.8017
MT-004964,BLK-02842,C16,2026-09-21,21:27,22:41,74,ENGINEERING,INSPECTION,90.19,CRITICAL,4,30,0.9253
MT-000641,BLK-01047,C15,2026-09-12,17:32,19:08,96,ENGINEERING,INSPECTION,90.15,CRITICAL,4,26,0.8899
MT-002461,BLK-01130,C08,2026-09-03,05:05,06:43,98,S&T,PREVENTIVE,90.12,CRITICAL,4,10,0.8055
MT-003681,BLK-01048,C10,2026-09-14,11:45,13:27,102,ENGINEERING,PREVENTIVE,90.06,CRITICAL,5,7,0.7941
MT-004497,BLK-02012,C09,2026-09-06,05:58,08:16,138,TRD,OHE_REPAIR,90.04,CRITICAL,5,3,0.785
MT-003976,BLK-02015,C16,2026-09-09,17:34,19:44,130,ENGINEERING,CORRECTIVE,90.03,CRITICAL,5,16,0.8324
MT-000750,BLK-00846,C14,2026-09-08,11:01,12:14,73,ENGINEERING,INSPECTION,90.02,CRITICAL,5,23,0.8822
MT-001722,BLK-00856,C04,2026-09-18,12:32,14:31,119,TRD,INSPECTION,89.98,CRITICAL,3,6,0.756
MT-001458,BLK-02881,C17,2026-09-08,05:17,08:11,174,TRD,CORRECTIVE,89.97,CRITICAL,5,51,0.9167
MT-003530,BLK-01706,C02,2026-09-06,11:09,13:42,153,ENGINEERING,CORRECTIVE,89.94,CRITICAL,5,17,0.8561
MT-001285,BLK-02686,C10,2026-09-20,08:10,09:56,106,ENGINEERING,PREVENTIVE,89.87,CRITICAL,5,12,0.8299
MT-003173,BLK-00148,C07,2026-09-05,16:50,18:57,127,ENGINEERING,CORRECTIVE,89.87,CRITICAL,4,0,0.7393
MT-003046,BLK-02132,C10,2026-09-01,13:55,15:13,78,TRD,INSPECTION,89.83,CRITICAL,5,23,0.883
MT-001344,BLK-02812,C15,2026-09-26,02:34,05:20,166,ENGINEERING,CORRECTIVE,89.83,CRITICAL,5,0,0.7723
MT-003134,BLK-02533,C07,2026-09-03,17:11,19:15,124,ENGINEERING,CORRECTIVE,89.81,CRITICAL,4,0,0.7577
MT-002991,BLK-02649,C10,2026-09-05,07:20,09:27,127,ENGINEERING,CORRECTIVE,89.78,CRITICAL,5,17,0.8778
MT-002366,BLK-01830,C03,2026-09-10,09:08,10:21,73,S&T,INSPECTION,89.68,CRITICAL,5,16,0.8679
MT-003546,BLK-02202,C05,2026-09-06,21:26,23:32,126,ENGINEERING,CORRECTIVE,89.68,CRITICAL,5,15,0.8455
MT-003995,BLK-00779,C13,2026-09-13,02:53,04:52,119,ENGINEERING,INSPECTION,89.59,CRITICAL,4,11,0.7953
MT-003911,BLK-00876,C18,2026-09-01,06:18,08:00,102,ENGINEERING,INSPECTION,89.56,CRITICAL,4,10,0.802
MT-000067,BLK-01268,C09,2026-09-09,13:31,15:12,101,S&T,INSPECTION,89.48,CRITICAL,5,0,0.7711
MT-001693,BLK-00805,C10,2026-09-06,04:26,06:16,110,TRD,INSPECTION,89.45,CRITICAL,4,18,0.8402
MT-002750,BLK-01784,C09,2026-09-21,20:05,22:21,136,ENGINEERING,PREVENTIVE,89.38,CRITICAL,4,13,0.8215
MT-004650,BLK-00409,C02,2026-09-05,14:54,17:03,129,TRD,CORRECTIVE,89.35,CRITICAL,5,28,0.8899
MT-000229,BLK-00668,C02,2026-09-14,04:44,06:52,128,ENGINEERING,PREVENTIVE,89.31,CRITICAL,5,4,0.7687
MT-000664,BLK-00405,C09,2026-09-16,02:25,05:19,174,ENGINEERING,REPAIR,89.3,CRITICAL,4,34,0.9024
MT-002183,BLK-00694,C06,2026-09-05,10:28,12:43,135,ENGINEERING,CORRECTIVE,89.29,CRITICAL,4,9,0.7638
MT-002580,BLK-02829,C02,2026-09-06,05:18,06:55,97,TRD,INSPECTION,89.28,CRITICAL,5,17,0.8461
MT-001061,BLK-02097,C08,2026-09-18,05:24,06:51,87,S&T,INSPECTION,89.27,CRITICAL,4,31,0.8873
MT-000243,BLK-00253,C20,2026-09-20,14:01,15:12,71,ENGINEERING,INSPECTION,89.19,CRITICAL,4,7,0.7732
MT-002838,BLK-02528,C10,2026-09-10,10:45,13:14,149,S&T,SIGNAL_REPAIR,89.09,CRITICAL,5,35,0.925
MT-004501,BLK-01271,C08,2026-09-17,13:18,14:55,97,ENGINEERING,PREVENTIVE,89.08,CRITICAL,5,19,0.8551
MT-004920,BLK-00711,C16,2026-09-05,02:08,03:41,93,ENGINEERING,PREVENTIVE,89.04,CRITICAL,4,0,0.7648
MT-002493,BLK-02392,C12,2026-09-05,14:43,16:49,126,ENGINEERING,CORRECTIVE,89.03,CRITICAL,4,19,0.8509
MT-002389,BLK-02430,C03,2026-09-12,18:56,20:43,107,ENGINEERING,INSPECTION,88.99,CRITICAL,5,7,0.8011
MT-003821,BLK-01110,C14,2026-09-13,20:27,22:47,140,ENGINEERING,CORRECTIVE,88.97,CRITICAL,5,28,0.9099
MT-000819,BLK-00050,C09,2026-09-03,06:55,08:29,94,ENGINEERING,INSPECTION,88.96,CRITICAL,5,17,0.8575
MT-004292,BLK-02944,C13,2026-09-09,16:13,18:56,163,TRD,CORRECTIVE,88.95,CRITICAL,4,0,0.7465
MT-001888,BLK-01963,C15,2026-09-12,01:35,03:33,118,ENGINEERING,CORRECTIVE,88.89,CRITICAL,5,24,0.8777
MT-002839,BLK-02035,C13,2026-09-05,09:54,11:32,98,S&T,PREVENTIVE,88.87,CRITICAL,4,14,0.8238
MT-002156,BLK-02515,C02,2026-09-07,08:15,09:57,102,ENGINEERING,PREVENTIVE,88.82,CRITICAL,4,10,0.8128
MT-001664,BLK-02795,C20,2026-09-28,07:34,09:29,115,ENGINEERING,CORRECTIVE,88.78,CRITICAL,4,0,0.7457
MT-003798,BLK-02763,C04,2026-09-08,07:52,09:50,118,S&T,PREVENTIVE,88.74,CRITICAL,3,17,0.8106
MT-001882,BLK-00176,C02,2026-09-02,17:44,19:44,120,TRD,CORRECTIVE,88.74,CRITICAL,2,16,0.7788
MT-004836,BLK-00116,C05,2026-09-20,21:35,22:41,66,ENGINEERING,INSPECTION,88.73,CRITICAL,4,17,0.834
MT-001539,BLK-01534,C16,2026-09-21,17:08,19:48,160,TRD,CORRECTIVE,88.71,CRITICAL,3,22,0.8401
MT-004027,BLK-02948,C11,2026-09-10,05:06,07:27,141,S&T,CORRECTIVE,88.62,CRITICAL,4,22,0.8441
MT-004150,BLK-00859,C02,2026-09-05,06:31,08:05,94,ENGINEERING,INSPECTION,88.6,CRITICAL,5,20,0.8518
MT-000232,BLK-02478,C05,2026-09-25,01:58,03:46,108,ENGINEERING,INSPECTION,88.6,CRITICAL,4,13,0.8369
MT-001576,BLK-00975,C04,2026-09-12,09:17,11:33,136,ENGINEERING,CORRECTIVE,88.55,CRITICAL,5,34,0.9316
MT-002109,BLK-00974,C06,2026-09-23,13:07,14:43,96,ENGINEERING,INSPECTION,88.54,CRITICAL,4,11,0.7965
MT-003939,BLK-00326,C16,2026-09-27,14:19,16:40,141,ENGINEERING,CORRECTIVE,88.51,CRITICAL,5,0,0.7537
MT-002895,BLK-00404,C05,2026-09-15,14:52,17:23,151,ENGINEERING,CORRECTIVE,88.48,CRITICAL,3,21,0.8427
MT-003212,BLK-01275,C15,2026-09-02,02:14,03:43,89,TRD,PREVENTIVE,88.44,CRITICAL,3,21,0.8452
MT-001771,BLK-00375,C09,2026-09-01,21:35,22:44,69,TRD,INSPECTION,88.37,CRITICAL,4,10,0.7751
MT-000287,BLK-00581,C08,2026-09-20,14:32,16:09,97,S&T,INSPECTION,88.35,CRITICAL,2,26,0.8222
MT-000772,BLK-01747,C03,2026-09-26,21:04,22:21,77,ENGINEERING,INSPECTION,88.32,CRITICAL,5,6,0.7762
MT-002828,BLK-00412,C18,2026-09-04,08:25,10:28,123,TRD,INSPECTION,88.31,CRITICAL,4,13,0.8241
MT-002852,BLK-02182,C16,2026-09-06,05:49,07:41,112,S&T,CORRECTIVE,88.25,CRITICAL,4,29,0.8872
MT-003292,BLK-01559,C11,2026-09-05,10:01,11:22,81,ENGINEERING,INSPECTION,88.23,CRITICAL,3,19,0.8426
MT-003207,BLK-00773,C11,2026-09-23,05:16,06:37,81,ENGINEERING,INSPECTION,88.17,CRITICAL,5,0,0.7619
MT-001068,BLK-02996,C18,2026-09-09,04:33,06:08,95,TRD,PREVENTIVE,88.07,CRITICAL,4,13,0.8139
MT-002643,BLK-01410,C15,2026-09-02,02:09,04:34,145,TRD,CORRECTIVE,88.01,CRITICAL,5,13,0.8472
MT-002549,BLK-00386,C04,2026-09-12,00:32,02:45,133,ENGINEERING,CORRECTIVE,88.0,CRITICAL,3,39,0.855
MT-003521,BLK-01650,C04,2026-09-01,16:00,17:40,100,ENGINEERING,CORRECTIVE,87.98,CRITICAL,4,12,0.7889
MT-000338,BLK-02331,C16,2026-09-01,21:41,23:02,81,ENGINEERING,INSPECTION,87.95,CRITICAL,5,15,0.8435
MT-000838,BLK-00938,C08,2026-09-07,12:13,14:49,156,TRD,CORRECTIVE,87.92,CRITICAL,4,31,0.897
MT-003289,BLK-01399,C04,2026-09-04,15:18,17:00,102,S&T,INSPECTION,87.91,CRITICAL,5,22,0.8319
MT-002701,BLK-01425,C10,2026-09-11,03:27,05:42,135,ENGINEERING,CORRECTIVE,87.91,CRITICAL,5,19,0.8495
MT-002178,BLK-01494,C16,2026-09-01,07:14,08:52,98,ENGINEERING,INSPECTION,87.9,CRITICAL,4,8,0.7544
MT-000051,BLK-02739,C01,2026-09-10,05:48,08:07,139,ENGINEERING,CORRECTIVE,87.83,CRITICAL,5,19,0.8469
MT-000639,BLK-01588,C20,2026-09-05,05:08,06:24,76,S&T,INSPECTION,87.78,CRITICAL,5,14,0.8194
MT-000378,BLK-01840,C19,2026-09-23,05:23,07:28,125,S&T,PREVENTIVE,87.77,CRITICAL,5,0,0.7629
MT-000822,BLK-01993,C05,2026-09-09,02:26,05:25,179,ENGINEERING,REPAIR,87.74,CRITICAL,4,8,0.788
MT-003097,BLK-00043,C14,2026-09-02,14:02,15:06,64,TRD,PREVENTIVE,87.73,CRITICAL,5,28,0.8964
MT-002033,BLK-01738,C08,2026-09-10,12:31,14:45,134,ENGINEERING,CORRECTIVE,87.65,CRITICAL,3,5,0.755
MT-003104,BLK-02176,C02,2026-09-12,14:21,15:42,81,TRD,INSPECTION,87.63,CRITICAL,4,0,0.7529
MT-000588,BLK-00265,C11,2026-09-02,16:45,18:47,122,ENGINEERING,CORRECTIVE,87.58,CRITICAL,5,35,0.8663
MT-003497,BLK-02607,C01,2026-09-18,14:50,16:15,85,ENGINEERING,INSPECTION,87.56,CRITICAL,5,27,0.8718
MT-001827,BLK-01192,C06,2026-09-30,18:01,20:33,152,ENGINEERING,REPAIR,87.4,CRITICAL,5,0,0.7744
MT-000712,BLK-02851,C17,2026-09-27,05:14,07:20,126,S&T,INSPECTION,87.38,CRITICAL,4,20,0.8431
MT-003129,BLK-02598,C09,2026-09-08,03:43,04:58,75,S&T,INSPECTION,87.38,CRITICAL,4,10,0.7817
MT-003139,BLK-02924,C08,2026-09-14,09:50,12:37,167,S&T,SIGNAL_REPAIR,87.38,CRITICAL,4,0,0.7324
MT-002016,BLK-01231,C18,2026-09-14,13:07,14:25,78,TRD,INSPECTION,87.37,CRITICAL,4,16,0.8231
MT-003909,BLK-01224,C12,2026-09-02,05:14,07:32,138,S&T,CORRECTIVE,87.34,CRITICAL,5,17,0.8305
MT-003360,BLK-02276,C06,2026-09-24,14:24,15:44,80,S&T,PREVENTIVE,87.3,CRITICAL,5,13,0.8468
MT-004594,BLK-01949,C12,2026-09-15,09:11,11:40,149,ENGINEERING,CORRECTIVE,87.29,CRITICAL,4,20,0.8397
MT-004471,BLK-01537,C05,2026-09-12,06:02,08:04,122,S&T,PREVENTIVE,87.28,CRITICAL,4,23,0.8443
MT-003647,BLK-00081,C14,2026-09-26,06:13,08:44,151,S&T,CORRECTIVE,87.27,CRITICAL,5,14,0.8083
MT-000701,BLK-01439,C15,2026-09-01,13:24,15:28,124,TRD,CORRECTIVE,87.27,CRITICAL,4,22,0.8502
MT-002609,BLK-00245,C14,2026-09-06,05:32,07:53,141,TRD,CORRECTIVE,87.26,CRITICAL,5,13,0.8231
MT-001403,BLK-01923,C04,2026-09-04,15:18,16:39,81,S&T,INSPECTION,87.26,CRITICAL,4,26,0.8649
MT-003856,BLK-00217,C10,2026-09-07,00:00,02:04,124,S&T,INSPECTION,87.24,CRITICAL,4,18,0.8286
MT-003772,BLK-00097,C11,2026-09-10,08:38,10:35,117,TRD,PREVENTIVE,87.23,CRITICAL,4,0,0.7334
MT-004089,BLK-02979,C10,2026-09-25,14:03,16:01,118,S&T,SIGNAL_REPAIR,87.19,CRITICAL,4,9,0.7902
MT-002071,BLK-02668,C18,2026-09-15,19:12,21:30,138,ENGINEERING,PREVENTIVE,87.18,CRITICAL,4,28,0.8682
MT-002274,BLK-02286,C03,2026-09-05,04:32,07:11,159,ENGINEERING,REPAIR,87.12,CRITICAL,5,4,0.7867
MT-001122,BLK-00294,C20,2026-09-04,20:57,22:42,105,ENGINEERING,INSPECTION,87.12,CRITICAL,3,8,0.7419
MT-001058,BLK-01468,C04,2026-09-05,17:26,19:26,120,ENGINEERING,INSPECTION,87.07,CRITICAL,5,32,0.8898
MT-003690,BLK-02104,C15,2026-09-10,02:04,03:44,100,TRD,PREVENTIVE,87.07,CRITICAL,5,2,0.7564
MT-001450,BLK-02053,C06,2026-09-10,19:38,22:00,142,ENGINEERING,REPAIR,86.89,CRITICAL,5,15,0.8195
MT-001942,BLK-00385,C09,2026-09-21,13:21,15:57,156,S&T,CORRECTIVE,86.89,CRITICAL,5,0,0.7438
MT-000128,BLK-00300,C18,2026-09-12,16:14,18:21,127,ENGINEERING,PREVENTIVE,86.84,CRITICAL,4,7,0.7536
MT-002369,BLK-01865,C16,2026-09-06,02:00,03:37,97,ENGINEERING,PREVENTIVE,86.79,CRITICAL,5,37,0.8801
MT-002200,BLK-02773,C17,2026-09-07,05:42,07:33,111,S&T,PREVENTIVE,86.73,CRITICAL,4,5,0.7562
MT-002433,BLK-01989,C11,2026-09-27,18:18,21:14,176,TRD,OHE_REPAIR,86.72,CRITICAL,4,0,0.7177
MT-000004,BLK-02049,C17,2026-09-19,01:59,04:22,143,S&T,SIGNAL_REPAIR,86.67,CRITICAL,4,19,0.8306
MT-003805,BLK-01336,C06,2026-09-04,13:24,14:29,65,S&T,INSPECTION,86.63,CRITICAL,5,8,0.8149
MT-002882,BLK-00447,C20,2026-09-02,06:12,08:06,114,ENGINEERING,PREVENTIVE,86.61,CRITICAL,4,19,0.8142
MT-002815,BLK-02487,C15,2026-09-19,07:17,09:25,128,ENGINEERING,CORRECTIVE,86.6,CRITICAL,5,5,0.7754
MT-004173,BLK-00125,C09,2026-09-07,20:18,21:23,65,S&T,INSPECTION,86.57,CRITICAL,4,18,0.8415
MT-002427,BLK-01409,C04,2026-09-12,13:35,14:47,72,S&T,INSPECTION,86.57,CRITICAL,4,5,0.7727
MT-004750,BLK-02082,C09,2026-09-09,09:27,11:04,97,ENGINEERING,INSPECTION,86.48,CRITICAL,5,5,0.7625
MT-003060,BLK-01182,C04,2026-09-26,01:18,03:05,107,ENGINEERING,PREVENTIVE,86.46,CRITICAL,2,13,0.7695
MT-002136,BLK-00735,C20,2026-09-15,20:54,22:48,114,ENGINEERING,PREVENTIVE,86.42,CRITICAL,4,1,0.7467
MT-003778,BLK-02759,C15,2026-09-18,18:32,21:08,156,ENGINEERING,REPAIR,86.4,CRITICAL,4,27,0.8775
MT-000155,BLK-01191,C08,2026-09-18,14:58,17:33,155,TRD,OHE_REPAIR,86.33,CRITICAL,4,0,0.7256
MT-002097,BLK-00931,C01,2026-09-23,11:41,13:56,135,ENGINEERING,CORRECTIVE,86.32,CRITICAL,4,0,0.7499
MT-003782,BLK-02594,C11,2026-09-28,17:06,18:58,112,S&T,INSPECTION,86.25,CRITICAL,4,11,0.8011
MT-002492,BLK-01751,C06,2026-09-15,01:12,03:15,123,ENGINEERING,CORRECTIVE,86.24,CRITICAL,4,0,0.7311
MT-002086,BLK-00108,C20,2026-09-19,15:24,16:58,94,S&T,PREVENTIVE,86.22,CRITICAL,5,22,0.8421
MT-002111,BLK-00564,C06,2026-09-20,09:14,10:58,104,ENGINEERING,INSPECTION,86.18,CRITICAL,5,18,0.8621
MT-001685,BLK-01594,C09,2026-09-22,08:06,09:31,85,S&T,INSPECTION,86.05,CRITICAL,5,6,0.7592
MT-001937,BLK-02204,C18,2026-09-01,07:25,08:54,89,ENGINEERING,CORRECTIVE,86.03,CRITICAL,5,30,0.8974
MT-001622,BLK-01633,C11,2026-09-19,20:10,21:32,82,S&T,INSPECTION,86.0,CRITICAL,3,18,0.8066
MT-004829,BLK-00981,C12,2026-09-02,19:33,21:10,97,TRD,INSPECTION,85.99,CRITICAL,4,17,0.8159
MT-003522,BLK-02207,C06,2026-09-20,02:43,04:29,106,S&T,PREVENTIVE,85.92,CRITICAL,4,7,0.7679
MT-002477,BLK-02239,C06,2026-09-03,16:36,18:22,106,ENGINEERING,INSPECTION,85.91,CRITICAL,4,10,0.7704
MT-001919,BLK-02148,C06,2026-09-23,11:04,13:31,147,ENGINEERING,CORRECTIVE,85.9,CRITICAL,4,9,0.7475
MT-004748,BLK-02356,C16,2026-09-01,01:21,02:19,58,ENGINEERING,INSPECTION,85.88,CRITICAL,5,0,0.7304
MT-002110,BLK-02816,C08,2026-09-10,20:42,22:46,124,S&T,INSPECTION,85.88,CRITICAL,4,0,0.7287
MT-003828,BLK-01617,C11,2026-09-03,15:21,17:03,102,S&T,PREVENTIVE,85.84,CRITICAL,5,12,0.8129
MT-001963,BLK-00748,C01,2026-09-07,22:12,23:11,59,S&T,INSPECTION,85.74,CRITICAL,5,24,0.8698
MT-001748,BLK-02857,C02,2026-09-18,04:01,06:15,134,TRD,OHE_REPAIR,85.72,CRITICAL,4,11,0.7713
MT-004945,BLK-02036,C02,2026-09-29,20:48,22:24,96,S&T,INSPECTION,85.68,CRITICAL,4,36,0.8868
MT-003418,BLK-01554,C02,2026-09-18,00:09,03:05,176,TRD,OHE_REPAIR,85.68,CRITICAL,4,0,0.7479
MT-003544,BLK-01400,C06,2026-09-10,20:48,22:27,99,S&T,INSPECTION,85.66,CRITICAL,5,20,0.836
MT-004333,BLK-00213,C05,2026-09-06,22:04,23:30,86,S&T,PREVENTIVE,85.66,CRITICAL,4,17,0.8308
MT-003549,BLK-00448,C08,2026-09-09,11:17,12:35,78,TRD,PREVENTIVE,85.65,CRITICAL,4,40,0.8971
MT-002546,BLK-00352,C14,2026-09-20,13:04,15:05,121,S&T,CORRECTIVE,85.63,CRITICAL,5,27,0.867
MT-003050,BLK-00530,C11,2026-09-02,08:56,10:52,116,ENGINEERING,PREVENTIVE,85.49,CRITICAL,4,14,0.7494
MT-001399,BLK-02591,C10,2026-09-05,05:08,06:12,64,S&T,PREVENTIVE,85.42,CRITICAL,4,4,0.7475
MT-003869,BLK-01783,C07,2026-09-21,09:39,11:28,109,TRD,INSPECTION,85.4,CRITICAL,5,2,0.7468
MT-000734,BLK-01709,C15,2026-09-04,19:14,21:34,140,TRD,PREVENTIVE,85.35,CRITICAL,2,18,0.7747
MT-001184,BLK-01008,C20,2026-09-11,10:06,11:57,111,ENGINEERING,CORRECTIVE,85.35,CRITICAL,1,35,0.8315
MT-001954,BLK-01250,C14,2026-09-03,02:46,03:55,69,S&T,INSPECTION,85.29,CRITICAL,5,12,0.7982
MT-003671,BLK-01834,C05,2026-09-05,02:30,04:24,114,ENGINEERING,PREVENTIVE,85.29,CRITICAL,4,20,0.8374
MT-000459,BLK-00010,C18,2026-09-11,13:30,15:29,119,ENGINEERING,PREVENTIVE,85.27,CRITICAL,4,11,0.7968
MT-004707,BLK-00207,C15,2026-09-15,03:17,05:27,130,ENGINEERING,PREVENTIVE,85.24,CRITICAL,2,32,0.8401
MT-003532,BLK-02940,C17,2026-09-19,16:05,18:28,143,TRD,CORRECTIVE,85.22,CRITICAL,4,4,0.7421
MT-004240,BLK-01213,C03,2026-09-10,16:02,18:43,161,ENGINEERING,REPAIR,85.19,CRITICAL,5,0,0.7482
MT-000026,BLK-01334,C01,2026-09-03,04:01,05:38,97,S&T,INSPECTION,85.18,CRITICAL,5,20,0.8545
MT-003084,BLK-02933,C06,2026-09-13,12:28,14:31,123,S&T,CORRECTIVE,85.14,CRITICAL,5,26,0.8783
MT-001103,BLK-00879,C17,2026-09-06,10:37,12:46,129,TRD,CORRECTIVE,85.11,CRITICAL,5,3,0.7503
MT-000214,BLK-00506,C04,2026-09-09,19:52,22:09,137,ENGINEERING,REPAIR,85.1,CRITICAL,5,27,0.8718
MT-004986,BLK-02693,C13,2026-09-03,10:12,12:24,132,ENGINEERING,CORRECTIVE,85.03,CRITICAL,5,9,0.7957
MT-004092,BLK-02481,C17,2026-09-09,11:14,12:52,98,TRD,PREVENTIVE,85.01,CRITICAL,5,1,0.7349
MT-002326,BLK-00865,C14,2026-09-08,02:47,04:15,88,ENGINEERING,INSPECTION,84.96,CRITICAL,5,23,0.8531
MT-003375,BLK-02051,C16,2026-09-21,16:46,18:45,119,TRD,PREVENTIVE,84.92,CRITICAL,4,16,0.7948
MT-003430,BLK-00627,C19,2026-09-08,00:29,02:26,117,S&T,PREVENTIVE,84.84,CRITICAL,5,5,0.7663
MT-000835,BLK-02117,C17,2026-09-27,05:20,07:44,144,TRD,CORRECTIVE,84.83,CRITICAL,3,38,0.8735
MT-001921,BLK-02334,C03,2026-09-05,04:14,06:22,128,S&T,SIGNAL_REPAIR,84.79,CRITICAL,5,16,0.8392
MT-001111,BLK-00048,C13,2026-09-25,08:41,10:10,89,TRD,INSPECTION,84.79,CRITICAL,4,2,0.7307
MT-000313,BLK-00216,C11,2026-09-06,15:06,16:53,107,S&T,PREVENTIVE,84.77,CRITICAL,5,12,0.7989
MT-001024,BLK-01287,C10,2026-09-04,17:28,18:42,74,TRD,INSPECTION,84.75,CRITICAL,4,13,0.7968
MT-003855,BLK-00406,C10,2026-09-06,09:45,11:04,79,TRD,INSPECTION,84.74,CRITICAL,3,11,0.7603
MT-004897,BLK-02080,C02,2026-09-15,22:10,23:36,86,ENGINEERING,INSPECTION,84.69,CRITICAL,5,20,0.8473
MT-003203,BLK-00035,C13,2026-09-08,07:55,09:37,102,TRD,PREVENTIVE,84.69,CRITICAL,5,9,0.7823
MT-004892,BLK-01591,C12,2026-09-11,18:48,20:27,99,ENGINEERING,PREVENTIVE,84.66,CRITICAL,5,20,0.8437
MT-000252,BLK-01362,C13,2026-09-12,15:53,18:30,157,ENGINEERING,REPAIR,84.63,CRITICAL,4,1,0.7243
MT-002747,BLK-00992,C04,2026-09-08,09:26,11:06,100,ENGINEERING,PREVENTIVE,84.62,CRITICAL,4,16,0.7797
MT-001063,BLK-02877,C18,2026-09-10,15:50,17:39,109,S&T,PREVENTIVE,84.59,CRITICAL,4,0,0.7391
MT-002117,BLK-02834,C12,2026-09-03,21:26,23:19,113,ENGINEERING,PREVENTIVE,84.56,CRITICAL,5,21,0.8352
MT-000350,BLK-00900,C17,2026-09-10,18:02,20:38,156,TRD,CORRECTIVE,84.55,CRITICAL,4,0,0.7134
MT-000833,BLK-01624,C02,2026-09-17,01:35,03:30,115,S&T,PREVENTIVE,84.54,CRITICAL,4,1,0.7325
MT-002196,BLK-01490,C18,2026-09-06,02:38,04:34,116,S&T,CORRECTIVE,84.49,CRITICAL,4,0,0.7318
MT-002605,BLK-00515,C17,2026-09-05,15:59,18:12,133,TRD,CORRECTIVE,84.48,CRITICAL,4,8,0.7703
MT-003730,BLK-00173,C07,2026-09-22,10:22,12:20,118,TRD,CORRECTIVE,84.47,CRITICAL,2,18,0.7906
MT-003222,BLK-01611,C06,2026-09-13,12:28,14:29,121,ENGINEERING,CORRECTIVE,84.45,CRITICAL,5,20,0.8319
MT-003552,BLK-01699,C11,2026-09-17,02:35,05:11,156,TRD,PREVENTIVE,84.45,CRITICAL,4,11,0.7619
MT-000954,BLK-02717,C10,2026-09-03,16:55,18:29,94,S&T,INSPECTION,84.43,CRITICAL,5,13,0.8014
MT-004758,BLK-02172,C20,2026-09-05,00:05,01:48,103,TRD,INSPECTION,84.36,CRITICAL,4,0,0.7067
MT-001813,BLK-02815,C04,2026-09-28,15:03,17:05,122,ENGINEERING,CORRECTIVE,84.35,CRITICAL,3,14,0.7365
MT-003586,BLK-01896,C09,2026-09-06,10:06,11:57,111,ENGINEERING,INSPECTION,84.26,CRITICAL,4,13,0.7608
MT-000144,BLK-00727,C11,2026-09-07,13:12,14:26,74,ENGINEERING,INSPECTION,84.19,CRITICAL,4,16,0.7809
MT-002514,BLK-01794,C03,2026-09-08,07:24,09:55,151,ENGINEERING,REPAIR,84.16,CRITICAL,3,0,0.7237
MT-004084,BLK-01702,C09,2026-09-05,16:26,17:51,85,ENGINEERING,PREVENTIVE,84.15,CRITICAL,5,3,0.7444
MT-000753,BLK-02164,C09,2026-09-02,20:59,22:44,105,S&T,PREVENTIVE,84.13,CRITICAL,4,10,0.7579
MT-001107,BLK-00573,C03,2026-09-08,07:39,09:19,100,TRD,PREVENTIVE,84.1,CRITICAL,4,0,0.7064
MT-003825,BLK-01354,C19,2026-09-16,18:15,20:18,123,S&T,SIGNAL_REPAIR,84.06,CRITICAL,5,2,0.7266
MT-003880,BLK-02192,C05,2026-09-11,08:44,10:48,124,ENGINEERING,CORRECTIVE,84.01,CRITICAL,4,1,0.7202
MT-002849,BLK-02772,C12,2026-09-16,01:52,03:42,110,ENGINEERING,CORRECTIVE,84.0,CRITICAL,5,0,0.7385
MT-001721,BLK-00845,C17,2026-09-12,03:46,05:47,121,TRD,PREVENTIVE,83.98,CRITICAL,3,2,0.7395
MT-003118,BLK-01843,C16,2026-09-14,14:49,16:52,123,ENGINEERING,PREVENTIVE,83.97,CRITICAL,3,16,0.771
MT-001153,BLK-01684,C10,2026-09-06,00:28,02:13,105,S&T,PREVENTIVE,83.96,CRITICAL,2,11,0.7373
MT-000804,BLK-01527,C16,2026-09-06,10:17,11:34,77,TRD,INSPECTION,83.93,CRITICAL,4,21,0.8311
MT-002501,BLK-01637,C19,2026-09-04,15:04,16:56,112,S&T,INSPECTION,83.84,CRITICAL,3,0,0.7232
MT-002225,BLK-01458,C01,2026-09-24,21:39,22:49,70,TRD,INSPECTION,83.82,CRITICAL,4,20,0.8237
MT-003628,BLK-00990,C02,2026-09-15,10:38,12:11,93,ENGINEERING,INSPECTION,83.79,CRITICAL,4,1,0.7379
MT-000544,BLK-00619,C11,2026-09-15,02:49,04:24,95,ENGINEERING,INSPECTION,83.78,CRITICAL,4,0,0.7051
MT-002896,BLK-01383,C18,2026-09-19,06:40,08:33,113,S&T,SIGNAL_REPAIR,83.76,CRITICAL,3,8,0.7472
MT-002295,BLK-00736,C07,2026-09-23,09:03,10:40,97,S&T,INSPECTION,83.7,CRITICAL,4,30,0.8526
MT-000585,BLK-02455,C15,2026-09-05,02:41,04:51,130,S&T,SIGNAL_REPAIR,83.68,CRITICAL,3,0,0.6952
MT-001454,BLK-02424,C04,2026-09-30,11:50,14:01,131,ENGINEERING,CORRECTIVE,83.65,CRITICAL,3,0,0.6965
MT-002385,BLK-01712,C17,2026-09-08,11:59,13:34,95,TRD,PREVENTIVE,83.57,CRITICAL,4,13,0.7499
MT-004151,BLK-01722,C05,2026-09-06,03:16,04:44,88,ENGINEERING,INSPECTION,83.53,CRITICAL,4,15,0.7835
MT-001838,BLK-02466,C15,2026-09-01,19:42,21:09,87,TRD,INSPECTION,83.5,CRITICAL,4,10,0.751
MT-004013,BLK-01094,C20,2026-09-12,16:35,18:14,99,ENGINEERING,PREVENTIVE,83.49,CRITICAL,4,2,0.7343
MT-003140,BLK-01858,C09,2026-09-13,14:39,16:24,105,TRD,PREVENTIVE,83.48,CRITICAL,5,8,0.7743
MT-003022,BLK-00144,C20,2026-09-02,13:25,14:44,79,ENGINEERING,INSPECTION,83.41,CRITICAL,4,21,0.8173
MT-002795,BLK-00747,C07,2026-09-05,16:58,19:18,140,TRD,CORRECTIVE,83.36,CRITICAL,5,0,0.7294
MT-000052,BLK-01256,C07,2026-09-10,18:40,19:44,64,ENGINEERING,PREVENTIVE,83.32,CRITICAL,4,33,0.8686
MT-000437,BLK-00451,C14,2026-09-09,17:56,20:05,129,S&T,CORRECTIVE,83.16,CRITICAL,5,0,0.7169
MT-002087,BLK-02958,C09,2026-09-16,16:21,18:46,145,ENGINEERING,CORRECTIVE,83.16,CRITICAL,4,0,0.7099
MT-002017,BLK-02352,C17,2026-09-25,06:24,08:01,97,S&T,PREVENTIVE,83.14,CRITICAL,4,26,0.8368
MT-004860,BLK-02997,C07,2026-09-17,07:53,10:35,162,S&T,SIGNAL_REPAIR,83.13,CRITICAL,4,28,0.8362
MT-003298,BLK-02267,C05,2026-09-12,09:54,11:31,97,ENGINEERING,PREVENTIVE,83.11,CRITICAL,4,7,0.7452
MT-003013,BLK-00825,C15,2026-09-25,09:36,11:30,114,S&T,PREVENTIVE,83.06,CRITICAL,4,7,0.7657
MT-003873,BLK-02612,C13,2026-09-09,05:06,07:19,133,TRD,CORRECTIVE,83.06,CRITICAL,3,16,0.7794
MT-002075,BLK-01074,C13,2026-09-06,05:59,07:31,92,ENGINEERING,PREVENTIVE,83.06,CRITICAL,3,0,0.7075
MT-001422,BLK-02180,C15,2026-09-12,05:57,07:41,104,TRD,PREVENTIVE,83.04,CRITICAL,5,6,0.7551
MT-002073,BLK-02689,C01,2026-09-23,00:39,02:55,136,S&T,CORRECTIVE,83.04,CRITICAL,5,0,0.7506
MT-001912,BLK-02109,C10,2026-09-25,13:40,16:01,141,TRD,CORRECTIVE,83.02,CRITICAL,5,0,0.7446
MT-002625,BLK-01514,C09,2026-09-22,19:33,21:04,91,S&T,INSPECTION,82.97,CRITICAL,5,6,0.7554
MT-002400,BLK-00255,C08,2026-09-25,21:37,23:54,137,TRD,CORRECTIVE,82.94,CRITICAL,2,20,0.7978
MT-004580,BLK-00529,C16,2026-09-08,15:11,16:30,79,ENGINEERING,INSPECTION,82.89,CRITICAL,5,18,0.8385
MT-003751,BLK-02898,C09,2026-09-16,03:06,04:59,113,ENGINEERING,PREVENTIVE,82.88,CRITICAL,4,12,0.7636
MT-000962,BLK-01575,C17,2026-09-09,17:47,20:00,133,S&T,CORRECTIVE,82.86,CRITICAL,4,17,0.8036
MT-002740,BLK-00936,C11,2026-09-05,12:07,13:09,62,S&T,INSPECTION,82.85,CRITICAL,4,23,0.8405
MT-003808,BLK-02588,C18,2026-09-21,11:42,13:22,100,TRD,INSPECTION,82.85,CRITICAL,4,0,0.7214
MT-002217,BLK-01042,C18,2026-09-11,07:22,08:53,91,TRD,INSPECTION,82.79,CRITICAL,5,2,0.7131
MT-002150,BLK-01356,C05,2026-09-13,13:45,15:08,83,S&T,INSPECTION,82.79,CRITICAL,3,22,0.8061
MT-002566,BLK-02822,C18,2026-09-13,03:52,05:52,120,ENGINEERING,CORRECTIVE,82.74,CRITICAL,5,8,0.7618
MT-002139,BLK-02100,C15,2026-09-15,03:44,06:00,136,S&T,CORRECTIVE,82.73,CRITICAL,3,17,0.7846
MT-004085,BLK-00183,C03,2026-09-07,10:12,12:18,126,S&T,PREVENTIVE,82.72,CRITICAL,4,8,0.7443
MT-000855,BLK-02891,C18,2026-09-24,00:48,03:09,141,S&T,CORRECTIVE,82.67,CRITICAL,4,19,0.8089
MT-001173,BLK-00136,C16,2026-09-17,17:20,18:50,90,ENGINEERING,PREVENTIVE,82.66,CRITICAL,5,0,0.7326
MT-001028,BLK-02160,C20,2026-09-13,23:09,23:57,48,S&T,INSPECTION,82.57,CRITICAL,5,3,0.763
MT-003294,BLK-00498,C07,2026-09-16,14:31,16:31,120,S&T,SIGNAL_REPAIR,82.56,CRITICAL,4,27,0.8555
MT-001836,BLK-00012,C03,2026-09-14,09:44,11:57,133,ENGINEERING,CORRECTIVE,82.52,CRITICAL,5,5,0.7508
MT-000984,BLK-00377,C10,2026-09-15,02:22,04:09,107,TRD,CORRECTIVE,82.51,CRITICAL,5,0,0.7117
MT-004047,BLK-00372,C18,2026-09-12,18:41,20:01,80,ENGINEERING,PREVENTIVE,82.5,CRITICAL,5,0,0.7368
MT-002694,BLK-00371,C14,2026-09-02,09:43,11:02,79,ENGINEERING,INSPECTION,82.47,CRITICAL,5,4,0.7323
MT-004772,BLK-01091,C13,2026-09-10,02:39,05:08,149,TRD,CORRECTIVE,82.42,CRITICAL,4,0,0.7101
MT-004435,BLK-00960,C20,2026-09-02,06:12,07:21,69,TRD,INSPECTION,82.36,CRITICAL,4,9,0.7668
MT-001214,BLK-00053,C17,2026-09-10,18:02,20:22,140,S&T,CORRECTIVE,82.24,CRITICAL,4,16,0.7729
MT-004195,BLK-01266,C18,2026-09-05,06:53,07:57,64,S&T,INSPECTION,82.24,CRITICAL,4,0,0.7165
MT-004656,BLK-01796,C18,2026-09-05,15:02,16:27,85,TRD,INSPECTION,82.21,CRITICAL,5,0,0.722
MT-001974,BLK-01468,C04,2026-09-05,19:26,20:26,60,S&T,INSPECTION,82.17,CRITICAL,5,3,0.8711
MT-004381,BLK-00112,C06,2026-09-11,08:08,09:43,95,ENGINEERING,PREVENTIVE,82.14,CRITICAL,4,21,0.7712
MT-001418,BLK-02501,C14,2026-09-17,21:07,23:04,117,S&T,PREVENTIVE,82.08,CRITICAL,5,4,0.7271
MT-000653,BLK-02558,C13,2026-09-02,11:40,13:36,116,ENGINEERING,CORRECTIVE,82.07,CRITICAL,2,18,0.797
MT-003658,BLK-02620,C13,2026-09-02,11:57,13:40,103,ENGINEERING,PREVENTIVE,82.06,CRITICAL,5,18,0.7999
MT-004658,BLK-02862,C14,2026-09-06,03:04,04:51,107,ENGINEERING,PREVENTIVE,82.05,CRITICAL,3,17,0.776
MT-004205,BLK-02136,C07,2026-09-16,14:38,16:35,117,S&T,SIGNAL_REPAIR,82.04,CRITICAL,2,14,0.7598
MT-001204,BLK-02897,C19,2026-09-19,08:50,10:53,123,TRD,PREVENTIVE,81.99,CRITICAL,4,8,0.7551
MT-002925,BLK-00408,C03,2026-09-27,21:35,23:28,113,ENGINEERING,INSPECTION,81.97,CRITICAL,4,8,0.7428
MT-002617,BLK-01982,C14,2026-09-21,16:40,18:42,122,S&T,SIGNAL_REPAIR,81.92,CRITICAL,5,10,0.7762
MT-003336,BLK-00935,C14,2026-09-06,12:20,14:15,115,ENGINEERING,CORRECTIVE,81.88,CRITICAL,4,12,0.7362
MT-003234,BLK-01984,C14,2026-09-11,21:33,22:32,59,S&T,INSPECTION,81.85,CRITICAL,5,23,0.8125
MT-000830,BLK-02467,C16,2026-09-07,10:17,11:44,87,ENGINEERING,PREVENTIVE,81.84,CRITICAL,4,21,0.8094
MT-002790,BLK-02766,C03,2026-09-02,07:21,08:45,84,ENGINEERING,INSPECTION,81.83,CRITICAL,4,12,0.7641
MT-002036,BLK-01460,C01,2026-09-12,01:39,03:30,111,S&T,PREVENTIVE,81.83,CRITICAL,4,7,0.7303
MT-004736,BLK-00720,C10,2026-09-06,04:48,06:17,89,ENGINEERING,PREVENTIVE,81.82,CRITICAL,5,13,0.7939
MT-001414,BLK-01889,C12,2026-09-02,06:15,08:12,117,TRD,CORRECTIVE,81.81,CRITICAL,4,25,0.8213
MT-004022,BLK-00448,C08,2026-09-09,09:36,10:42,66,TRD,PREVENTIVE,81.79,CRITICAL,5,19,0.8702
MT-001378,BLK-02058,C11,2026-09-23,11:12,13:16,124,S&T,INSPECTION,81.79,CRITICAL,3,15,0.7627
MT-000946,BLK-02246,C18,2026-09-26,12:44,15:09,145,S&T,SIGNAL_REPAIR,81.75,CRITICAL,3,1,0.6896
MT-004496,BLK-02967,C17,2026-09-06,07:05,08:50,105,S&T,PREVENTIVE,81.72,CRITICAL,4,31,0.8375
MT-003757,BLK-01844,C19,2026-09-15,01:33,03:51,138,ENGINEERING,CORRECTIVE,81.69,CRITICAL,5,21,0.8008
MT-000904,BLK-02581,C03,2026-09-17,16:36,18:14,98,TRD,PREVENTIVE,81.65,CRITICAL,4,4,0.7426
MT-000897,BLK-02869,C05,2026-09-17,21:40,23:39,119,ENGINEERING,PREVENTIVE,81.65,CRITICAL,4,0,0.7326
MT-003970,BLK-02409,C14,2026-09-07,03:40,05:07,87,TRD,INSPECTION,81.65,CRITICAL,2,15,0.7431
MT-002970,BLK-01298,C19,2026-09-28,04:35,06:13,98,S&T,INSPECTION,81.63,CRITICAL,3,18,0.7825
MT-001639,BLK-01558,C12,2026-09-02,12:57,14:36,99,ENGINEERING,INSPECTION,81.62,CRITICAL,4,9,0.7501
MT-002009,BLK-02217,C13,2026-09-07,14:10,16:09,119,S&T,SIGNAL_REPAIR,81.56,CRITICAL,3,35,0.8552
MT-003637,BLK-02974,C13,2026-09-05,13:22,15:01,99,S&T,INSPECTION,81.53,CRITICAL,4,12,0.7414
MT-001563,BLK-01272,C10,2026-09-28,03:43,05:35,112,S&T,INSPECTION,81.5,CRITICAL,4,19,0.8061
MT-000597,BLK-02929,C11,2026-09-17,08:00,09:58,118,S&T,SIGNAL_REPAIR,81.49,CRITICAL,3,3,0.7162
MT-002871,BLK-02963,C15,2026-09-13,06:32,07:52,80,ENGINEERING,INSPECTION,81.42,CRITICAL,5,11,0.7956
MT-002296,BLK-01470,C06,2026-09-28,08:29,10:54,145,ENGINEERING,CORRECTIVE,81.42,CRITICAL,4,17,0.7802
MT-003204,BLK-01661,C12,2026-09-28,03:46,05:12,86,ENGINEERING,INSPECTION,81.38,CRITICAL,3,17,0.7824
MT-004209,BLK-00507,C12,2026-09-11,18:48,21:00,132,S&T,SIGNAL_REPAIR,81.28,CRITICAL,2,39,0.8199
MT-004957,BLK-02619,C05,2026-09-08,09:36,11:33,117,S&T,PREVENTIVE,81.26,CRITICAL,4,11,0.7681
MT-003452,BLK-01748,C20,2026-09-15,21:23,23:16,113,ENGINEERING,CORRECTIVE,81.22,CRITICAL,4,25,0.8198
MT-004330,BLK-01816,C20,2026-09-17,10:21,12:19,118,S&T,SIGNAL_REPAIR,81.21,CRITICAL,5,10,0.7726
MT-002655,BLK-00467,C13,2026-09-03,21:58,23:03,65,TRD,INSPECTION,81.18,CRITICAL,5,25,0.8233
MT-001555,BLK-01891,C19,2026-09-20,07:44,09:20,96,ENGINEERING,INSPECTION,81.18,CRITICAL,5,10,0.7699
MT-000283,BLK-00520,C01,2026-09-08,01:24,03:06,102,TRD,CORRECTIVE,81.18,CRITICAL,5,1,0.7559
MT-000556,BLK-01707,C08,2026-09-02,10:49,12:14,85,TRD,PREVENTIVE,81.17,CRITICAL,4,13,0.7735
MT-001608,BLK-02412,C14,2026-09-12,11:54,13:11,77,TRD,INSPECTION,81.14,CRITICAL,5,0,0.7354
MT-000621,BLK-00919,C07,2026-09-27,11:48,13:39,111,ENGINEERING,PREVENTIVE,81.12,CRITICAL,4,34,0.837
MT-002538,BLK-02087,C08,2026-09-01,03:29,05:03,94,TRD,INSPECTION,81.1,CRITICAL,5,3,0.7264
MT-000139,BLK-00718,C03,2026-09-20,14:09,15:54,105,ENGINEERING,INSPECTION,81.06,CRITICAL,5,8,0.7635
MT-000496,BLK-00471,C07,2026-09-04,07:21,09:28,127,ENGINEERING,PREVENTIVE,81.05,CRITICAL,4,13,0.7694
MT-000755,BLK-02936,C07,2026-09-13,13:41,14:47,66,TRD,INSPECTION,81.03,CRITICAL,5,14,0.7786
MT-003349,BLK-00330,C09,2026-09-12,09:55,11:08,73,S&T,INSPECTION,81.01,CRITICAL,3,13,0.7416
MT-002993,BLK-01060,C13,2026-09-08,08:51,10:54,123,S&T,CORRECTIVE,80.88,CRITICAL,2,33,0.8161
MT-001678,BLK-00269,C05,2026-09-04,20:04,21:28,84,ENGINEERING,PREVENTIVE,80.87,CRITICAL,4,0,0.7089
MT-004348,BLK-00273,C10,2026-09-06,21:39,22:51,72,S&T,INSPECTION,80.7,CRITICAL,5,16,0.7877
MT-001158,BLK-02849,C09,2026-09-20,09:17,10:54,97,TRD,PREVENTIVE,80.57,CRITICAL,3,15,0.7474
MT-003141,BLK-01881,C12,2026-09-10,10:38,12:48,130,ENGINEERING,CORRECTIVE,80.54,CRITICAL,3,20,0.7688
MT-003656,BLK-02556,C05,2026-09-23,07:42,10:12,150,TRD,OHE_REPAIR,80.53,CRITICAL,3,22,0.8089
MT-003426,BLK-00353,C03,2026-09-01,14:43,16:19,96,ENGINEERING,INSPECTION,80.52,CRITICAL,5,30,0.8372
MT-000284,BLK-00093,C10,2026-09-13,01:22,02:51,89,TRD,PREVENTIVE,80.48,CRITICAL,4,10,0.7639
MT-001553,BLK-01662,C01,2026-09-15,18:05,19:40,95,ENGINEERING,PREVENTIVE,80.48,CRITICAL,3,6,0.7043
MT-002937,BLK-02294,C17,2026-09-01,03:52,04:57,65,TRD,INSPECTION,80.47,CRITICAL,5,18,0.7477
MT-004060,BLK-01479,C08,2026-09-23,11:11,12:47,96,TRD,PREVENTIVE,80.43,CRITICAL,4,10,0.7297
MT-003434,BLK-02212,C05,2026-09-18,09:03,10:36,93,ENGINEERING,INSPECTION,80.36,CRITICAL,4,11,0.7565
MT-001557,BLK-01865,C16,2026-09-06,00:38,01:42,64,ENGINEERING,INSPECTION,80.31,CRITICAL,5,11,0.8259
MT-002488,BLK-02700,C10,2026-09-22,06:35,07:56,81,S&T,INSPECTION,80.26,CRITICAL,5,9,0.7619
MT-001486,BLK-02559,C14,2026-09-15,14:44,16:21,97,TRD,PREVENTIVE,80.25,CRITICAL,5,26,0.8398
MT-001358,BLK-02899,C03,2026-09-24,08:24,09:51,87,ENGINEERING,PREVENTIVE,80.24,CRITICAL,4,0,0.692
MT-000656,BLK-01447,C19,2026-09-01,22:52,23:48,56,S&T,INSPECTION,80.19,CRITICAL,5,0,0.7109
MT-004429,BLK-02075,C09,2026-09-14,15:42,17:42,120,ENGINEERING,CORRECTIVE,80.17,CRITICAL,5,1,0.7327
MT-002755,BLK-01530,C08,2026-09-01,11:21,13:11,110,S&T,CORRECTIVE,80.16,CRITICAL,3,1,0.6655
MT-000322,BLK-01821,C17,2026-09-11,15:00,16:24,84,TRD,INSPECTION,80.15,CRITICAL,5,21,0.8213
MT-003940,BLK-01085,C09,2026-09-14,14:52,16:51,119,ENGINEERING,PREVENTIVE,80.06,CRITICAL,5,6,0.7347
MT-000649,BLK-02894,C17,2026-09-17,06:16,07:30,74,TRD,INSPECTION,80.06,CRITICAL,4,22,0.8034
MT-000839,BLK-02092,C12,2026-09-06,03:54,06:23,149,TRD,OHE_REPAIR,79.97,HIGH,4,9,0.7505
MT-001490,BLK-01307,C05,2026-09-11,11:42,13:22,100,ENGINEERING,PREVENTIVE,79.95,HIGH,3,0,0.6725
MT-002041,BLK-02703,C17,2026-09-19,11:42,13:36,114,S&T,PREVENTIVE,79.94,HIGH,4,14,0.7573
MT-001268,BLK-01868,C18,2026-09-27,11:26,13:16,110,S&T,PREVENTIVE,79.9,HIGH,4,26,0.81
MT-004630,BLK-02144,C06,2026-09-03,05:56,07:00,64,ENGINEERING,INSPECTION,79.85,HIGH,4,29,0.8396
MT-002547,BLK-00973,C19,2026-09-23,10:12,12:22,130,S&T,SIGNAL_REPAIR,79.74,HIGH,4,29,0.8305
MT-004396,BLK-02335,C01,2026-09-02,09:46,11:13,87,S&T,PREVENTIVE,79.69,HIGH,4,3,0.7299
MT-000277,BLK-00998,C16,2026-09-18,14:55,16:45,110,S&T,PREVENTIVE,79.67,HIGH,3,0,0.6822
MT-004305,BLK-01397,C15,2026-09-01,21:46,23:00,74,S&T,INSPECTION,79.65,HIGH,2,31,0.7878
MT-003896,BLK-02042,C01,2026-09-03,04:01,05:19,78,ENGINEERING,INSPECTION,79.44,HIGH,5,10,0.7726
MT-003688,BLK-02656,C05,2026-09-02,09:26,10:50,84,ENGINEERING,INSPECTION,79.44,HIGH,2,18,0.7552
MT-004427,BLK-00057,C05,2026-09-01,17:31,18:45,74,ENGINEERING,PREVENTIVE,79.41,HIGH,4,29,0.826
MT-002316,BLK-01491,C05,2026-09-10,09:44,11:01,77,ENGINEERING,INSPECTION,79.4,HIGH,5,11,0.7706
MT-003031,BLK-01799,C11,2026-09-09,12:31,14:24,113,ENGINEERING,CORRECTIVE,79.39,HIGH,5,15,0.7529
MT-002312,BLK-02641,C20,2026-09-15,12:19,13:56,97,ENGINEERING,INSPECTION,79.39,HIGH,5,0,0.7133
MT-000405,BLK-00924,C13,2026-09-12,13:06,15:16,130,ENGINEERING,CORRECTIVE,79.39,HIGH,3,18,0.7634
MT-003663,BLK-02250,C12,2026-09-05,16:08,17:38,90,S&T,INSPECTION,79.35,HIGH,5,0,0.7262
MT-001609,BLK-01118,C07,2026-09-15,02:05,04:02,117,TRD,CORRECTIVE,79.3,HIGH,5,17,0.7897
MT-003676,BLK-02704,C17,2026-09-19,07:10,08:52,102,ENGINEERING,INSPECTION,79.26,HIGH,4,3,0.6955
MT-000742,BLK-01805,C07,2026-09-02,22:38,23:40,62,TRD,INSPECTION,79.13,HIGH,5,25,0.829
MT-001805,BLK-00432,C09,2026-09-20,05:39,06:35,56,S&T,INSPECTION,79.13,HIGH,4,20,0.7986
MT-002497,BLK-01517,C01,2026-09-25,18:46,20:27,101,ENGINEERING,INSPECTION,79.11,HIGH,4,30,0.8254
MT-000468,BLK-00804,C13,2026-09-01,22:19,23:35,76,ENGINEERING,INSPECTION,79.09,HIGH,4,20,0.7861
MT-002359,BLK-02264,C17,2026-09-17,06:52,09:19,147,S&T,CORRECTIVE,79.02,HIGH,4,11,0.7368
MT-002721,BLK-00001,C20,2026-09-05,18:45,20:01,76,S&T,INSPECTION,78.99,HIGH,3,30,0.8194
MT-000581,BLK-01457,C09,2026-09-25,16:06,18:17,131,S&T,PREVENTIVE,78.99,HIGH,2,4,0.6831
MT-001334,BLK-00077,C03,2026-09-07,02:50,04:27,97,ENGINEERING,INSPECTION,78.97,HIGH,3,21,0.7693
MT-001424,BLK-02222,C04,2026-09-16,12:47,14:17,90,S&T,INSPECTION,78.88,HIGH,3,12,0.7355
MT-003127,BLK-00719,C08,2026-09-20,09:55,11:53,118,TRD,CORRECTIVE,78.85,HIGH,4,7,0.7391
MT-004363,BLK-02574,C09,2026-09-25,15:17,17:14,117,TRD,CORRECTIVE,78.8,HIGH,5,18,0.7912
MT-000425,BLK-01006,C08,2026-09-25,06:05,08:15,130,TRD,OHE_REPAIR,78.8,HIGH,4,15,0.7568
MT-001007,BLK-02497,C12,2026-09-09,06:19,08:45,146,ENGINEERING,CORRECTIVE,78.76,HIGH,3,20,0.7695
MT-000981,BLK-02008,C15,2026-09-05,05:28,06:43,75,S&T,PREVENTIVE,78.66,HIGH,3,7,0.7031
MT-002206,BLK-01066,C17,2026-09-18,16:28,17:53,85,S&T,INSPECTION,78.6,HIGH,4,16,0.7669
MT-002474,BLK-01296,C11,2026-09-08,06:45,08:27,102,S&T,INSPECTION,78.58,HIGH,3,6,0.6902
MT-003947,BLK-00542,C05,2026-09-14,02:01,03:34,93,ENGINEERING,INSPECTION,78.56,HIGH,4,9,0.7228
MT-004370,BLK-01565,C01,2026-09-19,20:35,21:51,76,S&T,INSPECTION,78.53,HIGH,3,10,0.7296
MT-000211,BLK-00020,C12,2026-09-24,04:10,05:52,102,S&T,PREVENTIVE,78.52,HIGH,3,16,0.749
MT-004976,BLK-00702,C20,2026-09-03,02:33,03:45,72,ENGINEERING,INSPECTION,78.5,HIGH,3,10,0.7191
MT-001361,BLK-00709,C18,2026-09-15,07:48,09:00,72,ENGINEERING,INSPECTION,78.48,HIGH,5,22,0.8206
MT-000341,BLK-02724,C10,2026-09-21,09:05,10:41,96,ENGINEERING,PREVENTIVE,78.46,HIGH,5,8,0.7509
MT-004372,BLK-02133,C18,2026-09-13,15:38,17:13,95,ENGINEERING,INSPECTION,78.44,HIGH,3,4,0.7046
MT-003636,BLK-01148,C16,2026-09-08,11:08,12:31,83,ENGINEERING,PREVENTIVE,78.4,HIGH,4,17,0.7672
MT-001623,BLK-00167,C19,2026-09-15,14:14,15:32,78,S&T,PREVENTIVE,78.39,HIGH,5,12,0.7745
MT-000813,BLK-00948,C05,2026-09-27,04:45,06:41,116,ENGINEERING,CORRECTIVE,78.39,HIGH,3,32,0.8092
MT-002057,BLK-01576,C07,2026-09-09,07:50,09:37,107,ENGINEERING,INSPECTION,78.35,HIGH,4,14,0.739
MT-000489,BLK-02344,C09,2026-09-10,03:23,04:38,75,ENGINEERING,INSPECTION,78.27,HIGH,4,25,0.7934
MT-001114,BLK-01626,C19,2026-09-11,13:40,15:22,102,TRD,INSPECTION,78.27,HIGH,4,14,0.7456
MT-001494,BLK-02128,C15,2026-09-17,17:37,19:12,95,TRD,PREVENTIVE,78.27,HIGH,3,14,0.7432
MT-000227,BLK-01276,C15,2026-09-08,08:22,09:59,97,TRD,INSPECTION,78.26,HIGH,4,3,0.6846
MT-001790,BLK-01105,C16,2026-09-08,11:08,12:14,66,ENGINEERING,INSPECTION,78.21,HIGH,3,31,0.829
MT-001330,BLK-00592,C04,2026-09-12,16:14,17:34,80,ENGINEERING,PREVENTIVE,78.15,HIGH,5,12,0.7401
MT-003487,BLK-02500,C15,2026-09-05,11:29,12:34,65,TRD,INSPECTION,78.06,HIGH,2,31,0.8028
MT-004770,BLK-00378,C06,2026-09-29,17:03,19:14,131,ENGINEERING,CORRECTIVE,78.05,HIGH,4,25,0.8131
MT-001300,BLK-02947,C13,2026-09-06,03:35,05:29,114,TRD,CORRECTIVE,77.94,HIGH,4,25,0.7849
MT-003073,BLK-02583,C08,2026-09-24,20:00,21:27,87,TRD,INSPECTION,77.88,HIGH,4,32,0.8222
MT-000652,BLK-02295,C02,2026-09-25,16:37,18:36,119,TRD,PREVENTIVE,77.88,HIGH,4,18,0.7663
MT-001307,BLK-00122,C07,2026-09-13,15:31,17:32,121,S&T,SIGNAL_REPAIR,77.76,HIGH,5,16,0.7884
MT-001999,BLK-01440,C14,2026-09-20,14:34,17:04,150,TRD,OHE_REPAIR,77.74,HIGH,3,18,0.738
MT-002005,BLK-01240,C16,2026-09-08,18:32,20:09,97,ENGINEERING,INSPECTION,77.71,HIGH,5,11,0.7482
MT-003431,BLK-01901,C17,2026-09-15,16:39,18:32,113,ENGINEERING,PREVENTIVE,77.61,HIGH,4,11,0.7263
MT-002960,BLK-02426,C16,2026-09-30,11:24,12:58,94,TRD,PREVENTIVE,77.6,HIGH,3,0,0.6723
MT-000414,BLK-02778,C17,2026-09-19,05:09,07:19,130,S&T,CORRECTIVE,77.59,HIGH,4,14,0.7422
MT-002266,BLK-01082,C16,2026-09-20,01:36,03:08,92,ENGINEERING,PREVENTIVE,77.59,HIGH,3,0,0.6661
MT-003882,BLK-00080,C11,2026-09-05,16:41,18:12,91,TRD,INSPECTION,77.54,HIGH,4,1,0.6569
MT-001169,BLK-02138,C15,2026-09-13,03:06,04:49,103,S&T,INSPECTION,77.53,HIGH,4,0,0.6862
MT-002317,BLK-01492,C18,2026-09-06,03:18,04:43,85,ENGINEERING,INSPECTION,77.47,HIGH,4,24,0.7898
MT-004362,BLK-02431,C20,2026-09-01,02:11,03:22,71,TRD,INSPECTION,77.46,HIGH,2,28,0.773
MT-001679,BLK-02081,C20,2026-09-18,13:53,15:39,106,ENGINEERING,CORRECTIVE,77.38,HIGH,3,26,0.7758
MT-001176,BLK-01403,C12,2026-09-27,01:36,03:19,103,S&T,PREVENTIVE,77.32,HIGH,3,22,0.7691
MT-002586,BLK-02027,C08,2026-09-17,07:13,08:37,84,TRD,PREVENTIVE,77.28,HIGH,4,18,0.7724
MT-004411,BLK-02188,C09,2026-09-29,10:29,12:00,91,S&T,PREVENTIVE,77.27,HIGH,3,0,0.6642
MT-000776,BLK-02279,C17,2026-09-27,13:51,16:36,165,TRD,OHE_REPAIR,77.22,HIGH,5,4,0.7286
MT-001649,BLK-00858,C02,2026-09-04,09:44,11:10,86,TRD,INSPECTION,77.18,HIGH,4,29,0.8328
MT-003369,BLK-00289,C13,2026-09-04,01:53,03:26,93,ENGINEERING,INSPECTION,77.18,HIGH,2,19,0.7249
MT-004310,BLK-02386,C15,2026-09-15,13:53,15:10,77,TRD,INSPECTION,77.14,HIGH,4,5,0.71
MT-002667,BLK-01918,C14,2026-09-24,14:02,15:36,94,S&T,INSPECTION,77.12,HIGH,5,22,0.8115
MT-004403,BLK-02381,C01,2026-09-02,18:03,19:19,76,ENGINEERING,INSPECTION,77.06,HIGH,5,24,0.8197
MT-000834,BLK-00574,C17,2026-09-16,12:09,14:08,119,S&T,SIGNAL_REPAIR,77.04,HIGH,2,25,0.7562
MT-003249,BLK-01603,C13,2026-09-14,10:25,12:25,120,ENGINEERING,PREVENTIVE,76.94,HIGH,2,19,0.7412
MT-002881,BLK-00103,C12,2026-09-02,07:26,09:20,114,TRD,INSPECTION,76.88,HIGH,3,9,0.6831
MT-001689,BLK-02491,C05,2026-09-03,00:15,01:36,81,TRD,PREVENTIVE,76.87,HIGH,5,0,0.6781
MT-000220,BLK-01066,C17,2026-09-18,14:58,16:07,69,S&T,INSPECTION,76.86,HIGH,4,8,0.775
MT-002355,BLK-01715,C17,2026-09-09,18:31,20:03,92,S&T,INSPECTION,76.86,HIGH,4,7,0.6866
MT-002717,BLK-02228,C13,2026-09-04,06:07,07:36,89,ENGINEERING,INSPECTION,76.85,HIGH,3,11,0.726
MT-004282,BLK-01639,C11,2026-09-20,05:32,07:31,119,ENGINEERING,CORRECTIVE,76.8,HIGH,4,6,0.7128
MT-002420,BLK-02142,C16,2026-09-19,00:59,02:46,107,ENGINEERING,CORRECTIVE,76.72,HIGH,5,26,0.8089
MT-004530,BLK-01566,C15,2026-09-23,09:53,11:36,103,S&T,PREVENTIVE,76.7,HIGH,4,4,0.7075
MT-001640,BLK-00892,C07,2026-09-01,15:07,16:35,88,ENGINEERING,INSPECTION,76.7,HIGH,4,3,0.6874
MT-002000,BLK-02691,C08,2026-09-30,14:48,16:55,127,S&T,SIGNAL_REPAIR,76.67,HIGH,4,4,0.6878
MT-003674,BLK-02969,C03,2026-09-16,17:04,18:24,80,TRD,PREVENTIVE,76.65,HIGH,5,15,0.7559
MT-004629,BLK-01254,C09,2026-09-16,21:38,23:12,94,ENGINEERING,PREVENTIVE,76.65,HIGH,5,10,0.7317
MT-004925,BLK-02141,C18,2026-09-16,19:16,20:36,80,TRD,INSPECTION,76.65,HIGH,5,0,0.6855
MT-000758,BLK-02537,C17,2026-09-26,01:11,02:58,107,S&T,SIGNAL_REPAIR,76.61,HIGH,4,11,0.7316
MT-002397,BLK-02296,C02,2026-09-04,14:58,16:02,64,S&T,INSPECTION,76.52,HIGH,3,12,0.7256
MT-002575,BLK-00835,C17,2026-09-25,11:23,13:17,114,TRD,INSPECTION,76.51,HIGH,4,16,0.7303
MT-000932,BLK-00783,C17,2026-09-11,01:28,02:54,86,ENGINEERING,PREVENTIVE,76.37,HIGH,3,18,0.7778
MT-002241,BLK-02745,C06,2026-09-07,01:36,02:54,78,TRD,INSPECTION,76.35,HIGH,3,29,0.8109
MT-004472,BLK-02380,C19,2026-09-27,14:50,16:21,91,ENGINEERING,PREVENTIVE,76.34,HIGH,5,25,0.8202
MT-001012,BLK-01734,C14,2026-09-24,14:02,15:13,71,TRD,INSPECTION,76.32,HIGH,3,8,0.7256
MT-004932,BLK-00880,C03,2026-09-27,10:16,12:14,118,ENGINEERING,CORRECTIVE,76.3,HIGH,5,26,0.8189
MT-002515,BLK-02669,C07,2026-09-16,01:48,03:45,117,TRD,CORRECTIVE,76.29,HIGH,3,24,0.7661
MT-002380,BLK-02972,C03,2026-09-04,17:11,18:34,83,ENGINEERING,INSPECTION,76.29,HIGH,3,20,0.7448
MT-000045,BLK-02057,C18,2026-09-16,05:39,07:06,87,TRD,INSPECTION,76.26,HIGH,4,0,0.7083
MT-001964,BLK-02077,C08,2026-09-18,02:10,03:47,97,S&T,INSPECTION,76.13,HIGH,4,0,0.6655
MT-000161,BLK-01750,C03,2026-09-11,04:49,06:08,79,TRD,INSPECTION,76.12,HIGH,5,3,0.7039
MT-004878,BLK-01227,C15,2026-09-26,02:04,04:07,123,S&T,SIGNAL_REPAIR,76.11,HIGH,3,11,0.7214
MT-000457,BLK-01258,C05,2026-09-13,20:05,21:38,93,TRD,INSPECTION,76.09,HIGH,3,18,0.7421
MT-002664,BLK-01519,C09,2026-09-16,05:58,07:09,71,ENGINEERING,INSPECTION,76.07,HIGH,5,13,0.7415
MT-000631,BLK-00567,C17,2026-09-28,18:23,19:55,92,S&T,PREVENTIVE,76.0,HIGH,4,32,0.8411
MT-000172,BLK-02720,C19,2026-09-05,17:18,19:06,108,ENGINEERING,PREVENTIVE,75.87,HIGH,3,8,0.7009
MT-002594,BLK-02178,C19,2026-09-28,07:18,09:24,126,S&T,CORRECTIVE,75.8,HIGH,4,10,0.7113
MT-002738,BLK-02526,C18,2026-09-23,12:19,13:56,97,ENGINEERING,PREVENTIVE,75.7,HIGH,4,5,0.6979
MT-003766,BLK-00855,C11,2026-09-22,04:07,06:25,138,S&T,CORRECTIVE,75.67,HIGH,4,24,0.8001
MT-000339,BLK-02212,C05,2026-09-18,07:38,08:49,71,ENGINEERING,INSPECTION,75.57,HIGH,2,32,0.8761
MT-003736,BLK-01785,C10,2026-09-09,16:13,17:59,106,S&T,INSPECTION,75.53,HIGH,2,9,0.6698
MT-003293,BLK-01761,C10,2026-09-19,12:32,14:32,120,TRD,CORRECTIVE,75.52,HIGH,4,13,0.7396
MT-004436,BLK-02306,C03,2026-09-21,01:01,02:37,96,ENGINEERING,INSPECTION,75.51,HIGH,5,0,0.6558
MT-002392,BLK-02525,C03,2026-09-20,19:41,21:08,87,ENGINEERING,INSPECTION,75.45,HIGH,5,14,0.7606
MT-003558,BLK-01997,C20,2026-09-09,18:33,20:05,92,TRD,PREVENTIVE,75.4,HIGH,5,14,0.7362
MT-004769,BLK-02346,C13,2026-09-16,07:23,08:55,92,S&T,INSPECTION,75.31,HIGH,4,6,0.7132
MT-001740,BLK-02308,C10,2026-09-04,12:57,13:51,54,ENGINEERING,INSPECTION,75.29,HIGH,3,10,0.7311
MT-004131,BLK-00842,C14,2026-09-28,11:25,13:22,117,S&T,SIGNAL_REPAIR,75.28,HIGH,5,1,0.6961
MT-003280,BLK-02159,C04,2026-09-05,09:57,11:01,64,S&T,INSPECTION,75.26,HIGH,3,20,0.7387
MT-000293,BLK-02403,C10,2026-09-19,08:43,10:19,96,ENGINEERING,PREVENTIVE,75.26,HIGH,3,0,0.6512
MT-003057,BLK-02964,C09,2026-09-08,19:38,20:56,78,TRD,INSPECTION,75.24,HIGH,4,9,0.6951
MT-004355,BLK-01880,C11,2026-09-25,06:08,07:58,110,S&T,CORRECTIVE,75.24,HIGH,4,6,0.7285
MT-001212,BLK-02991,C14,2026-09-08,21:16,22:46,90,ENGINEERING,INSPECTION,75.22,HIGH,5,21,0.7801
MT-003715,BLK-00218,C01,2026-09-08,21:42,22:40,58,ENGINEERING,INSPECTION,75.16,HIGH,5,0,0.7232
MT-003228,BLK-02098,C15,2026-09-15,13:53,15:27,94,TRD,INSPECTION,75.14,HIGH,2,20,0.7379
MT-001843,BLK-00522,C09,2026-09-12,04:14,05:53,99,ENGINEERING,INSPECTION,75.1,HIGH,4,1,0.6686
MT-002533,BLK-00788,C05,2026-09-29,08:48,10:58,130,ENGINEERING,CORRECTIVE,75.09,HIGH,3,5,0.6979
MT-002904,BLK-00380,C17,2026-09-15,10:26,12:00,94,TRD,PREVENTIVE,75.07,HIGH,5,13,0.745
MT-004138,BLK-01850,C16,2026-09-08,11:11,12:39,88,ENGINEERING,INSPECTION,75.07,HIGH,3,12,0.6969
MT-004371,BLK-02181,C15,2026-09-23,21:36,22:41,65,S&T,INSPECTION,75.02,HIGH,3,0,0.6673
MT-002298,BLK-01973,C02,2026-09-09,10:12,11:16,64,TRD,INSPECTION,74.97,HIGH,5,17,0.775
MT-000385,BLK-00450,C14,2026-09-06,06:17,07:37,80,ENGINEERING,INSPECTION,74.95,HIGH,5,16,0.7704
MT-003644,BLK-02873,C17,2026-09-18,01:19,02:27,68,S&T,PREVENTIVE,74.92,HIGH,4,23,0.7835
MT-003678,BLK-00460,C12,2026-09-14,04:15,06:02,107,TRD,CORRECTIVE,74.92,HIGH,3,20,0.7408
MT-002744,BLK-01402,C08,2026-09-09,06:53,08:15,82,ENGINEERING,INSPECTION,74.85,HIGH,5,28,0.8147
MT-003652,BLK-01556,C01,2026-09-08,16:25,17:57,92,S&T,PREVENTIVE,74.85,HIGH,3,19,0.7103
MT-003514,BLK-01131,C17,2026-09-22,09:33,11:21,108,TRD,PREVENTIVE,74.79,HIGH,4,20,0.7511
MT-002448,BLK-01671,C12,2026-09-03,20:30,21:42,72,ENGINEERING,PREVENTIVE,74.79,HIGH,3,8,0.69
MT-000213,BLK-02169,C20,2026-09-24,13:16,14:28,72,S&T,PREVENTIVE,74.72,HIGH,5,13,0.7696
MT-002626,BLK-01540,C12,2026-09-22,08:50,10:16,86,S&T,INSPECTION,74.68,HIGH,3,0,0.6647
MT-001587,BLK-00731,C06,2026-09-06,17:34,19:09,95,ENGINEERING,PREVENTIVE,74.65,HIGH,4,25,0.7922
MT-004227,BLK-02399,C10,2026-09-06,00:44,01:54,70,TRD,INSPECTION,74.62,HIGH,2,35,0.7614
MT-001105,BLK-00354,C07,2026-09-14,05:09,06:13,64,ENGINEERING,INSPECTION,74.61,HIGH,4,40,0.8276
MT-003363,BLK-02509,C17,2026-09-29,16:51,18:43,112,TRD,CORRECTIVE,74.58,HIGH,4,35,0.8025
MT-000614,BLK-00106,C12,2026-09-02,19:33,20:52,79,TRD,INSPECTION,74.54,HIGH,4,10,0.7034
MT-004375,BLK-02901,C05,2026-09-29,02:51,04:38,107,S&T,CORRECTIVE,74.5,HIGH,3,0,0.6643
MT-002386,BLK-01654,C07,2026-09-01,17:49,18:55,66,ENGINEERING,INSPECTION,74.49,HIGH,4,12,0.7257
MT-003121,BLK-00299,C13,2026-09-28,06:59,08:52,113,ENGINEERING,PREVENTIVE,74.48,HIGH,5,13,0.7502
MT-004226,BLK-01970,C13,2026-09-18,09:25,11:01,96,TRD,PREVENTIVE,74.46,HIGH,3,12,0.7142
MT-001757,BLK-01360,C15,2026-09-22,00:54,02:37,103,S&T,INSPECTION,74.43,HIGH,4,0,0.6631
MT-001884,BLK-02432,C03,2026-09-24,17:09,18:24,75,TRD,INSPECTION,74.41,HIGH,4,0,0.6609
MT-002490,BLK-02033,C17,2026-09-04,06:02,07:26,84,ENGINEERING,PREVENTIVE,74.34,HIGH,4,10,0.7185
MT-002986,BLK-00293,C17,2026-09-18,09:22,11:09,107,S&T,INSPECTION,74.22,HIGH,4,21,0.736
MT-002060,BLK-01435,C07,2026-09-11,06:07,08:11,124,S&T,CORRECTIVE,74.19,HIGH,1,11,0.6807
MT-001165,BLK-01431,C13,2026-09-07,08:44,09:54,70,ENGINEERING,INSPECTION,74.13,HIGH,2,18,0.7217
MT-000650,BLK-02781,C14,2026-09-21,10:09,12:24,135,ENGINEERING,REPAIR,74.12,HIGH,4,7,0.7203
MT-003335,BLK-02002,C03,2026-09-02,17:21,18:39,78,S&T,PREVENTIVE,74.12,HIGH,3,27,0.7517
MT-002128,BLK-02010,C09,2026-09-17,20:50,22:30,100,TRD,PREVENTIVE,74.0,HIGH,3,24,0.7661
MT-001961,BLK-02744,C05,2026-09-12,20:50,22:11,81,TRD,INSPECTION,73.87,HIGH,3,6,0.6872
MT-001351,BLK-02684,C18,2026-09-05,08:19,09:31,72,ENGINEERING,INSPECTION,73.84,HIGH,2,20,0.709
MT-002519,BLK-00607,C11,2026-09-04,21:05,22:23,78,S&T,PREVENTIVE,73.82,HIGH,3,6,0.6593
MT-002558,BLK-01007,C03,2026-09-24,01:28,03:13,105,S&T,CORRECTIVE,73.78,HIGH,4,4,0.6623
MT-000899,BLK-02099,C19,2026-09-15,04:38,06:00,82,ENGINEERING,INSPECTION,73.78,HIGH,3,7,0.6955
MT-001581,BLK-01499,C15,2026-09-28,19:40,21:22,102,TRD,INSPECTION,73.77,HIGH,3,44,0.8027
MT-003182,BLK-00882,C10,2026-09-10,13:01,14:45,104,S&T,PREVENTIVE,73.77,HIGH,3,20,0.7601
MT-000068,BLK-02917,C17,2026-09-25,06:09,08:15,126,TRD,CORRECTIVE,73.74,HIGH,3,22,0.7477
MT-002374,BLK-00527,C13,2026-09-08,04:44,06:23,99,TRD,INSPECTION,73.7,HIGH,3,12,0.6683
MT-003456,BLK-02517,C18,2026-09-10,14:54,15:36,42,TRD,INSPECTION,73.65,HIGH,5,10,0.8219
MT-003852,BLK-01647,C09,2026-09-30,15:46,17:23,97,S&T,CORRECTIVE,73.42,HIGH,4,37,0.8179
MT-004475,BLK-00592,C04,2026-09-12,17:58,19:07,69,S&T,INSPECTION,73.24,HIGH,3,15,0.836
MT-003824,BLK-00156,C06,2026-09-02,15:24,16:37,73,ENGINEERING,INSPECTION,73.22,HIGH,4,14,0.7409
MT-003230,BLK-02191,C15,2026-09-19,11:22,12:49,87,TRD,INSPECTION,73.22,HIGH,4,6,0.6869
MT-003397,BLK-01912,C16,2026-09-25,21:53,23:44,111,S&T,PREVENTIVE,73.16,HIGH,1,11,0.6746
MT-002789,BLK-00896,C13,2026-09-18,09:08,10:49,101,ENGINEERING,INSPECTION,73.13,HIGH,5,0,0.6609
MT-001812,BLK-00945,C09,2026-09-05,05:30,06:32,62,ENGINEERING,INSPECTION,73.11,HIGH,5,25,0.7514
MT-001036,BLK-00284,C15,2026-09-09,14:41,16:09,88,ENGINEERING,INSPECTION,73.07,HIGH,2,31,0.7498
MT-000362,BLK-01432,C14,2026-09-23,10:30,12:19,109,ENGINEERING,PREVENTIVE,73.05,HIGH,4,29,0.7913
MT-001039,BLK-00940,C09,2026-09-18,01:36,03:24,108,TRD,CORRECTIVE,72.99,HIGH,4,11,0.6769
MT-002379,BLK-00098,C05,2026-09-04,17:35,19:00,85,TRD,INSPECTION,72.93,HIGH,3,20,0.7263
MT-004905,BLK-01731,C03,2026-09-16,20:26,21:56,90,S&T,INSPECTION,72.9,HIGH,2,9,0.6884
MT-002670,BLK-02198,C13,2026-09-14,06:10,07:39,89,ENGINEERING,PREVENTIVE,72.87,HIGH,3,22,0.7747
MT-002903,BLK-00110,C09,2026-09-10,16:21,17:33,72,TRD,INSPECTION,72.81,HIGH,4,7,0.6907
MT-004740,BLK-02079,C09,2026-09-18,13:24,14:42,78,ENGINEERING,INSPECTION,72.8,HIGH,5,22,0.7808
MT-004728,BLK-02710,C16,2026-09-10,15:35,16:57,82,TRD,PREVENTIVE,72.79,HIGH,3,5,0.6778
MT-000408,BLK-01061,C03,2026-09-09,09:55,11:24,89,TRD,INSPECTION,72.77,HIGH,3,16,0.727
MT-004361,BLK-01126,C14,2026-09-10,14:46,16:02,76,S&T,INSPECTION,72.6,HIGH,5,2,0.6705
MT-003255,BLK-02835,C02,2026-09-23,05:27,06:59,92,ENGINEERING,PREVENTIVE,72.57,HIGH,2,0,0.5968
MT-002129,BLK-02394,C05,2026-09-28,06:23,08:58,155,TRD,CORRECTIVE,72.5,HIGH,3,7,0.675
MT-002526,BLK-02066,C18,2026-09-04,21:02,22:27,85,ENGINEERING,INSPECTION,72.48,HIGH,4,5,0.6666
MT-000704,BLK-02496,C09,2026-09-06,11:19,12:28,69,S&T,INSPECTION,72.46,HIGH,2,12,0.6715
MT-004721,BLK-01116,C17,2026-09-09,11:25,12:55,90,ENGINEERING,INSPECTION,72.35,HIGH,2,14,0.702
MT-000148,BLK-00776,C15,2026-09-19,11:22,12:53,91,ENGINEERING,PREVENTIVE,72.33,HIGH,5,0,0.6422
MT-003350,BLK-00022,C20,2026-09-22,03:02,04:25,83,ENGINEERING,INSPECTION,72.29,HIGH,4,26,0.7632
MT-003823,BLK-02354,C03,2026-09-15,12:56,14:22,86,TRD,INSPECTION,72.18,HIGH,2,9,0.6441
MT-004214,BLK-00220,C02,2026-09-14,09:47,11:15,88,TRD,PREVENTIVE,72.17,HIGH,5,11,0.7228
MT-004571,BLK-02890,C12,2026-09-21,09:32,11:04,92,S&T,PREVENTIVE,72.15,HIGH,3,18,0.6788
MT-004425,BLK-00543,C13,2026-09-27,02:08,03:48,100,S&T,PREVENTIVE,72.1,HIGH,5,12,0.7205
MT-004264,BLK-02602,C04,2026-09-29,06:14,07:08,54,ENGINEERING,PREVENTIVE,72.1,HIGH,5,7,0.7381
MT-004970,BLK-00205,C06,2026-09-27,07:21,08:47,86,ENGINEERING,PREVENTIVE,72.08,HIGH,5,3,0.6734
MT-003722,BLK-02660,C07,2026-09-13,07:20,08:58,98,ENGINEERING,INSPECTION,72.05,HIGH,4,19,0.76
MT-004220,BLK-02340,C12,2026-09-22,11:18,13:06,108,TRD,PREVENTIVE,72.02,HIGH,4,13,0.7056
MT-000545,BLK-00024,C02,2026-09-27,15:01,17:19,138,TRD,CORRECTIVE,71.97,HIGH,3,25,0.7364
MT-001993,BLK-00417,C07,2026-09-26,06:41,08:39,118,S&T,CORRECTIVE,71.89,HIGH,4,17,0.7444
MT-002910,BLK-02221,C09,2026-09-08,12:56,13:58,62,ENGINEERING,INSPECTION,71.71,HIGH,4,33,0.8052
MT-004916,BLK-01076,C14,2026-09-11,03:09,04:46,97,TRD,PREVENTIVE,71.71,HIGH,4,0,0.6449
MT-001060,BLK-02443,C05,2026-09-24,02:17,03:53,96,S&T,PREVENTIVE,71.7,HIGH,4,17,0.7225
MT-003820,BLK-01689,C09,2026-09-12,03:31,04:58,87,TRD,PREVENTIVE,71.7,HIGH,4,3,0.6835
MT-002480,BLK-00416,C01,2026-09-07,10:32,11:57,85,ENGINEERING,PREVENTIVE,71.69,HIGH,5,0,0.6812
MT-002720,BLK-01838,C08,2026-09-02,18:53,20:13,80,S&T,INSPECTION,71.6,HIGH,4,26,0.7611
MT-002512,BLK-00616,C02,2026-09-07,06:33,07:48,75,TRD,PREVENTIVE,71.56,HIGH,3,11,0.6632
MT-004615,BLK-00588,C10,2026-09-26,12:57,14:23,86,TRD,INSPECTION,71.44,HIGH,5,23,0.7773
MT-001367,BLK-00995,C18,2026-09-29,05:57,07:39,102,S&T,INSPECTION,71.42,HIGH,4,11,0.7079
MT-001393,BLK-01473,C04,2026-09-14,17:39,18:47,68,ENGINEERING,INSPECTION,71.42,HIGH,4,0,0.6485
MT-002998,BLK-01230,C11,2026-09-14,10:13,11:38,85,S&T,INSPECTION,71.38,HIGH,4,3,0.6806
MT-002585,BLK-01629,C13,2026-09-16,20:06,21:51,105,ENGINEERING,CORRECTIVE,71.33,HIGH,2,18,0.6911
MT-004127,BLK-00790,C19,2026-09-27,11:16,13:08,112,ENGINEERING,CORRECTIVE,71.32,HIGH,5,15,0.7294
MT-000298,BLK-01676,C10,2026-09-10,20:10,20:59,49,ENGINEERING,INSPECTION,71.26,HIGH,5,0,0.6793
MT-000279,BLK-02309,C18,2026-09-24,14:39,16:10,91,TRD,INSPECTION,71.26,HIGH,3,11,0.7058
MT-004704,BLK-00813,C18,2026-09-21,11:42,13:10,88,TRD,PREVENTIVE,71.21,HIGH,4,0,0.666
MT-003362,BLK-01791,C15,2026-09-05,21:11,22:24,73,ENGINEERING,INSPECTION,71.18,HIGH,2,23,0.7073
MT-004978,BLK-00628,C20,2026-09-25,21:23,22:58,95,ENGINEERING,PREVENTIVE,71.15,HIGH,3,1,0.6388
MT-004600,BLK-02234,C03,2026-09-14,14:18,15:32,74,TRD,INSPECTION,71.14,HIGH,3,18,0.7055
MT-004821,BLK-00734,C11,2026-09-24,06:23,08:12,109,S&T,CORRECTIVE,71.14,HIGH,3,10,0.6655
MT-004993,BLK-01664,C13,2026-09-15,16:31,17:49,78,ENGINEERING,INSPECTION,71.13,HIGH,4,22,0.7563
MT-003518,BLK-00580,C19,2026-09-17,19:10,20:23,73,S&T,PREVENTIVE,71.09,HIGH,3,15,0.7137
MT-002458,BLK-02930,C01,2026-09-09,06:54,08:17,83,S&T,INSPECTION,70.95,HIGH,3,17,0.704
MT-000682,BLK-00979,C09,2026-09-11,05:35,07:07,92,ENGINEERING,PREVENTIVE,70.88,HIGH,4,17,0.6981
MT-004577,BLK-02391,C20,2026-09-07,06:49,07:58,69,TRD,INSPECTION,70.76,HIGH,5,8,0.7126
MT-000152,BLK-01216,C20,2026-09-24,04:39,06:24,105,ENGINEERING,CORRECTIVE,70.69,HIGH,4,20,0.7474
MT-002743,BLK-01584,C16,2026-09-02,01:31,02:45,74,ENGINEERING,PREVENTIVE,70.66,HIGH,5,26,0.7808
MT-002517,BLK-01602,C07,2026-09-08,13:26,15:09,103,ENGINEERING,INSPECTION,70.66,HIGH,4,0,0.6345
MT-000558,BLK-00634,C17,2026-09-04,19:28,20:44,76,TRD,INSPECTION,70.66,HIGH,2,25,0.7155
MT-002726,BLK-01201,C07,2026-09-19,11:22,13:30,128,S&T,SIGNAL_REPAIR,70.63,HIGH,4,14,0.7069
MT-004903,BLK-02409,C14,2026-09-07,02:07,03:11,64,S&T,INSPECTION,70.62,HIGH,5,7,0.7572
MT-001183,BLK-00185,C15,2026-09-04,17:29,18:37,68,ENGINEERING,PREVENTIVE,70.61,HIGH,5,40,0.7501
MT-000705,BLK-00657,C02,2026-09-30,07:32,09:18,106,ENGINEERING,PREVENTIVE,70.61,HIGH,4,24,0.761
MT-000964,BLK-01937,C03,2026-09-21,17:23,18:28,65,S&T,INSPECTION,70.56,HIGH,4,21,0.7636
MT-004412,BLK-02236,C03,2026-09-04,20:41,21:35,54,ENGINEERING,INSPECTION,70.42,HIGH,4,2,0.6622
MT-004052,BLK-02428,C18,2026-09-17,13:42,15:22,100,TRD,PREVENTIVE,70.41,HIGH,1,9,0.6338
MT-002550,BLK-01959,C04,2026-09-24,18:55,20:20,85,S&T,INSPECTION,70.23,HIGH,4,2,0.6539
MT-001225,BLK-01269,C11,2026-09-01,03:35,05:06,91,S&T,PREVENTIVE,70.15,HIGH,3,0,0.5944
MT-004693,BLK-00099,C16,2026-09-07,21:54,22:55,61,ENGINEERING,INSPECTION,70.07,HIGH,4,11,0.7238
MT-003144,BLK-02541,C01,2026-09-25,12:09,14:11,122,S&T,CORRECTIVE,69.99,HIGH,5,2,0.6709
MT-000182,BLK-01306,C19,2026-09-29,19:34,21:22,108,TRD,PREVENTIVE,69.95,HIGH,2,0,0.5981
MT-004955,BLK-02009,C01,2026-09-23,01:45,03:28,103,S&T,PREVENTIVE,69.92,HIGH,3,19,0.6883
MT-002483,BLK-01482,C12,2026-09-14,06:54,07:55,61,TRD,INSPECTION,69.88,HIGH,5,18,0.727
MT-003979,BLK-00632,C16,2026-09-19,13:22,14:53,91,ENGINEERING,INSPECTION,69.84,HIGH,4,22,0.7382
MT-001006,BLK-02750,C01,2026-09-02,10:34,11:49,75,S&T,PREVENTIVE,69.79,HIGH,3,6,0.653
MT-000885,BLK-02477,C01,2026-09-25,15:59,17:50,111,S&T,CORRECTIVE,69.62,HIGH,3,9,0.6541
MT-001437,BLK-01525,C15,2026-09-15,04:15,05:15,60,S&T,INSPECTION,69.57,HIGH,3,0,0.6285
MT-004536,BLK-01585,C03,2026-09-20,02:50,04:05,75,ENGINEERING,PREVENTIVE,69.55,HIGH,5,0,0.6226
MT-002859,BLK-01689,C09,2026-09-12,01:59,03:12,73,ENGINEERING,INSPECTION,69.48,HIGH,4,22,0.831
MT-000530,BLK-00965,C17,2026-09-25,06:35,08:25,110,S&T,SIGNAL_REPAIR,69.44,HIGH,4,7,0.6603
MT-003479,BLK-00746,C11,2026-09-01,03:39,05:01,82,TRD,PREVENTIVE,69.44,HIGH,4,0,0.6377
MT-002311,BLK-01373,C15,2026-09-25,09:38,11:53,135,S&T,CORRECTIVE,69.4,HIGH,4,11,0.6886
MT-001449,BLK-00926,C11,2026-09-13,13:18,14:33,75,ENGINEERING,PREVENTIVE,69.36,HIGH,5,3,0.6684
MT-001370,BLK-02740,C19,2026-09-16,14:07,15:19,72,TRD,INSPECTION,69.29,HIGH,5,11,0.7053
MT-001310,BLK-02975,C19,2026-09-17,16:17,17:34,77,TRD,INSPECTION,69.24,HIGH,4,11,0.6857
MT-003095,BLK-02771,C10,2026-09-22,03:45,05:05,80,TRD,INSPECTION,69.22,HIGH,4,24,0.7519
MT-003677,BLK-01015,C15,2026-09-14,02:19,03:29,70,ENGINEERING,INSPECTION,69.21,HIGH,2,28,0.7289
MT-000242,BLK-00589,C01,2026-09-26,15:13,16:43,90,ENGINEERING,INSPECTION,69.13,HIGH,3,3,0.6509
MT-003322,BLK-00660,C18,2026-09-30,22:02,23:24,82,TRD,PREVENTIVE,69.09,HIGH,5,11,0.7084
MT-001841,BLK-00484,C11,2026-09-03,19:58,21:28,90,S&T,PREVENTIVE,69.09,HIGH,3,4,0.6431
MT-001772,BLK-01592,C18,2026-09-21,14:48,16:15,87,S&T,PREVENTIVE,69.04,HIGH,4,12,0.6804
MT-003243,BLK-02025,C16,2026-09-03,10:49,11:56,67,ENGINEERING,INSPECTION,69.02,HIGH,3,1,0.6154
MT-000470,BLK-00415,C06,2026-09-08,17:52,18:43,51,S&T,INSPECTION,68.96,HIGH,5,30,0.7923
MT-004155,BLK-02373,C02,2026-09-07,20:12,21:13,61,ENGINEERING,INSPECTION,68.93,HIGH,4,8,0.692
MT-001916,BLK-01719,C09,2026-09-12,17:46,18:56,70,TRD,INSPECTION,68.9,HIGH,4,11,0.6899
MT-000262,BLK-01730,C07,2026-09-10,00:31,02:06,95,S&T,PREVENTIVE,68.87,HIGH,4,5,0.6462
MT-004251,BLK-02457,C13,2026-09-07,03:53,05:05,72,ENGINEERING,PREVENTIVE,68.8,HIGH,5,19,0.7329
MT-004909,BLK-01820,C09,2026-09-14,04:32,05:51,79,ENGINEERING,PREVENTIVE,68.76,HIGH,4,5,0.658
MT-004640,BLK-02017,C07,2026-09-26,14:56,17:20,144,ENGINEERING,CORRECTIVE,68.68,HIGH,4,0,0.6108
MT-002621,BLK-00339,C06,2026-09-28,06:31,07:54,83,ENGINEERING,PREVENTIVE,68.66,HIGH,4,23,0.7509
MT-003605,BLK-02491,C05,2026-09-03,02:12,03:15,63,ENGINEERING,INSPECTION,68.59,HIGH,4,15,0.8224
MT-004353,BLK-02473,C19,2026-09-09,06:32,07:46,74,S&T,INSPECTION,68.47,HIGH,3,6,0.6557
MT-004079,BLK-01352,C17,2026-09-29,05:39,07:21,102,TRD,INSPECTION,68.45,HIGH,3,30,0.7489
MT-000471,BLK-02946,C08,2026-09-20,11:28,13:07,99,ENGINEERING,PREVENTIVE,68.35,HIGH,3,14,0.6586
MT-004726,BLK-01745,C10,2026-09-08,08:15,09:06,51,TRD,INSPECTION,68.3,HIGH,3,44,0.7129
MT-002611,BLK-02040,C15,2026-09-23,08:30,09:42,72,ENGINEERING,PREVENTIVE,68.29,HIGH,2,21,0.7185
MT-004324,BLK-01357,C20,2026-09-19,04:02,05:27,85,TRD,INSPECTION,68.28,HIGH,5,20,0.7548
MT-000398,BLK-02629,C20,2026-09-17,09:33,10:53,80,ENGINEERING,PREVENTIVE,68.24,HIGH,4,8,0.6629
MT-003929,BLK-01187,C16,2026-09-12,01:31,02:57,86,ENGINEERING,INSPECTION,68.22,HIGH,5,14,0.6845
MT-000737,BLK-02511,C06,2026-09-06,04:17,05:31,74,TRD,PREVENTIVE,68.21,HIGH,3,0,0.6184
MT-000941,BLK-00670,C04,2026-09-18,02:35,04:01,86,TRD,INSPECTION,68.15,HIGH,3,26,0.7578
MT-002308,BLK-00442,C10,2026-09-28,11:38,13:09,91,S&T,INSPECTION,68.07,HIGH,5,3,0.665
MT-003314,BLK-01886,C15,2026-09-21,05:31,06:56,85,S&T,INSPECTION,68.05,HIGH,3,0,0.6316
MT-003785,BLK-00661,C19,2026-09-25,11:17,12:54,97,TRD,INSPECTION,68.04,HIGH,4,8,0.6667
MT-001715,BLK-00214,C19,2026-09-28,14:28,16:27,119,S&T,PREVENTIVE,67.96,HIGH,4,12,0.6835
MT-002808,BLK-02535,C04,2026-09-13,14:20,15:23,63,ENGINEERING,INSPECTION,67.85,HIGH,4,0,0.6193
MT-000759,BLK-00667,C12,2026-09-23,18:42,20:04,82,TRD,INSPECTION,67.8,HIGH,5,0,0.6495
MT-002496,BLK-00918,C12,2026-09-26,19:39,20:49,70,ENGINEERING,PREVENTIVE,67.77,HIGH,5,7,0.6927
MT-000869,BLK-02170,C19,2026-09-20,03:24,04:41,77,TRD,INSPECTION,67.73,HIGH,4,7,0.6711
MT-003706,BLK-01121,C19,2026-09-18,21:20,22:48,88,TRD,INSPECTION,67.71,HIGH,4,6,0.6546
MT-004467,BLK-02681,C02,2026-09-30,16:07,18:13,126,ENGINEERING,CORRECTIVE,67.45,HIGH,3,1,0.614
MT-001612,BLK-00254,C16,2026-09-20,09:21,10:48,87,S&T,INSPECTION,67.45,HIGH,1,9,0.6236
MT-001144,BLK-02548,C09,2026-09-20,00:35,02:05,90,TRD,INSPECTION,67.43,HIGH,4,31,0.7564
MT-000783,BLK-00584,C10,2026-09-07,01:13,02:22,69,TRD,PREVENTIVE,67.4,HIGH,5,12,0.6923
MT-003884,BLK-02499,C07,2026-09-23,09:03,10:38,95,TRD,PREVENTIVE,67.37,HIGH,3,12,0.6766
MT-004070,BLK-02981,C20,2026-09-10,15:18,16:37,79,S&T,PREVENTIVE,67.23,HIGH,5,1,0.6519
MT-002437,BLK-02702,C03,2026-09-24,21:10,22:29,79,TRD,INSPECTION,67.18,HIGH,2,6,0.6364
MT-004249,BLK-00641,C16,2026-09-28,11:20,13:01,101,TRD,CORRECTIVE,67.16,HIGH,3,11,0.6656
MT-001850,BLK-02485,C02,2026-09-14,16:31,17:45,74,TRD,PREVENTIVE,67.13,HIGH,5,14,0.7185
MT-003286,BLK-01528,C09,2026-09-19,04:24,05:49,85,S&T,INSPECTION,67.12,HIGH,2,0,0.6203
MT-001869,BLK-01122,C01,2026-09-20,02:21,03:35,74,ENGINEERING,INSPECTION,67.06,HIGH,4,13,0.7057
MT-001238,BLK-01889,C12,2026-09-02,08:12,08:45,33,S&T,INSPECTION,66.94,HIGH,5,23,0.8757
MT-004568,BLK-00149,C17,2026-09-13,14:06,15:22,76,ENGINEERING,INSPECTION,66.94,HIGH,1,46,0.7279
MT-003229,BLK-01211,C14,2026-09-13,03:13,04:57,104,ENGINEERING,CORRECTIVE,66.88,HIGH,5,8,0.6918
MT-001371,BLK-02928,C02,2026-09-21,02:46,03:58,72,TRD,PREVENTIVE,66.87,HIGH,4,9,0.6662
MT-004686,BLK-00445,C16,2026-09-14,14:49,15:43,54,ENGINEERING,INSPECTION,66.62,HIGH,3,15,0.66
MT-001881,BLK-00118,C14,2026-09-25,05:21,07:00,99,S&T,CORRECTIVE,66.55,HIGH,5,11,0.6695
MT-001354,BLK-01064,C07,2026-09-19,15:12,16:51,99,ENGINEERING,CORRECTIVE,66.53,HIGH,4,0,0.6143
MT-003437,BLK-02108,C17,2026-09-16,03:12,04:21,69,TRD,INSPECTION,66.51,HIGH,4,9,0.6749
MT-001668,BLK-00801,C15,2026-09-20,05:22,06:37,75,S&T,INSPECTION,66.48,HIGH,3,18,0.7012
MT-003087,BLK-00658,C02,2026-09-22,04:54,06:20,86,TRD,INSPECTION,66.46,HIGH,4,2,0.6271
MT-004531,BLK-01449,C17,2026-09-09,01:20,02:42,82,TRD,INSPECTION,66.44,HIGH,5,15,0.7149
MT-003395,BLK-00328,C19,2026-09-08,18:20,19:26,66,ENGINEERING,PREVENTIVE,66.42,HIGH,3,4,0.5971
MT-002160,BLK-01164,C17,2026-09-17,21:25,22:53,88,ENGINEERING,INSPECTION,66.4,HIGH,4,25,0.7351
MT-000528,BLK-01046,C17,2026-09-18,01:19,02:27,68,S&T,INSPECTION,66.35,HIGH,4,9,0.6529
MT-001786,BLK-02934,C11,2026-09-16,09:36,11:05,89,ENGINEERING,PREVENTIVE,66.22,HIGH,4,16,0.7039
MT-002025,BLK-02316,C12,2026-09-12,12:30,13:58,88,S&T,INSPECTION,66.13,HIGH,5,21,0.7202
MT-001797,BLK-01615,C04,2026-09-21,19:46,20:59,73,ENGINEERING,PREVENTIVE,66.08,HIGH,4,33,0.7454
MT-002037,BLK-02522,C09,2026-09-21,06:26,07:32,66,S&T,INSPECTION,66.06,HIGH,2,5,0.6276
MT-000660,BLK-00145,C06,2026-09-26,07:41,09:32,111,ENGINEERING,CORRECTIVE,65.96,HIGH,4,4,0.6264
MT-004377,BLK-02557,C02,2026-09-20,10:13,11:39,86,TRD,INSPECTION,65.94,HIGH,5,30,0.789
MT-003136,BLK-01291,C18,2026-09-19,04:56,06:27,91,TRD,PREVENTIVE,65.93,HIGH,5,16,0.6961
MT-003485,BLK-02260,C13,2026-09-22,14:51,15:57,66,TRD,INSPECTION,65.91,HIGH,3,16,0.7017
MT-003194,BLK-00673,C04,2026-09-26,11:27,12:45,78,ENGINEERING,INSPECTION,65.87,HIGH,5,11,0.678
MT-000167,BLK-02167,C18,2026-09-26,08:48,10:10,82,TRD,PREVENTIVE,65.83,HIGH,4,16,0.6889
MT-000795,BLK-02062,C07,2026-09-04,08:30,09:56,86,S&T,INSPECTION,65.8,HIGH,4,0,0.639
MT-003423,BLK-00157,C12,2026-09-28,03:46,06:03,137,S&T,CORRECTIVE,65.79,HIGH,3,34,0.754
MT-003240,BLK-02900,C05,2026-09-10,01:18,02:34,76,ENGINEERING,INSPECTION,65.73,HIGH,4,30,0.7711
MT-000723,BLK-02845,C03,2026-09-27,13:08,14:34,86,TRD,INSPECTION,65.73,HIGH,2,25,0.7163
MT-003227,BLK-02617,C14,2026-09-10,17:41,19:20,99,ENGINEERING,PREVENTIVE,65.68,HIGH,4,6,0.6108
MT-003247,BLK-01037,C07,2026-09-05,10:16,11:15,59,TRD,INSPECTION,65.66,HIGH,5,0,0.6206
MT-002370,BLK-02761,C08,2026-09-06,06:43,08:00,77,TRD,PREVENTIVE,65.59,HIGH,4,4,0.6019
MT-001818,BLK-00796,C08,2026-09-08,19:40,21:02,82,TRD,INSPECTION,65.57,HIGH,3,28,0.7371
MT-003597,BLK-00356,C16,2026-09-10,02:44,03:52,68,TRD,INSPECTION,65.49,HIGH,3,24,0.7229
MT-002532,BLK-01406,C01,2026-09-17,20:51,22:03,72,S&T,INSPECTION,65.38,HIGH,4,4,0.668
MT-004926,BLK-02684,C18,2026-09-05,06:53,07:54,61,ENGINEERING,INSPECTION,65.36,HIGH,4,19,0.771
MT-003202,BLK-02268,C11,2026-09-30,20:26,22:06,100,S&T,INSPECTION,65.28,HIGH,2,21,0.6724
MT-003265,BLK-00304,C10,2026-09-27,07:44,09:15,91,TRD,OHE_REPAIR,65.1,HIGH,5,18,0.7078
MT-001088,BLK-00488,C03,2026-09-14,04:17,05:27,70,TRD,PREVENTIVE,65.01,HIGH,4,18,0.7509
MT-004275,BLK-01209,C12,2026-09-13,01:40,02:42,62,ENGINEERING,INSPECTION,64.96,HIGH,5,6,0.6234
MT-004663,BLK-02832,C16,2026-09-23,17:38,19:27,109,ENGINEERING,CORRECTIVE,64.82,HIGH,5,17,0.6984
MT-000974,BLK-01160,C11,2026-09-20,20:54,22:21,87,TRD,PREVENTIVE,64.82,HIGH,4,0,0.6233
MT-001072,BLK-02910,C04,2026-09-18,02:35,03:48,73,S&T,INSPECTION,64.73,HIGH,3,16,0.687
MT-003224,BLK-00956,C11,2026-09-14,11:21,12:51,90,ENGINEERING,PREVENTIVE,64.69,HIGH,3,22,0.6889
MT-004864,BLK-02715,C05,2026-09-11,08:44,09:54,70,ENGINEERING,PREVENTIVE,64.66,HIGH,4,23,0.7248
MT-001712,BLK-02492,C18,2026-09-07,00:30,01:48,78,ENGINEERING,PREVENTIVE,64.38,HIGH,5,0,0.6195
MT-002564,BLK-00558,C12,2026-09-28,16:27,17:42,75,TRD,INSPECTION,64.35,HIGH,3,22,0.7385
MT-002019,BLK-01536,C06,2026-09-06,01:58,03:11,73,TRD,INSPECTION,64.26,HIGH,3,18,0.6976
MT-001692,BLK-02531,C07,2026-09-16,10:45,12:18,93,ENGINEERING,PREVENTIVE,64.15,HIGH,4,29,0.7499
MT-001471,BLK-00772,C07,2026-09-18,09:39,11:14,95,ENGINEERING,INSPECTION,64.09,HIGH,4,0,0.5956
MT-003990,BLK-02826,C19,2026-09-07,16:51,17:54,63,S&T,INSPECTION,64.04,HIGH,5,8,0.6157
MT-002046,BLK-02877,C18,2026-09-10,14:50,15:32,42,ENGINEERING,PREVENTIVE,64.0,HIGH,5,16,0.765
MT-004927,BLK-00317,C04,2026-09-23,02:05,03:34,89,S&T,INSPECTION,63.93,HIGH,4,18,0.716
MT-004963,BLK-02483,C06,2026-09-15,16:30,17:48,78,ENGINEERING,PREVENTIVE,63.92,HIGH,4,3,0.6237
MT-002148,BLK-01020,C03,2026-09-02,22:09,23:17,68,TRD,PREVENTIVE,63.87,HIGH,3,9,0.6506
MT-002773,BLK-01302,C18,2026-09-14,07:26,08:25,59,S&T,INSPECTION,63.86,HIGH,3,19,0.6875
MT-002893,BLK-00591,C05,2026-09-24,08:43,10:10,87,ENGINEERING,PREVENTIVE,63.61,HIGH,4,0,0.6159
MT-001139,BLK-02362,C18,2026-09-08,05:19,06:38,79,ENGINEERING,INSPECTION,63.54,HIGH,2,6,0.5966
MT-003142,BLK-02847,C12,2026-09-28,06:26,08:42,136,ENGINEERING,CORRECTIVE,63.48,HIGH,3,0,0.6285
MT-002313,BLK-02428,C18,2026-09-17,15:48,16:35,47,ENGINEERING,INSPECTION,63.43,HIGH,5,3,0.7551
MT-003760,BLK-02416,C01,2026-09-21,09:37,10:50,73,S&T,INSPECTION,63.41,HIGH,4,12,0.6985
MT-004683,BLK-00914,C03,2026-09-15,02:54,04:05,71,TRD,INSPECTION,63.22,HIGH,4,6,0.6281
MT-000651,BLK-02861,C19,2026-09-15,18:20,19:42,82,S&T,PREVENTIVE,63.21,HIGH,4,22,0.6959
MT-001708,BLK-01803,C01,2026-09-27,15:42,17:01,79,TRD,INSPECTION,63.21,HIGH,3,28,0.7477
MT-000216,BLK-01532,C02,2026-09-28,20:05,22:03,118,ENGINEERING,PREVENTIVE,63.17,HIGH,3,0,0.6119
MT-004754,BLK-02391,C20,2026-09-07,04:59,05:59,60,S&T,INSPECTION,63.02,HIGH,5,12,0.7513
MT-000551,BLK-02770,C01,2026-09-14,05:56,07:15,79,S&T,PREVENTIVE,62.93,HIGH,5,29,0.7653
MT-002805,BLK-01669,C09,2026-09-10,11:56,13:18,82,S&T,PREVENTIVE,62.88,HIGH,2,27,0.6826
MT-003149,BLK-01260,C11,2026-09-23,11:51,13:26,95,TRD,INSPECTION,62.85,HIGH,4,19,0.6896
MT-004135,BLK-00608,C16,2026-09-18,15:02,16:28,86,ENGINEERING,INSPECTION,62.85,HIGH,4,12,0.645
MT-004462,BLK-01694,C15,2026-09-04,14:45,15:46,61,ENGINEERING,PREVENTIVE,62.79,HIGH,5,13,0.6916
MT-001713,BLK-02479,C15,2026-09-25,19:39,20:54,75,TRD,INSPECTION,62.71,HIGH,2,0,0.5659
MT-000635,BLK-00683,C08,2026-09-23,20:13,21:42,89,S&T,PREVENTIVE,62.65,HIGH,4,0,0.6041
MT-000840,BLK-02532,C10,2026-09-28,05:19,07:06,107,TRD,PREVENTIVE,62.62,HIGH,3,0,0.5927
MT-001440,BLK-02115,C01,2026-09-01,01:05,02:12,67,ENGINEERING,PREVENTIVE,62.57,HIGH,5,0,0.6058
MT-004393,BLK-01187,C16,2026-09-12,03:18,04:09,51,TRD,INSPECTION,62.56,HIGH,4,13,0.7879
MT-001925,BLK-01656,C14,2026-09-05,09:23,10:39,76,ENGINEERING,PREVENTIVE,62.56,HIGH,4,0,0.6078
MT-004601,BLK-00143,C10,2026-09-14,03:30,04:46,76,ENGINEERING,INSPECTION,62.55,HIGH,2,24,0.707
MT-003969,BLK-01342,C10,2026-09-14,19:30,20:47,77,TRD,PREVENTIVE,62.45,HIGH,3,2,0.601
MT-003011,BLK-02754,C19,2026-09-24,11:24,12:50,86,S&T,SIGNAL_REPAIR,62.34,HIGH,5,8,0.6236
MT-002619,BLK-00030,C10,2026-09-26,12:28,13:49,81,ENGINEERING,INSPECTION,62.28,HIGH,3,0,0.5705
MT-002478,BLK-01828,C09,2026-09-19,20:33,22:02,89,TRD,PREVENTIVE,62.25,HIGH,3,15,0.6607
MT-002563,BLK-01924,C17,2026-09-12,21:30,22:47,77,TRD,INSPECTION,62.19,HIGH,2,21,0.6649
MT-000258,BLK-01303,C11,2026-09-22,10:49,12:21,92,S&T,INSPECTION,62.12,HIGH,1,18,0.6584
MT-003120,BLK-02538,C03,2026-09-04,11:37,12:30,53,ENGINEERING,INSPECTION,61.91,HIGH,5,4,0.6354
MT-002121,BLK-00426,C16,2026-09-27,13:33,15:34,121,ENGINEERING,CORRECTIVE,61.86,HIGH,4,0,0.5882
MT-000005,BLK-01366,C15,2026-09-16,14:48,16:03,75,S&T,INSPECTION,61.75,HIGH,3,8,0.6187
MT-003638,BLK-02988,C05,2026-09-19,14:12,15:23,71,TRD,INSPECTION,61.71,HIGH,3,11,0.6358
MT-004349,BLK-00257,C07,2026-09-17,15:13,17:00,107,ENGINEERING,CORRECTIVE,61.6,HIGH,4,18,0.6903
MT-001425,BLK-02613,C17,2026-09-06,07:35,09:03,88,TRD,PREVENTIVE,61.52,HIGH,4,18,0.6672
MT-004272,BLK-00935,C14,2026-09-06,14:15,14:49,34,S&T,PREVENTIVE,61.5,HIGH,5,5,0.7545
MT-003480,BLK-00537,C12,2026-09-28,07:08,08:44,96,S&T,INSPECTION,61.41,HIGH,2,27,0.6901
MT-004430,BLK-01459,C04,2026-09-19,06:02,07:21,79,TRD,INSPECTION,61.38,HIGH,1,23,0.651
MT-003358,BLK-01341,C11,2026-09-13,03:39,04:33,54,S&T,INSPECTION,61.31,HIGH,4,13,0.6726
MT-003827,BLK-02385,C06,2026-09-12,06:51,08:21,90,TRD,PREVENTIVE,61.26,HIGH,4,9,0.6286
MT-002168,BLK-01413,C09,2026-09-26,12:28,13:53,85,TRD,PREVENTIVE,61.24,HIGH,5,23,0.7358
MT-001558,BLK-02395,C06,2026-09-03,14:29,15:33,64,TRD,PREVENTIVE,61.23,HIGH,3,44,0.6982
MT-001219,BLK-01730,C07,2026-09-10,02:20,03:13,53,S&T,INSPECTION,61.16,HIGH,3,3,0.7134
MT-000369,BLK-02367,C05,2026-09-29,08:48,10:23,95,S&T,PREVENTIVE,61.04,HIGH,4,6,0.6176
MT-001457,BLK-00808,C09,2026-09-26,17:22,18:48,86,ENGINEERING,INSPECTION,60.91,HIGH,4,11,0.6526
MT-000706,BLK-00859,C02,2026-09-05,08:05,08:54,49,ENGINEERING,INSPECTION,60.87,HIGH,3,38,0.7941
MT-000553,BLK-00778,C03,2026-09-25,00:22,01:42,80,TRD,INSPECTION,60.87,HIGH,3,26,0.6949
MT-001791,BLK-00126,C04,2026-09-24,04:52,05:45,53,S&T,PREVENTIVE,60.69,HIGH,3,9,0.6206
MT-003220,BLK-02078,C13,2026-09-19,02:18,03:35,77,TRD,INSPECTION,60.62,HIGH,5,12,0.6573
MT-001776,BLK-01245,C05,2026-09-28,07:08,09:21,133,S&T,CORRECTIVE,60.59,HIGH,3,29,0.7142
MT-004446,BLK-01833,C01,2026-09-03,04:16,05:29,73,ENGINEERING,PREVENTIVE,60.52,HIGH,5,13,0.6394
MT-003930,BLK-00654,C12,2026-09-22,11:03,12:16,73,ENGINEERING,PREVENTIVE,60.49,HIGH,5,15,0.6836
MT-002835,BLK-00046,C14,2026-09-17,21:02,22:30,88,ENGINEERING,PREVENTIVE,60.41,HIGH,2,31,0.7266
MT-000396,BLK-02725,C19,2026-09-15,20:39,21:52,73,TRD,PREVENTIVE,60.4,HIGH,4,19,0.661
MT-000033,BLK-02347,C05,2026-09-20,07:40,08:59,79,ENGINEERING,CORRECTIVE,60.31,HIGH,3,0,0.5575
MT-004168,BLK-02613,C17,2026-09-06,09:50,10:29,39,ENGINEERING,INSPECTION,60.3,HIGH,5,30,0.863
MT-004809,BLK-02757,C10,2026-09-16,08:30,09:41,71,ENGINEERING,INSPECTION,60.22,HIGH,5,10,0.637
MT-001436,BLK-02775,C04,2026-09-13,03:24,04:12,48,ENGINEERING,INSPECTION,60.21,HIGH,4,17,0.6796
MT-003977,BLK-00561,C12,2026-09-29,19:11,20:53,102,ENGINEERING,PREVENTIVE,60.21,HIGH,3,0,0.5953
MT-001834,BLK-02485,C02,2026-09-14,15:01,16:10,69,TRD,INSPECTION,60.17,HIGH,4,20,0.7643
MT-003826,BLK-00109,C08,2026-09-18,16:44,17:47,63,S&T,PREVENTIVE,60.15,HIGH,4,19,0.74
MT-003059,BLK-01062,C16,2026-09-22,16:33,17:57,84,ENGINEERING,PREVENTIVE,59.97,MEDIUM,5,1,0.6052
MT-003183,BLK-01683,C05,2026-09-28,09:49,11:01,72,TRD,PREVENTIVE,59.95,MEDIUM,3,15,0.65
MT-002799,BLK-02794,C07,2026-09-03,06:56,08:01,65,ENGINEERING,INSPECTION,59.91,MEDIUM,4,14,0.6309
MT-001743,BLK-01022,C12,2026-09-15,20:29,21:58,89,S&T,INSPECTION,59.83,MEDIUM,3,18,0.6369
MT-004239,BLK-02203,C04,2026-09-16,13:19,14:16,57,TRD,INSPECTION,59.75,MEDIUM,1,4,0.5916
MT-003847,BLK-01040,C14,2026-09-16,16:44,18:13,89,ENGINEERING,CORRECTIVE,59.74,MEDIUM,5,0,0.5976
MT-000359,BLK-02412,C14,2026-09-12,10:16,10:50,34,S&T,INSPECTION,59.71,MEDIUM,5,10,0.7137
MT-000357,BLK-00484,C11,2026-09-03,21:45,22:27,42,ENGINEERING,INSPECTION,59.66,MEDIUM,5,9,0.7475
MT-000678,BLK-02453,C02,2026-09-11,15:10,16:25,75,TRD,PREVENTIVE,59.58,MEDIUM,5,9,0.6598
MT-004178,BLK-00878,C03,2026-09-23,10:44,11:52,68,S&T,INSPECTION,59.55,MEDIUM,5,3,0.6159
MT-002696,BLK-01946,C01,2026-09-17,00:51,02:17,86,TRD,INSPECTION,59.54,MEDIUM,1,0,0.5476
MT-002718,BLK-02009,C01,2026-09-23,03:47,04:38,51,ENGINEERING,INSPECTION,59.53,MEDIUM,5,7,0.7458
MT-003385,BLK-01961,C08,2026-09-07,12:13,13:19,66,S&T,INSPECTION,59.44,MEDIUM,4,8,0.6414
MT-003915,BLK-01518,C20,2026-09-15,16:28,17:26,58,ENGINEERING,INSPECTION,59.34,MEDIUM,3,12,0.6261
MT-001799,BLK-02633,C09,2026-09-13,19:34,20:51,77,ENGINEERING,PREVENTIVE,59.3,MEDIUM,4,13,0.6176
MT-000223,BLK-02844,C05,2026-09-01,11:48,12:47,59,ENGINEERING,PREVENTIVE,59.14,MEDIUM,4,8,0.6393
MT-000741,BLK-00726,C12,2026-09-27,13:00,15:23,143,ENGINEERING,REPAIR,59.13,MEDIUM,3,4,0.6068
MT-003040,BLK-00194,C11,2026-09-01,16:55,18:16,81,S&T,INSPECTION,59.05,MEDIUM,3,21,0.6471
MT-001794,BLK-00054,C07,2026-09-11,20:43,21:50,67,ENGINEERING,INSPECTION,59.0,MEDIUM,4,11,0.5979
MT-004858,BLK-02927,C13,2026-09-08,01:48,02:59,71,S&T,INSPECTION,58.97,MEDIUM,4,13,0.6406
MT-000500,BLK-02665,C06,2026-09-04,01:56,02:40,44,S&T,PREVENTIVE,58.83,MEDIUM,5,13,0.6772
MT-004595,BLK-00617,C13,2026-09-27,20:20,21:35,75,S&T,INSPECTION,58.71,MEDIUM,4,10,0.6368
MT-001778,BLK-00869,C15,2026-09-17,22:26,23:36,70,TRD,INSPECTION,58.68,MEDIUM,5,0,0.6094
MT-004065,BLK-02200,C20,2026-09-23,19:44,21:16,92,S&T,PREVENTIVE,58.68,MEDIUM,5,0,0.5767
MT-004551,BLK-01639,C11,2026-09-20,07:31,08:30,59,ENGINEERING,INSPECTION,58.66,MEDIUM,4,6,0.7171
MT-001056,BLK-02987,C02,2026-09-18,15:51,17:00,69,ENGINEERING,INSPECTION,58.63,MEDIUM,2,30,0.7085
MT-002076,BLK-01663,C09,2026-09-10,04:19,05:17,58,ENGINEERING,INSPECTION,58.55,MEDIUM,4,19,0.6801
MT-000323,BLK-02920,C12,2026-09-28,19:51,21:23,92,TRD,CORRECTIVE,58.46,MEDIUM,3,3,0.5692
MT-002232,BLK-00155,C09,2026-09-04,03:17,04:11,54,TRD,INSPECTION,58.37,MEDIUM,4,19,0.6607
MT-004533,BLK-01640,C01,2026-09-18,13:03,14:00,57,TRD,INSPECTION,58.35,MEDIUM,4,0,0.5902
MT-002737,BLK-00903,C05,2026-09-08,09:35,10:35,60,ENGINEERING,INSPECTION,58.28,MEDIUM,4,0,0.5804
MT-004855,BLK-00237,C05,2026-09-06,11:59,13:07,68,ENGINEERING,CORRECTIVE,58.18,MEDIUM,4,30,0.7245
MT-003883,BLK-01664,C13,2026-09-15,14:50,15:49,59,TRD,INSPECTION,58.17,MEDIUM,3,13,0.689
MT-004073,BLK-01627,C18,2026-09-03,20:34,21:49,75,TRD,INSPECTION,58.15,MEDIUM,5,24,0.6933
MT-001270,BLK-01995,C07,2026-09-18,19:07,20:14,67,S&T,INSPECTION,58.12,MEDIUM,4,19,0.6778
MT-004130,BLK-01685,C08,2026-09-04,11:13,12:23,70,ENGINEERING,INSPECTION,58.01,MEDIUM,5,18,0.6749
MT-002587,BLK-01084,C11,2026-09-26,04:44,06:09,85,S&T,PREVENTIVE,57.99,MEDIUM,3,11,0.6287
MT-002403,BLK-02596,C18,2026-09-04,02:31,03:34,63,S&T,PREVENTIVE,57.88,MEDIUM,4,20,0.6408
MT-001020,BLK-01036,C15,2026-09-06,00:09,01:10,61,S&T,INSPECTION,57.88,MEDIUM,2,16,0.5904
MT-001480,BLK-02030,C02,2026-09-11,15:10,16:28,78,TRD,INSPECTION,57.82,MEDIUM,4,9,0.6205
MT-000894,BLK-00941,C17,2026-09-14,02:45,03:49,64,TRD,PREVENTIVE,57.76,MEDIUM,5,20,0.6969
MT-000490,BLK-02624,C09,2026-09-23,07:09,08:20,71,S&T,INSPECTION,57.52,MEDIUM,2,0,0.5539
MT-003297,BLK-01623,C01,2026-09-10,21:03,22:00,57,TRD,PREVENTIVE,57.39,MEDIUM,4,10,0.6187
MT-003875,BLK-02349,C02,2026-09-15,01:05,02:16,71,S&T,PREVENTIVE,57.37,MEDIUM,4,9,0.6028
MT-003062,BLK-00100,C06,2026-09-04,04:20,05:11,51,TRD,INSPECTION,57.29,MEDIUM,4,7,0.6108
MT-000383,BLK-02626,C17,2026-09-26,18:13,19:33,80,TRD,PREVENTIVE,57.24,MEDIUM,2,11,0.5892
MT-000044,BLK-02935,C09,2026-09-22,10:16,11:36,80,S&T,INSPECTION,57.23,MEDIUM,3,29,0.703
MT-003542,BLK-02126,C12,2026-09-24,09:40,11:06,86,S&T,INSPECTION,57.15,MEDIUM,3,7,0.5851
MT-004196,BLK-01907,C03,2026-09-13,19:52,20:54,62,S&T,INSPECTION,57.06,MEDIUM,5,11,0.6646
MT-003733,BLK-01658,C18,2026-09-04,04:25,05:23,58,ENGINEERING,INSPECTION,57.02,MEDIUM,4,2,0.596
MT-003233,BLK-01119,C05,2026-09-09,10:12,11:28,76,TRD,INSPECTION,56.96,MEDIUM,5,0,0.5959
MT-004887,BLK-02294,C17,2026-09-01,05:32,06:31,59,S&T,INSPECTION,56.95,MEDIUM,4,8,0.7076
MT-001995,BLK-01630,C06,2026-09-13,13:08,13:59,51,ENGINEERING,INSPECTION,56.94,MEDIUM,4,3,0.5822
MT-004880,BLK-01249,C15,2026-09-18,15:50,17:02,72,S&T,PREVENTIVE,56.86,MEDIUM,3,0,0.5438
MT-001763,BLK-00544,C01,2026-09-20,19:14,20:24,70,ENGINEERING,PREVENTIVE,56.85,MEDIUM,4,0,0.5748
MT-002734,BLK-00755,C11,2026-09-10,06:55,08:06,71,ENGINEERING,PREVENTIVE,56.82,MEDIUM,4,26,0.7047
MT-000871,BLK-00574,C17,2026-09-16,14:08,15:02,54,TRD,INSPECTION,56.8,MEDIUM,4,25,0.7964
MT-001278,BLK-01520,C18,2026-09-26,05:23,06:35,72,S&T,PREVENTIVE,56.79,MEDIUM,4,24,0.7036
MT-004219,BLK-01451,C09,2026-09-21,13:47,14:47,60,S&T,INSPECTION,56.73,MEDIUM,3,0,0.5687
MT-004651,BLK-02790,C02,2026-09-24,21:48,23:08,80,ENGINEERING,INSPECTION,56.72,MEDIUM,4,21,0.6686
MT-001301,BLK-00399,C05,2026-09-29,19:21,21:12,111,ENGINEERING,CORRECTIVE,56.64,MEDIUM,3,19,0.6185
MT-003476,BLK-02743,C02,2026-09-24,01:45,02:58,73,TRD,INSPECTION,56.63,MEDIUM,5,6,0.6587
MT-001795,BLK-00094,C16,2026-09-10,20:30,21:35,65,ENGINEERING,INSPECTION,56.6,MEDIUM,4,0,0.5721
MT-000285,BLK-01377,C02,2026-09-15,08:59,10:02,63,TRD,PREVENTIVE,56.6,MEDIUM,2,33,0.663
MT-002095,BLK-02290,C03,2026-09-19,16:00,17:20,80,TRD,PREVENTIVE,56.48,MEDIUM,3,22,0.6457
MT-003872,BLK-01263,C16,2026-09-25,11:33,12:49,76,S&T,PREVENTIVE,56.44,MEDIUM,4,19,0.6581
MT-002340,BLK-00848,C10,2026-09-26,09:29,10:47,78,ENGINEERING,INSPECTION,56.34,MEDIUM,3,4,0.5335
MT-004347,BLK-00467,C13,2026-09-03,20:49,21:39,50,ENGINEERING,INSPECTION,56.27,MEDIUM,4,16,0.7031
MT-000038,BLK-00799,C20,2026-09-19,18:09,19:22,73,S&T,INSPECTION,56.13,MEDIUM,3,9,0.6006
MT-000782,BLK-00197,C02,2026-09-22,09:22,10:46,84,TRD,PREVENTIVE,56.12,MEDIUM,4,0,0.5762
MT-004598,BLK-00390,C13,2026-09-14,03:19,04:33,74,TRD,INSPECTION,56.11,MEDIUM,4,0,0.5797
MT-001815,BLK-00961,C15,2026-09-24,20:32,21:38,66,S&T,PREVENTIVE,56.11,MEDIUM,3,24,0.6423
MT-000699,BLK-02063,C08,2026-09-04,06:30,07:38,68,ENGINEERING,PREVENTIVE,56.1,MEDIUM,3,0,0.5636
MT-001038,BLK-02192,C05,2026-09-11,10:48,11:25,37,ENGINEERING,PREVENTIVE,56.09,MEDIUM,5,7,0.7154
MT-003796,BLK-01956,C05,2026-09-30,00:03,01:26,83,ENGINEERING,INSPECTION,56.06,MEDIUM,4,0,0.572
MT-001666,BLK-01771,C01,2026-09-16,13:58,15:20,82,ENGINEERING,INSPECTION,56.02,MEDIUM,3,7,0.5603
MT-002907,BLK-00602,C09,2026-09-05,05:36,06:27,51,ENGINEERING,PREVENTIVE,55.99,MEDIUM,4,12,0.6004
MT-000936,BLK-01864,C09,2026-09-30,11:56,13:37,101,TRD,CORRECTIVE,55.93,MEDIUM,5,4,0.6028
MT-002939,BLK-02364,C05,2026-09-11,01:59,03:06,67,TRD,INSPECTION,55.91,MEDIUM,3,14,0.627
MT-003900,BLK-02740,C19,2026-09-16,12:31,13:22,51,TRD,INSPECTION,55.82,MEDIUM,4,9,0.6839
MT-002104,BLK-01513,C05,2026-09-09,10:12,11:23,71,ENGINEERING,INSPECTION,55.75,MEDIUM,5,0,0.5457
MT-001592,BLK-02735,C20,2026-09-14,03:28,04:45,77,ENGINEERING,PREVENTIVE,55.72,MEDIUM,5,0,0.5673
MT-000379,BLK-02453,C02,2026-09-11,13:59,14:52,53,TRD,INSPECTION,55.58,MEDIUM,5,29,0.7946
MT-001297,BLK-01392,C20,2026-09-26,00:20,01:30,70,ENGINEERING,INSPECTION,55.48,MEDIUM,3,7,0.6033
MT-004318,BLK-01900,C01,2026-09-22,17:37,18:57,80,S&T,PREVENTIVE,55.45,MEDIUM,3,0,0.5285
MT-001291,BLK-01772,C14,2026-09-12,16:22,17:16,54,S&T,INSPECTION,55.3,MEDIUM,5,27,0.7008
MT-003191,BLK-00231,C16,2026-09-18,12:33,13:52,79,TRD,INSPECTION,55.26,MEDIUM,3,19,0.6185
MT-003603,BLK-01401,C11,2026-09-27,19:59,21:16,77,ENGINEERING,INSPECTION,55.22,MEDIUM,5,3,0.581
MT-001432,BLK-00008,C13,2026-09-13,21:25,22:28,63,TRD,PREVENTIVE,55.15,MEDIUM,5,21,0.6763
MT-003223,BLK-02488,C10,2026-09-09,09:15,10:10,55,S&T,INSPECTION,54.92,MEDIUM,4,16,0.6361
MT-002152,BLK-00969,C14,2026-09-23,07:00,08:05,65,TRD,INSPECTION,54.92,MEDIUM,3,10,0.6096
MT-002214,BLK-00517,C20,2026-09-20,01:04,02:21,77,S&T,INSPECTION,54.87,MEDIUM,5,1,0.5986
MT-004424,BLK-02216,C16,2026-09-25,10:14,12:09,115,TRD,CORRECTIVE,54.81,MEDIUM,3,14,0.6158
MT-004299,BLK-01550,C11,2026-09-26,22:14,23:23,69,ENGINEERING,PREVENTIVE,54.57,MEDIUM,2,0,0.5379
MT-001222,BLK-02124,C06,2026-09-16,09:02,10:16,74,S&T,PREVENTIVE,54.55,MEDIUM,5,16,0.6438
MT-002948,BLK-01087,C01,2026-09-26,12:20,13:46,86,TRD,PREVENTIVE,54.49,MEDIUM,4,1,0.589
MT-001240,BLK-02044,C13,2026-09-15,16:31,17:49,78,TRD,PREVENTIVE,54.43,MEDIUM,1,14,0.5638
MT-004179,BLK-01368,C17,2026-09-01,01:23,02:24,61,TRD,INSPECTION,54.42,MEDIUM,2,29,0.6595
MT-001252,BLK-00826,C11,2026-09-02,09:38,10:32,54,S&T,INSPECTION,54.37,MEDIUM,3,26,0.6678
MT-003575,BLK-01482,C12,2026-09-14,05:43,06:24,41,ENGINEERING,INSPECTION,54.33,MEDIUM,5,17,0.7174
MT-000520,BLK-01707,C08,2026-09-02,09:24,10:19,55,ENGINEERING,INSPECTION,54.33,MEDIUM,5,9,0.7044
MT-004981,BLK-02253,C13,2026-09-13,21:25,22:30,65,S&T,INSPECTION,54.28,MEDIUM,3,61,0.6581
MT-000854,BLK-01965,C07,2026-09-17,10:59,12:21,82,ENGINEERING,PREVENTIVE,54.22,MEDIUM,4,16,0.648
MT-000267,BLK-00910,C14,2026-09-01,22:33,23:31,58,S&T,INSPECTION,54.13,MEDIUM,5,4,0.5912
MT-000017,BLK-02272,C16,2026-09-20,15:31,16:44,73,TRD,INSPECTION,54.04,MEDIUM,3,14,0.5737
MT-004062,BLK-01900,C01,2026-09-22,19:12,20:10,58,ENGINEERING,INSPECTION,54.04,MEDIUM,2,16,0.7042
MT-002031,BLK-00089,C18,2026-09-23,06:45,07:55,70,ENGINEERING,INSPECTION,54.02,MEDIUM,4,15,0.6457
MT-001859,BLK-00612,C07,2026-09-06,15:30,16:23,53,ENGINEERING,INSPECTION,53.92,MEDIUM,4,0,0.5519
MT-003891,BLK-01800,C05,2026-09-29,11:26,12:55,89,TRD,INSPECTION,53.88,MEDIUM,1,29,0.6393
MT-001717,BLK-02597,C08,2026-09-12,15:52,17:03,71,TRD,INSPECTION,53.82,MEDIUM,4,20,0.6478
MT-002548,BLK-01898,C02,2026-09-10,04:00,05:02,62,ENGINEERING,INSPECTION,53.72,MEDIUM,4,25,0.6496
MT-004132,BLK-01045,C14,2026-09-21,20:15,21:09,54,S&T,INSPECTION,53.63,MEDIUM,2,3,0.5662
MT-001348,BLK-00115,C14,2026-09-12,16:22,17:38,76,ENGINEERING,INSPECTION,53.59,MEDIUM,4,9,0.584
MT-003509,BLK-02589,C04,2026-09-28,04:10,05:40,90,S&T,PREVENTIVE,53.53,MEDIUM,2,13,0.6223
MT-002928,BLK-02747,C14,2026-09-18,06:26,07:48,82,ENGINEERING,PREVENTIVE,53.5,MEDIUM,5,27,0.6754
MT-003403,BLK-00699,C15,2026-09-19,00:31,01:44,73,TRD,INSPECTION,53.39,MEDIUM,2,15,0.5817
MT-003251,BLK-02789,C12,2026-09-27,19:25,20:37,72,S&T,PREVENTIVE,53.17,MEDIUM,2,9,0.5761
MT-001875,BLK-00860,C12,2026-09-08,13:02,14:01,59,TRD,INSPECTION,53.12,MEDIUM,2,22,0.6383
MT-002741,BLK-02479,C15,2026-09-25,18:09,18:53,44,ENGINEERING,INSPECTION,52.9,MEDIUM,2,23,0.7048
MT-004587,BLK-02261,C10,2026-09-19,08:43,09:51,68,TRD,PREVENTIVE,52.86,MEDIUM,4,1,0.5588
MT-002762,BLK-01892,C15,2026-09-16,19:08,20:27,79,TRD,INSPECTION,52.85,MEDIUM,3,8,0.5636
MT-000012,BLK-01916,C15,2026-09-09,04:12,04:59,47,S&T,INSPECTION,52.75,MEDIUM,3,49,0.6799
MT-002573,BLK-01687,C13,2026-09-30,12:58,14:24,86,TRD,PREVENTIVE,52.73,MEDIUM,3,0,0.529
MT-004895,BLK-02530,C20,2026-09-13,16:59,18:07,68,ENGINEERING,PREVENTIVE,52.66,MEDIUM,4,14,0.6123
MT-001986,BLK-02580,C13,2026-09-25,20:34,21:58,84,TRD,INSPECTION,52.63,MEDIUM,3,15,0.6227
MT-004153,BLK-02131,C15,2026-09-30,02:35,03:50,75,TRD,INSPECTION,52.49,MEDIUM,3,2,0.5488
MT-001280,BLK-00338,C08,2026-09-28,20:01,21:22,81,ENGINEERING,PREVENTIVE,52.46,MEDIUM,1,31,0.5889
MT-004212,BLK-01097,C05,2026-09-01,06:08,06:53,45,S&T,INSPECTION,52.42,MEDIUM,3,0,0.559
MT-001515,BLK-00376,C08,2026-09-18,14:36,15:36,60,S&T,PREVENTIVE,52.38,MEDIUM,4,18,0.6436
MT-003841,BLK-02266,C09,2026-09-19,09:27,10:39,72,S&T,INSPECTION,52.35,MEDIUM,4,18,0.6352
MT-002781,BLK-02271,C14,2026-09-11,07:05,08:05,60,ENGINEERING,INSPECTION,52.29,MEDIUM,5,4,0.5927
MT-001516,BLK-00921,C10,2026-09-16,01:20,02:49,89,S&T,INSPECTION,52.16,MEDIUM,5,23,0.645
MT-003550,BLK-02229,C11,2026-09-02,18:00,19:04,64,ENGINEERING,PREVENTIVE,52.16,MEDIUM,5,14,0.597
MT-003000,BLK-01581,C11,2026-09-22,21:11,22:24,73,ENGINEERING,INSPECTION,52.09,MEDIUM,2,1,0.5113
MT-002164,BLK-01418,C04,2026-09-18,21:13,22:20,67,S&T,INSPECTION,51.89,MEDIUM,4,0,0.5507
MT-004140,BLK-01801,C19,2026-09-25,05:41,06:42,61,S&T,INSPECTION,51.88,MEDIUM,2,12,0.5762
MT-003169,BLK-00345,C19,2026-09-19,12:45,13:54,69,S&T,PREVENTIVE,51.71,MEDIUM,5,30,0.6664
MT-002077,BLK-01210,C19,2026-09-17,01:02,02:00,58,S&T,PREVENTIVE,51.71,MEDIUM,4,3,0.5589
MT-003904,BLK-01229,C14,2026-09-20,10:44,11:46,62,S&T,INSPECTION,51.6,MEDIUM,5,1,0.5806
MT-003634,BLK-00609,C18,2026-09-17,01:06,02:19,73,S&T,PREVENTIVE,51.59,MEDIUM,4,16,0.6177
MT-004321,BLK-00885,C14,2026-09-08,11:01,12:15,74,TRD,INSPECTION,51.54,MEDIUM,3,6,0.5549
MT-000999,BLK-00318,C16,2026-09-24,19:35,21:14,99,TRD,CORRECTIVE,51.34,MEDIUM,3,29,0.6872
MT-000769,BLK-02625,C03,2026-09-04,10:11,11:12,61,TRD,PREVENTIVE,51.29,MEDIUM,4,4,0.5811
MT-003413,BLK-00963,C13,2026-09-20,02:19,03:40,81,TRD,PREVENTIVE,51.23,MEDIUM,3,11,0.5532
MT-002981,BLK-02130,C10,2026-09-26,16:41,17:50,69,ENGINEERING,INSPECTION,51.21,MEDIUM,3,12,0.5617
MT-002333,BLK-00573,C03,2026-09-08,09:19,10:08,49,ENGINEERING,INSPECTION,51.2,MEDIUM,5,0,0.6873
MT-004564,BLK-02063,C08,2026-09-04,05:09,06:02,53,ENGINEERING,INSPECTION,51.19,MEDIUM,1,6,0.6052
MT-002349,BLK-00569,C07,2026-09-18,06:25,07:49,84,ENGINEERING,PREVENTIVE,50.98,MEDIUM,4,15,0.6051
MT-004583,BLK-00523,C20,2026-09-20,01:37,02:49,72,ENGINEERING,INSPECTION,50.96,MEDIUM,3,17,0.5952
MT-000648,BLK-00470,C17,2026-09-30,09:19,10:52,93,ENGINEERING,INSPECTION,50.76,MEDIUM,3,0,0.5168
MT-000694,BLK-00771,C14,2026-09-24,01:40,03:05,85,S&T,CORRECTIVE,50.68,MEDIUM,5,38,0.6658
MT-003753,BLK-00178,C02,2026-09-25,01:08,02:34,86,ENGINEERING,CORRECTIVE,50.64,MEDIUM,3,14,0.5709
MT-002728,BLK-01279,C13,2026-09-02,11:48,12:48,60,ENGINEERING,INSPECTION,50.6,MEDIUM,4,9,0.5868
MT-000170,BLK-00807,C04,2026-09-10,09:45,10:46,61,TRD,INSPECTION,50.51,MEDIUM,3,10,0.566
MT-001314,BLK-01612,C09,2026-09-30,20:55,22:18,83,S&T,INSPECTION,50.44,MEDIUM,3,11,0.5836
MT-002668,BLK-02534,C18,2026-09-17,22:26,23:33,67,ENGINEERING,INSPECTION,50.39,MEDIUM,4,32,0.6928
MT-003646,BLK-00620,C15,2026-09-08,06:00,06:43,43,TRD,INSPECTION,50.36,MEDIUM,4,6,0.5688
MT-000008,BLK-02484,C01,2026-09-05,04:10,05:11,61,S&T,INSPECTION,50.33,MEDIUM,4,15,0.6334
MT-002846,BLK-00083,C16,2026-09-14,22:30,23:20,50,ENGINEERING,INSPECTION,50.24,MEDIUM,4,0,0.5278
MT-000797,BLK-02584,C15,2026-09-09,00:42,01:40,58,ENGINEERING,INSPECTION,50.22,MEDIUM,3,18,0.615
MT-003410,BLK-00162,C01,2026-09-18,10:13,11:25,72,ENGINEERING,PREVENTIVE,50.03,MEDIUM,3,35,0.6228
MT-004284,BLK-02374,C04,2026-09-28,03:12,04:22,70,ENGINEERING,PREVENTIVE,49.99,MEDIUM,3,27,0.6494
MT-002184,BLK-00921,C10,2026-09-16,03:12,04:15,63,ENGINEERING,INSPECTION,49.94,MEDIUM,4,9,0.7081
MT-001496,BLK-01104,C11,2026-09-12,15:14,16:24,70,ENGINEERING,PREVENTIVE,49.84,MEDIUM,2,43,0.6224
MT-001100,BLK-02055,C01,2026-09-30,00:19,01:45,86,ENGINEERING,INSPECTION,49.75,MEDIUM,3,10,0.5533
MT-001810,BLK-01621,C09,2026-09-12,20:55,22:00,65,S&T,PREVENTIVE,49.63,MEDIUM,3,6,0.5314
MT-003450,BLK-00687,C18,2026-09-03,15:28,16:16,48,ENGINEERING,INSPECTION,49.53,MEDIUM,2,17,0.5804
MT-002692,BLK-00466,C20,2026-09-29,03:45,04:56,71,ENGINEERING,INSPECTION,49.51,MEDIUM,3,18,0.6024
MT-000163,BLK-02218,C08,2026-09-30,18:57,20:41,104,S&T,CORRECTIVE,49.45,MEDIUM,3,3,0.5461
MT-001852,BLK-02846,C15,2026-09-01,10:46,11:34,48,TRD,INSPECTION,49.37,MEDIUM,4,9,0.5755
MT-000204,BLK-00337,C12,2026-09-17,11:49,12:55,66,TRD,PREVENTIVE,49.36,MEDIUM,3,26,0.6186
MT-000789,BLK-02033,C17,2026-09-04,05:14,05:44,30,TRD,INSPECTION,49.3,MEDIUM,4,15,0.6973
MT-004434,BLK-00017,C17,2026-09-02,14:20,15:16,56,ENGINEERING,INSPECTION,49.22,MEDIUM,4,0,0.5345
MT-002223,BLK-00301,C05,2026-09-26,13:40,15:06,86,ENGINEERING,PREVENTIVE,49.02,MEDIUM,4,17,0.6072
MT-004162,BLK-00231,C16,2026-09-18,14:23,15:32,69,TRD,PREVENTIVE,48.98,MEDIUM,3,18,0.7037
MT-001949,BLK-02700,C10,2026-09-22,05:09,06:08,59,ENGINEERING,INSPECTION,48.98,MEDIUM,3,7,0.6178
MT-001236,BLK-02173,C09,2026-09-20,14:33,15:28,55,S&T,INSPECTION,48.92,MEDIUM,2,1,0.5251
MT-003653,BLK-01990,C07,2026-09-25,05:57,07:42,105,ENGINEERING,CORRECTIVE,48.58,MEDIUM,2,23,0.5712
MT-004751,BLK-00789,C17,2026-09-21,12:22,13:32,70,ENGINEERING,INSPECTION,48.49,MEDIUM,3,25,0.6158
MT-004392,BLK-01711,C03,2026-09-11,13:46,14:40,54,ENGINEERING,INSPECTION,48.37,MEDIUM,3,8,0.5567
MT-000354,BLK-02524,C20,2026-09-30,10:36,11:59,83,S&T,PREVENTIVE,48.3,MEDIUM,5,0,0.5531
MT-000011,BLK-01163,C03,2026-09-05,12:08,13:01,53,S&T,INSPECTION,48.21,MEDIUM,5,0,0.5787
MT-001938,BLK-02758,C01,2026-09-29,17:54,19:10,76,S&T,INSPECTION,47.85,MEDIUM,3,5,0.5158
MT-000801,BLK-00583,C12,2026-09-05,12:41,13:43,62,S&T,INSPECTION,47.78,MEDIUM,2,3,0.4733
MT-003862,BLK-01517,C01,2026-09-25,20:27,21:06,39,ENGINEERING,INSPECTION,47.77,MEDIUM,5,14,0.6924
MT-004665,BLK-01018,C12,2026-09-13,05:33,06:32,59,ENGINEERING,INSPECTION,47.73,MEDIUM,3,0,0.513
MT-002495,BLK-02330,C07,2026-09-17,18:36,19:45,69,ENGINEERING,PREVENTIVE,47.62,MEDIUM,4,24,0.6147
MT-002975,BLK-01985,C07,2026-09-01,20:48,21:33,45,S&T,INSPECTION,47.5,MEDIUM,5,0,0.5269
MT-003451,BLK-00530,C11,2026-09-02,11:16,11:50,34,S&T,PREVENTIVE,47.44,MEDIUM,2,36,0.7226
MT-000048,BLK-00300,C18,2026-09-12,18:41,19:11,30,S&T,INSPECTION,47.39,MEDIUM,4,18,0.7297
MT-001509,BLK-01099,C07,2026-09-21,03:17,04:45,88,S&T,SIGNAL_REPAIR,47.34,MEDIUM,2,17,0.5727
MT-004666,BLK-01382,C11,2026-09-17,15:02,16:10,68,S&T,INSPECTION,47.24,MEDIUM,3,0,0.4689
MT-004734,BLK-01132,C05,2026-09-22,01:27,02:37,70,TRD,PREVENTIVE,47.18,MEDIUM,3,15,0.5537
MT-002938,BLK-01485,C01,2026-09-25,10:41,11:48,67,ENGINEERING,PREVENTIVE,47.18,MEDIUM,3,3,0.5381
MT-004500,BLK-02654,C18,2026-09-01,15:34,16:32,58,S&T,PREVENTIVE,47.12,MEDIUM,4,23,0.6531
MT-004444,BLK-00435,C04,2026-09-10,09:45,10:39,54,ENGINEERING,INSPECTION,47.05,MEDIUM,3,0,0.5088
MT-000702,BLK-01991,C05,2026-09-08,06:08,07:10,62,S&T,PREVENTIVE,46.97,MEDIUM,2,11,0.5454
MT-001239,BLK-02126,C12,2026-09-24,11:46,12:34,48,ENGINEERING,PREVENTIVE,46.91,MEDIUM,3,6,0.661
MT-001005,BLK-02765,C02,2026-09-28,06:54,08:25,91,ENGINEERING,INSPECTION,46.83,MEDIUM,2,14,0.5804
MT-000966,BLK-02378,C18,2026-09-02,20:53,21:48,55,S&T,INSPECTION,46.62,MEDIUM,4,15,0.609
MT-001887,BLK-02067,C16,2026-09-23,12:27,13:59,92,TRD,PREVENTIVE,46.57,MEDIUM,3,6,0.5337
MT-003281,BLK-02853,C10,2026-09-08,08:15,09:16,61,TRD,PREVENTIVE,46.42,MEDIUM,3,3,0.4876
MT-004578,BLK-01411,C20,2026-09-03,17:50,18:54,64,TRD,INSPECTION,46.21,MEDIUM,3,0,0.5112
MT-002023,BLK-00085,C11,2026-09-14,15:55,16:58,63,ENGINEERING,PREVENTIVE,46.12,MEDIUM,3,0,0.4953
MT-002662,BLK-01909,C16,2026-09-28,14:04,15:32,88,ENGINEERING,CORRECTIVE,45.99,MEDIUM,5,11,0.5743
MT-001880,BLK-02527,C04,2026-09-27,08:27,09:29,62,S&T,INSPECTION,45.73,MEDIUM,3,5,0.5167
MT-003749,BLK-02290,C03,2026-09-19,18:18,18:48,30,ENGINEERING,INSPECTION,45.71,MEDIUM,5,5,0.6734
MT-002486,BLK-00025,C08,2026-09-26,22:05,23:09,64,S&T,PREVENTIVE,45.69,MEDIUM,4,22,0.6357
MT-002855,BLK-00342,C06,2026-09-05,03:16,04:14,58,S&T,INSPECTION,45.6,MEDIUM,2,25,0.6014
MT-000081,BLK-00505,C04,2026-09-10,19:53,20:43,50,TRD,PREVENTIVE,45.59,MEDIUM,3,0,0.504
MT-004795,BLK-02679,C16,2026-09-29,09:12,10:26,74,ENGINEERING,INSPECTION,45.54,MEDIUM,3,4,0.4794
MT-004779,BLK-02676,C20,2026-09-05,21:07,21:46,39,ENGINEERING,INSPECTION,45.51,MEDIUM,4,19,0.5962
MT-002043,BLK-01589,C16,2026-09-06,06:53,07:50,57,TRD,PREVENTIVE,45.44,MEDIUM,3,11,0.5678
MT-001770,BLK-02011,C20,2026-09-16,11:08,11:59,51,TRD,INSPECTION,45.31,MEDIUM,3,19,0.5832
MT-004216,BLK-02369,C09,2026-09-14,16:28,17:27,59,S&T,PREVENTIVE,45.31,MEDIUM,2,17,0.5845
MT-003998,BLK-02457,C13,2026-09-07,02:38,03:17,39,TRD,INSPECTION,45.21,MEDIUM,4,18,0.6663
MT-000134,BLK-00290,C08,2026-09-08,05:10,06:04,54,TRD,PREVENTIVE,45.15,MEDIUM,5,8,0.5521
MT-004346,BLK-00363,C19,2026-09-29,19:17,20:45,88,S&T,PREVENTIVE,44.82,MEDIUM,3,0,0.5033
MT-001013,BLK-00063,C08,2026-09-18,04:20,05:29,69,S&T,INSPECTION,44.77,MEDIUM,4,14,0.5716
MT-002358,BLK-00907,C08,2026-09-25,20:00,20:56,56,S&T,INSPECTION,44.69,MEDIUM,3,21,0.6163
MT-002373,BLK-00600,C05,2026-09-07,06:11,07:13,62,ENGINEERING,INSPECTION,44.62,MEDIUM,4,0,0.5365
MT-002898,BLK-00464,C19,2026-09-26,06:34,07:40,66,TRD,INSPECTION,44.61,MEDIUM,2,5,0.4968
MT-001259,BLK-00963,C13,2026-09-20,04:01,05:13,72,S&T,PREVENTIVE,44.53,MEDIUM,3,10,0.6726
MT-002886,BLK-00009,C04,2026-09-22,21:54,22:39,45,TRD,INSPECTION,44.45,MEDIUM,3,20,0.5841
MT-001823,BLK-02482,C10,2026-09-02,06:05,06:40,35,TRD,INSPECTION,44.38,MEDIUM,5,27,0.6509
MT-002202,BLK-01859,C08,2026-09-15,02:10,03:21,71,TRD,PREVENTIVE,44.37,MEDIUM,3,7,0.5149
MT-001482,BLK-00085,C11,2026-09-14,14:28,15:13,45,S&T,INSPECTION,44.33,MEDIUM,3,24,0.6873
MT-001377,BLK-02978,C20,2026-09-15,07:14,08:09,55,ENGINEERING,CORRECTIVE,44.33,MEDIUM,3,15,0.5667
MT-000996,BLK-01580,C06,2026-09-26,20:55,21:47,52,TRD,INSPECTION,44.26,MEDIUM,4,22,0.6296
MT-000992,BLK-00249,C02,2026-09-02,04:55,05:36,41,TRD,INSPECTION,44.17,MEDIUM,4,10,0.5667
MT-000248,BLK-00587,C03,2026-09-16,07:54,08:55,61,ENGINEERING,INSPECTION,44.13,MEDIUM,4,22,0.6098
MT-001829,BLK-02749,C05,2026-09-29,18:14,19:14,60,TRD,PREVENTIVE,44.08,MEDIUM,3,8,0.5391
MT-004031,BLK-00689,C08,2026-09-30,19:29,21:22,113,S&T,CORRECTIVE,44.04,MEDIUM,3,0,0.4751
MT-001695,BLK-01318,C02,2026-09-16,20:03,21:10,67,TRD,PREVENTIVE,43.97,MEDIUM,4,12,0.546
MT-000876,BLK-01786,C10,2026-09-18,11:03,12:10,67,TRD,PREVENTIVE,43.91,MEDIUM,4,5,0.5409
MT-003975,BLK-01644,C20,2026-09-07,03:51,04:53,62,S&T,INSPECTION,43.8,MEDIUM,3,8,0.5501
MT-003406,BLK-00533,C09,2026-09-15,07:58,08:53,55,ENGINEERING,INSPECTION,43.75,MEDIUM,4,4,0.5325
MT-000397,BLK-01208,C18,2026-09-19,08:01,09:11,70,ENGINEERING,PREVENTIVE,43.7,MEDIUM,4,21,0.5616
MT-001667,BLK-01240,C16,2026-09-08,17:19,18:06,47,ENGINEERING,PREVENTIVE,43.69,MEDIUM,3,15,0.6329
MT-000297,BLK-01910,C08,2026-09-08,01:37,02:38,61,TRD,CORRECTIVE,43.57,MEDIUM,3,14,0.5286
MT-003858,BLK-01513,C05,2026-09-09,12:07,12:51,44,TRD,INSPECTION,43.55,MEDIUM,3,2,0.6086
MT-000810,BLK-00615,C09,2026-09-14,20:50,21:45,55,S&T,INSPECTION,43.48,MEDIUM,3,30,0.5935
MT-004625,BLK-02284,C20,2026-09-25,10:04,11:27,83,S&T,INSPECTION,43.47,MEDIUM,3,15,0.5391
MT-002079,BLK-00281,C08,2026-09-23,20:32,21:42,70,TRD,PREVENTIVE,43.44,MEDIUM,4,23,0.6126
MT-001700,BLK-00550,C20,2026-09-28,03:02,04:13,71,ENGINEERING,PREVENTIVE,43.4,MEDIUM,3,0,0.4774
MT-000557,BLK-01318,C02,2026-09-16,21:53,22:49,56,ENGINEERING,PREVENTIVE,43.24,MEDIUM,3,8,0.6235
MT-004409,BLK-01297,C13,2026-09-07,03:53,04:46,53,S&T,PREVENTIVE,43.23,MEDIUM,4,22,0.6061
MT-000542,BLK-00966,C17,2026-09-14,10:07,11:06,59,TRD,PREVENTIVE,43.2,MEDIUM,4,6,0.5509
MT-002395,BLK-01992,C05,2026-09-08,10:24,11:24,60,S&T,INSPECTION,43.17,MEDIUM,2,6,0.4867
MT-000499,BLK-00552,C10,2026-09-23,01:41,03:04,83,ENGINEERING,INSPECTION,43.11,MEDIUM,3,0,0.4859
MT-002961,BLK-01285,C20,2026-09-20,22:07,23:08,61,TRD,INSPECTION,43.07,MEDIUM,3,20,0.5668
MT-001152,BLK-00959,C20,2026-09-02,20:50,21:47,57,ENGINEERING,INSPECTION,43.02,MEDIUM,1,24,0.5795
MT-004727,BLK-01361,C17,2026-09-26,21:38,22:48,70,S&T,PREVENTIVE,42.99,MEDIUM,4,12,0.5425
MT-003041,BLK-01249,C15,2026-09-18,14:23,15:07,44,ENGINEERING,INSPECTION,42.98,MEDIUM,4,7,0.6119
MT-003640,BLK-00583,C12,2026-09-05,14:43,15:41,58,TRD,PREVENTIVE,42.94,MEDIUM,4,4,0.6569
MT-002226,BLK-00087,C20,2026-09-04,15:33,16:17,44,ENGINEERING,INSPECTION,42.68,MEDIUM,3,27,0.6018
MT-002794,BLK-00478,C14,2026-09-11,15:14,16:19,65,TRD,INSPECTION,42.66,MEDIUM,4,0,0.519
MT-004763,BLK-02575,C14,2026-09-27,17:56,19:11,75,S&T,PREVENTIVE,42.53,MEDIUM,5,11,0.563
MT-003126,BLK-01716,C08,2026-09-08,12:55,13:46,51,TRD,INSPECTION,42.51,MEDIUM,4,18,0.5873
MT-001731,BLK-00616,C02,2026-09-07,08:15,08:48,33,TRD,INSPECTION,42.5,MEDIUM,4,8,0.6317
MT-003576,BLK-00315,C11,2026-09-08,15:02,16:00,58,S&T,INSPECTION,42.44,MEDIUM,4,0,0.5096
MT-003055,BLK-01382,C11,2026-09-17,16:40,17:27,47,S&T,INSPECTION,42.42,MEDIUM,3,13,0.6448
MT-003573,BLK-01574,C11,2026-09-20,20:20,21:06,46,ENGINEERING,INSPECTION,41.93,MEDIUM,5,2,0.5386
MT-001102,BLK-01088,C08,2026-09-20,14:32,15:39,67,TRD,INSPECTION,41.8,MEDIUM,3,4,0.5105
MT-003320,BLK-02966,C02,2026-09-02,17:16,17:53,37,ENGINEERING,INSPECTION,41.8,MEDIUM,2,16,0.5602
MT-003874,BLK-01035,C13,2026-09-23,00:59,02:02,63,ENGINEERING,INSPECTION,41.74,MEDIUM,3,0,0.4591
MT-001057,BLK-00552,C10,2026-09-23,03:24,04:09,45,TRD,PREVENTIVE,41.73,MEDIUM,4,45,0.7473
MT-000146,BLK-01955,C13,2026-09-13,15:55,16:53,58,S&T,PREVENTIVE,41.71,MEDIUM,4,24,0.6105
MT-004233,BLK-01933,C07,2026-09-23,05:26,06:44,78,TRD,PREVENTIVE,41.71,MEDIUM,3,13,0.5153
MT-003515,BLK-01233,C09,2026-09-14,20:57,22:07,70,S&T,PREVENTIVE,41.55,MEDIUM,3,17,0.5175
MT-000674,BLK-00519,C13,2026-09-09,08:33,09:23,50,TRD,PREVENTIVE,41.53,MEDIUM,3,14,0.5272
MT-001706,BLK-00738,C11,2026-09-18,09:44,10:39,55,TRD,INSPECTION,41.5,MEDIUM,4,18,0.5881
MT-001733,BLK-01762,C13,2026-09-29,14:15,16:00,105,S&T,CORRECTIVE,41.49,MEDIUM,5,18,0.5956
MT-000360,BLK-02915,C12,2026-09-23,03:35,04:46,71,S&T,INSPECTION,41.23,MEDIUM,2,16,0.4996
MT-002872,BLK-00587,C03,2026-09-16,06:40,07:37,57,ENGINEERING,INSPECTION,41.07,MEDIUM,2,25,0.6324
MT-004701,BLK-00894,C16,2026-09-01,14:04,14:51,47,ENGINEERING,INSPECTION,41.0,MEDIUM,4,5,0.4981
MT-000374,BLK-01505,C20,2026-09-01,09:28,10:27,59,ENGINEERING,INSPECTION,40.85,MEDIUM,4,0,0.5121
MT-001899,BLK-00645,C05,2026-09-17,21:11,22:14,63,S&T,PREVENTIVE,40.78,MEDIUM,4,5,0.5132
MT-004451,BLK-00597,C05,2026-09-07,19:52,20:51,59,ENGINEERING,INSPECTION,40.62,MEDIUM,4,12,0.5627
MT-004850,BLK-00163,C19,2026-09-06,20:44,21:32,48,TRD,PREVENTIVE,40.58,MEDIUM,2,18,0.5466
MT-001634,BLK-01977,C14,2026-09-01,18:25,19:25,60,TRD,INSPECTION,40.54,MEDIUM,3,16,0.5036
MT-004438,BLK-01462,C19,2026-09-22,05:10,06:31,81,S&T,SIGNAL_REPAIR,40.24,MEDIUM,3,0,0.4626
MT-000994,BLK-00934,C19,2026-09-26,06:34,07:47,73,ENGINEERING,PREVENTIVE,40.02,MEDIUM,3,0,0.4465
MT-004820,BLK-00881,C08,2026-09-01,10:13,11:04,51,S&T,INSPECTION,40.01,MEDIUM,3,10,0.5052
MT-004985,BLK-00568,C20,2026-09-22,11:22,12:24,62,S&T,PREVENTIVE,39.87,LOW,4,6,0.5158
MT-001288,BLK-01917,C11,2026-09-08,15:10,16:05,55,TRD,PREVENTIVE,39.87,LOW,4,0,0.4985
MT-000288,BLK-00847,C17,2026-09-03,04:36,05:29,53,S&T,INSPECTION,39.78,LOW,2,0,0.449
MT-000391,BLK-00674,C04,2026-09-10,00:04,00:54,50,ENGINEERING,INSPECTION,39.77,LOW,3,4,0.4892
MT-000375,BLK-01172,C11,2026-09-10,16:00,16:51,51,S&T,INSPECTION,39.73,LOW,5,7,0.5293
MT-002552,BLK-00090,C06,2026-09-18,05:08,06:10,62,S&T,PREVENTIVE,39.68,LOW,5,0,0.5024
MT-001651,BLK-01890,C20,2026-09-10,00:49,01:38,49,ENGINEERING,INSPECTION,39.16,LOW,3,4,0.4935
MT-003382,BLK-02705,C05,2026-09-02,02:11,03:12,61,ENGINEERING,PREVENTIVE,39.09,LOW,3,13,0.5032
MT-002651,BLK-00638,C08,2026-09-22,03:07,04:16,69,S&T,PREVENTIVE,38.99,LOW,3,7,0.4685
MT-003435,BLK-01291,C18,2026-09-19,06:40,07:10,30,S&T,INSPECTION,38.93,LOW,3,12,0.5963
MT-003707,BLK-02233,C16,2026-09-18,17:57,19:07,70,S&T,PREVENTIVE,38.9,LOW,3,15,0.5149
MT-001520,BLK-02387,C12,2026-09-15,11:27,12:16,49,S&T,PREVENTIVE,38.78,LOW,2,25,0.5582
MT-002061,BLK-00997,C10,2026-09-13,06:02,06:51,49,TRD,INSPECTION,38.63,LOW,4,7,0.5195
MT-003747,BLK-01168,C11,2026-09-15,00:42,01:49,67,TRD,INSPECTION,38.53,LOW,4,15,0.5247
MT-002305,BLK-00239,C05,2026-09-06,14:59,15:46,47,ENGINEERING,INSPECTION,38.45,LOW,3,8,0.5099
MT-002942,BLK-01977,C14,2026-09-01,20:21,21:17,56,ENGINEERING,INSPECTION,38.25,LOW,5,3,0.6116
MT-002837,BLK-01168,C11,2026-09-15,02:09,03:09,60,S&T,PREVENTIVE,38.19,LOW,4,6,0.6203
MT-002995,BLK-02757,C10,2026-09-16,07:11,08:09,58,ENGINEERING,INSPECTION,38.19,LOW,2,7,0.5333
MT-001172,BLK-01655,C17,2026-09-04,15:51,16:50,59,S&T,INSPECTION,38.05,LOW,4,25,0.5585
MT-000442,BLK-00745,C17,2026-09-07,00:36,01:31,55,ENGINEERING,INSPECTION,37.66,LOW,4,1,0.4821
MT-004576,BLK-02576,C07,2026-09-05,00:44,01:34,50,ENGINEERING,INSPECTION,37.56,LOW,2,13,0.5081
MT-001052,BLK-00080,C11,2026-09-05,18:26,18:56,30,S&T,INSPECTION,37.53,LOW,4,0,0.5742
MT-001503,BLK-02868,C17,2026-09-05,07:49,08:44,55,ENGINEERING,INSPECTION,37.49,LOW,2,8,0.4213
MT-002652,BLK-01169,C14,2026-09-15,01:59,03:07,68,TRD,PREVENTIVE,37.47,LOW,2,11,0.4699
MT-002845,BLK-02410,C14,2026-09-11,18:18,19:15,57,TRD,INSPECTION,37.44,LOW,3,18,0.5426
MT-002863,BLK-01328,C17,2026-09-09,21:48,22:49,61,S&T,INSPECTION,37.37,LOW,4,14,0.5172
MT-002130,BLK-01727,C03,2026-09-29,04:34,05:38,64,ENGINEERING,INSPECTION,37.31,LOW,2,3,0.422
MT-001237,BLK-00881,C08,2026-09-01,11:21,12:01,40,TRD,INSPECTION,37.1,LOW,4,17,0.6659
MT-000882,BLK-00759,C06,2026-09-13,21:09,22:11,62,TRD,INSPECTION,37.09,LOW,3,5,0.4962
MT-000647,BLK-01593,C08,2026-09-27,04:38,05:48,70,TRD,INSPECTION,37.07,LOW,2,12,0.4977
MT-002444,BLK-02261,C10,2026-09-19,07:24,08:19,55,ENGINEERING,INSPECTION,37.06,LOW,4,19,0.6458
MT-003943,BLK-00328,C19,2026-09-08,20:00,20:50,50,S&T,PREVENTIVE,36.93,LOW,4,10,0.6416
MT-000336,BLK-00565,C15,2026-09-15,12:07,12:54,47,TRD,INSPECTION,36.89,LOW,5,3,0.4868
MT-000366,BLK-00654,C12,2026-09-22,09:54,10:43,49,S&T,PREVENTIVE,36.78,LOW,5,0,0.5631
MT-000219,BLK-00609,C18,2026-09-17,02:37,03:13,36,ENGINEERING,INSPECTION,36.78,LOW,4,5,0.5761
MT-003978,BLK-00303,C15,2026-09-05,19:25,20:11,46,ENGINEERING,INSPECTION,36.72,LOW,5,0,0.449
MT-002310,BLK-00889,C12,2026-09-01,02:05,02:54,49,S&T,INSPECTION,36.72,LOW,2,13,0.5141
MT-002941,BLK-01958,C05,2026-09-26,09:28,10:29,61,ENGINEERING,PREVENTIVE,36.55,LOW,4,15,0.5388
MT-000976,BLK-00389,C14,2026-09-13,21:26,22:26,60,ENGINEERING,PREVENTIVE,36.46,LOW,4,17,0.5628
MT-000566,BLK-01117,C05,2026-09-16,05:15,06:07,52,ENGINEERING,PREVENTIVE,36.45,LOW,4,28,0.6082
MT-000507,BLK-01923,C04,2026-09-04,14:13,14:53,40,TRD,INSPECTION,36.43,LOW,3,15,0.5876
MT-000367,BLK-02807,C20,2026-09-04,09:27,10:08,41,ENGINEERING,PREVENTIVE,36.4,LOW,3,11,0.5311
MT-000264,BLK-00600,C05,2026-09-07,05:13,05:48,35,ENGINEERING,PREVENTIVE,36.34,LOW,4,15,0.5918
MT-003750,BLK-02502,C07,2026-09-06,05:38,06:26,48,S&T,PREVENTIVE,36.28,LOW,4,17,0.5561
MT-001832,BLK-01294,C08,2026-09-12,21:12,22:10,58,ENGINEERING,INSPECTION,36.28,LOW,3,20,0.5532
MT-000615,BLK-01237,C04,2026-09-07,15:08,15:59,51,S&T,INSPECTION,36.18,LOW,3,0,0.4547
MT-004569,BLK-00118,C14,2026-09-25,07:00,07:51,51,ENGINEERING,PREVENTIVE,36.17,LOW,5,17,0.6843
MT-002431,BLK-00864,C05,2026-09-23,08:16,09:05,49,ENGINEERING,INSPECTION,36.17,LOW,3,0,0.4319
MT-001271,BLK-02248,C15,2026-09-23,12:27,13:24,57,ENGINEERING,INSPECTION,36.14,LOW,2,21,0.5467
MT-002516,BLK-00737,C14,2026-09-12,14:57,15:54,57,ENGINEERING,INSPECTION,36.08,LOW,4,8,0.4915
MT-003864,BLK-02375,C04,2026-09-23,00:40,01:39,59,ENGINEERING,INSPECTION,36.08,LOW,3,4,0.4939
MT-004837,BLK-00086,C11,2026-09-04,13:05,13:48,43,ENGINEERING,INSPECTION,35.97,LOW,2,0,0.4344
MT-003612,BLK-01209,C12,2026-09-13,03:03,03:34,31,TRD,INSPECTION,35.84,LOW,3,27,0.7134
MT-001688,BLK-01325,C03,2026-09-16,10:36,11:36,60,ENGINEERING,INSPECTION,35.8,LOW,3,14,0.5201
MT-002876,BLK-01548,C15,2026-09-19,21:27,22:23,56,TRD,INSPECTION,35.78,LOW,3,23,0.5658
MT-001594,BLK-02038,C09,2026-09-22,04:55,05:53,58,S&T,PREVENTIVE,35.72,LOW,2,29,0.5304
MT-002700,BLK-00390,C13,2026-09-14,02:10,02:57,47,TRD,PREVENTIVE,35.66,LOW,4,1,0.5271
MT-002944,BLK-00198,C13,2026-09-27,02:44,03:54,70,TRD,CORRECTIVE,35.62,LOW,3,5,0.4574
MT-003654,BLK-01115,C05,2026-09-19,15:28,16:15,47,TRD,INSPECTION,35.49,LOW,3,13,0.5026
MT-002463,BLK-02992,C13,2026-09-08,12:42,13:25,43,S&T,INSPECTION,35.46,LOW,4,0,0.4585
MT-004643,BLK-01821,C17,2026-09-11,13:29,14:07,38,ENGINEERING,INSPECTION,35.32,LOW,4,1,0.5356
MT-001803,BLK-02804,C07,2026-09-28,07:44,09:07,83,TRD,INSPECTION,35.22,LOW,3,7,0.4759
MT-003894,BLK-00838,C17,2026-09-04,06:41,07:27,46,S&T,INSPECTION,35.2,LOW,4,9,0.4647
MT-001242,BLK-02716,C10,2026-09-05,10:34,11:06,32,ENGINEERING,INSPECTION,35.14,LOW,1,34,0.5538
MT-002201,BLK-00262,C07,2026-09-18,14:48,16:00,72,S&T,PREVENTIVE,35.03,LOW,4,5,0.4576
MT-004716,BLK-01945,C05,2026-09-09,16:18,17:16,58,ENGINEERING,INSPECTION,34.8,LOW,3,13,0.466
MT-004008,BLK-00853,C20,2026-09-21,03:39,04:26,47,ENGINEERING,INSPECTION,34.75,LOW,5,1,0.4904
MT-004182,BLK-01876,C18,2026-09-21,19:51,20:55,64,ENGINEERING,INSPECTION,34.73,LOW,2,1,0.4075
MT-004831,BLK-02926,C04,2026-09-06,03:20,04:15,55,S&T,INSPECTION,34.7,LOW,2,16,0.5085
MT-003661,BLK-02084,C03,2026-09-02,03:36,04:29,53,TRD,INSPECTION,34.6,LOW,3,0,0.4581
MT-001724,BLK-01501,C03,2026-09-06,11:37,12:37,60,ENGINEERING,PREVENTIVE,34.5,LOW,3,4,0.4593
MT-001785,BLK-02236,C03,2026-09-04,19:36,20:27,51,ENGINEERING,PREVENTIVE,34.47,LOW,3,30,0.6525
MT-003135,BLK-01933,C07,2026-09-23,04:00,04:55,55,ENGINEERING,INSPECTION,34.43,LOW,4,4,0.5424
MT-004510,BLK-00044,C12,2026-09-01,17:51,18:34,43,TRD,INSPECTION,34.41,LOW,2,21,0.529
MT-000304,BLK-01712,C17,2026-09-08,11:03,11:43,40,TRD,INSPECTION,34.36,LOW,4,9,0.5277
MT-004841,BLK-01644,C20,2026-09-07,02:55,03:29,34,ENGINEERING,INSPECTION,34.27,LOW,4,19,0.6342
MT-004015,BLK-00834,C06,2026-09-09,03:10,03:58,48,ENGINEERING,INSPECTION,34.18,LOW,4,0,0.4809
MT-004439,BLK-01649,C14,2026-09-17,18:42,19:43,61,TRD,PREVENTIVE,34.12,LOW,3,21,0.5024
MT-003594,BLK-00338,C08,2026-09-28,21:36,22:20,44,S&T,INSPECTION,34.0,LOW,4,14,0.6255
MT-003980,BLK-02400,C08,2026-09-22,10:55,11:59,64,S&T,INSPECTION,33.9,LOW,3,15,0.4932
MT-001265,BLK-01961,C08,2026-09-07,10:19,11:05,46,TRD,INSPECTION,33.8,LOW,4,6,0.5236
MT-002118,BLK-02070,C16,2026-09-17,01:27,02:36,69,S&T,INSPECTION,33.28,LOW,3,0,0.4168
MT-004033,BLK-02859,C03,2026-09-04,21:56,22:44,48,ENGINEERING,INSPECTION,33.27,LOW,2,3,0.435
MT-000168,BLK-02631,C16,2026-09-02,01:47,02:53,66,TRD,INSPECTION,33.17,LOW,2,33,0.5592
MT-000922,BLK-01438,C12,2026-09-08,13:34,14:31,57,TRD,INSPECTION,33.17,LOW,2,19,0.546
MT-004090,BLK-01897,C15,2026-09-17,10:24,11:28,64,TRD,INSPECTION,33.02,LOW,3,0,0.4246
MT-004176,BLK-02526,C18,2026-09-23,10:57,11:48,51,TRD,INSPECTION,32.98,LOW,1,18,0.5654
MT-003633,BLK-02472,C13,2026-09-23,04:26,05:30,64,TRD,PREVENTIVE,32.72,LOW,3,0,0.4054
MT-002401,BLK-02671,C11,2026-09-25,17:08,18:15,67,S&T,PREVENTIVE,32.54,LOW,3,0,0.4481
MT-003356,BLK-01450,C07,2026-09-20,05:27,06:33,66,TRD,INSPECTION,32.33,LOW,2,9,0.4282
MT-004167,BLK-01260,C11,2026-09-23,13:37,14:20,43,S&T,INSPECTION,32.32,LOW,4,10,0.6031
MT-000221,BLK-02622,C13,2026-09-05,15:49,16:31,42,TRD,INSPECTION,32.2,LOW,3,22,0.5735
MT-003913,BLK-00115,C14,2026-09-12,17:51,18:34,43,ENGINEERING,INSPECTION,32.19,LOW,3,13,0.5875
MT-000352,BLK-00849,C14,2026-09-14,17:04,18:01,57,ENGINEERING,PREVENTIVE,31.91,LOW,5,8,0.5067
MT-004913,BLK-00665,C04,2026-09-09,19:21,20:08,47,S&T,INSPECTION,31.82,LOW,4,0,0.4405
MT-002705,BLK-01837,C05,2026-09-02,12:38,13:16,38,ENGINEERING,INSPECTION,31.81,LOW,4,0,0.3911
MT-002765,BLK-02237,C17,2026-09-18,15:12,16:12,60,ENGINEERING,INSPECTION,31.54,LOW,3,0,0.4471
MT-001505,BLK-01252,C20,2026-09-03,04:11,05:13,62,S&T,INSPECTION,31.48,LOW,5,0,0.4431
MT-002500,BLK-02077,C08,2026-09-18,04:20,05:09,49,S&T,INSPECTION,31.4,LOW,3,30,0.6926
MT-002393,BLK-00506,C04,2026-09-09,22:09,22:51,42,TRD,INSPECTION,31.28,LOW,3,18,0.6124
MT-002562,BLK-01851,C10,2026-09-19,22:53,23:54,61,S&T,INSPECTION,31.28,LOW,2,10,0.4486
MT-000761,BLK-02284,C20,2026-09-25,12:29,13:02,33,ENGINEERING,PREVENTIVE,31.16,LOW,4,0,0.5406
MT-002707,BLK-02348,C14,2026-09-25,20:59,22:08,69,ENGINEERING,INSPECTION,30.99,LOW,3,16,0.5
MT-000311,BLK-02312,C15,2026-09-22,08:08,09:01,53,ENGINEERING,INSPECTION,30.94,LOW,4,3,0.4539
MT-003304,BLK-00257,C07,2026-09-17,17:31,18:09,38,TRD,PREVENTIVE,30.83,LOW,3,0,0.5337
MT-001488,BLK-00514,C03,2026-09-13,18:27,19:21,54,S&T,PREVENTIVE,30.56,LOW,4,6,0.4778
MT-004019,BLK-02285,C06,2026-09-12,03:49,04:53,64,S&T,PREVENTIVE,30.54,LOW,4,0,0.4474
MT-000955,BLK-02539,C04,2026-09-13,17:29,18:07,38,TRD,INSPECTION,30.51,LOW,3,8,0.4799
MT-004390,BLK-02285,C06,2026-09-12,02:27,03:19,52,ENGINEERING,PREVENTIVE,30.49,LOW,4,0,0.5307
MT-001943,BLK-00414,C08,2026-09-04,08:58,09:49,51,S&T,INSPECTION,30.32,LOW,4,0,0.4388
MT-002758,BLK-02072,C19,2026-09-28,18:24,19:33,69,S&T,INSPECTION,30.22,LOW,2,12,0.4672
MT-003724,BLK-01715,C17,2026-09-09,20:59,21:31,32,TRD,PREVENTIVE,30.13,LOW,2,10,0.5698
MT-003376,BLK-01754,C16,2026-09-14,21:31,22:21,50,ENGINEERING,PREVENTIVE,30.12,LOW,4,4,0.4752
MT-004037,BLK-00708,C08,2026-09-15,16:20,17:19,59,S&T,INSPECTION,29.76,LOW,4,5,0.4421
MT-001341,BLK-00160,C16,2026-09-14,01:56,02:33,37,ENGINEERING,INSPECTION,29.62,LOW,4,0,0.437
MT-002620,BLK-02729,C12,2026-09-02,11:11,12:02,51,TRD,PREVENTIVE,29.62,LOW,2,0,0.3784
MT-004891,BLK-00977,C18,2026-09-18,03:10,03:54,44,S&T,INSPECTION,29.47,LOW,4,6,0.507
MT-002527,BLK-00030,C10,2026-09-26,13:49,14:25,36,TRD,INSPECTION,29.46,LOW,4,5,0.5793
MT-001181,BLK-02843,C20,2026-09-26,06:47,07:49,62,TRD,INSPECTION,29.43,LOW,3,1,0.3847
MT-002131,BLK-00303,C15,2026-09-05,20:39,21:19,40,TRD,INSPECTION,29.06,LOW,3,11,0.5957
MT-004068,BLK-00695,C13,2026-09-13,04:11,05:03,52,ENGINEERING,INSPECTION,29.06,LOW,2,12,0.4828
MT-003146,BLK-02653,C18,2026-09-14,10:59,12:05,66,ENGINEERING,CORRECTIVE,28.98,LOW,2,9,0.4355
MT-000998,BLK-01371,C08,2026-09-25,16:12,16:57,45,TRD,INSPECTION,28.73,LOW,4,0,0.4383
MT-001597,BLK-00250,C11,2026-09-17,18:01,19:04,63,TRD,INSPECTION,28.7,LOW,4,0,0.395
MT-001513,BLK-01180,C19,2026-09-09,15:43,16:31,48,TRD,INSPECTION,28.65,LOW,2,8,0.4431
MT-003942,BLK-00999,C07,2026-09-26,12:12,13:19,67,ENGINEERING,PREVENTIVE,28.56,LOW,2,6,0.3951
MT-003721,BLK-00917,C04,2026-09-23,19:27,20:27,60,ENGINEERING,INSPECTION,28.43,LOW,4,0,0.3894
MT-004265,BLK-01893,C03,2026-09-02,09:53,10:39,46,S&T,INSPECTION,28.27,LOW,5,0,0.4596
MT-000497,BLK-02551,C09,2026-09-30,12:28,13:39,71,TRD,INSPECTION,28.26,LOW,1,0,0.3889
MT-003543,BLK-02378,C18,2026-09-02,19:49,20:33,44,ENGINEERING,INSPECTION,28.18,LOW,4,0,0.4715
MT-000905,BLK-01216,C20,2026-09-24,03:24,04:15,51,TRD,INSPECTION,28.09,LOW,3,2,0.4992
MT-000729,BLK-02287,C19,2026-09-04,12:21,12:56,35,ENGINEERING,INSPECTION,27.83,LOW,3,0,0.4049
MT-000600,BLK-00852,C02,2026-09-29,07:42,09:01,79,S&T,PREVENTIVE,27.68,LOW,3,23,0.5076
MT-001627,BLK-02313,C05,2026-09-15,18:03,18:52,49,ENGINEERING,PREVENTIVE,27.66,LOW,3,3,0.3964
MT-000865,BLK-01901,C17,2026-09-15,19:08,19:39,31,S&T,INSPECTION,27.41,LOW,4,11,0.5824
MT-000349,BLK-02905,C02,2026-09-06,11:09,11:58,49,ENGINEERING,PREVENTIVE,27.35,LOW,2,27,0.5321
MT-003829,BLK-02866,C09,2026-09-30,21:38,22:37,59,S&T,INSPECTION,27.29,LOW,3,0,0.3938
MT-001542,BLK-02330,C07,2026-09-17,20:16,20:59,43,S&T,PREVENTIVE,27.28,LOW,4,0,0.5253
MT-000215,BLK-02733,C18,2026-09-15,15:58,17:02,64,ENGINEERING,PREVENTIVE,27.24,LOW,2,0,0.3526
MT-000587,BLK-02769,C18,2026-09-05,06:53,07:46,53,TRD,PREVENTIVE,27.18,LOW,4,3,0.4302
MT-004907,BLK-02915,C12,2026-09-23,05:02,05:43,41,TRD,INSPECTION,27.18,LOW,4,2,0.5325
MT-003635,BLK-01130,C08,2026-09-03,06:43,07:17,34,S&T,INSPECTION,27.07,LOW,4,3,0.5372
MT-004331,BLK-01265,C04,2026-09-17,08:02,08:58,56,S&T,INSPECTION,26.99,LOW,2,21,0.472
MT-002069,BLK-00393,C12,2026-09-21,12:43,13:41,58,ENGINEERING,INSPECTION,26.74,LOW,3,14,0.4448
MT-002702,BLK-00816,C05,2026-09-02,07:10,07:59,49,S&T,INSPECTION,26.14,LOW,4,0,0.4003
MT-001362,BLK-00999,C07,2026-09-26,13:56,14:51,55,TRD,PREVENTIVE,26.01,LOW,3,10,0.5376
MT-004641,BLK-02253,C13,2026-09-13,22:44,23:14,30,ENGINEERING,INSPECTION,25.64,LOW,2,7,0.5426
MT-001350,BLK-00354,C07,2026-09-14,03:49,04:34,45,S&T,INSPECTION,25.48,LOW,3,11,0.5243
MT-001315,BLK-00259,C18,2026-09-24,14:39,15:36,57,ENGINEERING,PREVENTIVE,25.43,LOW,2,13,0.4741
MT-001978,BLK-00896,C13,2026-09-18,11:34,12:08,34,S&T,INSPECTION,25.3,LOW,3,11,0.5757
MT-002246,BLK-00014,C03,2026-09-03,10:55,11:48,53,ENGINEERING,PREVENTIVE,25.14,LOW,5,18,0.5132
MT-004575,BLK-01113,C01,2026-09-17,09:50,10:46,56,TRD,INSPECTION,25.03,LOW,4,0,0.4123
MT-003015,BLK-00626,C14,2026-09-10,00:44,01:38,54,ENGINEERING,INSPECTION,25.02,LOW,3,3,0.3858
MT-004443,BLK-00663,C07,2026-09-11,17:48,18:41,53,S&T,INSPECTION,24.89,LOW,1,15,0.4418
MT-004620,BLK-02714,C07,2026-09-10,09:11,10:01,50,S&T,INSPECTION,24.12,LOW,1,8,0.378
MT-002819,BLK-01919,C15,2026-09-18,12:30,13:29,59,TRD,INSPECTION,23.96,LOW,2,0,0.361
MT-002908,BLK-01668,C16,2026-09-03,06:35,07:15,40,TRD,INSPECTION,23.8,LOW,2,20,0.466
MT-000091,BLK-00639,C01,2026-09-02,05:08,05:38,30,ENGINEERING,INSPECTION,23.06,LOW,3,0,0.3749
MT-000446,BLK-02422,C20,2026-09-01,15:42,16:35,53,ENGINEERING,PREVENTIVE,22.61,LOW,3,17,0.4555
MT-002543,BLK-01054,C18,2026-09-22,05:11,06:16,65,TRD,PREVENTIVE,22.6,LOW,3,5,0.3565
MT-002923,BLK-01074,C13,2026-09-06,04:55,05:25,30,S&T,INSPECTION,22.57,LOW,3,21,0.554
MT-003570,BLK-00177,C11,2026-09-19,01:27,02:27,60,S&T,INSPECTION,22.4,LOW,2,13,0.4369
MT-000503,BLK-00397,C19,2026-09-04,20:32,21:24,52,S&T,INSPECTION,21.97,LOW,2,0,0.3369
MT-000019,BLK-00603,C08,2026-09-21,04:59,06:01,62,ENGINEERING,PREVENTIVE,21.96,LOW,3,0,0.3803
MT-003664,BLK-00986,C13,2026-09-15,18:42,19:33,51,ENGINEERING,PREVENTIVE,21.93,LOW,2,17,0.4345
MT-002222,BLK-00834,C06,2026-09-09,01:59,02:41,42,S&T,PREVENTIVE,21.78,LOW,2,18,0.5212
MT-003030,BLK-01456,C09,2026-09-25,08:02,09:00,58,ENGINEERING,INSPECTION,21.75,LOW,1,0,0.3151
MT-002690,BLK-00979,C09,2026-09-11,07:42,08:18,36,S&T,INSPECTION,21.66,LOW,3,5,0.4782
MT-001991,BLK-01151,C18,2026-09-10,14:24,15:22,58,ENGINEERING,INSPECTION,21.58,LOW,2,6,0.3953
MT-002028,BLK-01732,C03,2026-09-19,10:22,11:18,56,TRD,INSPECTION,21.45,LOW,3,2,0.4053
MT-001506,BLK-00090,C06,2026-09-18,03:27,04:11,44,ENGINEERING,INSPECTION,21.27,LOW,4,9,0.5001
MT-002174,BLK-01054,C18,2026-09-22,06:35,07:15,40,TRD,INSPECTION,20.97,LOW,1,27,0.5777
MT-000944,BLK-02406,C16,2026-09-11,22:10,22:49,39,TRD,INSPECTION,20.41,LOW,3,13,0.4361
MT-000348,BLK-00412,C18,2026-09-04,07:28,08:15,47,TRD,INSPECTION,19.9,LOW,4,0,0.4426
MT-000770,BLK-00349,C11,2026-09-14,19:55,20:53,58,ENGINEERING,INSPECTION,19.63,LOW,2,0,0.3607
MT-001497,BLK-00143,C10,2026-09-14,02:17,03:02,45,ENGINEERING,INSPECTION,19.12,LOW,2,20,0.497
MT-003577,BLK-00570,C16,2026-09-14,14:49,15:22,33,TRD,INSPECTION,18.79,LOW,3,3,0.3802
MT-001819,BLK-01424,C09,2026-09-14,11:47,12:38,51,S&T,PREVENTIVE,18.45,LOW,2,6,0.3851
MT-001459,BLK-02968,C07,2026-09-21,19:58,20:53,55,ENGINEERING,INSPECTION,18.15,LOW,2,10,0.3897
MT-002045,BLK-00261,C12,2026-09-17,04:52,05:38,46,TRD,INSPECTION,17.8,LOW,2,0,0.3736
MT-001118,BLK-02326,C10,2026-09-09,13:20,14:11,51,ENGINEERING,INSPECTION,17.69,LOW,3,12,0.4008
MT-004280,BLK-01315,C08,2026-09-30,02:54,04:26,92,S&T,CORRECTIVE,17.19,LOW,3,0,0.3595
MT-004560,BLK-02761,C08,2026-09-06,05:38,06:19,41,TRD,PREVENTIVE,16.02,LOW,2,11,0.4496
MT-003267,BLK-01972,C10,2026-09-26,16:41,17:35,54,S&T,PREVENTIVE,15.69,LOW,3,3,0.3569
MT-004498,BLK-01898,C02,2026-09-10,06:03,06:33,30,ENGINEERING,INSPECTION,14.61,LOW,2,7,0.4657
MT-004638,BLK-02002,C03,2026-09-02,19:13,19:43,30,ENGINEERING,INSPECTION,14.45,LOW,4,0,0.4712
MT-004834,BLK-00615,C09,2026-09-14,22:32,23:04,32,TRD,INSPECTION,13.94,LOW,1,0,0.4104
MT-002932,BLK-02124,C06,2026-09-16,10:39,11:15,36,S&T,INSPECTION,13.63,LOW,1,11,0.4633
MT-001935,BLK-02093,C12,2026-09-27,05:44,06:49,65,TRD,INSPECTION,13.31,LOW,2,9,0.3317
MT-004255,BLK-02941,C09,2026-09-25,00:07,01:02,55,TRD,INSPECTION,12.77,LOW,1,6,0.3036
MT-003213,BLK-00092,C11,2026-09-01,06:24,07:07,43,S&T,INSPECTION,11.11,LOW,1,8,0.3213
