train_id,train_type,corridor_id,date,arrival_time,departure_time,priority,forecast_source
TRN-000001,GOODS,C18,2026-09-13,03:19,03:52,MEDIUM,GOODS_FORECAST
TRN-000002,PASSENGER,C19,2026-09-28,01:50,02:09,HIGH,TIMETABLE
TRN-000003,EXPRESS,C06,2026-09-19,04:41,05:05,HIGH,TIMETABLE
TRN-000004,SUPERFAST,C10,2026-09-29,04:56,05:12,HIGH,TIMETABLE
TRN-000005,PASSENGER,C07,2026-09-24,22:13,22:23,HIGH,TIMETABLE
TRN-000006,EXPRESS,C19,2026-09-04,23:09,23:23,HIGH,TIMETABLE
TRN-000007,EXPRESS,C14,2026-09-22,05:44,05:55,HIGH,TIMETABLE
TRN-000008,PASSENGER,C16,2026-09-06,01:47,02:00,HIGH,TIMETABLE
TRN-000009,GOODS,C11,2026-09-19,14:48,15:22,MEDIUM,GOODS_FORECAST
TRN-000010,SUPERFAST,C13,2026-09-08,01:09,01:22,HIGH,TIMETABLE
TRN-000011,PASSENGER,C16,2026-09-10,23:28,23:43,HIGH,TIMETABLE
TRN-000012,SUPERFAST,C13,2026-09-25,23:36,23:48,HIGH,TIMETABLE
TRN-000013,SUPERFAST,C13,2026-09-09,21:35,22:05,HIGH,TIMETABLE
TRN-000014,EXPRESS,C01,2026-09-04,03:58,04:10,HIGH,TIMETABLE
TRN-000015,PASSENGER,C17,2026-09-08,00:47,01:12,HIGH,TIMETABLE
TRN-000016,PASSENGER,C04,2026-09-26,20:14,20:29,HIGH,TIMETABLE
TRN-000017,EXPRESS,C14,2026-09-10,19:30,19:44,HIGH,TIMETABLE
TRN-000018,PASSENGER,C03,2026-09-23,18:20,18:35,HIGH,TIMETABLE
TRN-000019,EXPRESS,C01,2026-09-13,18:58,19:25,HIGH,TIMETABLE
TRN-000020,SUPERFAST,C17,2026-09-16,02:10,02:36,HIGH,TIMETABLE
TRN-000021,GOODS,C18,2026-09-23,22:14,22:46,MEDIUM,GOODS_FORECAST
TRN-000022,SUPERFAST,C07,2026-09-22,04:00,04:15,HIGH,TIMETABLE
TRN-000023,GOODS,C06,2026-09-01,18:56,19:49,MEDIUM,GOODS_FORECAST
TRN-000024,GOODS,C04,2026-09-02,04:23,05:01,MEDIUM,GOODS_FORECAST
TRN-000025,SUPERFAST,C03,2026-09-18,08:45,08:56,HIGH,TIMETABLE
TRN-000026,PASSENGER,C04,2026-09-17,10:11,10:32,HIGH,TIMETABLE
TRN-000027,GOODS,C06,2026-09-14,22:27,22:52,MEDIUM,GOODS_FORECAST
TRN-000028,PASSENGER,C02,2026-09-17,10:00,10:24,HIGH,TIMETABLE
TRN-000029,PASSENGER,C16,2026-09-23,10:40,11:01,HIGH,TIMETABLE
TRN-000030,SUPERFAST,C17,2026-09-07,23:28,23:41,HIGH,TIMETABLE
TRN-000031,SUPERFAST,C02,2026-09-08,01:15,01:31,HIGH,TIMETABLE
TRN-000032,PASSENGER,C07,2026-09-05,20:33,20:49,HIGH,TIMETABLE
TRN-000033,EXPRESS,C09,2026-09-05,21:14,21:37,HIGH,TIMETABLE
TRN-000034,PASSENGER,C09,2026-09-09,13:01,13:16,HIGH,TIMETABLE
TRN-000035,EXPRESS,C03,2026-09-09,23:05,23:28,HIGH,TIMETABLE
TRN-000036,GOODS,C05,2026-09-18,06:57,07:26,MEDIUM,GOODS_FORECAST
TRN-000037,SUPERFAST,C09,2026-09-21,23:47,00:17,HIGH,TIMETABLE
TRN-000038,PASSENGER,C12,2026-09-19,22:26,22:41,HIGH,TIMETABLE
TRN-000039,EXPRESS,C05,2026-09-11,14:48,15:10,HIGH,TIMETABLE
TRN-000040,PASSENGER,C20,2026-09-08,02:38,02:56,HIGH,TIMETABLE
TRN-000041,PASSENGER,C04,2026-09-22,18:43,19:06,HIGH,TIMETABLE
TRN-000042,PASSENGER,C03,2026-09-12,11:23,11:41,HIGH,TIMETABLE
TRN-000043,PASSENGER,C08,2026-09-09,00:20,00:33,HIGH,TIMETABLE
TRN-000044,EXPRESS,C08,2026-09-13,03:35,03:48,HIGH,TIMETABLE
TRN-000045,PASSENGER,C10,2026-09-19,16:42,16:55,HIGH,TIMETABLE
TRN-000046,EXPRESS,C19,2026-09-28,09:37,10:04,HIGH,TIMETABLE
TRN-000047,PASSENGER,C04,2026-09-29,01:38,01:53,HIGH,TIMETABLE
TRN-000048,PASSENGER,C13,2026-09-06,11:46,12:08,HIGH,TIMETABLE
TRN-000049,EXPRESS,C05,2026-09-09,00:19,00:45,HIGH,TIMETABLE
TRN-000050,SUPERFAST,C05,2026-09-05,12:55,13:23,HIGH,TIMETABLE
TRN-000051,SUPERFAST,C02,2026-09-30,21:49,22:10,HIGH,TIMETABLE
TRN-000052,SUPERFAST,C08,2026-09-22,20:46,21:09,HIGH,TIMETABLE
TRN-000053,SUPERFAST,C06,2026-09-15,12:04,12:28,HIGH,TIMETABLE
TRN-000054,EXPRESS,C09,2026-09-14,17:46,18:03,HIGH,TIMETABLE
TRN-000055,PASSENGER,C03,2026-09-10,13:52,14:12,HIGH,TIMETABLE
TRN-000056,GOODS,C03,2026-09-03,08:11,08:41,MEDIUM,GOODS_FORECAST
TRN-000057,PASSENGER,C02,2026-09-03,09:45,10:10,HIGH,TIMETABLE
TRN-000058,GOODS,C01,2026-09-14,23:06,00:03,MEDIUM,GOODS_FORECAST
TRN-000059,GOODS,C05,2026-09-16,16:59,17:56,MEDIUM,GOODS_FORECAST
TRN-000060,SUPERFAST,C18,2026-09-23,04:15,04:37,HIGH,TIMETABLE
TRN-000061,PASSENGER,C07,2026-09-30,00:14,00:37,HIGH,TIMETABLE
TRN-000062,SUPERFAST,C12,2026-09-08,22:34,23:00,HIGH,TIMETABLE
TRN-000063,SUPERFAST,C02,2026-09-20,15:18,15:33,HIGH,TIMETABLE
TRN-000064,SUPERFAST,C17,2026-09-29,07:40,07:55,HIGH,TIMETABLE
TRN-000065,PASSENGER,C05,2026-09-17,12:03,12:14,HIGH,TIMETABLE
TRN-000066,EXPRESS,C13,2026-09-06,12:44,12:57,HIGH,TIMETABLE
TRN-000067,PASSENGER,C08,2026-09-27,18:24,18:37,HIGH,TIMETABLE
TRN-000068,PASSENGER,C16,2026-09-10,09:02,09:18,HIGH,TIMETABLE
TRN-000069,PASSENGER,C19,2026-09-13,07:25,07:44,HIGH,TIMETABLE
TRN-000070,GOODS,C17,2026-09-27,01:12,02:06,MEDIUM,GOODS_FORECAST
TRN-000071,GOODS,C16,2026-09-02,12:08,12:33,MEDIUM,GOODS_FORECAST
TRN-000072,SUPERFAST,C11,2026-09-10,12:04,12:17,HIGH,TIMETABLE
TRN-000073,PASSENGER,C06,2026-09-13,12:06,12:16,HIGH,TIMETABLE
TRN-000074,PASSENGER,C16,2026-09-07,02:53,03:07,HIGH,TIMETABLE
TRN-000075,EXPRESS,C16,2026-09-01,05:18,05:36,HIGH,TIMETABLE
TRN-000076,PASSENGER,C13,2026-09-12,10:12,10:33,HIGH,TIMETABLE
TRN-000077,EXPRESS,C06,2026-09-18,09:11,09:24,HIGH,TIMETABLE
TRN-000078,GOODS,C15,2026-09-06,04:46,05:33,MEDIUM,GOODS_FORECAST
TRN-000079,SUPERFAST,C01,2026-09-12,06:46,06:59,HIGH,TIMETABLE
TRN-000080,PASSENGER,C02,2026-09-05,13:28,13:51,HIGH,TIMETABLE
TRN-000081,SUPERFAST,C02,2026-09-06,22:44,23:00,HIGH,TIMETABLE
TRN-000082,GOODS,C09,2026-09-04,14:22,15:18,MEDIUM,GOODS_FORECAST
TRN-000083,EXPRESS,C05,2026-09-11,13:38,14:04,HIGH,TIMETABLE
TRN-000084,SUPERFAST,C13,2026-09-05,03:44,03:57,HIGH,TIMETABLE
TRN-000085,SUPERFAST,C05,2026-09-05,11:44,12:10,HIGH,TIMETABLE
TRN-000086,PASSENGER,C08,2026-09-02,23:09,23:29,HIGH,TIMETABLE
TRN-000087,EXPRESS,C20,2026-09-24,00:16,00:39,HIGH,TIMETABLE
TRN-000088,EXPRESS,C10,2026-09-16,02:49,03:12,HIGH,TIMETABLE
TRN-000089,PASSENGER,C05,2026-09-24,17:27,17:42,HIGH,TIMETABLE
TRN-000090,PASSENGER,C04,2026-09-28,08:59,09:16,HIGH,TIMETABLE
TRN-000091,SUPERFAST,C14,2026-09-07,16:10,16:23,HIGH,TIMETABLE
TRN-000092,SUPERFAST,C17,2026-09-20,06:11,06:27,HIGH,TIMETABLE
TRN-000093,GOODS,C19,2026-09-21,21:39,22:13,MEDIUM,GOODS_FORECAST
TRN-000094,PASSENGER,C05,2026-09-13,01:18,01:36,HIGH,TIMETABLE
TRN-000095,GOODS,C05,2026-09-14,00:36,01:13,MEDIUM,GOODS_FORECAST
TRN-000096,PASSENGER,C02,2026-09-13,13:54,14:13,HIGH,TIMETABLE
TRN-000097,SUPERFAST,C08,2026-09-08,11:28,11:51,HIGH,TIMETABLE
TRN-000098,EXPRESS,C17,2026-09-14,21:58,22:09,HIGH,TIMETABLE
TRN-000099,PASSENGER,C09,2026-09-12,09:34,09:55,HIGH,TIMETABLE
TRN-000100,SUPERFAST,C08,2026-09-11,01:37,01:52,HIGH,TIMETABLE
TRN-000101,PASSENGER,C02,2026-09-22,10:58,11:14,HIGH,TIMETABLE
TRN-000102,PASSENGER,C09,2026-09-30,20:42,20:55,HIGH,TIMETABLE
TRN-000103,EXPRESS,C09,2026-09-16,12:24,12:44,HIGH,TIMETABLE
TRN-000104,PASSENGER,C04,2026-09-22,00:27,00:41,HIGH,TIMETABLE
TRN-000105,PASSENGER,C12,2026-09-24,20:06,20:27,HIGH,TIMETABLE
TRN-000106,PASSENGER,C09,2026-09-07,19:56,20:18,HIGH,TIMETABLE
TRN-000107,PASSENGER,C04,2026-09-05,21:29,21:42,HIGH,TIMETABLE
TRN-000108,PASSENGER,C07,2026-09-07,15:12,15:25,HIGH,TIMETABLE
TRN-000109,PASSENGER,C18,2026-09-20,11:42,12:01,HIGH,TIMETABLE
TRN-000110,SUPERFAST,C07,2026-09-18,05:14,05:25,HIGH,TIMETABLE
TRN-000111,PASSENGER,C14,2026-09-18,08:37,08:58,HIGH,TIMETABLE
TRN-000112,GOODS,C15,2026-09-21,04:00,04:52,MEDIUM,GOODS_FORECAST
TRN-000113,PASSENGER,C14,2026-09-17,17:11,17:21,HIGH,TIMETABLE
TRN-000114,PASSENGER,C09,2026-09-23,04:24,04:43,HIGH,TIMETABLE
TRN-000115,PASSENGER,C19,2026-09-02,23:40,23:56,HIGH,TIMETABLE
TRN-000116,SUPERFAST,C13,2026-09-16,23:22,23:49,HIGH,TIMETABLE
TRN-000117,GOODS,C03,2026-09-06,14:56,15:53,MEDIUM,GOODS_FORECAST
TRN-000118,EXPRESS,C13,2026-09-13,20:43,21:01,HIGH,TIMETABLE
TRN-000119,PASSENGER,C01,2026-09-06,19:31,19:47,HIGH,TIMETABLE
TRN-000120,EXPRESS,C01,2026-09-29,17:30,17:54,HIGH,TIMETABLE
TRN-000121,EXPRESS,C17,2026-09-09,10:21,10:38,HIGH,TIMETABLE
TRN-000122,PASSENGER,C09,2026-09-18,04:03,04:18,HIGH,TIMETABLE
TRN-000123,PASSENGER,C18,2026-09-08,09:57,10:08,HIGH,TIMETABLE
TRN-000124,SUPERFAST,C09,2026-09-30,04:32,04:50,HIGH,TIMETABLE
TRN-000125,GOODS,C02,2026-09-21,08:29,09:07,MEDIUM,GOODS_FORECAST
TRN-000126,EXPRESS,C01,2026-09-21,11:51,12:21,HIGH,TIMETABLE
TRN-000127,SUPERFAST,C12,2026-09-11,02:50,03:17,HIGH,TIMETABLE
TRN-000128,PASSENGER,C05,2026-09-14,20:52,21:11,HIGH,TIMETABLE
TRN-000129,PASSENGER,C02,2026-09-21,00:21,00:42,HIGH,TIMETABLE
TRN-000130,PASSENGER,C09,2026-09-06,08:44,08:54,HIGH,TIMETABLE
TRN-000131,EXPRESS,C19,2026-09-04,23:29,23:51,HIGH,TIMETABLE
TRN-000132,GOODS,C09,2026-09-28,21:22,22:22,MEDIUM,GOODS_FORECAST
TRN-000133,PASSENGER,C15,2026-09-08,11:04,11:22,HIGH,TIMETABLE
TRN-000134,PASSENGER,C13,2026-09-05,15:13,15:30,HIGH,TIMETABLE
TRN-000135,SUPERFAST,C14,2026-09-12,05:03,05:28,HIGH,TIMETABLE
TRN-000136,PASSENGER,C06,2026-09-15,06:18,06:33,HIGH,TIMETABLE
TRN-000137,PASSENGER,C16,2026-09-24,06:09,06:28,HIGH,TIMETABLE
TRN-000138,PASSENGER,C06,2026-09-29,06:03,06:25,HIGH,TIMETABLE
TRN-000139,SUPERFAST,C07,2026-09-03,04:53,05:05,HIGH,TIMETABLE
TRN-000140,EXPRESS,C15,2026-09-30,22:01,22:23,HIGH,TIMETABLE
TRN-000141,PASSENGER,C17,2026-09-05,00:24,00:37,HIGH,TIMETABLE
TRN-000142,EXPRESS,C01,2026-09-04,00:27,00:57,HIGH,TIMETABLE
TRN-000143,GOODS,C05,2026-09-08,02:51,03:33,MEDIUM,GOODS_FORECAST
TRN-000144,PASSENGER,C20,2026-09-01,00:19,00:32,HIGH,TIMETABLE
TRN-000145,EXPRESS,C11,2026-09-28,02:54,03:10,HIGH,TIMETABLE
TRN-000146,PASSENGER,C19,2026-09-29,15:09,15:24,HIGH,TIMETABLE
TRN-000147,PASSENGER,C16,2026-09-05,08:19,08:30,HIGH,TIMETABLE
TRN-000148,EXPRESS,C09,2026-09-21,18:33,18:46,HIGH,TIMETABLE
TRN-000149,PASSENGER,C02,2026-09-04,18:35,18:54,HIGH,TIMETABLE
TRN-000150,PASSENGER,C14,2026-09-05,00:02,00:19,HIGH,TIMETABLE
TRN-000151,PASSENGER,C14,2026-09-13,05:01,05:22,HIGH,TIMETABLE
TRN-000152,SUPERFAST,C08,2026-09-30,23:21,23:43,HIGH,TIMETABLE
TRN-000153,SUPERFAST,C04,2026-09-16,05:47,06:00,HIGH,TIMETABLE
TRN-000154,PASSENGER,C10,2026-09-12,02:36,02:56,HIGH,TIMETABLE
TRN-000155,PASSENGER,C03,2026-09-29,01:28,01:42,HIGH,TIMETABLE
TRN-000156,PASSENGER,C17,2026-09-11,20:28,20:43,HIGH,TIMETABLE
TRN-000157,SUPERFAST,C05,2026-09-29,22:46,23:05,HIGH,TIMETABLE
TRN-000158,SUPERFAST,C10,2026-09-12,03:32,03:50,HIGH,TIMETABLE
TRN-000159,GOODS,C12,2026-09-30,09:03,09:32,MEDIUM,GOODS_FORECAST
TRN-000160,SUPERFAST,C05,2026-09-25,22:23,22:37,HIGH,TIMETABLE
TRN-000161,PASSENGER,C13,2026-09-15,16:19,16:31,HIGH,TIMETABLE
TRN-000162,PASSENGER,C14,2026-09-24,09:30,09:44,HIGH,TIMETABLE
TRN-000163,PASSENGER,C05,2026-09-06,13:08,13:29,HIGH,TIMETABLE
TRN-000164,PASSENGER,C14,2026-09-16,23:40,00:03,HIGH,TIMETABLE
TRN-000165,SUPERFAST,C11,2026-09-05,22:19,22:36,HIGH,TIMETABLE
TRN-000166,EXPRESS,C18,2026-09-16,18:23,18:50,HIGH,TIMETABLE
TRN-000167,EXPRESS,C18,2026-09-27,07:51,08:13,HIGH,TIMETABLE
TRN-000168,PASSENGER,C14,2026-09-17,19:43,20:00,HIGH,TIMETABLE
TRN-000169,SUPERFAST,C08,2026-09-12,00:05,00:21,HIGH,TIMETABLE
TRN-000170,GOODS,C01,2026-09-12,19:03,19:58,MEDIUM,GOODS_FORECAST
TRN-000171,GOODS,C04,2026-09-02,11:55,12:43,MEDIUM,GOODS_FORECAST
TRN-000172,GOODS,C05,2026-09-10,15:42,16:16,MEDIUM,GOODS_FORECAST
TRN-000173,GOODS,C18,2026-09-30,14:22,15:02,MEDIUM,GOODS_FORECAST
TRN-000174,PASSENGER,C08,2026-09-02,04:42,04:55,HIGH,TIMETABLE
TRN-000175,GOODS,C05,2026-09-13,00:53,01:45,MEDIUM,GOODS_FORECAST
TRN-000176,EXPRESS,C04,2026-09-22,19:51,20:03,HIGH,TIMETABLE
TRN-000177,EXPRESS,C20,2026-09-28,05:23,05:33,HIGH,TIMETABLE
TRN-000178,PASSENGER,C05,2026-09-03,08:21,08:33,HIGH,TIMETABLE
TRN-000179,PASSENGER,C14,2026-09-05,06:13,06:38,HIGH,TIMETABLE
TRN-000180,SUPERFAST,C17,2026-09-23,10:13,10:38,HIGH,TIMETABLE
TRN-000181,EXPRESS,C11,2026-09-15,22:00,22:10,HIGH,TIMETABLE
TRN-000182,PASSENGER,C05,2026-09-02,21:55,22:06,HIGH,TIMETABLE
TRN-000183,SUPERFAST,C06,2026-09-17,05:28,05:38,HIGH,TIMETABLE
TRN-000184,EXPRESS,C14,2026-09-22,15:30,15:57,HIGH,TIMETABLE
TRN-000185,SUPERFAST,C09,2026-09-30,19:31,19:57,HIGH,TIMETABLE
TRN-000186,PASSENGER,C08,2026-09-14,05:21,05:39,HIGH,TIMETABLE
TRN-000187,GOODS,C17,2026-09-13,04:16,04:54,MEDIUM,GOODS_FORECAST
TRN-000188,EXPRESS,C02,2026-09-08,13:23,13:38,HIGH,TIMETABLE
TRN-000189,GOODS,C18,2026-09-20,02:38,03:32,MEDIUM,GOODS_FORECAST
TRN-000190,EXPRESS,C13,2026-09-27,12:59,13:14,HIGH,TIMETABLE
TRN-000191,PASSENGER,C12,2026-09-21,14:28,14:44,HIGH,TIMETABLE
TRN-000192,PASSENGER,C04,2026-09-03,12:22,12:42,HIGH,TIMETABLE
TRN-000193,PASSENGER,C10,2026-09-06,18:29,18:42,HIGH,TIMETABLE
TRN-000194,PASSENGER,C20,2026-09-01,10:33,10:49,HIGH,TIMETABLE
TRN-000195,EXPRESS,C02,2026-09-08,09:11,09:23,HIGH,TIMETABLE
TRN-000196,GOODS,C19,2026-09-02,19:14,20:09,MEDIUM,GOODS_FORECAST
TRN-000197,PASSENGER,C11,2026-09-03,10:32,10:42,HIGH,TIMETABLE
TRN-000198,GOODS,C10,2026-09-13,17:04,17:41,MEDIUM,GOODS_FORECAST
TRN-000199,PASSENGER,C13,2026-09-24,12:08,12:22,HIGH,TIMETABLE
TRN-000200,SUPERFAST,C04,2026-09-11,13:54,14:20,HIGH,TIMETABLE
TRN-000201,PASSENGER,C05,2026-09-01,20:02,20:24,HIGH,TIMETABLE
TRN-000202,EXPRESS,C02,2026-09-10,05:30,05:44,HIGH,TIMETABLE
TRN-000203,SUPERFAST,C03,2026-09-29,21:21,21:33,HIGH,TIMETABLE
TRN-000204,GOODS,C08,2026-09-29,07:21,07:55,MEDIUM,GOODS_FORECAST
TRN-000205,SUPERFAST,C06,2026-09-17,17:37,18:06,HIGH,TIMETABLE
TRN-000206,SUPERFAST,C11,2026-09-15,04:28,04:48,HIGH,TIMETABLE
TRN-000207,PASSENGER,C20,2026-09-28,14:42,14:53,HIGH,TIMETABLE
TRN-000208,GOODS,C13,2026-09-08,07:07,07:36,MEDIUM,GOODS_FORECAST
TRN-000209,GOODS,C19,2026-09-21,16:58,17:29,MEDIUM,GOODS_FORECAST
TRN-000210,GOODS,C05,2026-09-25,10:33,11:33,MEDIUM,GOODS_FORECAST
TRN-000211,GOODS,C03,2026-09-16,03:12,04:06,MEDIUM,GOODS_FORECAST
TRN-000212,PASSENGER,C10,2026-09-06,02:19,02:37,HIGH,TIMETABLE
TRN-000213,EXPRESS,C12,2026-09-03,02:25,02:40,HIGH,TIMETABLE
TRN-000214,SUPERFAST,C15,2026-09-09,16:09,16:27,HIGH,TIMETABLE
TRN-000215,SUPERFAST,C15,2026-09-21,04:47,05:00,HIGH,TIMETABLE
TRN-000216,GOODS,C16,2026-09-02,12:24,13:07,MEDIUM,GOODS_FORECAST
TRN-000217,EXPRESS,C20,2026-09-30,23:13,23:27,HIGH,TIMETABLE
TRN-000218,EXPRESS,C17,2026-09-28,21:19,21:39,HIGH,TIMETABLE
TRN-000219,EXPRESS,C14,2026-09-17,15:21,15:39,HIGH,TIMETABLE
TRN-000220,GOODS,C02,2026-09-20,21:58,22:26,MEDIUM,GOODS_FORECAST
TRN-000221,SUPERFAST,C08,2026-09-23,19:08,19:18,HIGH,TIMETABLE
TRN-000222,PASSENGER,C04,2026-09-10,12:49,13:04,HIGH,TIMETABLE
TRN-000223,EXPRESS,C03,2026-09-08,13:15,13:39,HIGH,TIMETABLE
TRN-000224,SUPERFAST,C12,2026-09-15,15:59,16:29,HIGH,TIMETABLE
TRN-000225,EXPRESS,C15,2026-09-04,02:55,03:10,HIGH,TIMETABLE
TRN-000226,SUPERFAST,C13,2026-09-25,14:47,15:03,HIGH,TIMETABLE
TRN-000227,EXPRESS,C03,2026-09-11,11:41,12:10,HIGH,TIMETABLE
TRN-000228,EXPRESS,C16,2026-09-04,09:30,09:54,HIGH,TIMETABLE
TRN-000229,PASSENGER,C05,2026-09-16,04:58,05:14,HIGH,TIMETABLE
TRN-000230,PASSENGER,C02,2026-09-20,12:58,13:09,HIGH,TIMETABLE
TRN-000231,GOODS,C12,2026-09-26,14:40,15:35,MEDIUM,GOODS_FORECAST
TRN-000232,PASSENGER,C07,2026-09-28,00:46,01:09,HIGH,TIMETABLE
TRN-000233,PASSENGER,C06,2026-09-03,04:50,05:02,HIGH,TIMETABLE
TRN-000234,PASSENGER,C03,2026-09-10,15:24,15:47,HIGH,TIMETABLE
TRN-000235,EXPRESS,C09,2026-09-06,01:50,02:02,HIGH,TIMETABLE
TRN-000236,GOODS,C14,2026-09-11,10:08,10:43,MEDIUM,GOODS_FORECAST
TRN-000237,PASSENGER,C14,2026-09-16,16:13,16:28,HIGH,TIMETABLE
TRN-000238,GOODS,C14,2026-09-12,23:39,00:28,MEDIUM,GOODS_FORECAST
TRN-000239,GOODS,C18,2026-09-26,20:22,20:59,MEDIUM,GOODS_FORECAST
TRN-000240,PASSENGER,C19,2026-09-20,04:56,05:16,HIGH,TIMETABLE
TRN-000241,SUPERFAST,C11,2026-09-01,05:08,05:32,HIGH,TIMETABLE
TRN-000242,GOODS,C16,2026-09-28,10:48,11:20,MEDIUM,GOODS_FORECAST
TRN-000243,SUPERFAST,C14,2026-09-09,17:46,17:56,HIGH,TIMETABLE
TRN-000244,GOODS,C05,2026-09-21,15:20,15:51,MEDIUM,GOODS_FORECAST
TRN-000245,PASSENGER,C07,2026-09-14,23:46,00:01,HIGH,TIMETABLE
TRN-000246,SUPERFAST,C07,2026-09-12,07:09,07:25,HIGH,TIMETABLE
TRN-000247,GOODS,C19,2026-09-01,12:38,13:26,MEDIUM,GOODS_FORECAST
TRN-000248,PASSENGER,C10,2026-09-17,04:15,04:40,HIGH,TIMETABLE
TRN-000249,SUPERFAST,C15,2026-09-14,14:00,14:21,HIGH,TIMETABLE
TRN-000250,EXPRESS,C18,2026-09-14,17:51,18:11,HIGH,TIMETABLE
TRN-000251,PASSENGER,C06,2026-09-15,14:37,14:58,HIGH,TIMETABLE
TRN-000252,PASSENGER,C20,2026-09-06,18:31,18:54,HIGH,TIMETABLE
TRN-000253,EXPRESS,C14,2026-09-21,09:40,10:09,HIGH,TIMETABLE
TRN-000254,GOODS,C04,2026-09-03,03:32,04:02,MEDIUM,GOODS_FORECAST
TRN-000255,SUPERFAST,C20,2026-09-30,14:02,14:15,HIGH,TIMETABLE
TRN-000256,EXPRESS,C20,2026-09-30,18:35,18:48,HIGH,TIMETABLE
TRN-000257,SUPERFAST,C17,2026-09-19,01:06,01:25,HIGH,TIMETABLE
TRN-000258,GOODS,C07,2026-09-08,15:31,16:31,MEDIUM,GOODS_FORECAST
TRN-000259,EXPRESS,C07,2026-09-28,16:01,16:14,HIGH,TIMETABLE
TRN-000260,EXPRESS,C15,2026-09-14,22:00,22:22,HIGH,TIMETABLE
TRN-000261,PASSENGER,C12,2026-09-26,07:38,07:57,HIGH,TIMETABLE
TRN-000262,PASSENGER,C09,2026-09-10,14:09,14:26,HIGH,TIMETABLE
TRN-000263,PASSENGER,C14,2026-09-02,00:31,00:41,HIGH,TIMETABLE
TRN-000264,PASSENGER,C12,2026-09-27,17:42,18:02,HIGH,TIMETABLE
TRN-000265,PASSENGER,C19,2026-09-14,08:15,08:37,HIGH,TIMETABLE
TRN-000266,PASSENGER,C13,2026-09-27,01:45,02:08,HIGH,TIMETABLE
TRN-000267,PASSENGER,C13,2026-09-24,05:55,06:17,HIGH,TIMETABLE
TRN-000268,GOODS,C17,2026-09-06,14:55,15:34,MEDIUM,GOODS_FORECAST
TRN-000269,PASSENGER,C05,2026-09-17,04:02,04:24,HIGH,TIMETABLE
TRN-000270,GOODS,C09,2026-09-27,18:52,19:27,MEDIUM,GOODS_FORECAST
TRN-000271,GOODS,C07,2026-09-03,03:11,03:37,MEDIUM,GOODS_FORECAST
TRN-000272,EXPRESS,C19,2026-09-05,00:56,01:25,HIGH,TIMETABLE
TRN-000273,SUPERFAST,C03,2026-09-19,13:03,13:13,HIGH,TIMETABLE
TRN-000274,SUPERFAST,C05,2026-09-15,21:39,22:09,HIGH,TIMETABLE
TRN-000275,SUPERFAST,C06,2026-09-08,22:16,22:33,HIGH,TIMETABLE
TRN-000276,PASSENGER,C18,2026-09-27,08:22,08:44,HIGH,TIMETABLE
TRN-000277,SUPERFAST,C02,2026-09-09,02:49,03:03,HIGH,TIMETABLE
TRN-000278,SUPERFAST,C19,2026-09-28,03:31,03:44,HIGH,TIMETABLE
TRN-000279,EXPRESS,C20,2026-09-04,03:39,03:53,HIGH,TIMETABLE
TRN-000280,PASSENGER,C06,2026-09-03,02:38,03:03,HIGH,TIMETABLE
TRN-000281,GOODS,C07,2026-09-13,03:26,04:22,MEDIUM,GOODS_FORECAST
TRN-000282,SUPERFAST,C14,2026-09-03,16:36,17:06,HIGH,TIMETABLE
TRN-000283,PASSENGER,C14,2026-09-13,10:42,11:06,HIGH,TIMETABLE
TRN-000284,GOODS,C06,2026-09-10,00:20,00:56,MEDIUM,GOODS_FORECAST
TRN-000285,SUPERFAST,C20,2026-09-28,01:04,01:17,HIGH,TIMETABLE
TRN-000286,GOODS,C12,2026-09-16,20:57,21:56,MEDIUM,GOODS_FORECAST
TRN-000287,PASSENGER,C17,2026-09-24,08:41,08:54,HIGH,TIMETABLE
TRN-000288,PASSENGER,C01,2026-09-18,00:47,01:01,HIGH,TIMETABLE
TRN-000289,PASSENGER,C12,2026-09-04,07:24,07:34,HIGH,TIMETABLE
TRN-000290,PASSENGER,C08,2026-09-03,23:36,23:50,HIGH,TIMETABLE
TRN-000291,PASSENGER,C16,2026-09-07,03:08,03:29,HIGH,TIMETABLE
TRN-000292,SUPERFAST,C10,2026-09-15,16:55,17:18,HIGH,TIMETABLE
TRN-000293,EXPRESS,C13,2026-09-30,06:35,06:53,HIGH,TIMETABLE
TRN-000294,PASSENGER,C09,2026-09-13,03:30,03:49,HIGH,TIMETABLE
TRN-000295,PASSENGER,C07,2026-09-24,16:39,17:02,HIGH,TIMETABLE
TRN-000296,GOODS,C14,2026-09-20,09:16,10:01,MEDIUM,GOODS_FORECAST
TRN-000297,SUPERFAST,C20,2026-09-13,14:39,14:55,HIGH,TIMETABLE
TRN-000298,EXPRESS,C12,2026-09-29,21:35,21:47,HIGH,TIMETABLE
TRN-000299,EXPRESS,C02,2026-09-17,08:38,09:06,HIGH,TIMETABLE
TRN-000300,EXPRESS,C20,2026-09-27,22:01,22:27,HIGH,TIMETABLE
TRN-000301,EXPRESS,C01,2026-09-04,06:08,06:28,HIGH,TIMETABLE
TRN-000302,EXPRESS,C06,2026-09-12,08:22,08:34,HIGH,TIMETABLE
TRN-000303,PASSENGER,C12,2026-09-12,04:57,05:17,HIGH,TIMETABLE
TRN-000304,PASSENGER,C11,2026-09-23,00:22,00:42,HIGH,TIMETABLE
TRN-000305,PASSENGER,C19,2026-09-26,10:58,11:15,HIGH,TIMETABLE
TRN-000306,EXPRESS,C13,2026-09-10,20:32,20:48,HIGH,TIMETABLE
TRN-000307,EXPRESS,C04,2026-09-18,09:29,09:58,HIGH,TIMETABLE
TRN-000308,GOODS,C03,2026-09-19,22:03,22:54,MEDIUM,GOODS_FORECAST
TRN-000309,SUPERFAST,C14,2026-09-11,10:55,11:11,HIGH,TIMETABLE
TRN-000310,PASSENGER,C16,2026-09-16,01:35,01:53,HIGH,TIMETABLE
TRN-000311,EXPRESS,C04,2026-09-15,05:50,06:19,HIGH,TIMETABLE
TRN-000312,PASSENGER,C13,2026-09-08,19:40,19:50,HIGH,TIMETABLE
TRN-000313,PASSENGER,C19,2026-09-01,15:45,16:04,HIGH,TIMETABLE
TRN-000314,PASSENGER,C13,2026-09-02,18:12,18:23,HIGH,TIMETABLE
TRN-000315,PASSENGER,C01,2026-09-03,16:02,16:15,HIGH,TIMETABLE
TRN-000316,GOODS,C14,2026-09-24,10:16,10:58,MEDIUM,GOODS_FORECAST
TRN-000317,PASSENGER,C12,2026-09-13,02:43,03:03,HIGH,TIMETABLE
TRN-000318,EXPRESS,C02,2026-09-13,10:11,10:35,HIGH,TIMETABLE
TRN-000319,EXPRESS,C04,2026-09-27,12:45,13:14,HIGH,TIMETABLE
TRN-000320,PASSENGER,C08,2026-09-02,00:21,00:35,HIGH,TIMETABLE
TRN-000321,PASSENGER,C11,2026-09-28,23:28,23:51,HIGH,TIMETABLE
TRN-000322,PASSENGER,C03,2026-09-07,12:35,12:45,HIGH,TIMETABLE
TRN-000323,GOODS,C02,2026-09-09,01:28,02:00,MEDIUM,GOODS_FORECAST
TRN-000324,PASSENGER,C10,2026-09-03,09:00,09:20,HIGH,TIMETABLE
TRN-000325,SUPERFAST,C13,2026-09-09,23:50,00:05,HIGH,TIMETABLE
TRN-000326,GOODS,C19,2026-09-15,04:05,04:38,MEDIUM,GOODS_FORECAST
TRN-000327,PASSENGER,C05,2026-09-25,19:56,20:19,HIGH,TIMETABLE
TRN-000328,SUPERFAST,C04,2026-09-17,18:00,18:17,HIGH,TIMETABLE
TRN-000329,EXPRESS,C16,2026-09-09,10:59,11:24,HIGH,TIMETABLE
TRN-000330,PASSENGER,C09,2026-09-25,10:06,10:18,HIGH,TIMETABLE
TRN-000331,EXPRESS,C08,2026-09-22,22:05,22:21,HIGH,TIMETABLE
TRN-000332,SUPERFAST,C03,2026-09-16,02:03,02:19,HIGH,TIMETABLE
TRN-000333,PASSENGER,C07,2026-09-15,13:08,13:24,HIGH,TIMETABLE
TRN-000334,EXPRESS,C11,2026-09-07,20:09,20:35,HIGH,TIMETABLE
TRN-000335,EXPRESS,C11,2026-09-25,10:38,11:02,HIGH,TIMETABLE
TRN-000336,SUPERFAST,C17,2026-09-04,04:26,04:43,HIGH,TIMETABLE
TRN-000337,GOODS,C13,2026-09-15,21:10,22:07,MEDIUM,GOODS_FORECAST
TRN-000338,PASSENGER,C13,2026-09-07,02:20,02:38,HIGH,TIMETABLE
TRN-000339,EXPRESS,C10,2026-09-28,19:42,20:12,HIGH,TIMETABLE
TRN-000340,PASSENGER,C15,2026-09-29,03:39,03:52,HIGH,TIMETABLE
TRN-000341,PASSENGER,C15,2026-09-06,09:06,09:16,HIGH,TIMETABLE
TRN-000342,EXPRESS,C17,2026-09-15,12:00,12:18,HIGH,TIMETABLE
TRN-000343,PASSENGER,C18,2026-09-03,12:05,12:28,HIGH,TIMETABLE
TRN-000344,PASSENGER,C13,2026-09-17,14:42,15:02,HIGH,TIMETABLE
TRN-000345,PASSENGER,C09,2026-09-12,03:20,03:31,HIGH,TIMETABLE
TRN-000346,SUPERFAST,C14,2026-09-07,10:02,10:18,HIGH,TIMETABLE
TRN-000347,EXPRESS,C20,2026-09-09,18:04,18:33,HIGH,TIMETABLE
TRN-000348,EXPRESS,C14,2026-09-04,23:15,23:26,HIGH,TIMETABLE
TRN-000349,SUPERFAST,C04,2026-09-08,03:55,04:06,HIGH,TIMETABLE
TRN-000350,GOODS,C19,2026-09-09,08:08,08:37,MEDIUM,GOODS_FORECAST
TRN-000351,EXPRESS,C09,2026-09-08,21:10,21:32,HIGH,TIMETABLE
TRN-000352,EXPRESS,C04,2026-09-08,23:36,23:54,HIGH,TIMETABLE
TRN-000353,EXPRESS,C06,2026-09-26,06:56,07:17,HIGH,TIMETABLE
TRN-000354,SUPERFAST,C20,2026-09-10,00:06,00:19,HIGH,TIMETABLE
TRN-000355,PASSENGER,C20,2026-09-16,10:25,10:42,HIGH,TIMETABLE
TRN-000356,PASSENGER,C03,2026-09-06,06:23,06:43,HIGH,TIMETABLE
TRN-000357,GOODS,C05,2026-09-01,22:44,23:39,MEDIUM,GOODS_FORECAST
TRN-000358,EXPRESS,C01,2026-09-06,09:00,09:12,HIGH,TIMETABLE
TRN-000359,PASSENGER,C01,2026-09-20,12:01,12:26,HIGH,TIMETABLE
TRN-000360,EXPRESS,C16,2026-09-28,08:26,08:51,HIGH,TIMETABLE
TRN-000361,PASSENGER,C01,2026-09-19,23:12,23:31,HIGH,TIMETABLE
TRN-000362,GOODS,C17,2026-09-17,05:42,06:16,MEDIUM,GOODS_FORECAST
TRN-000363,SUPERFAST,C04,2026-09-10,11:27,11:51,HIGH,TIMETABLE
TRN-000364,EXPRESS,C12,2026-09-18,08:47,09:12,HIGH,TIMETABLE
TRN-000365,PASSENGER,C15,2026-09-01,12:02,12:21,HIGH,TIMETABLE
TRN-000366,SUPERFAST,C17,2026-09-25,22:39,23:08,HIGH,TIMETABLE
TRN-000367,EXPRESS,C09,2026-09-22,17:43,18:13,HIGH,TIMETABLE
TRN-000368,PASSENGER,C14,2026-09-28,07:31,07:45,HIGH,TIMETABLE
TRN-000369,EXPRESS,C01,2026-09-08,19:42,20:05,HIGH,TIMETABLE
TRN-000370,EXPRESS,C03,2026-09-07,12:53,13:23,HIGH,TIMETABLE
TRN-000371,PASSENGER,C09,2026-09-29,21:23,21:47,HIGH,TIMETABLE
TRN-000372,GOODS,C17,2026-09-06,09:03,09:50,MEDIUM,GOODS_FORECAST
TRN-000373,GOODS,C13,2026-09-19,14:14,14:56,MEDIUM,GOODS_FORECAST
TRN-000374,PASSENGER,C02,2026-09-19,17:45,18:05,HIGH,TIMETABLE
TRN-000375,GOODS,C04,2026-09-14,15:31,16:18,MEDIUM,GOODS_FORECAST
TRN-000376,PASSENGER,C01,2026-09-16,23:23,23:37,HIGH,TIMETABLE
TRN-000377,EXPRESS,C05,2026-09-17,09:53,10:22,HIGH,TIMETABLE
TRN-000378,EXPRESS,C06,2026-09-10,16:37,16:56,HIGH,TIMETABLE
TRN-000379,PASSENGER,C10,2026-09-01,15:29,15:40,HIGH,TIMETABLE
TRN-000380,PASSENGER,C19,2026-09-04,01:48,02:13,HIGH,TIMETABLE
TRN-000381,PASSENGER,C14,2026-09-12,22:32,22:42,HIGH,TIMETABLE
TRN-000382,PASSENGER,C05,2026-09-12,09:40,09:54,HIGH,TIMETABLE
TRN-000383,GOODS,C09,2026-09-05,06:42,07:34,MEDIUM,GOODS_FORECAST
TRN-000384,EXPRESS,C03,2026-09-10,07:28,07:39,HIGH,TIMETABLE
TRN-000385,EXPRESS,C12,2026-09-08,23:09,23:39,HIGH,TIMETABLE
TRN-000386,EXPRESS,C13,2026-09-29,03:20,03:38,HIGH,TIMETABLE
TRN-000387,GOODS,C20,2026-09-10,05:54,06:46,MEDIUM,GOODS_FORECAST
TRN-000388,SUPERFAST,C11,2026-09-26,19:44,19:58,HIGH,TIMETABLE
TRN-000389,SUPERFAST,C07,2026-09-09,04:37,05:00,HIGH,TIMETABLE
TRN-000390,EXPRESS,C10,2026-09-10,02:55,03:14,HIGH,TIMETABLE
TRN-000391,EXPRESS,C15,2026-09-18,06:15,06:37,HIGH,TIMETABLE
TRN-000392,SUPERFAST,C14,2026-09-04,04:43,05:09,HIGH,TIMETABLE
TRN-000393,EXPRESS,C11,2026-09-17,23:23,23:44,HIGH,TIMETABLE
TRN-000394,EXPRESS,C14,2026-09-15,14:21,14:44,HIGH,TIMETABLE
TRN-000395,EXPRESS,C18,2026-09-01,14:22,14:34,HIGH,TIMETABLE
TRN-000396,SUPERFAST,C20,2026-09-30,10:19,10:36,HIGH,TIMETABLE
TRN-000397,EXPRESS,C12,2026-09-05,21:11,21:38,HIGH,TIMETABLE
TRN-000398,GOODS,C10,2026-09-02,13:24,13:57,MEDIUM,GOODS_FORECAST
TRN-000399,EXPRESS,C01,2026-09-15,17:40,18:04,HIGH,TIMETABLE
TRN-000400,GOODS,C03,2026-09-02,09:13,09:44,MEDIUM,GOODS_FORECAST
TRN-000401,PASSENGER,C04,2026-09-27,09:55,10:20,HIGH,TIMETABLE
TRN-000402,SUPERFAST,C02,2026-09-04,19:57,20:23,HIGH,TIMETABLE
TRN-000403,SUPERFAST,C02,2026-09-23,06:59,07:25,HIGH,TIMETABLE
TRN-000404,PASSENGER,C16,2026-09-05,07:37,07:51,HIGH,TIMETABLE
TRN-000405,PASSENGER,C10,2026-09-24,00:13,00:38,HIGH,TIMETABLE
TRN-000406,SUPERFAST,C07,2026-09-04,02:17,02:27,HIGH,TIMETABLE
TRN-000407,PASSENGER,C04,2026-09-17,03:18,03:35,HIGH,TIMETABLE
TRN-000408,PASSENGER,C16,2026-09-01,17:15,17:39,HIGH,TIMETABLE
TRN-000409,EXPRESS,C04,2026-09-10,13:48,14:13,HIGH,TIMETABLE
TRN-000410,GOODS,C08,2026-09-27,18:39,19:20,MEDIUM,GOODS_FORECAST
TRN-000411,GOODS,C15,2026-09-28,22:27,22:59,MEDIUM,GOODS_FORECAST
TRN-000412,EXPRESS,C01,2026-09-06,04:50,05:07,HIGH,TIMETABLE
TRN-000413,PASSENGER,C18,2026-09-07,16:15,16:40,HIGH,TIMETABLE
TRN-000414,PASSENGER,C04,2026-09-19,16:49,17:10,HIGH,TIMETABLE
TRN-000415,SUPERFAST,C13,2026-09-13,23:48,00:01,HIGH,TIMETABLE
TRN-000416,EXPRESS,C14,2026-09-05,00:57,01:16,HIGH,TIMETABLE
TRN-000417,EXPRESS,C19,2026-09-13,00:22,00:50,HIGH,TIMETABLE
TRN-000418,PASSENGER,C20,2026-09-15,01:27,01:48,HIGH,TIMETABLE
TRN-000419,GOODS,C15,2026-09-29,15:38,16:20,MEDIUM,GOODS_FORECAST
TRN-000420,PASSENGER,C06,2026-09-12,17:05,17:21,HIGH,TIMETABLE
TRN-000421,PASSENGER,C17,2026-09-13,17:30,17:42,HIGH,TIMETABLE
TRN-000422,PASSENGER,C05,2026-09-12,22:23,22:43,HIGH,TIMETABLE
TRN-000423,EXPRESS,C05,2026-09-09,22:28,22:47,HIGH,TIMETABLE
TRN-000424,GOODS,C03,2026-09-30,22:01,22:56,MEDIUM,GOODS_FORECAST
TRN-000425,EXPRESS,C16,2026-09-20,22:29,22:44,HIGH,TIMETABLE
TRN-000426,EXPRESS,C17,2026-09-25,22:29,22:55,HIGH,TIMETABLE
TRN-000427,PASSENGER,C11,2026-09-19,19:49,20:10,HIGH,TIMETABLE
TRN-000428,EXPRESS,C13,2026-09-03,01:32,01:42,HIGH,TIMETABLE
TRN-000429,GOODS,C06,2026-09-08,03:17,03:48,MEDIUM,GOODS_FORECAST
TRN-000430,EXPRESS,C16,2026-09-11,07:54,08:11,HIGH,TIMETABLE
TRN-000431,PASSENGER,C06,2026-09-24,13:06,13:29,HIGH,TIMETABLE
TRN-000432,GOODS,C02,2026-09-20,08:32,09:04,MEDIUM,GOODS_FORECAST
TRN-000433,PASSENGER,C03,2026-09-15,12:46,12:56,HIGH,TIMETABLE
TRN-000434,GOODS,C11,2026-09-04,23:50,00:43,MEDIUM,GOODS_FORECAST
TRN-000435,EXPRESS,C19,2026-09-18,06:49,07:05,HIGH,TIMETABLE
TRN-000436,PASSENGER,C15,2026-09-22,09:45,10:02,HIGH,TIMETABLE
TRN-000437,PASSENGER,C06,2026-09-14,18:02,18:18,HIGH,TIMETABLE
TRN-000438,PASSENGER,C01,2026-09-21,22:49,23:02,HIGH,TIMETABLE
TRN-000439,PASSENGER,C05,2026-09-29,00:10,00:31,HIGH,TIMETABLE
TRN-000440,SUPERFAST,C19,2026-09-18,02:27,02:47,HIGH,TIMETABLE
TRN-000441,PASSENGER,C17,2026-09-16,06:29,06:45,HIGH,TIMETABLE
TRN-000442,EXPRESS,C16,2026-09-17,12:01,12:22,HIGH,TIMETABLE
TRN-000443,SUPERFAST,C18,2026-09-28,04:42,04:54,HIGH,TIMETABLE
TRN-000444,EXPRESS,C13,2026-09-28,02:25,02:53,HIGH,TIMETABLE
TRN-000445,PASSENGER,C17,2026-09-10,03:26,03:39,HIGH,TIMETABLE
TRN-000446,EXPRESS,C02,2026-09-20,18:27,18:47,HIGH,TIMETABLE
TRN-000447,PASSENGER,C10,2026-09-30,08:34,08:56,HIGH,TIMETABLE
TRN-000448,SUPERFAST,C03,2026-09-28,05:23,05:42,HIGH,TIMETABLE
TRN-000449,PASSENGER,C19,2026-09-08,17:40,17:59,HIGH,TIMETABLE
TRN-000450,EXPRESS,C02,2026-09-18,23:48,00:01,HIGH,TIMETABLE
TRN-000451,EXPRESS,C09,2026-09-21,01:01,01:12,HIGH,TIMETABLE
TRN-000452,PASSENGER,C09,2026-09-07,11:25,11:36,HIGH,TIMETABLE
TRN-000453,PASSENGER,C18,2026-09-27,11:15,11:26,HIGH,TIMETABLE
TRN-000454,PASSENGER,C03,2026-09-26,19:14,19:25,HIGH,TIMETABLE
TRN-000455,PASSENGER,C03,2026-09-14,20:25,20:37,HIGH,TIMETABLE
TRN-000456,GOODS,C16,2026-09-05,09:14,09:41,MEDIUM,GOODS_FORECAST
TRN-000457,PASSENGER,C16,2026-09-17,07:41,08:02,HIGH,TIMETABLE
TRN-000458,EXPRESS,C10,2026-09-26,07:46,07:56,HIGH,TIMETABLE
TRN-000459,GOODS,C01,2026-09-25,06:41,07:40,MEDIUM,GOODS_FORECAST
TRN-000460,SUPERFAST,C13,2026-09-22,23:20,23:30,HIGH,TIMETABLE
TRN-000461,EXPRESS,C02,2026-09-13,12:52,13:06,HIGH,TIMETABLE
TRN-000462,EXPRESS,C14,2026-09-18,04:42,04:55,HIGH,TIMETABLE
TRN-000463,EXPRESS,C20,2026-09-29,12:33,12:54,HIGH,TIMETABLE
TRN-000464,PASSENGER,C14,2026-09-30,01:58,02:15,HIGH,TIMETABLE
TRN-000465,PASSENGER,C19,2026-09-01,07:45,08:08,HIGH,TIMETABLE
TRN-000466,SUPERFAST,C18,2026-09-19,01:33,01:43,HIGH,TIMETABLE
TRN-000467,GOODS,C08,2026-09-27,01:56,02:25,MEDIUM,GOODS_FORECAST
TRN-000468,PASSENGER,C15,2026-09-06,09:38,09:49,HIGH,TIMETABLE
TRN-000469,PASSENGER,C20,2026-09-21,08:20,08:39,HIGH,TIMETABLE
TRN-000470,PASSENGER,C13,2026-09-16,22:26,22:39,HIGH,TIMETABLE
TRN-000471,SUPERFAST,C03,2026-09-09,18:33,18:49,HIGH,TIMETABLE
TRN-000472,EXPRESS,C12,2026-09-29,07:31,07:55,HIGH,TIMETABLE
TRN-000473,SUPERFAST,C12,2026-09-25,18:49,19:08,HIGH,TIMETABLE
TRN-000474,GOODS,C08,2026-09-17,09:07,09:52,MEDIUM,GOODS_FORECAST
TRN-000475,SUPERFAST,C17,2026-09-04,01:50,02:11,HIGH,TIMETABLE
TRN-000476,GOODS,C20,2026-09-16,09:32,10:02,MEDIUM,GOODS_FORECAST
TRN-000477,PASSENGER,C05,2026-09-27,17:46,18:03,HIGH,TIMETABLE
TRN-000478,PASSENGER,C18,2026-09-07,04:11,04:32,HIGH,TIMETABLE
TRN-000479,SUPERFAST,C05,2026-09-02,08:01,08:25,HIGH,TIMETABLE
TRN-000480,SUPERFAST,C15,2026-09-04,00:43,01:08,HIGH,TIMETABLE
TRN-000481,GOODS,C09,2026-09-09,20:04,20:53,MEDIUM,GOODS_FORECAST
TRN-000482,PASSENGER,C03,2026-09-02,09:31,09:53,HIGH,TIMETABLE
TRN-000483,EXPRESS,C13,2026-09-13,15:09,15:20,HIGH,TIMETABLE
TRN-000484,PASSENGER,C13,2026-09-06,22:31,22:54,HIGH,TIMETABLE
TRN-000485,EXPRESS,C10,2026-09-02,18:29,18:50,HIGH,TIMETABLE
TRN-000486,GOODS,C20,2026-09-25,11:28,12:09,MEDIUM,GOODS_FORECAST
TRN-000487,GOODS,C19,2026-09-07,00:56,01:42,MEDIUM,GOODS_FORECAST
TRN-000488,SUPERFAST,C20,2026-09-14,14:35,14:46,HIGH,TIMETABLE
TRN-000489,GOODS,C18,2026-09-13,23:08,23:51,MEDIUM,GOODS_FORECAST
TRN-000490,GOODS,C18,2026-09-15,14:28,15:26,MEDIUM,GOODS_FORECAST
TRN-000491,PASSENGER,C13,2026-09-15,08:07,08:21,HIGH,TIMETABLE
TRN-000492,GOODS,C09,2026-09-26,23:17,23:59,MEDIUM,GOODS_FORECAST
TRN-000493,PASSENGER,C08,2026-09-25,18:31,18:50,HIGH,TIMETABLE
TRN-000494,PASSENGER,C13,2026-09-02,21:00,21:18,HIGH,TIMETABLE
TRN-000495,EXPRESS,C09,2026-09-26,22:17,22:46,HIGH,TIMETABLE
TRN-000496,PASSENGER,C10,2026-09-19,22:33,22:53,HIGH,TIMETABLE
TRN-000497,GOODS,C06,2026-09-15,15:47,16:13,MEDIUM,GOODS_FORECAST
TRN-000498,EXPRESS,C15,2026-09-02,12:14,12:39,HIGH,TIMETABLE
TRN-000499,SUPERFAST,C18,2026-09-07,13:56,14:07,HIGH,TIMETABLE
TRN-000500,EXPRESS,C03,2026-09-09,20:49,21:16,HIGH,TIMETABLE
TRN-000501,PASSENGER,C03,2026-09-15,06:08,06:26,HIGH,TIMETABLE
TRN-000502,SUPERFAST,C09,2026-09-09,16:53,17:07,HIGH,TIMETABLE
TRN-000503,PASSENGER,C06,2026-09-05,21:05,21:16,HIGH,TIMETABLE
TRN-000504,PASSENGER,C02,2026-09-06,23:21,23:45,HIGH,TIMETABLE
TRN-000505,EXPRESS,C02,2026-09-18,07:46,07:57,HIGH,TIMETABLE
TRN-000506,GOODS,C09,2026-09-09,00:33,01:20,MEDIUM,GOODS_FORECAST
TRN-000507,EXPRESS,C02,2026-09-20,08:00,08:21,HIGH,TIMETABLE
TRN-000508,PASSENGER,C17,2026-09-15,03:51,04:03,HIGH,TIMETABLE
TRN-000509,PASSENGER,C11,2026-09-19,12:40,13:03,HIGH,TIMETABLE
TRN-000510,PASSENGER,C14,2026-09-29,09:39,09:53,HIGH,TIMETABLE
TRN-000511,PASSENGER,C20,2026-09-26,12:17,12:37,HIGH,TIMETABLE
TRN-000512,GOODS,C12,2026-09-16,10:02,10:28,MEDIUM,GOODS_FORECAST
TRN-000513,PASSENGER,C02,2026-09-10,05:07,05:17,HIGH,TIMETABLE
TRN-000514,PASSENGER,C07,2026-09-26,10:41,11:02,HIGH,TIMETABLE
TRN-000515,GOODS,C13,2026-09-27,19:53,20:20,MEDIUM,GOODS_FORECAST
TRN-000516,SUPERFAST,C05,2026-09-13,22:09,22:21,HIGH,TIMETABLE
TRN-000517,GOODS,C08,2026-09-19,17:11,18:11,MEDIUM,GOODS_FORECAST
TRN-000518,SUPERFAST,C18,2026-09-24,04:08,04:34,HIGH,TIMETABLE
TRN-000519,SUPERFAST,C20,2026-09-16,22:30,22:56,HIGH,TIMETABLE
TRN-000520,EXPRESS,C11,2026-09-09,06:39,07:07,HIGH,TIMETABLE
TRN-000521,PASSENGER,C08,2026-09-11,08:17,08:38,HIGH,TIMETABLE
TRN-000522,PASSENGER,C11,2026-09-24,03:56,04:13,HIGH,TIMETABLE
TRN-000523,EXPRESS,C14,2026-09-12,02:43,03:04,HIGH,TIMETABLE
TRN-000524,EXPRESS,C03,2026-09-30,12:21,12:51,HIGH,TIMETABLE
TRN-000525,EXPRESS,C08,2026-09-15,14:17,14:34,HIGH,TIMETABLE
TRN-000526,EXPRESS,C05,2026-09-30,18:21,18:38,HIGH,TIMETABLE
TRN-000527,SUPERFAST,C14,2026-09-22,19:57,20:11,HIGH,TIMETABLE
TRN-000528,SUPERFAST,C10,2026-09-11,10:42,10:55,HIGH,TIMETABLE
TRN-000529,PASSENGER,C14,2026-09-17,05:03,05:28,HIGH,TIMETABLE
TRN-000530,SUPERFAST,C07,2026-09-29,06:08,06:32,HIGH,TIMETABLE
TRN-000531,PASSENGER,C04,2026-09-14,08:59,09:24,HIGH,TIMETABLE
TRN-000532,SUPERFAST,C05,2026-09-28,01:09,01:32,HIGH,TIMETABLE
TRN-000533,PASSENGER,C06,2026-09-03,04:31,04:53,HIGH,TIMETABLE
TRN-000534,GOODS,C12,2026-09-05,13:43,14:43,MEDIUM,GOODS_FORECAST
TRN-000535,PASSENGER,C10,2026-09-04,11:29,11:49,HIGH,TIMETABLE
TRN-000536,EXPRESS,C20,2026-09-04,01:32,01:44,HIGH,TIMETABLE
TRN-000537,SUPERFAST,C12,2026-09-15,13:57,14:27,HIGH,TIMETABLE
TRN-000538,EXPRESS,C14,2026-09-10,16:17,16:31,HIGH,TIMETABLE
TRN-000539,SUPERFAST,C19,2026-09-30,17:23,17:35,HIGH,TIMETABLE
TRN-000540,PASSENGER,C01,2026-09-19,20:14,20:35,HIGH,TIMETABLE
TRN-000541,SUPERFAST,C15,2026-09-13,10:56,11:20,HIGH,TIMETABLE
TRN-000542,PASSENGER,C19,2026-09-09,03:18,03:35,HIGH,TIMETABLE
TRN-000543,PASSENGER,C11,2026-09-02,19:15,19:38,HIGH,TIMETABLE
TRN-000544,PASSENGER,C13,2026-09-11,06:05,06:19,HIGH,TIMETABLE
TRN-000545,PASSENGER,C07,2026-09-14,17:43,18:01,HIGH,TIMETABLE
TRN-000546,EXPRESS,C20,2026-09-11,03:23,03:44,HIGH,TIMETABLE
TRN-000547,PASSENGER,C04,2026-09-10,09:20,09:45,HIGH,TIMETABLE
TRN-000548,EXPRESS,C06,2026-09-10,08:51,09:20,HIGH,TIMETABLE
TRN-000549,SUPERFAST,C08,2026-09-22,09:30,09:44,HIGH,TIMETABLE
TRN-000550,PASSENGER,C18,2026-09-27,17:21,17:36,HIGH,TIMETABLE
TRN-000551,PASSENGER,C02,2026-09-29,18:25,18:41,HIGH,TIMETABLE
TRN-000552,PASSENGER,C01,2026-09-12,06:56,07:15,HIGH,TIMETABLE
TRN-000553,GOODS,C19,2026-09-14,15:11,16:09,MEDIUM,GOODS_FORECAST
TRN-000554,PASSENGER,C15,2026-09-10,03:44,03:57,HIGH,TIMETABLE
TRN-000555,EXPRESS,C14,2026-09-16,08:58,09:10,HIGH,TIMETABLE
TRN-000556,GOODS,C09,2026-09-24,22:49,23:21,MEDIUM,GOODS_FORECAST
TRN-000557,GOODS,C03,2026-09-24,07:35,08:04,MEDIUM,GOODS_FORECAST
TRN-000558,PASSENGER,C17,2026-09-11,09:25,09:49,HIGH,TIMETABLE
TRN-000559,SUPERFAST,C17,2026-09-22,02:31,02:51,HIGH,TIMETABLE
TRN-000560,GOODS,C02,2026-09-14,03:25,04:23,MEDIUM,GOODS_FORECAST
TRN-000561,PASSENGER,C18,2026-09-22,21:22,21:33,HIGH,TIMETABLE
TRN-000562,GOODS,C01,2026-09-08,04:40,05:29,MEDIUM,GOODS_FORECAST
TRN-000563,GOODS,C08,2026-09-22,06:40,07:21,MEDIUM,GOODS_FORECAST
TRN-000564,EXPRESS,C16,2026-09-27,06:23,06:48,HIGH,TIMETABLE
TRN-000565,PASSENGER,C07,2026-09-21,03:01,03:17,HIGH,TIMETABLE
TRN-000566,PASSENGER,C03,2026-09-16,19:02,19:18,HIGH,TIMETABLE
TRN-000567,SUPERFAST,C02,2026-09-14,23:28,23:46,HIGH,TIMETABLE
TRN-000568,SUPERFAST,C19,2026-09-08,21:46,22:07,HIGH,TIMETABLE
TRN-000569,EXPRESS,C06,2026-09-29,10:14,10:31,HIGH,TIMETABLE
TRN-000570,GOODS,C16,2026-09-16,21:30,22:20,MEDIUM,GOODS_FORECAST
TRN-000571,EXPRESS,C18,2026-09-16,10:05,10:18,HIGH,TIMETABLE
TRN-000572,PASSENGER,C10,2026-09-14,15:15,15:35,HIGH,TIMETABLE
TRN-000573,PASSENGER,C14,2026-09-04,06:00,06:24,HIGH,TIMETABLE
TRN-000574,GOODS,C04,2026-09-12,23:47,00:37,MEDIUM,GOODS_FORECAST
TRN-000575,SUPERFAST,C16,2026-09-27,16:41,17:10,HIGH,TIMETABLE
TRN-000576,EXPRESS,C08,2026-09-01,09:55,10:13,HIGH,TIMETABLE
TRN-000577,EXPRESS,C14,2026-09-02,19:11,19:31,HIGH,TIMETABLE
TRN-000578,PASSENGER,C11,2026-09-14,13:21,13:45,HIGH,TIMETABLE
TRN-000579,EXPRESS,C09,2026-09-30,01:51,02:09,HIGH,TIMETABLE
TRN-000580,EXPRESS,C08,2026-09-11,21:43,21:54,HIGH,TIMETABLE
TRN-000581,PASSENGER,C14,2026-09-08,19:32,19:47,HIGH,TIMETABLE
TRN-000582,EXPRESS,C04,2026-09-20,20:50,21:10,HIGH,TIMETABLE
TRN-000583,PASSENGER,C18,2026-09-01,00:43,01:05,HIGH,TIMETABLE
TRN-000584,PASSENGER,C11,2026-09-30,12:02,12:14,HIGH,TIMETABLE
TRN-000585,SUPERFAST,C17,2026-09-07,12:21,12:48,HIGH,TIMETABLE
TRN-000586,PASSENGER,C06,2026-09-27,18:17,18:39,HIGH,TIMETABLE
TRN-000587,GOODS,C08,2026-09-10,05:30,06:18,MEDIUM,GOODS_FORECAST
TRN-000588,PASSENGER,C07,2026-09-18,08:29,08:39,HIGH,TIMETABLE
TRN-000589,PASSENGER,C01,2026-09-25,17:58,18:11,HIGH,TIMETABLE
TRN-000590,EXPRESS,C16,2026-09-02,05:21,05:40,HIGH,TIMETABLE
TRN-000591,PASSENGER,C08,2026-09-21,23:29,23:46,HIGH,TIMETABLE
TRN-000592,PASSENGER,C04,2026-09-27,12:53,13:15,HIGH,TIMETABLE
TRN-000593,PASSENGER,C09,2026-09-28,02:53,03:05,HIGH,TIMETABLE
TRN-000594,PASSENGER,C14,2026-09-01,00:30,00:44,HIGH,TIMETABLE
TRN-000595,PASSENGER,C19,2026-09-26,13:21,13:37,HIGH,TIMETABLE
TRN-000596,GOODS,C10,2026-09-26,11:02,11:54,MEDIUM,GOODS_FORECAST
TRN-000597,EXPRESS,C01,2026-09-10,09:21,09:45,HIGH,TIMETABLE
TRN-000598,PASSENGER,C09,2026-09-21,19:40,20:05,HIGH,TIMETABLE
TRN-000599,EXPRESS,C14,2026-09-03,07:35,07:58,HIGH,TIMETABLE
TRN-000600,EXPRESS,C16,2026-09-10,23:59,00:26,HIGH,TIMETABLE
TRN-000601,EXPRESS,C13,2026-09-01,16:57,17:19,HIGH,TIMETABLE
TRN-000602,GOODS,C18,2026-09-23,03:41,04:34,MEDIUM,GOODS_FORECAST
TRN-000603,PASSENGER,C01,2026-09-13,07:55,08:19,HIGH,TIMETABLE
TRN-000604,EXPRESS,C19,2026-09-04,21:56,22:15,HIGH,TIMETABLE
TRN-000605,PASSENGER,C03,2026-09-04,19:08,19:23,HIGH,TIMETABLE
TRN-000606,PASSENGER,C16,2026-09-19,08:31,08:43,HIGH,TIMETABLE
TRN-000607,PASSENGER,C20,2026-09-27,16:09,16:26,HIGH,TIMETABLE
TRN-000608,PASSENGER,C16,2026-09-09,14:03,14:22,HIGH,TIMETABLE
TRN-000609,SUPERFAST,C05,2026-09-02,10:58,11:26,HIGH,TIMETABLE
TRN-000610,EXPRESS,C01,2026-09-09,23:33,23:49,HIGH,TIMETABLE
TRN-000611,SUPERFAST,C16,2026-09-18,17:03,17:23,HIGH,TIMETABLE
TRN-000612,GOODS,C08,2026-09-11,15:44,16:39,MEDIUM,GOODS_FORECAST
TRN-000613,EXPRESS,C03,2026-09-30,03:35,03:58,HIGH,TIMETABLE
TRN-000614,SUPERFAST,C13,2026-09-05,00:27,00:42,HIGH,TIMETABLE
TRN-000615,EXPRESS,C04,2026-09-06,06:44,07:08,HIGH,TIMETABLE
TRN-000616,GOODS,C04,2026-09-02,14:28,15:24,MEDIUM,GOODS_FORECAST
TRN-000617,PASSENGER,C17,2026-09-16,04:46,05:09,HIGH,TIMETABLE
TRN-000618,EXPRESS,C10,2026-09-04,14:51,15:10,HIGH,TIMETABLE
TRN-000619,SUPERFAST,C09,2026-09-17,11:00,11:29,HIGH,TIMETABLE
TRN-000620,GOODS,C19,2026-09-21,05:39,06:13,MEDIUM,GOODS_FORECAST
TRN-000621,PASSENGER,C07,2026-09-26,20:57,21:18,HIGH,TIMETABLE
TRN-000622,EXPRESS,C09,2026-09-16,15:47,16:03,HIGH,TIMETABLE
TRN-000623,GOODS,C05,2026-09-06,17:53,18:48,MEDIUM,GOODS_FORECAST
TRN-000624,PASSENGER,C14,2026-09-06,05:07,05:32,HIGH,TIMETABLE
TRN-000625,PASSENGER,C01,2026-09-10,23:56,00:12,HIGH,TIMETABLE
TRN-000626,PASSENGER,C04,2026-09-18,15:39,15:59,HIGH,TIMETABLE
TRN-000627,PASSENGER,C20,2026-09-15,20:17,20:32,HIGH,TIMETABLE
TRN-000628,PASSENGER,C18,2026-09-29,07:42,08:03,HIGH,TIMETABLE
TRN-000629,SUPERFAST,C07,2026-09-09,09:42,10:05,HIGH,TIMETABLE
TRN-000630,EXPRESS,C10,2026-09-12,21:18,21:40,HIGH,TIMETABLE
TRN-000631,GOODS,C18,2026-09-18,21:53,22:30,MEDIUM,GOODS_FORECAST
TRN-000632,PASSENGER,C05,2026-09-04,07:23,07:41,HIGH,TIMETABLE
TRN-000633,PASSENGER,C19,2026-09-04,04:19,04:41,HIGH,TIMETABLE
TRN-000634,PASSENGER,C19,2026-09-20,09:27,09:52,HIGH,TIMETABLE
TRN-000635,PASSENGER,C01,2026-09-26,07:54,08:10,HIGH,TIMETABLE
TRN-000636,PASSENGER,C20,2026-09-05,04:53,05:08,HIGH,TIMETABLE
TRN-000637,EXPRESS,C01,2026-09-11,02:39,02:50,HIGH,TIMETABLE
TRN-000638,PASSENGER,C15,2026-09-14,22:41,23:06,HIGH,TIMETABLE
TRN-000639,PASSENGER,C17,2026-09-25,04:00,04:17,HIGH,TIMETABLE
TRN-000640,EXPRESS,C13,2026-09-25,13:09,13:34,HIGH,TIMETABLE
TRN-000641,EXPRESS,C17,2026-09-11,18:06,18:18,HIGH,TIMETABLE
TRN-000642,GOODS,C07,2026-09-06,21:37,22:19,MEDIUM,GOODS_FORECAST
TRN-000643,SUPERFAST,C14,2026-09-18,15:04,15:29,HIGH,TIMETABLE
TRN-000644,SUPERFAST,C09,2026-09-22,04:06,04:33,HIGH,TIMETABLE
TRN-000645,GOODS,C12,2026-09-06,00:51,01:39,MEDIUM,GOODS_FORECAST
TRN-000646,GOODS,C12,2026-09-24,14:28,15:06,MEDIUM,GOODS_FORECAST
TRN-000647,SUPERFAST,C07,2026-09-13,12:46,13:01,HIGH,TIMETABLE
TRN-000648,GOODS,C01,2026-09-07,15:05,15:53,MEDIUM,GOODS_FORECAST
TRN-000649,EXPRESS,C01,2026-09-19,10:35,10:55,HIGH,TIMETABLE
TRN-000650,PASSENGER,C12,2026-09-30,08:39,08:49,HIGH,TIMETABLE
TRN-000651,SUPERFAST,C02,2026-09-21,09:23,09:53,HIGH,TIMETABLE
TRN-000652,EXPRESS,C02,2026-09-23,08:38,08:56,HIGH,TIMETABLE
TRN-000653,SUPERFAST,C19,2026-09-27,01:02,01:27,HIGH,TIMETABLE
TRN-000654,GOODS,C15,2026-09-16,05:55,06:50,MEDIUM,GOODS_FORECAST
TRN-000655,SUPERFAST,C18,2026-09-26,03:32,03:43,HIGH,TIMETABLE
TRN-000656,EXPRESS,C20,2026-09-29,05:13,05:28,HIGH,TIMETABLE
TRN-000657,GOODS,C05,2026-09-03,14:19,14:51,MEDIUM,GOODS_FORECAST
TRN-000658,PASSENGER,C02,2026-09-11,03:19,03:37,HIGH,TIMETABLE
TRN-000659,GOODS,C07,2026-09-21,20:57,21:23,MEDIUM,GOODS_FORECAST
TRN-000660,PASSENGER,C11,2026-09-29,05:46,06:07,HIGH,TIMETABLE
TRN-000661,EXPRESS,C13,2026-09-14,22:47,22:58,HIGH,TIMETABLE
TRN-000662,PASSENGER,C17,2026-09-05,09:06,09:18,HIGH,TIMETABLE
TRN-000663,PASSENGER,C02,2026-09-09,20:46,21:02,HIGH,TIMETABLE
TRN-000664,SUPERFAST,C14,2026-09-06,21:41,21:51,HIGH,TIMETABLE
TRN-000665,PASSENGER,C18,2026-09-12,04:01,04:21,HIGH,TIMETABLE
TRN-000666,EXPRESS,C03,2026-09-19,15:48,16:00,HIGH,TIMETABLE
TRN-000667,PASSENGER,C03,2026-09-06,02:56,03:11,HIGH,TIMETABLE
TRN-000668,PASSENGER,C01,2026-09-25,05:46,05:56,HIGH,TIMETABLE
TRN-000669,PASSENGER,C12,2026-09-15,02:46,03:03,HIGH,TIMETABLE
TRN-000670,PASSENGER,C07,2026-09-24,04:31,04:50,HIGH,TIMETABLE
TRN-000671,PASSENGER,C10,2026-09-06,09:31,09:45,HIGH,TIMETABLE
TRN-000672,EXPRESS,C14,2026-09-08,06:25,06:43,HIGH,TIMETABLE
TRN-000673,GOODS,C06,2026-09-10,08:51,09:44,MEDIUM,GOODS_FORECAST
TRN-000674,PASSENGER,C16,2026-09-12,19:45,20:06,HIGH,TIMETABLE
TRN-000675,PASSENGER,C17,2026-09-15,21:32,21:47,HIGH,TIMETABLE
TRN-000676,PASSENGER,C19,2026-09-13,05:18,05:34,HIGH,TIMETABLE
TRN-000677,GOODS,C14,2026-09-12,22:03,22:46,MEDIUM,GOODS_FORECAST
TRN-000678,PASSENGER,C17,2026-09-18,09:10,09:22,HIGH,TIMETABLE
TRN-000679,EXPRESS,C07,2026-09-09,07:26,07:50,HIGH,TIMETABLE
TRN-000680,PASSENGER,C04,2026-09-17,22:28,22:43,HIGH,TIMETABLE
TRN-000681,EXPRESS,C15,2026-09-19,11:01,11:22,HIGH,TIMETABLE
TRN-000682,EXPRESS,C19,2026-09-29,01:09,01:29,HIGH,TIMETABLE
TRN-000683,SUPERFAST,C12,2026-09-28,00:16,00:31,HIGH,TIMETABLE
TRN-000684,EXPRESS,C11,2026-09-11,22:06,22:19,HIGH,TIMETABLE
TRN-000685,PASSENGER,C12,2026-09-10,05:33,05:57,HIGH,TIMETABLE
TRN-000686,EXPRESS,C01,2026-09-15,21:02,21:26,HIGH,TIMETABLE
TRN-000687,EXPRESS,C14,2026-09-24,13:37,14:02,HIGH,TIMETABLE
TRN-000688,GOODS,C09,2026-09-24,12:44,13:30,MEDIUM,GOODS_FORECAST
TRN-000689,EXPRESS,C13,2026-09-10,01:22,01:39,HIGH,TIMETABLE
TRN-000690,SUPERFAST,C17,2026-09-04,14:22,14:45,HIGH,TIMETABLE
TRN-000691,SUPERFAST,C19,2026-09-13,20:14,20:24,HIGH,TIMETABLE
TRN-000692,PASSENGER,C06,2026-09-30,10:15,10:31,HIGH,TIMETABLE
TRN-000693,GOODS,C19,2026-09-25,04:45,05:18,MEDIUM,GOODS_FORECAST
TRN-000694,SUPERFAST,C02,2026-09-03,10:33,10:47,HIGH,TIMETABLE
TRN-000695,GOODS,C15,2026-09-13,05:38,06:32,MEDIUM,GOODS_FORECAST
TRN-000696,PASSENGER,C05,2026-09-07,05:52,06:11,HIGH,TIMETABLE
TRN-000697,PASSENGER,C06,2026-09-08,06:56,07:19,HIGH,TIMETABLE
TRN-000698,PASSENGER,C08,2026-09-05,23:22,23:43,HIGH,TIMETABLE
TRN-000699,PASSENGER,C06,2026-09-12,03:24,03:49,HIGH,TIMETABLE
TRN-000700,EXPRESS,C13,2026-09-23,07:15,07:40,HIGH,TIMETABLE
TRN-000701,SUPERFAST,C15,2026-09-23,08:17,08:30,HIGH,TIMETABLE
TRN-000702,EXPRESS,C11,2026-09-25,04:33,04:55,HIGH,TIMETABLE
TRN-000703,SUPERFAST,C10,2026-09-27,23:01,23:24,HIGH,TIMETABLE
TRN-000704,EXPRESS,C18,2026-09-03,11:50,12:15,HIGH,TIMETABLE
TRN-000705,SUPERFAST,C19,2026-09-01,07:34,08:03,HIGH,TIMETABLE
TRN-000706,PASSENGER,C08,2026-09-12,12:21,12:41,HIGH,TIMETABLE
TRN-000707,EXPRESS,C01,2026-09-20,20:27,20:49,HIGH,TIMETABLE
TRN-000708,GOODS,C08,2026-09-05,17:03,17:40,MEDIUM,GOODS_FORECAST
TRN-000709,PASSENGER,C10,2026-09-14,03:10,03:30,HIGH,TIMETABLE
TRN-000710,EXPRESS,C06,2026-09-14,05:08,05:27,HIGH,TIMETABLE
TRN-000711,PASSENGER,C16,2026-09-02,08:54,09:17,HIGH,TIMETABLE
TRN-000712,PASSENGER,C13,2026-09-22,17:39,17:52,HIGH,TIMETABLE
TRN-000713,EXPRESS,C03,2026-09-12,23:25,23:38,HIGH,TIMETABLE
TRN-000714,SUPERFAST,C13,2026-09-26,00:25,00:40,HIGH,TIMETABLE
TRN-000715,PASSENGER,C19,2026-09-17,13:06,13:30,HIGH,TIMETABLE
TRN-000716,PASSENGER,C13,2026-09-14,01:51,02:10,HIGH,TIMETABLE
TRN-000717,EXPRESS,C04,2026-09-20,15:22,15:48,HIGH,TIMETABLE
TRN-000718,EXPRESS,C16,2026-09-23,11:26,11:53,HIGH,TIMETABLE
TRN-000719,GOODS,C04,2026-09-26,06:06,06:58,MEDIUM,GOODS_FORECAST
TRN-000720,EXPRESS,C13,2026-09-28,23:01,23:13,HIGH,TIMETABLE
TRN-000721,PASSENGER,C11,2026-09-30,20:08,20:26,HIGH,TIMETABLE
TRN-000722,PASSENGER,C20,2026-09-24,15:31,15:54,HIGH,TIMETABLE
TRN-000723,PASSENGER,C10,2026-09-02,04:08,04:33,HIGH,TIMETABLE
TRN-000724,EXPRESS,C02,2026-09-29,20:27,20:48,HIGH,TIMETABLE
TRN-000725,PASSENGER,C11,2026-09-22,10:06,10:16,HIGH,TIMETABLE
TRN-000726,EXPRESS,C06,2026-09-10,12:10,12:33,HIGH,TIMETABLE
TRN-000727,PASSENGER,C11,2026-09-10,21:42,21:53,HIGH,TIMETABLE
TRN-000728,EXPRESS,C12,2026-09-24,01:14,01:41,HIGH,TIMETABLE
TRN-000729,SUPERFAST,C08,2026-09-06,02:52,03:19,HIGH,TIMETABLE
TRN-000730,PASSENGER,C05,2026-09-21,16:50,17:13,HIGH,TIMETABLE
TRN-000731,GOODS,C12,2026-09-15,23:31,00:11,MEDIUM,GOODS_FORECAST
TRN-000732,GOODS,C17,2026-09-19,15:38,16:05,MEDIUM,GOODS_FORECAST
TRN-000733,PASSENGER,C12,2026-09-02,05:00,05:13,HIGH,TIMETABLE
TRN-000734,EXPRESS,C03,2026-09-11,21:44,22:03,HIGH,TIMETABLE
TRN-000735,EXPRESS,C01,2026-09-06,08:46,09:16,HIGH,TIMETABLE
TRN-000736,SUPERFAST,C03,2026-09-27,14:47,15:00,HIGH,TIMETABLE
TRN-000737,SUPERFAST,C19,2026-09-09,10:20,10:49,HIGH,TIMETABLE
TRN-000738,EXPRESS,C08,2026-09-23,01:40,02:01,HIGH,TIMETABLE
TRN-000739,EXPRESS,C07,2026-09-25,14:54,15:12,HIGH,TIMETABLE
TRN-000740,SUPERFAST,C06,2026-09-09,17:07,17:18,HIGH,TIMETABLE
TRN-000741,SUPERFAST,C06,2026-09-22,09:43,10:01,HIGH,TIMETABLE
TRN-000742,PASSENGER,C07,2026-09-01,14:08,14:22,HIGH,TIMETABLE
TRN-000743,PASSENGER,C15,2026-09-20,21:40,22:00,HIGH,TIMETABLE
TRN-000744,PASSENGER,C08,2026-09-01,11:04,11:21,HIGH,TIMETABLE
TRN-000745,PASSENGER,C10,2026-09-24,20:47,21:11,HIGH,TIMETABLE
TRN-000746,EXPRESS,C20,2026-09-11,18:28,18:50,HIGH,TIMETABLE
TRN-000747,EXPRESS,C18,2026-09-01,11:42,12:02,HIGH,TIMETABLE
TRN-000748,PASSENGER,C15,2026-09-05,15:46,16:11,HIGH,TIMETABLE
TRN-000749,PASSENGER,C06,2026-09-22,13:18,13:36,HIGH,TIMETABLE
TRN-000750,EXPRESS,C19,2026-09-03,21:33,21:58,HIGH,TIMETABLE
TRN-000751,EXPRESS,C12,2026-09-03,07:05,07:31,HIGH,TIMETABLE
TRN-000752,EXPRESS,C10,2026-09-25,10:45,11:09,HIGH,TIMETABLE
TRN-000753,SUPERFAST,C01,2026-09-05,21:19,21:47,HIGH,TIMETABLE
TRN-000754,PASSENGER,C12,2026-09-19,14:43,15:06,HIGH,TIMETABLE
TRN-000755,GOODS,C01,2026-09-25,09:41,10:41,MEDIUM,GOODS_FORECAST
TRN-000756,SUPERFAST,C08,2026-09-13,18:20,18:34,HIGH,TIMETABLE
TRN-000757,EXPRESS,C04,2026-09-04,13:30,13:46,HIGH,TIMETABLE
TRN-000758,PASSENGER,C04,2026-09-19,09:52,10:07,HIGH,TIMETABLE
TRN-000759,GOODS,C13,2026-09-18,13:56,14:43,MEDIUM,GOODS_FORECAST
TRN-000760,SUPERFAST,C14,2026-09-29,20:27,20:45,HIGH,TIMETABLE
TRN-000761,PASSENGER,C12,2026-09-21,03:36,03:56,HIGH,TIMETABLE
TRN-000762,EXPRESS,C18,2026-09-13,07:41,08:03,HIGH,TIMETABLE
TRN-000763,EXPRESS,C15,2026-09-10,15:20,15:35,HIGH,TIMETABLE
TRN-000764,GOODS,C06,2026-09-13,09:50,10:15,MEDIUM,GOODS_FORECAST
TRN-000765,EXPRESS,C11,2026-09-25,15:50,16:20,HIGH,TIMETABLE
TRN-000766,PASSENGER,C04,2026-09-13,19:48,20:11,HIGH,TIMETABLE
TRN-000767,GOODS,C14,2026-09-07,21:43,22:09,MEDIUM,GOODS_FORECAST
TRN-000768,SUPERFAST,C05,2026-09-20,21:09,21:35,HIGH,TIMETABLE
TRN-000769,GOODS,C20,2026-09-19,13:57,14:23,MEDIUM,GOODS_FORECAST
TRN-000770,PASSENGER,C08,2026-09-06,19:25,19:50,HIGH,TIMETABLE
TRN-000771,SUPERFAST,C12,2026-09-01,20:31,21:01,HIGH,TIMETABLE
TRN-000772,EXPRESS,C17,2026-09-28,06:35,06:50,HIGH,TIMETABLE
TRN-000773,EXPRESS,C08,2026-09-06,16:07,16:23,HIGH,TIMETABLE
TRN-000774,PASSENGER,C10,2026-09-03,01:03,01:19,HIGH,TIMETABLE
TRN-000775,EXPRESS,C15,2026-09-08,23:20,23:49,HIGH,TIMETABLE
TRN-000776,EXPRESS,C08,2026-09-26,06:02,06:26,HIGH,TIMETABLE
TRN-000777,EXPRESS,C04,2026-09-26,20:37,20:57,HIGH,TIMETABLE
TRN-000778,GOODS,C06,2026-09-08,15:46,16:15,MEDIUM,GOODS_FORECAST
TRN-000779,PASSENGER,C02,2026-09-22,23:06,23:29,HIGH,TIMETABLE
TRN-000780,GOODS,C16,2026-09-28,13:09,13:38,MEDIUM,GOODS_FORECAST
TRN-000781,SUPERFAST,C09,2026-09-29,18:20,18:33,HIGH,TIMETABLE
TRN-000782,SUPERFAST,C20,2026-09-21,18:13,18:23,HIGH,TIMETABLE
TRN-000783,EXPRESS,C02,2026-09-10,13:35,13:46,HIGH,TIMETABLE
TRN-000784,EXPRESS,C17,2026-09-21,22:10,22:34,HIGH,TIMETABLE
TRN-000785,EXPRESS,C04,2026-09-04,04:58,05:16,HIGH,TIMETABLE
TRN-000786,SUPERFAST,C19,2026-09-25,03:48,04:03,HIGH,TIMETABLE
TRN-000787,EXPRESS,C11,2026-09-05,08:17,08:42,HIGH,TIMETABLE
TRN-000788,PASSENGER,C04,2026-09-11,21:54,22:06,HIGH,TIMETABLE
TRN-000789,EXPRESS,C16,2026-09-25,08:21,08:39,HIGH,TIMETABLE
TRN-000790,PASSENGER,C15,2026-09-11,15:22,15:40,HIGH,TIMETABLE
TRN-000791,EXPRESS,C20,2026-09-02,04:46,05:00,HIGH,TIMETABLE
TRN-000792,EXPRESS,C01,2026-09-08,12:39,13:07,HIGH,TIMETABLE
TRN-000793,EXPRESS,C10,2026-09-10,05:24,05:52,HIGH,TIMETABLE
TRN-000794,SUPERFAST,C16,2026-09-23,15:00,15:19,HIGH,TIMETABLE
TRN-000795,PASSENGER,C05,2026-09-05,20:44,21:03,HIGH,TIMETABLE
TRN-000796,GOODS,C09,2026-09-21,07:46,08:12,MEDIUM,GOODS_FORECAST
TRN-000797,GOODS,C19,2026-09-10,05:03,05:28,MEDIUM,GOODS_FORECAST
TRN-000798,PASSENGER,C17,2026-09-24,17:38,18:00,HIGH,TIMETABLE
TRN-000799,EXPRESS,C06,2026-09-12,21:58,22:12,HIGH,TIMETABLE
TRN-000800,EXPRESS,C17,2026-09-11,17:51,18:12,HIGH,TIMETABLE
TRN-000801,EXPRESS,C16,2026-09-21,05:46,06:12,HIGH,TIMETABLE
TRN-000802,EXPRESS,C16,2026-09-29,12:57,13:07,HIGH,TIMETABLE
TRN-000803,SUPERFAST,C03,2026-09-11,07:40,07:59,HIGH,TIMETABLE
TRN-000804,PASSENGER,C05,2026-09-09,20:46,20:59,HIGH,TIMETABLE
TRN-000805,SUPERFAST,C12,2026-09-16,15:40,16:08,HIGH,TIMETABLE
TRN-000806,GOODS,C01,2026-09-27,17:53,18:32,MEDIUM,GOODS_FORECAST
TRN-000807,SUPERFAST,C12,2026-09-22,01:07,01:29,HIGH,TIMETABLE
TRN-000808,SUPERFAST,C11,2026-09-17,02:17,02:35,HIGH,TIMETABLE
TRN-000809,EXPRESS,C18,2026-09-28,18:21,18:33,HIGH,TIMETABLE
TRN-000810,GOODS,C02,2026-09-15,19:20,20:18,MEDIUM,GOODS_FORECAST
TRN-000811,PASSENGER,C09,2026-09-26,06:14,06:31,HIGH,TIMETABLE
TRN-000812,PASSENGER,C15,2026-09-06,01:22,01:40,HIGH,TIMETABLE
TRN-000813,EXPRESS,C03,2026-09-24,06:29,06:41,HIGH,TIMETABLE
TRN-000814,GOODS,C05,2026-09-17,10:20,10:48,MEDIUM,GOODS_FORECAST
TRN-000815,PASSENGER,C08,2026-09-19,19:50,20:15,HIGH,TIMETABLE
TRN-000816,EXPRESS,C18,2026-09-29,01:44,02:04,HIGH,TIMETABLE
TRN-000817,SUPERFAST,C03,2026-09-07,16:19,16:32,HIGH,TIMETABLE
TRN-000818,EXPRESS,C16,2026-09-07,03:24,03:51,HIGH,TIMETABLE
TRN-000819,EXPRESS,C20,2026-09-16,10:14,10:42,HIGH,TIMETABLE
TRN-000820,PASSENGER,C14,2026-09-28,03:48,04:12,HIGH,TIMETABLE
TRN-000821,SUPERFAST,C07,2026-09-19,21:40,22:09,HIGH,TIMETABLE
TRN-000822,SUPERFAST,C01,2026-09-09,13:53,14:22,HIGH,TIMETABLE
TRN-000823,PASSENGER,C06,2026-09-11,17:18,17:43,HIGH,TIMETABLE
TRN-000824,EXPRESS,C10,2026-09-09,18:09,18:26,HIGH,TIMETABLE
TRN-000825,PASSENGER,C18,2026-09-17,10:32,10:56,HIGH,TIMETABLE
TRN-000826,PASSENGER,C06,2026-09-16,00:13,00:33,HIGH,TIMETABLE
TRN-000827,GOODS,C17,2026-09-16,16:55,17:30,MEDIUM,GOODS_FORECAST
TRN-000828,PASSENGER,C14,2026-09-22,10:23,10:36,HIGH,TIMETABLE
TRN-000829,GOODS,C15,2026-09-11,21:46,22:45,MEDIUM,GOODS_FORECAST
TRN-000830,GOODS,C07,2026-09-25,03:42,04:21,MEDIUM,GOODS_FORECAST
TRN-000831,PASSENGER,C17,2026-09-10,10:55,11:20,HIGH,TIMETABLE
TRN-000832,PASSENGER,C10,2026-09-30,20:48,21:04,HIGH,TIMETABLE
TRN-000833,EXPRESS,C05,2026-09-11,05:20,05:36,HIGH,TIMETABLE
TRN-000834,SUPERFAST,C06,2026-09-28,05:23,05:52,HIGH,TIMETABLE
TRN-000835,SUPERFAST,C11,2026-09-17,16:10,16:40,HIGH,TIMETABLE
TRN-000836,EXPRESS,C14,2026-09-25,09:11,09:28,HIGH,TIMETABLE
TRN-000837,GOODS,C16,2026-09-30,10:21,11:09,MEDIUM,GOODS_FORECAST
TRN-000838,PASSENGER,C11,2026-09-24,12:04,12:24,HIGH,TIMETABLE
TRN-000839,EXPRESS,C14,2026-09-19,13:25,13:48,HIGH,TIMETABLE
TRN-000840,PASSENGER,C13,2026-09-02,13:57,14:18,HIGH,TIMETABLE
TRN-000841,SUPERFAST,C05,2026-09-15,09:21,09:31,HIGH,TIMETABLE
TRN-000842,GOODS,C07,2026-09-07,22:35,23:16,MEDIUM,GOODS_FORECAST
TRN-000843,PASSENGER,C12,2026-09-01,10:59,11:22,HIGH,TIMETABLE
TRN-000844,SUPERFAST,C11,2026-09-18,19:06,19:22,HIGH,TIMETABLE
TRN-000845,SUPERFAST,C20,2026-09-17,15:01,15:19,HIGH,TIMETABLE
TRN-000846,PASSENGER,C08,2026-09-06,11:06,11:31,HIGH,TIMETABLE
TRN-000847,GOODS,C19,2026-09-16,01:34,02:23,MEDIUM,GOODS_FORECAST
TRN-000848,SUPERFAST,C16,2026-09-08,09:33,10:02,HIGH,TIMETABLE
TRN-000849,EXPRESS,C02,2026-09-04,01:54,02:24,HIGH,TIMETABLE
TRN-000850,PASSENGER,C18,2026-09-12,14:57,15:16,HIGH,TIMETABLE
TRN-000851,PASSENGER,C05,2026-09-29,02:31,02:51,HIGH,TIMETABLE
TRN-000852,GOODS,C14,2026-09-27,05:10,05:44,MEDIUM,GOODS_FORECAST
TRN-000853,EXPRESS,C19,2026-09-07,19:10,19:22,HIGH,TIMETABLE
TRN-000854,EXPRESS,C11,2026-09-19,18:39,18:57,HIGH,TIMETABLE
TRN-000855,EXPRESS,C10,2026-09-23,00:44,00:58,HIGH,TIMETABLE
TRN-000856,SUPERFAST,C03,2026-09-28,23:52,00:12,HIGH,TIMETABLE
TRN-000857,GOODS,C12,2026-09-29,15:13,15:51,MEDIUM,GOODS_FORECAST
TRN-000858,PASSENGER,C15,2026-09-08,15:43,16:04,HIGH,TIMETABLE
TRN-000859,PASSENGER,C09,2026-09-09,20:36,20:46,HIGH,TIMETABLE
TRN-000860,PASSENGER,C14,2026-09-14,13:31,13:56,HIGH,TIMETABLE
TRN-000861,SUPERFAST,C17,2026-09-02,17:29,17:50,HIGH,TIMETABLE
TRN-000862,PASSENGER,C14,2026-09-02,17:12,17:32,HIGH,TIMETABLE
TRN-000863,SUPERFAST,C16,2026-09-10,19:37,19:57,HIGH,TIMETABLE
TRN-000864,SUPERFAST,C03,2026-09-19,03:08,03:35,HIGH,TIMETABLE
TRN-000865,SUPERFAST,C18,2026-09-06,17:31,17:43,HIGH,TIMETABLE
TRN-000866,EXPRESS,C15,2026-09-20,22:11,22:27,HIGH,TIMETABLE
TRN-000867,SUPERFAST,C14,2026-09-27,09:27,09:51,HIGH,TIMETABLE
TRN-000868,EXPRESS,C05,2026-09-21,11:16,11:28,HIGH,TIMETABLE
TRN-000869,PASSENGER,C19,2026-09-11,15:29,15:52,HIGH,TIMETABLE
TRN-000870,GOODS,C13,2026-09-19,10:01,10:26,MEDIUM,GOODS_FORECAST
TRN-000871,SUPERFAST,C13,2026-09-01,00:17,00:34,HIGH,TIMETABLE
TRN-000872,PASSENGER,C05,2026-09-09,07:36,07:56,HIGH,TIMETABLE
TRN-000873,EXPRESS,C07,2026-09-25,19:36,19:57,HIGH,TIMETABLE
TRN-000874,GOODS,C19,2026-09-05,06:26,07:00,MEDIUM,GOODS_FORECAST
TRN-000875,PASSENGER,C06,2026-09-04,00:53,01:04,HIGH,TIMETABLE
TRN-000876,SUPERFAST,C18,2026-09-12,02:21,02:41,HIGH,TIMETABLE
TRN-000877,GOODS,C08,2026-09-22,07:07,07:44,MEDIUM,GOODS_FORECAST
TRN-000878,PASSENGER,C14,2026-09-09,07:57,08:13,HIGH,TIMETABLE
TRN-000879,SUPERFAST,C01,2026-09-05,15:00,15:13,HIGH,TIMETABLE
TRN-000880,GOODS,C13,2026-09-01,15:09,15:47,MEDIUM,GOODS_FORECAST
TRN-000881,EXPRESS,C15,2026-09-15,13:37,13:53,HIGH,TIMETABLE
TRN-000882,PASSENGER,C13,2026-09-19,04:15,04:27,HIGH,TIMETABLE
TRN-000883,GOODS,C17,2026-09-30,19:44,20:42,MEDIUM,GOODS_FORECAST
TRN-000884,PASSENGER,C07,2026-09-04,16:41,17:02,HIGH,TIMETABLE
TRN-000885,SUPERFAST,C11,2026-09-14,06:31,06:47,HIGH,TIMETABLE
TRN-000886,GOODS,C17,2026-09-12,16:18,16:59,MEDIUM,GOODS_FORECAST
TRN-000887,EXPRESS,C15,2026-09-01,00:14,00:36,HIGH,TIMETABLE
TRN-000888,GOODS,C13,2026-09-28,03:24,04:11,MEDIUM,GOODS_FORECAST
TRN-000889,EXPRESS,C10,2026-09-27,02:13,02:36,HIGH,TIMETABLE
TRN-000890,GOODS,C10,2026-09-08,23:56,00:26,MEDIUM,GOODS_FORECAST
TRN-000891,SUPERFAST,C13,2026-09-29,16:05,16:15,HIGH,TIMETABLE
TRN-000892,GOODS,C09,2026-09-24,22:05,22:50,MEDIUM,GOODS_FORECAST
TRN-000893,PASSENGER,C08,2026-09-06,19:16,19:26,HIGH,TIMETABLE
TRN-000894,PASSENGER,C05,2026-09-05,23:43,00:08,HIGH,TIMETABLE
TRN-000895,SUPERFAST,C02,2026-09-20,07:09,07:28,HIGH,TIMETABLE
TRN-000896,EXPRESS,C14,2026-09-27,05:22,05:45,HIGH,TIMETABLE
TRN-000897,PASSENGER,C17,2026-09-05,22:49,23:04,HIGH,TIMETABLE
TRN-000898,EXPRESS,C04,2026-09-26,05:32,05:42,HIGH,TIMETABLE
TRN-000899,EXPRESS,C10,2026-09-13,21:20,21:41,HIGH,TIMETABLE
TRN-000900,GOODS,C09,2026-09-20,10:57,11:23,MEDIUM,GOODS_FORECAST
TRN-000901,SUPERFAST,C11,2026-09-01,16:03,16:14,HIGH,TIMETABLE
TRN-000902,SUPERFAST,C05,2026-09-30,13:54,14:05,HIGH,TIMETABLE
TRN-000903,EXPRESS,C20,2026-09-24,17:55,18:10,HIGH,TIMETABLE
TRN-000904,PASSENGER,C01,2026-09-12,07:36,07:48,HIGH,TIMETABLE
TRN-000905,EXPRESS,C03,2026-09-04,16:14,16:38,HIGH,TIMETABLE
TRN-000906,GOODS,C18,2026-09-15,04:35,05:00,MEDIUM,GOODS_FORECAST
TRN-000907,PASSENGER,C16,2026-09-29,08:46,09:00,HIGH,TIMETABLE
TRN-000908,PASSENGER,C18,2026-09-12,20:56,21:09,HIGH,TIMETABLE
TRN-000909,EXPRESS,C19,2026-09-07,04:17,04:34,HIGH,TIMETABLE
TRN-000910,EXPRESS,C05,2026-09-08,22:30,22:42,HIGH,TIMETABLE
TRN-000911,SUPERFAST,C13,2026-09-10,20:59,21:12,HIGH,TIMETABLE
TRN-000912,PASSENGER,C09,2026-09-06,22:30,22:49,HIGH,TIMETABLE
TRN-000913,PASSENGER,C15,2026-09-22,20:09,20:27,HIGH,TIMETABLE
TRN-000914,SUPERFAST,C05,2026-09-11,14:24,14:45,HIGH,TIMETABLE
TRN-000915,SUPERFAST,C19,2026-09-24,01:10,01:32,HIGH,TIMETABLE
TRN-000916,SUPERFAST,C07,2026-09-06,00:29,00:43,HIGH,TIMETABLE
TRN-000917,SUPERFAST,C08,2026-09-06,13:32,13:52,HIGH,TIMETABLE
TRN-000918,PASSENGER,C16,2026-09-16,11:44,12:00,HIGH,TIMETABLE
TRN-000919,SUPERFAST,C19,2026-09-13,15:25,15:41,HIGH,TIMETABLE
TRN-000920,EXPRESS,C09,2026-09-18,15:00,15:13,HIGH,TIMETABLE
TRN-000921,SUPERFAST,C17,2026-09-30,11:30,11:50,HIGH,TIMETABLE
TRN-000922,GOODS,C06,2026-09-09,11:38,12:34,MEDIUM,GOODS_FORECAST
TRN-000923,SUPERFAST,C15,2026-09-22,03:17,03:37,HIGH,TIMETABLE
TRN-000924,SUPERFAST,C09,2026-09-03,12:28,12:51,HIGH,TIMETABLE
TRN-000925,SUPERFAST,C18,2026-09-05,03:13,03:30,HIGH,TIMETABLE
TRN-000926,GOODS,C04,2026-09-04,18:47,19:30,MEDIUM,GOODS_FORECAST
TRN-000927,PASSENGER,C12,2026-09-10,15:26,15:49,HIGH,TIMETABLE
TRN-000928,EXPRESS,C03,2026-09-28,17:13,17:28,HIGH,TIMETABLE
TRN-000929,EXPRESS,C17,2026-09-07,04:50,05:07,HIGH,TIMETABLE
TRN-000930,SUPERFAST,C07,2026-09-24,12:04,12:30,HIGH,TIMETABLE
TRN-000931,SUPERFAST,C05,2026-09-19,18:06,18:32,HIGH,TIMETABLE
TRN-000932,PASSENGER,C18,2026-09-12,18:24,18:41,HIGH,TIMETABLE
TRN-000933,SUPERFAST,C17,2026-09-06,12:46,13:01,HIGH,TIMETABLE
TRN-000934,PASSENGER,C06,2026-09-21,21:39,21:56,HIGH,TIMETABLE
TRN-000935,GOODS,C05,2026-09-18,20:48,21:40,MEDIUM,GOODS_FORECAST
TRN-000936,GOODS,C09,2026-09-02,13:40,14:23,MEDIUM,GOODS_FORECAST
TRN-000937,EXPRESS,C17,2026-09-14,16:15,16:39,HIGH,TIMETABLE
TRN-000938,PASSENGER,C10,2026-09-01,02:33,02:51,HIGH,TIMETABLE
TRN-000939,SUPERFAST,C10,2026-09-07,20:55,21:24,HIGH,TIMETABLE
TRN-000940,GOODS,C02,2026-09-25,14:00,14:33,MEDIUM,GOODS_FORECAST
TRN-000941,PASSENGER,C06,2026-09-25,08:16,08:38,HIGH,TIMETABLE
TRN-000942,SUPERFAST,C14,2026-09-13,20:11,20:27,HIGH,TIMETABLE
TRN-000943,PASSENGER,C12,2026-09-03,07:43,08:01,HIGH,TIMETABLE
TRN-000944,PASSENGER,C13,2026-09-04,19:59,20:13,HIGH,TIMETABLE
TRN-000945,PASSENGER,C05,2026-09-22,09:24,09:44,HIGH,TIMETABLE
TRN-000946,PASSENGER,C04,2026-09-17,10:37,10:50,HIGH,TIMETABLE
TRN-000947,SUPERFAST,C20,2026-09-16,07:55,08:19,HIGH,TIMETABLE
TRN-000948,PASSENGER,C04,2026-09-18,20:49,21:13,HIGH,TIMETABLE
TRN-000949,PASSENGER,C11,2026-09-29,09:17,09:28,HIGH,TIMETABLE
TRN-000950,EXPRESS,C09,2026-09-04,21:23,21:47,HIGH,TIMETABLE
TRN-000951,EXPRESS,C06,2026-09-29,23:36,00:01,HIGH,TIMETABLE
TRN-000952,SUPERFAST,C08,2026-09-17,03:31,03:43,HIGH,TIMETABLE
TRN-000953,GOODS,C20,2026-09-20,12:22,13:02,MEDIUM,GOODS_FORECAST
TRN-000954,GOODS,C16,2026-09-27,23:56,00:48,MEDIUM,GOODS_FORECAST
TRN-000955,EXPRESS,C04,2026-09-28,09:33,09:51,HIGH,TIMETABLE
TRN-000956,GOODS,C17,2026-09-11,14:19,15:00,MEDIUM,GOODS_FORECAST
TRN-000957,GOODS,C03,2026-09-01,03:27,04:23,MEDIUM,GOODS_FORECAST
TRN-000958,PASSENGER,C16,2026-09-08,20:10,20:33,HIGH,TIMETABLE
TRN-000959,SUPERFAST,C04,2026-09-25,16:39,17:06,HIGH,TIMETABLE
TRN-000960,SUPERFAST,C19,2026-09-13,20:42,21:08,HIGH,TIMETABLE
TRN-000961,GOODS,C13,2026-09-02,20:32,21:03,MEDIUM,GOODS_FORECAST
TRN-000962,EXPRESS,C04,2026-09-19,03:14,03:27,HIGH,TIMETABLE
TRN-000963,GOODS,C08,2026-09-12,19:48,20:39,MEDIUM,GOODS_FORECAST
TRN-000964,GOODS,C02,2026-09-12,22:05,22:58,MEDIUM,GOODS_FORECAST
TRN-000965,GOODS,C19,2026-09-28,17:50,18:17,MEDIUM,GOODS_FORECAST
TRN-000966,GOODS,C14,2026-09-22,00:52,01:30,MEDIUM,GOODS_FORECAST
TRN-000967,EXPRESS,C01,2026-09-21,11:13,11:26,HIGH,TIMETABLE
TRN-000968,PASSENGER,C14,2026-09-26,00:58,01:22,HIGH,TIMETABLE
TRN-000969,GOODS,C09,2026-09-12,23:18,00:05,MEDIUM,GOODS_FORECAST
TRN-000970,EXPRESS,C08,2026-09-09,15:13,15:24,HIGH,TIMETABLE
TRN-000971,PASSENGER,C09,2026-09-25,05:28,05:44,HIGH,TIMETABLE
TRN-000972,EXPRESS,C18,2026-09-21,10:59,11:21,HIGH,TIMETABLE
TRN-000973,SUPERFAST,C06,2026-09-28,17:03,17:15,HIGH,TIMETABLE
TRN-000974,PASSENGER,C20,2026-09-18,07:46,08:06,HIGH,TIMETABLE
TRN-000975,GOODS,C04,2026-09-30,03:05,03:55,MEDIUM,GOODS_FORECAST
TRN-000976,PASSENGER,C16,2026-09-21,06:21,06:43,HIGH,TIMETABLE
TRN-000977,PASSENGER,C16,2026-09-12,11:30,11:54,HIGH,TIMETABLE
TRN-000978,GOODS,C06,2026-09-06,11:01,11:27,MEDIUM,GOODS_FORECAST
TRN-000979,PASSENGER,C19,2026-09-10,17:16,17:35,HIGH,TIMETABLE
TRN-000980,SUPERFAST,C18,2026-09-06,13:35,14:04,HIGH,TIMETABLE
TRN-000981,SUPERFAST,C07,2026-09-03,03:05,03:34,HIGH,TIMETABLE
TRN-000982,GOODS,C13,2026-09-28,08:59,09:33,MEDIUM,GOODS_FORECAST
TRN-000983,SUPERFAST,C18,2026-09-12,13:32,13:46,HIGH,TIMETABLE
TRN-000984,GOODS,C04,2026-09-28,10:01,10:31,MEDIUM,GOODS_FORECAST
TRN-000985,PASSENGER,C08,2026-09-15,01:23,01:40,HIGH,TIMETABLE
TRN-000986,EXPRESS,C09,2026-09-01,16:52,17:09,HIGH,TIMETABLE
TRN-000987,GOODS,C08,2026-09-08,07:42,08:35,MEDIUM,GOODS_FORECAST
TRN-000988,SUPERFAST,C07,2026-09-05,00:25,00:44,HIGH,TIMETABLE
TRN-000989,PASSENGER,C01,2026-09-28,20:53,21:18,HIGH,TIMETABLE
TRN-000990,GOODS,C14,2026-09-18,18:48,19:25,MEDIUM,GOODS_FORECAST
TRN-000991,EXPRESS,C17,2026-09-19,13:38,14:08,HIGH,TIMETABLE
TRN-000992,EXPRESS,C13,2026-09-24,08:55,09:16,HIGH,TIMETABLE
TRN-000993,GOODS,C09,2026-09-14,12:38,13:26,MEDIUM,GOODS_FORECAST
TRN-000994,GOODS,C08,2026-09-11,18:26,19:13,MEDIUM,GOODS_FORECAST
TRN-000995,PASSENGER,C05,2026-09-11,23:58,00:15,HIGH,TIMETABLE
TRN-000996,SUPERFAST,C19,2026-09-05,03:17,03:43,HIGH,TIMETABLE
TRN-000997,SUPERFAST,C18,2026-09-11,03:34,04:03,HIGH,TIMETABLE
TRN-000998,PASSENGER,C12,2026-09-23,23:57,00:14,HIGH,TIMETABLE
TRN-000999,EXPRESS,C19,2026-09-27,01:48,02:12,HIGH,TIMETABLE
TRN-001000,SUPERFAST,C16,2026-09-19,14:53,15:05,HIGH,TIMETABLE
TRN-001001,GOODS,C06,2026-09-01,19:06,19:59,MEDIUM,GOODS_FORECAST
TRN-001002,EXPRESS,C02,2026-09-29,11:51,12:16,HIGH,TIMETABLE
TRN-001003,GOODS,C05,2026-09-03,23:16,00:03,MEDIUM,GOODS_FORECAST
TRN-001004,PASSENGER,C09,2026-09-19,08:36,08:46,HIGH,TIMETABLE
TRN-001005,SUPERFAST,C16,2026-09-14,04:33,04:55,HIGH,TIMETABLE
TRN-001006,PASSENGER,C15,2026-09-10,18:22,18:41,HIGH,TIMETABLE
TRN-001007,PASSENGER,C19,2026-09-26,17:20,17:43,HIGH,TIMETABLE
TRN-001008,PASSENGER,C18,2026-09-22,20:01,20:21,HIGH,TIMETABLE
TRN-001009,GOODS,C20,2026-09-02,12:13,12:45,MEDIUM,GOODS_FORECAST
TRN-001010,SUPERFAST,C03,2026-09-20,02:10,02:36,HIGH,TIMETABLE
TRN-001011,EXPRESS,C06,2026-09-24,06:38,06:55,HIGH,TIMETABLE
TRN-001012,GOODS,C06,2026-09-27,06:11,06:37,MEDIUM,GOODS_FORECAST
TRN-001013,SUPERFAST,C16,2026-09-24,04:04,04:24,HIGH,TIMETABLE
TRN-001014,PASSENGER,C13,2026-09-19,23:55,00:17,HIGH,TIMETABLE
TRN-001015,GOODS,C13,2026-09-23,16:11,16:44,MEDIUM,GOODS_FORECAST
TRN-001016,GOODS,C06,2026-09-04,10:37,11:24,MEDIUM,GOODS_FORECAST
TRN-001017,PASSENGER,C14,2026-09-29,08:36,09:01,HIGH,TIMETABLE
TRN-001018,PASSENGER,C09,2026-09-13,06:50,07:07,HIGH,TIMETABLE
TRN-001019,EXPRESS,C03,2026-09-11,15:25,15:38,HIGH,TIMETABLE
TRN-001020,EXPRESS,C01,2026-09-29,20:41,20:52,HIGH,TIMETABLE
TRN-001021,GOODS,C02,2026-09-22,12:44,13:15,MEDIUM,GOODS_FORECAST
TRN-001022,PASSENGER,C17,2026-09-01,00:09,00:29,HIGH,TIMETABLE
TRN-001023,EXPRESS,C01,2026-09-26,19:23,19:51,HIGH,TIMETABLE
TRN-001024,EXPRESS,C03,2026-09-06,06:26,06:56,HIGH,TIMETABLE
TRN-001025,SUPERFAST,C06,2026-09-18,07:27,07:48,HIGH,TIMETABLE
TRN-001026,PASSENGER,C05,2026-09-20,12:46,13:01,HIGH,TIMETABLE
TRN-001027,GOODS,C06,2026-09-17,05:04,05:57,MEDIUM,GOODS_FORECAST
TRN-001028,PASSENGER,C02,2026-09-30,18:20,18:33,HIGH,TIMETABLE
TRN-001029,GOODS,C10,2026-09-30,09:56,10:27,MEDIUM,GOODS_FORECAST
TRN-001030,PASSENGER,C06,2026-09-19,17:41,17:56,HIGH,TIMETABLE
TRN-001031,GOODS,C16,2026-09-07,20:35,21:09,MEDIUM,GOODS_FORECAST
TRN-001032,GOODS,C11,2026-09-15,22:28,23:28,MEDIUM,GOODS_FORECAST
TRN-001033,GOODS,C15,2026-09-04,22:49,23:49,MEDIUM,GOODS_FORECAST
TRN-001034,PASSENGER,C08,2026-09-12,04:49,05:06,HIGH,TIMETABLE
TRN-001035,GOODS,C16,2026-09-07,13:47,14:14,MEDIUM,GOODS_FORECAST
TRN-001036,EXPRESS,C16,2026-09-26,22:30,22:58,HIGH,TIMETABLE
TRN-001037,PASSENGER,C17,2026-09-03,22:38,22:58,HIGH,TIMETABLE
TRN-001038,GOODS,C19,2026-09-19,23:58,00:57,MEDIUM,GOODS_FORECAST
TRN-001039,EXPRESS,C18,2026-09-21,06:51,07:10,HIGH,TIMETABLE
TRN-001040,PASSENGER,C15,2026-09-25,06:45,07:04,HIGH,TIMETABLE
TRN-001041,GOODS,C14,2026-09-13,14:51,15:40,MEDIUM,GOODS_FORECAST
TRN-001042,PASSENGER,C01,2026-09-16,03:33,03:53,HIGH,TIMETABLE
TRN-001043,EXPRESS,C20,2026-09-13,10:26,10:51,HIGH,TIMETABLE
TRN-001044,GOODS,C10,2026-09-25,23:20,23:48,MEDIUM,GOODS_FORECAST
TRN-001045,EXPRESS,C02,2026-09-07,03:02,03:21,HIGH,TIMETABLE
TRN-001046,GOODS,C19,2026-09-18,05:55,06:40,MEDIUM,GOODS_FORECAST
TRN-001047,SUPERFAST,C18,2026-09-01,01:36,01:55,HIGH,TIMETABLE
TRN-001048,EXPRESS,C12,2026-09-18,01:47,02:10,HIGH,TIMETABLE
TRN-001049,SUPERFAST,C17,2026-09-28,06:05,06:31,HIGH,TIMETABLE
TRN-001050,EXPRESS,C02,2026-09-30,07:19,07:32,HIGH,TIMETABLE
TRN-001051,EXPRESS,C06,2026-09-29,07:33,07:53,HIGH,TIMETABLE
TRN-001052,PASSENGER,C07,2026-09-16,07:03,07:13,HIGH,TIMETABLE
TRN-001053,PASSENGER,C13,2026-09-07,23:31,23:44,HIGH,TIMETABLE
TRN-001054,GOODS,C01,2026-09-29,08:12,08:58,MEDIUM,GOODS_FORECAST
TRN-001055,GOODS,C13,2026-09-27,07:47,08:35,MEDIUM,GOODS_FORECAST
TRN-001056,GOODS,C13,2026-09-02,05:19,05:53,MEDIUM,GOODS_FORECAST
TRN-001057,EXPRESS,C20,2026-09-22,08:48,09:11,HIGH,TIMETABLE
TRN-001058,SUPERFAST,C10,2026-09-07,22:18,22:36,HIGH,TIMETABLE
TRN-001059,EXPRESS,C01,2026-09-14,14:07,14:29,HIGH,TIMETABLE
TRN-001060,PASSENGER,C07,2026-09-27,16:39,16:57,HIGH,TIMETABLE
TRN-001061,SUPERFAST,C13,2026-09-02,23:45,00:09,HIGH,TIMETABLE
TRN-001062,PASSENGER,C08,2026-09-03,21:45,21:58,HIGH,TIMETABLE
TRN-001063,PASSENGER,C16,2026-09-03,06:15,06:35,HIGH,TIMETABLE
TRN-001064,PASSENGER,C09,2026-09-22,23:43,00:05,HIGH,TIMETABLE
TRN-001065,PASSENGER,C10,2026-09-10,19:27,19:45,HIGH,TIMETABLE
TRN-001066,PASSENGER,C04,2026-09-13,06:53,07:05,HIGH,TIMETABLE
TRN-001067,EXPRESS,C16,2026-09-07,04:20,04:46,HIGH,TIMETABLE
TRN-001068,GOODS,C16,2026-09-16,03:43,04:15,MEDIUM,GOODS_FORECAST
TRN-001069,PASSENGER,C13,2026-09-06,02:51,03:03,HIGH,TIMETABLE
TRN-001070,PASSENGER,C20,2026-09-12,14:57,15:11,HIGH,TIMETABLE
TRN-001071,EXPRESS,C02,2026-09-22,17:11,17:27,HIGH,TIMETABLE
TRN-001072,SUPERFAST,C11,2026-09-02,19:24,19:34,HIGH,TIMETABLE
TRN-001073,GOODS,C11,2026-09-28,08:33,09:09,MEDIUM,GOODS_FORECAST
TRN-001074,EXPRESS,C07,2026-09-29,21:59,22:10,HIGH,TIMETABLE
TRN-001075,EXPRESS,C05,2026-09-10,17:15,17:27,HIGH,TIMETABLE
TRN-001076,PASSENGER,C07,2026-09-11,22:27,22:51,HIGH,TIMETABLE
TRN-001077,PASSENGER,C15,2026-09-03,08:23,08:42,HIGH,TIMETABLE
TRN-001078,EXPRESS,C05,2026-09-18,10:50,11:01,HIGH,TIMETABLE
TRN-001079,PASSENGER,C03,2026-09-14,17:40,17:50,HIGH,TIMETABLE
TRN-001080,SUPERFAST,C06,2026-09-24,10:58,11:19,HIGH,TIMETABLE
TRN-001081,PASSENGER,C04,2026-09-22,07:58,08:08,HIGH,TIMETABLE
TRN-001082,EXPRESS,C19,2026-09-02,13:13,13:41,HIGH,TIMETABLE
TRN-001083,PASSENGER,C08,2026-09-25,21:26,21:37,HIGH,TIMETABLE
TRN-001084,EXPRESS,C03,2026-09-01,22:08,22:33,HIGH,TIMETABLE
TRN-001085,GOODS,C13,2026-09-10,23:24,00:13,MEDIUM,GOODS_FORECAST
TRN-001086,EXPRESS,C08,2026-09-22,16:44,17:13,HIGH,TIMETABLE
TRN-001087,PASSENGER,C15,2026-09-16,05:13,05:37,HIGH,TIMETABLE
TRN-001088,EXPRESS,C12,2026-09-08,04:55,05:14,HIGH,TIMETABLE
TRN-001089,SUPERFAST,C06,2026-09-13,08:46,09:01,HIGH,TIMETABLE
TRN-001090,EXPRESS,C01,2026-09-14,10:14,10:28,HIGH,TIMETABLE
TRN-001091,PASSENGER,C14,2026-09-23,18:28,18:45,HIGH,TIMETABLE
TRN-001092,GOODS,C05,2026-09-27,21:23,22:10,MEDIUM,GOODS_FORECAST
TRN-001093,PASSENGER,C13,2026-09-14,14:15,14:39,HIGH,TIMETABLE
TRN-001094,SUPERFAST,C15,2026-09-13,15:49,16:10,HIGH,TIMETABLE
TRN-001095,PASSENGER,C13,2026-09-05,18:05,18:21,HIGH,TIMETABLE
TRN-001096,PASSENGER,C07,2026-09-19,06:38,06:59,HIGH,TIMETABLE
TRN-001097,GOODS,C18,2026-09-28,13:56,14:44,MEDIUM,GOODS_FORECAST
TRN-001098,SUPERFAST,C07,2026-09-13,04:49,05:14,HIGH,TIMETABLE
TRN-001099,PASSENGER,C15,2026-09-10,21:17,21:40,HIGH,TIMETABLE
TRN-001100,PASSENGER,C07,2026-09-11,18:49,19:04,HIGH,TIMETABLE
TRN-001101,SUPERFAST,C17,2026-09-14,06:09,06:33,HIGH,TIMETABLE
TRN-001102,PASSENGER,C07,2026-09-13,19:22,19:37,HIGH,TIMETABLE
TRN-001103,PASSENGER,C19,2026-09-25,05:19,05:41,HIGH,TIMETABLE
TRN-001104,EXPRESS,C07,2026-09-05,14:02,14:22,HIGH,TIMETABLE
TRN-001105,EXPRESS,C05,2026-09-25,16:36,16:56,HIGH,TIMETABLE
TRN-001106,SUPERFAST,C20,2026-09-17,21:26,21:37,HIGH,TIMETABLE
TRN-001107,SUPERFAST,C03,2026-09-03,00:43,00:53,HIGH,TIMETABLE
TRN-001108,GOODS,C02,2026-09-11,03:04,03:49,MEDIUM,GOODS_FORECAST
TRN-001109,GOODS,C12,2026-09-07,05:08,05:46,MEDIUM,GOODS_FORECAST
TRN-001110,PASSENGER,C03,2026-09-12,21:16,21:36,HIGH,TIMETABLE
TRN-001111,EXPRESS,C15,2026-09-16,11:33,11:48,HIGH,TIMETABLE
TRN-001112,PASSENGER,C04,2026-09-26,19:10,19:25,HIGH,TIMETABLE
TRN-001113,GOODS,C05,2026-09-06,14:10,14:42,MEDIUM,GOODS_FORECAST
TRN-001114,EXPRESS,C20,2026-09-14,05:24,05:51,HIGH,TIMETABLE
TRN-001115,EXPRESS,C16,2026-09-23,09:35,09:52,HIGH,TIMETABLE
TRN-001116,GOODS,C05,2026-09-30,15:11,15:42,MEDIUM,GOODS_FORECAST
TRN-001117,SUPERFAST,C05,2026-09-29,13:00,13:25,HIGH,TIMETABLE
TRN-001118,EXPRESS,C06,2026-09-25,00:40,01:08,HIGH,TIMETABLE
TRN-001119,SUPERFAST,C12,2026-09-30,15:03,15:31,HIGH,TIMETABLE
TRN-001120,EXPRESS,C15,2026-09-29,00:40,01:05,HIGH,TIMETABLE
TRN-001121,GOODS,C19,2026-09-12,11:35,12:05,MEDIUM,GOODS_FORECAST
TRN-001122,GOODS,C03,2026-09-06,04:36,05:20,MEDIUM,GOODS_FORECAST
TRN-001123,SUPERFAST,C05,2026-09-04,22:49,23:05,HIGH,TIMETABLE
TRN-001124,GOODS,C11,2026-09-10,02:50,03:37,MEDIUM,GOODS_FORECAST
TRN-001125,SUPERFAST,C16,2026-09-01,21:13,21:41,HIGH,TIMETABLE
TRN-001126,EXPRESS,C06,2026-09-12,08:37,08:53,HIGH,TIMETABLE
TRN-001127,EXPRESS,C17,2026-09-29,00:48,01:13,HIGH,TIMETABLE
TRN-001128,PASSENGER,C06,2026-09-02,22:09,22:26,HIGH,TIMETABLE
TRN-001129,SUPERFAST,C09,2026-09-15,14:46,15:06,HIGH,TIMETABLE
TRN-001130,PASSENGER,C15,2026-09-22,02:44,03:04,HIGH,TIMETABLE
TRN-001131,EXPRESS,C05,2026-09-28,21:18,21:28,HIGH,TIMETABLE
TRN-001132,SUPERFAST,C01,2026-09-10,12:59,13:15,HIGH,TIMETABLE
TRN-001133,GOODS,C13,2026-09-13,01:13,01:55,MEDIUM,GOODS_FORECAST
TRN-001134,SUPERFAST,C11,2026-09-12,17:29,17:52,HIGH,TIMETABLE
TRN-001135,EXPRESS,C11,2026-09-05,11:49,12:07,HIGH,TIMETABLE
TRN-001136,EXPRESS,C16,2026-09-10,09:06,09:18,HIGH,TIMETABLE
TRN-001137,GOODS,C03,2026-09-26,22:44,23:29,MEDIUM,GOODS_FORECAST
TRN-001138,GOODS,C04,2026-09-01,04:23,04:54,MEDIUM,GOODS_FORECAST
TRN-001139,PASSENGER,C06,2026-09-12,02:13,02:27,HIGH,TIMETABLE
TRN-001140,EXPRESS,C08,2026-09-25,02:58,03:10,HIGH,TIMETABLE
TRN-001141,PASSENGER,C01,2026-09-24,11:38,11:50,HIGH,TIMETABLE
TRN-001142,PASSENGER,C15,2026-09-21,11:17,11:30,HIGH,TIMETABLE
TRN-001143,SUPERFAST,C02,2026-09-23,04:44,05:00,HIGH,TIMETABLE
TRN-001144,GOODS,C03,2026-09-06,03:07,03:37,MEDIUM,GOODS_FORECAST
TRN-001145,PASSENGER,C08,2026-09-07,01:42,01:54,HIGH,TIMETABLE
TRN-001146,EXPRESS,C17,2026-09-07,16:14,16:30,HIGH,TIMETABLE
TRN-001147,SUPERFAST,C16,2026-09-20,06:21,06:46,HIGH,TIMETABLE
TRN-001148,PASSENGER,C19,2026-09-28,02:05,02:29,HIGH,TIMETABLE
TRN-001149,PASSENGER,C01,2026-09-03,06:00,06:16,HIGH,TIMETABLE
TRN-001150,PASSENGER,C18,2026-09-19,06:27,06:40,HIGH,TIMETABLE
TRN-001151,SUPERFAST,C03,2026-09-07,06:23,06:43,HIGH,TIMETABLE
TRN-001152,SUPERFAST,C08,2026-09-06,13:28,13:58,HIGH,TIMETABLE
TRN-001153,GOODS,C10,2026-09-20,14:04,15:01,MEDIUM,GOODS_FORECAST
TRN-001154,SUPERFAST,C07,2026-09-14,08:33,08:54,HIGH,TIMETABLE
TRN-001155,SUPERFAST,C17,2026-09-01,22:21,22:39,HIGH,TIMETABLE
TRN-001156,PASSENGER,C06,2026-09-03,02:06,02:18,HIGH,TIMETABLE
TRN-001157,EXPRESS,C02,2026-09-20,14:40,14:52,HIGH,TIMETABLE
TRN-001158,SUPERFAST,C15,2026-09-01,23:01,23:13,HIGH,TIMETABLE
TRN-001159,PASSENGER,C12,2026-09-23,23:14,23:26,HIGH,TIMETABLE
TRN-001160,EXPRESS,C11,2026-09-15,12:13,12:38,HIGH,TIMETABLE
TRN-001161,EXPRESS,C10,2026-09-25,16:41,17:01,HIGH,TIMETABLE
TRN-001162,EXPRESS,C07,2026-09-08,20:02,20:17,HIGH,TIMETABLE
TRN-001163,PASSENGER,C12,2026-09-14,15:52,16:16,HIGH,TIMETABLE
TRN-001164,PASSENGER,C13,2026-09-15,15:51,16:15,HIGH,TIMETABLE
TRN-001165,PASSENGER,C13,2026-09-14,00:50,01:04,HIGH,TIMETABLE
TRN-001166,SUPERFAST,C13,2026-09-28,21:34,21:48,HIGH,TIMETABLE
TRN-001167,EXPRESS,C01,2026-09-14,22:35,22:50,HIGH,TIMETABLE
TRN-001168,PASSENGER,C06,2026-09-07,03:14,03:24,HIGH,TIMETABLE
TRN-001169,EXPRESS,C05,2026-09-09,11:30,11:46,HIGH,TIMETABLE
TRN-001170,PASSENGER,C13,2026-09-06,10:21,10:39,HIGH,TIMETABLE
TRN-001171,PASSENGER,C16,2026-09-20,17:02,17:25,HIGH,TIMETABLE
TRN-001172,EXPRESS,C06,2026-09-16,22:43,22:54,HIGH,TIMETABLE
TRN-001173,EXPRESS,C04,2026-09-03,11:02,11:27,HIGH,TIMETABLE
TRN-001174,SUPERFAST,C05,2026-09-08,17:42,18:07,HIGH,TIMETABLE
TRN-001175,GOODS,C14,2026-09-16,00:26,01:10,MEDIUM,GOODS_FORECAST
TRN-001176,SUPERFAST,C11,2026-09-21,10:36,11:05,HIGH,TIMETABLE
TRN-001177,EXPRESS,C04,2026-09-20,04:25,04:51,HIGH,TIMETABLE
TRN-001178,PASSENGER,C12,2026-09-26,23:30,23:44,HIGH,TIMETABLE
TRN-001179,EXPRESS,C16,2026-09-03,00:36,01:00,HIGH,TIMETABLE
TRN-001180,EXPRESS,C08,2026-09-07,11:08,11:25,HIGH,TIMETABLE
TRN-001181,GOODS,C11,2026-09-21,16:15,16:57,MEDIUM,GOODS_FORECAST
TRN-001182,EXPRESS,C19,2026-09-26,11:18,11:34,HIGH,TIMETABLE
TRN-001183,GOODS,C11,2026-09-26,21:35,22:14,MEDIUM,GOODS_FORECAST
TRN-001184,SUPERFAST,C20,2026-09-08,08:30,08:55,HIGH,TIMETABLE
TRN-001185,EXPRESS,C01,2026-09-11,17:26,17:39,HIGH,TIMETABLE
TRN-001186,EXPRESS,C05,2026-09-20,10:58,11:10,HIGH,TIMETABLE
TRN-001187,EXPRESS,C15,2026-09-20,09:04,09:16,HIGH,TIMETABLE
TRN-001188,EXPRESS,C07,2026-09-26,09:25,09:39,HIGH,TIMETABLE
TRN-001189,EXPRESS,C02,2026-09-16,08:25,08:42,HIGH,TIMETABLE
TRN-001190,SUPERFAST,C11,2026-09-12,21:11,21:36,HIGH,TIMETABLE
TRN-001191,EXPRESS,C09,2026-09-11,16:32,16:52,HIGH,TIMETABLE
TRN-001192,SUPERFAST,C18,2026-09-07,22:02,22:18,HIGH,TIMETABLE
TRN-001193,GOODS,C20,2026-09-20,04:06,04:49,MEDIUM,GOODS_FORECAST
TRN-001194,SUPERFAST,C07,2026-09-17,17:12,17:31,HIGH,TIMETABLE
TRN-001195,PASSENGER,C13,2026-09-14,23:54,00:04,HIGH,TIMETABLE
TRN-001196,PASSENGER,C07,2026-09-05,10:06,10:16,HIGH,TIMETABLE
TRN-001197,PASSENGER,C14,2026-09-03,12:34,12:58,HIGH,TIMETABLE
TRN-001198,SUPERFAST,C05,2026-09-15,21:21,21:43,HIGH,TIMETABLE
TRN-001199,EXPRESS,C20,2026-09-15,10:43,10:56,HIGH,TIMETABLE
TRN-001200,GOODS,C15,2026-09-09,06:45,07:39,MEDIUM,GOODS_FORECAST
TRN-001201,PASSENGER,C19,2026-09-05,11:01,11:11,HIGH,TIMETABLE
TRN-001202,PASSENGER,C11,2026-09-18,16:17,16:38,HIGH,TIMETABLE
TRN-001203,PASSENGER,C13,2026-09-18,00:52,01:15,HIGH,TIMETABLE
TRN-001204,SUPERFAST,C13,2026-09-06,11:08,11:37,HIGH,TIMETABLE
TRN-001205,GOODS,C02,2026-09-21,09:39,10:24,MEDIUM,GOODS_FORECAST
TRN-001206,EXPRESS,C19,2026-09-02,17:27,17:38,HIGH,TIMETABLE
TRN-001207,SUPERFAST,C05,2026-09-16,02:10,02:22,HIGH,TIMETABLE
TRN-001208,PASSENGER,C04,2026-09-17,05:34,05:51,HIGH,TIMETABLE
TRN-001209,PASSENGER,C12,2026-09-12,11:32,11:44,HIGH,TIMETABLE
TRN-001210,EXPRESS,C03,2026-09-16,13:40,14:07,HIGH,TIMETABLE
TRN-001211,PASSENGER,C14,2026-09-21,13:30,13:44,HIGH,TIMETABLE
TRN-001212,EXPRESS,C03,2026-09-27,07:04,07:28,HIGH,TIMETABLE
TRN-001213,PASSENGER,C09,2026-09-08,08:10,08:21,HIGH,TIMETABLE
TRN-001214,SUPERFAST,C18,2026-09-01,01:47,02:17,HIGH,TIMETABLE
TRN-001215,GOODS,C08,2026-09-16,01:26,01:53,MEDIUM,GOODS_FORECAST
TRN-001216,PASSENGER,C08,2026-09-05,04:41,05:01,HIGH,TIMETABLE
TRN-001217,PASSENGER,C13,2026-09-01,17:24,17:43,HIGH,TIMETABLE
TRN-001218,EXPRESS,C14,2026-09-18,02:19,02:30,HIGH,TIMETABLE
TRN-001219,PASSENGER,C02,2026-09-07,07:50,08:15,HIGH,TIMETABLE
TRN-001220,PASSENGER,C03,2026-09-19,12:33,12:48,HIGH,TIMETABLE
TRN-001221,EXPRESS,C05,2026-09-18,00:15,00:45,HIGH,TIMETABLE
TRN-001222,SUPERFAST,C10,2026-09-09,18:59,19:20,HIGH,TIMETABLE
TRN-001223,EXPRESS,C06,2026-09-27,06:52,07:21,HIGH,TIMETABLE
TRN-001224,PASSENGER,C07,2026-09-11,08:53,09:15,HIGH,TIMETABLE
TRN-001225,PASSENGER,C10,2026-09-15,00:59,01:23,HIGH,TIMETABLE
TRN-001226,SUPERFAST,C17,2026-09-25,13:50,14:06,HIGH,TIMETABLE
TRN-001227,PASSENGER,C02,2026-09-13,03:38,03:54,HIGH,TIMETABLE
TRN-001228,PASSENGER,C19,2026-09-24,10:11,10:27,HIGH,TIMETABLE
TRN-001229,GOODS,C10,2026-09-12,15:49,16:17,MEDIUM,GOODS_FORECAST
TRN-001230,SUPERFAST,C08,2026-09-19,08:36,08:52,HIGH,TIMETABLE
TRN-001231,EXPRESS,C10,2026-09-01,07:23,07:38,HIGH,TIMETABLE
TRN-001232,GOODS,C07,2026-09-16,13:15,14:00,MEDIUM,GOODS_FORECAST
TRN-001233,EXPRESS,C13,2026-09-20,05:38,06:03,HIGH,TIMETABLE
TRN-001234,EXPRESS,C20,2026-09-10,22:46,23:03,HIGH,TIMETABLE
TRN-001235,PASSENGER,C04,2026-09-29,00:00,00:10,HIGH,TIMETABLE
TRN-001236,SUPERFAST,C01,2026-09-09,00:00,00:19,HIGH,TIMETABLE
TRN-001237,EXPRESS,C19,2026-09-06,03:19,03:30,HIGH,TIMETABLE
TRN-001238,EXPRESS,C07,2026-09-14,12:43,12:55,HIGH,TIMETABLE
TRN-001239,PASSENGER,C01,2026-09-10,01:11,01:24,HIGH,TIMETABLE
TRN-001240,PASSENGER,C09,2026-09-15,06:59,07:12,HIGH,TIMETABLE
TRN-001241,GOODS,C01,2026-09-29,16:15,16:51,MEDIUM,GOODS_FORECAST
TRN-001242,PASSENGER,C03,2026-09-24,08:00,08:24,HIGH,TIMETABLE
TRN-001243,GOODS,C19,2026-09-23,19:01,19:43,MEDIUM,GOODS_FORECAST
TRN-001244,PASSENGER,C19,2026-09-16,02:09,02:23,HIGH,TIMETABLE
TRN-001245,PASSENGER,C13,2026-09-22,12:52,13:02,HIGH,TIMETABLE
TRN-001246,PASSENGER,C14,2026-09-27,15:53,16:16,HIGH,TIMETABLE
TRN-001247,PASSENGER,C01,2026-09-19,01:30,01:42,HIGH,TIMETABLE
TRN-001248,GOODS,C09,2026-09-23,09:36,10:31,MEDIUM,GOODS_FORECAST
TRN-001249,PASSENGER,C09,2026-09-01,22:54,23:12,HIGH,TIMETABLE
TRN-001250,GOODS,C07,2026-09-08,23:32,00:25,MEDIUM,GOODS_FORECAST
TRN-001251,GOODS,C02,2026-09-28,19:13,20:05,MEDIUM,GOODS_FORECAST
TRN-001252,EXPRESS,C16,2026-09-26,07:54,08:05,HIGH,TIMETABLE
TRN-001253,PASSENGER,C03,2026-09-20,12:32,12:56,HIGH,TIMETABLE
TRN-001254,GOODS,C18,2026-09-06,12:44,13:32,MEDIUM,GOODS_FORECAST
TRN-001255,SUPERFAST,C18,2026-09-05,10:56,11:26,HIGH,TIMETABLE
TRN-001256,PASSENGER,C06,2026-09-19,13:42,14:03,HIGH,TIMETABLE
TRN-001257,EXPRESS,C12,2026-09-25,09:58,10:12,HIGH,TIMETABLE
TRN-001258,GOODS,C16,2026-09-22,18:30,19:21,MEDIUM,GOODS_FORECAST
TRN-001259,EXPRESS,C14,2026-09-03,20:33,20:51,HIGH,TIMETABLE
TRN-001260,GOODS,C11,2026-09-30,12:14,13:08,MEDIUM,GOODS_FORECAST
TRN-001261,EXPRESS,C18,2026-09-28,23:13,23:28,HIGH,TIMETABLE
TRN-001262,GOODS,C11,2026-09-17,21:20,21:54,MEDIUM,GOODS_FORECAST
TRN-001263,EXPRESS,C18,2026-09-21,05:26,05:54,HIGH,TIMETABLE
TRN-001264,PASSENGER,C07,2026-09-27,23:39,00:01,HIGH,TIMETABLE
TRN-001265,PASSENGER,C14,2026-09-29,03:49,04:00,HIGH,TIMETABLE
TRN-001266,EXPRESS,C19,2026-09-01,08:41,09:08,HIGH,TIMETABLE
TRN-001267,SUPERFAST,C06,2026-09-24,07:44,08:04,HIGH,TIMETABLE
TRN-001268,EXPRESS,C11,2026-09-24,12:44,13:11,HIGH,TIMETABLE
TRN-001269,GOODS,C17,2026-09-22,13:24,14:03,MEDIUM,GOODS_FORECAST
TRN-001270,EXPRESS,C14,2026-09-23,03:37,03:54,HIGH,TIMETABLE
TRN-001271,SUPERFAST,C15,2026-09-05,23:41,23:57,HIGH,TIMETABLE
TRN-001272,SUPERFAST,C17,2026-09-26,03:40,04:05,HIGH,TIMETABLE
TRN-001273,PASSENGER,C03,2026-09-23,10:27,10:44,HIGH,TIMETABLE
TRN-001274,SUPERFAST,C10,2026-09-27,07:08,07:35,HIGH,TIMETABLE
TRN-001275,SUPERFAST,C07,2026-09-01,00:33,00:43,HIGH,TIMETABLE
TRN-001276,PASSENGER,C07,2026-09-06,23:13,23:25,HIGH,TIMETABLE
TRN-001277,PASSENGER,C15,2026-09-04,14:24,14:45,HIGH,TIMETABLE
TRN-001278,SUPERFAST,C01,2026-09-23,20:23,20:42,HIGH,TIMETABLE
TRN-001279,PASSENGER,C12,2026-09-07,10:22,10:45,HIGH,TIMETABLE
TRN-001280,SUPERFAST,C16,2026-09-21,20:59,21:27,HIGH,TIMETABLE
TRN-001281,PASSENGER,C16,2026-09-02,17:03,17:23,HIGH,TIMETABLE
TRN-001282,EXPRESS,C09,2026-09-23,16:09,16:31,HIGH,TIMETABLE
TRN-001283,SUPERFAST,C04,2026-09-14,23:30,23:58,HIGH,TIMETABLE
TRN-001284,SUPERFAST,C12,2026-09-22,16:44,16:54,HIGH,TIMETABLE
TRN-001285,EXPRESS,C16,2026-09-25,02:57,03:22,HIGH,TIMETABLE
TRN-001286,PASSENGER,C03,2026-09-03,08:22,08:35,HIGH,TIMETABLE
TRN-001287,EXPRESS,C11,2026-09-08,20:36,21:01,HIGH,TIMETABLE
TRN-001288,PASSENGER,C10,2026-09-18,15:24,15:40,HIGH,TIMETABLE
TRN-001289,SUPERFAST,C04,2026-09-01,23:20,23:34,HIGH,TIMETABLE
TRN-001290,EXPRESS,C01,2026-09-30,17:16,17:40,HIGH,TIMETABLE
TRN-001291,PASSENGER,C06,2026-09-15,09:22,09:44,HIGH,TIMETABLE
TRN-001292,GOODS,C18,2026-09-21,01:39,02:20,MEDIUM,GOODS_FORECAST
TRN-001293,EXPRESS,C17,2026-09-16,05:56,06:20,HIGH,TIMETABLE
TRN-001294,PASSENGER,C06,2026-09-02,09:54,10:14,HIGH,TIMETABLE
TRN-001295,EXPRESS,C05,2026-09-27,02:37,02:53,HIGH,TIMETABLE
TRN-001296,EXPRESS,C08,2026-09-01,13:13,13:43,HIGH,TIMETABLE
TRN-001297,GOODS,C13,2026-09-02,10:19,10:55,MEDIUM,GOODS_FORECAST
TRN-001298,PASSENGER,C19,2026-09-28,16:50,17:07,HIGH,TIMETABLE
TRN-001299,SUPERFAST,C04,2026-09-04,05:36,05:50,HIGH,TIMETABLE
TRN-001300,PASSENGER,C20,2026-09-19,00:48,01:12,HIGH,TIMETABLE
TRN-001301,EXPRESS,C14,2026-09-01,17:55,18:16,HIGH,TIMETABLE
TRN-001302,SUPERFAST,C04,2026-09-14,16:10,16:21,HIGH,TIMETABLE
TRN-001303,PASSENGER,C18,2026-09-23,14:24,14:36,HIGH,TIMETABLE
TRN-001304,PASSENGER,C09,2026-09-29,22:41,23:02,HIGH,TIMETABLE
TRN-001305,EXPRESS,C17,2026-09-30,08:18,08:32,HIGH,TIMETABLE
TRN-001306,PASSENGER,C06,2026-09-03,19:28,19:43,HIGH,TIMETABLE
TRN-001307,SUPERFAST,C15,2026-09-22,18:38,18:59,HIGH,TIMETABLE
TRN-001308,EXPRESS,C16,2026-09-03,22:24,22:39,HIGH,TIMETABLE
TRN-001309,EXPRESS,C04,2026-09-18,01:21,01:38,HIGH,TIMETABLE
TRN-001310,PASSENGER,C10,2026-09-05,23:56,00:18,HIGH,TIMETABLE
TRN-001311,PASSENGER,C02,2026-09-17,00:24,00:37,HIGH,TIMETABLE
TRN-001312,EXPRESS,C09,2026-09-19,18:06,18:16,HIGH,TIMETABLE
TRN-001313,PASSENGER,C05,2026-09-11,08:19,08:44,HIGH,TIMETABLE
TRN-001314,GOODS,C07,2026-09-22,16:12,17:07,MEDIUM,GOODS_FORECAST
TRN-001315,EXPRESS,C04,2026-09-06,13:14,13:41,HIGH,TIMETABLE
TRN-001316,SUPERFAST,C18,2026-09-28,02:25,02:39,HIGH,TIMETABLE
TRN-001317,SUPERFAST,C17,2026-09-05,02:19,02:44,HIGH,TIMETABLE
TRN-001318,EXPRESS,C03,2026-09-19,05:37,05:54,HIGH,TIMETABLE
TRN-001319,SUPERFAST,C14,2026-09-27,21:21,21:42,HIGH,TIMETABLE
TRN-001320,GOODS,C09,2026-09-14,02:02,02:54,MEDIUM,GOODS_FORECAST
TRN-001321,PASSENGER,C11,2026-09-25,13:28,13:38,HIGH,TIMETABLE
TRN-001322,PASSENGER,C12,2026-09-13,15:21,15:38,HIGH,TIMETABLE
TRN-001323,SUPERFAST,C05,2026-09-16,20:59,21:25,HIGH,TIMETABLE
TRN-001324,GOODS,C06,2026-09-08,20:26,21:24,MEDIUM,GOODS_FORECAST
TRN-001325,PASSENGER,C03,2026-09-14,20:28,20:38,HIGH,TIMETABLE
TRN-001326,EXPRESS,C18,2026-09-03,04:58,05:28,HIGH,TIMETABLE
TRN-001327,PASSENGER,C09,2026-09-13,09:35,09:59,HIGH,TIMETABLE
TRN-001328,SUPERFAST,C11,2026-09-10,18:16,18:45,HIGH,TIMETABLE
TRN-001329,PASSENGER,C10,2026-09-28,16:02,16:27,HIGH,TIMETABLE
TRN-001330,EXPRESS,C19,2026-09-23,19:07,19:36,HIGH,TIMETABLE
TRN-001331,EXPRESS,C19,2026-09-05,16:01,16:21,HIGH,TIMETABLE
TRN-001332,PASSENGER,C16,2026-09-11,18:11,18:23,HIGH,TIMETABLE
TRN-001333,PASSENGER,C09,2026-09-30,09:15,09:34,HIGH,TIMETABLE
TRN-001334,EXPRESS,C08,2026-09-11,11:03,11:20,HIGH,TIMETABLE
TRN-001335,EXPRESS,C12,2026-09-10,06:32,06:52,HIGH,TIMETABLE
TRN-001336,EXPRESS,C14,2026-09-09,09:00,09:29,HIGH,TIMETABLE
TRN-001337,EXPRESS,C07,2026-09-25,20:55,21:09,HIGH,TIMETABLE
TRN-001338,GOODS,C10,2026-09-07,23:27,00:15,MEDIUM,GOODS_FORECAST
TRN-001339,SUPERFAST,C18,2026-09-11,06:58,07:22,HIGH,TIMETABLE
TRN-001340,EXPRESS,C06,2026-09-04,09:56,10:26,HIGH,TIMETABLE
TRN-001341,PASSENGER,C20,2026-09-26,21:37,21:57,HIGH,TIMETABLE
TRN-001342,PASSENGER,C16,2026-09-12,08:23,08:45,HIGH,TIMETABLE
TRN-001343,EXPRESS,C09,2026-09-30,19:23,19:47,HIGH,TIMETABLE
TRN-001344,EXPRESS,C05,2026-09-09,20:41,20:53,HIGH,TIMETABLE
TRN-001345,PASSENGER,C13,2026-09-27,18:47,19:09,HIGH,TIMETABLE
TRN-001346,PASSENGER,C07,2026-09-26,08:41,09:06,HIGH,TIMETABLE
TRN-001347,EXPRESS,C18,2026-09-19,09:27,09:53,HIGH,TIMETABLE
TRN-001348,EXPRESS,C07,2026-09-09,01:44,02:07,HIGH,TIMETABLE
TRN-001349,SUPERFAST,C16,2026-09-20,03:41,04:06,HIGH,TIMETABLE
TRN-001350,EXPRESS,C11,2026-09-04,04:46,05:01,HIGH,TIMETABLE
TRN-001351,PASSENGER,C02,2026-09-02,02:23,02:41,HIGH,TIMETABLE
TRN-001352,PASSENGER,C18,2026-09-09,04:20,04:33,HIGH,TIMETABLE
TRN-001353,GOODS,C14,2026-09-07,01:21,01:49,MEDIUM,GOODS_FORECAST
TRN-001354,PASSENGER,C11,2026-09-20,09:27,09:46,HIGH,TIMETABLE
TRN-001355,EXPRESS,C08,2026-09-08,21:06,21:35,HIGH,TIMETABLE
TRN-001356,EXPRESS,C09,2026-09-30,18:51,19:12,HIGH,TIMETABLE
TRN-001357,GOODS,C05,2026-09-01,18:53,19:38,MEDIUM,GOODS_FORECAST
TRN-001358,SUPERFAST,C06,2026-09-26,13:04,13:20,HIGH,TIMETABLE
TRN-001359,EXPRESS,C01,2026-09-06,03:06,03:34,HIGH,TIMETABLE
TRN-001360,SUPERFAST,C09,2026-09-26,16:35,16:48,HIGH,TIMETABLE
TRN-001361,PASSENGER,C14,2026-09-08,08:15,08:39,HIGH,TIMETABLE
TRN-001362,SUPERFAST,C06,2026-09-30,07:31,07:49,HIGH,TIMETABLE
TRN-001363,PASSENGER,C08,2026-09-22,10:31,10:54,HIGH,TIMETABLE
TRN-001364,EXPRESS,C20,2026-09-28,13:11,13:35,HIGH,TIMETABLE
TRN-001365,PASSENGER,C04,2026-09-28,02:47,03:10,HIGH,TIMETABLE
TRN-001366,SUPERFAST,C15,2026-09-05,13:07,13:36,HIGH,TIMETABLE
TRN-001367,SUPERFAST,C01,2026-09-18,09:16,09:32,HIGH,TIMETABLE
TRN-001368,GOODS,C16,2026-09-14,17:53,18:39,MEDIUM,GOODS_FORECAST
TRN-001369,PASSENGER,C16,2026-09-17,21:00,21:22,HIGH,TIMETABLE
TRN-001370,GOODS,C20,2026-09-07,12:43,13:17,MEDIUM,GOODS_FORECAST
TRN-001371,SUPERFAST,C20,2026-09-27,23:51,00:13,HIGH,TIMETABLE
TRN-001372,PASSENGER,C13,2026-09-07,07:26,07:46,HIGH,TIMETABLE
TRN-001373,EXPRESS,C09,2026-09-08,09:55,10:12,HIGH,TIMETABLE
TRN-001374,EXPRESS,C16,2026-09-01,23:25,23:53,HIGH,TIMETABLE
TRN-001375,PASSENGER,C03,2026-09-15,00:44,01:06,HIGH,TIMETABLE
TRN-001376,EXPRESS,C12,2026-09-13,00:41,01:06,HIGH,TIMETABLE
TRN-001377,EXPRESS,C15,2026-09-30,14:28,14:40,HIGH,TIMETABLE
TRN-001378,EXPRESS,C12,2026-09-08,09:11,09:32,HIGH,TIMETABLE
TRN-001379,GOODS,C09,2026-09-16,05:23,05:58,MEDIUM,GOODS_FORECAST
TRN-001380,PASSENGER,C19,2026-09-21,17:39,17:55,HIGH,TIMETABLE
TRN-001381,GOODS,C13,2026-09-12,01:38,02:17,MEDIUM,GOODS_FORECAST
TRN-001382,PASSENGER,C06,2026-09-03,21:00,21:11,HIGH,TIMETABLE
TRN-001383,PASSENGER,C17,2026-09-30,08:42,09:06,HIGH,TIMETABLE
TRN-001384,PASSENGER,C05,2026-09-28,14:52,15:10,HIGH,TIMETABLE
TRN-001385,GOODS,C06,2026-09-08,13:58,14:42,MEDIUM,GOODS_FORECAST
TRN-001386,PASSENGER,C03,2026-09-08,03:08,03:19,HIGH,TIMETABLE
TRN-001387,EXPRESS,C06,2026-09-10,18:42,19:07,HIGH,TIMETABLE
TRN-001388,GOODS,C06,2026-09-08,00:35,01:12,MEDIUM,GOODS_FORECAST
TRN-001389,SUPERFAST,C03,2026-09-03,03:27,03:45,HIGH,TIMETABLE
TRN-001390,GOODS,C06,2026-09-18,04:14,05:08,MEDIUM,GOODS_FORECAST
TRN-001391,EXPRESS,C12,2026-09-24,06:06,06:20,HIGH,TIMETABLE
TRN-001392,EXPRESS,C06,2026-09-08,00:17,00:37,HIGH,TIMETABLE
TRN-001393,GOODS,C09,2026-09-17,00:42,01:39,MEDIUM,GOODS_FORECAST
TRN-001394,EXPRESS,C02,2026-09-13,04:36,04:51,HIGH,TIMETABLE
TRN-001395,PASSENGER,C05,2026-09-28,04:30,04:47,HIGH,TIMETABLE
TRN-001396,GOODS,C12,2026-09-19,09:31,10:25,MEDIUM,GOODS_FORECAST
TRN-001397,PASSENGER,C06,2026-09-23,03:45,04:02,HIGH,TIMETABLE
TRN-001398,PASSENGER,C20,2026-09-25,01:26,01:38,HIGH,TIMETABLE
TRN-001399,GOODS,C05,2026-09-01,09:48,10:42,MEDIUM,GOODS_FORECAST
TRN-001400,EXPRESS,C16,2026-09-22,13:28,13:55,HIGH,TIMETABLE
TRN-001401,EXPRESS,C13,2026-09-29,17:55,18:19,HIGH,TIMETABLE
TRN-001402,GOODS,C17,2026-09-12,20:40,21:30,MEDIUM,GOODS_FORECAST
TRN-001403,SUPERFAST,C17,2026-09-30,13:54,14:09,HIGH,TIMETABLE
TRN-001404,EXPRESS,C16,2026-09-05,01:14,01:30,HIGH,TIMETABLE
TRN-001405,PASSENGER,C12,2026-09-27,10:11,10:24,HIGH,TIMETABLE
TRN-001406,SUPERFAST,C14,2026-09-13,12:49,13:08,HIGH,TIMETABLE
TRN-001407,EXPRESS,C11,2026-09-16,06:46,06:56,HIGH,TIMETABLE
TRN-001408,PASSENGER,C05,2026-09-15,20:09,20:23,HIGH,TIMETABLE
TRN-001409,SUPERFAST,C10,2026-09-13,08:20,08:34,HIGH,TIMETABLE
TRN-001410,PASSENGER,C08,2026-09-29,14:59,15:17,HIGH,TIMETABLE
TRN-001411,EXPRESS,C15,2026-09-23,15:52,16:13,HIGH,TIMETABLE
TRN-001412,GOODS,C15,2026-09-05,14:11,14:39,MEDIUM,GOODS_FORECAST
TRN-001413,PASSENGER,C05,2026-09-29,21:50,22:03,HIGH,TIMETABLE
TRN-001414,PASSENGER,C02,2026-09-12,15:52,16:14,HIGH,TIMETABLE
TRN-001415,GOODS,C14,2026-09-03,20:25,21:08,MEDIUM,GOODS_FORECAST
TRN-001416,EXPRESS,C17,2026-09-18,16:17,16:28,HIGH,TIMETABLE
TRN-001417,GOODS,C16,2026-09-03,12:01,12:47,MEDIUM,GOODS_FORECAST
TRN-001418,PASSENGER,C17,2026-09-06,00:22,00:35,HIGH,TIMETABLE
TRN-001419,PASSENGER,C18,2026-09-09,02:02,02:12,HIGH,TIMETABLE
TRN-001420,EXPRESS,C17,2026-09-12,00:49,01:13,HIGH,TIMETABLE
TRN-001421,EXPRESS,C20,2026-09-15,11:50,12:19,HIGH,TIMETABLE
TRN-001422,PASSENGER,C12,2026-09-02,17:38,17:51,HIGH,TIMETABLE
TRN-001423,GOODS,C16,2026-09-14,17:32,17:59,MEDIUM,GOODS_FORECAST
TRN-001424,SUPERFAST,C18,2026-09-24,19:19,19:45,HIGH,TIMETABLE
TRN-001425,PASSENGER,C05,2026-09-30,12:53,13:13,HIGH,TIMETABLE
TRN-001426,SUPERFAST,C15,2026-09-24,21:40,21:58,HIGH,TIMETABLE
TRN-001427,PASSENGER,C07,2026-09-03,21:03,21:25,HIGH,TIMETABLE
TRN-001428,PASSENGER,C08,2026-09-02,01:30,01:49,HIGH,TIMETABLE
TRN-001429,PASSENGER,C05,2026-09-07,14:16,14:32,HIGH,TIMETABLE
TRN-001430,EXPRESS,C05,2026-09-14,18:40,19:08,HIGH,TIMETABLE
TRN-001431,PASSENGER,C07,2026-09-01,02:15,02:30,HIGH,TIMETABLE
TRN-001432,GOODS,C09,2026-09-24,16:28,16:57,MEDIUM,GOODS_FORECAST
TRN-001433,PASSENGER,C06,2026-09-30,22:57,23:22,HIGH,TIMETABLE
TRN-001434,PASSENGER,C15,2026-09-26,11:41,12:02,HIGH,TIMETABLE
TRN-001435,GOODS,C09,2026-09-19,19:03,20:03,MEDIUM,GOODS_FORECAST
TRN-001436,GOODS,C11,2026-09-21,22:41,23:26,MEDIUM,GOODS_FORECAST
TRN-001437,EXPRESS,C19,2026-09-17,23:17,23:35,HIGH,TIMETABLE
TRN-001438,GOODS,C08,2026-09-08,00:45,01:37,MEDIUM,GOODS_FORECAST
TRN-001439,EXPRESS,C11,2026-09-17,10:15,10:40,HIGH,TIMETABLE
TRN-001440,GOODS,C13,2026-09-02,20:11,20:55,MEDIUM,GOODS_FORECAST
TRN-001441,GOODS,C09,2026-09-04,05:03,06:03,MEDIUM,GOODS_FORECAST
TRN-001442,PASSENGER,C08,2026-09-29,08:29,08:53,HIGH,TIMETABLE
TRN-001443,GOODS,C04,2026-09-23,18:30,19:27,MEDIUM,GOODS_FORECAST
TRN-001444,EXPRESS,C13,2026-09-14,19:20,19:40,HIGH,TIMETABLE
TRN-001445,PASSENGER,C08,2026-09-06,21:16,21:41,HIGH,TIMETABLE
TRN-001446,GOODS,C03,2026-09-25,10:42,11:10,MEDIUM,GOODS_FORECAST
TRN-001447,EXPRESS,C14,2026-09-05,14:08,14:33,HIGH,TIMETABLE
TRN-001448,GOODS,C11,2026-09-12,04:02,04:46,MEDIUM,GOODS_FORECAST
TRN-001449,PASSENGER,C16,2026-09-30,13:31,13:47,HIGH,TIMETABLE
TRN-001450,EXPRESS,C08,2026-09-10,08:18,08:47,HIGH,TIMETABLE
TRN-001451,GOODS,C11,2026-09-06,20:24,21:09,MEDIUM,GOODS_FORECAST
TRN-001452,EXPRESS,C03,2026-09-04,02:48,03:00,HIGH,TIMETABLE
TRN-001453,SUPERFAST,C01,2026-09-05,18:26,18:49,HIGH,TIMETABLE
TRN-001454,EXPRESS,C03,2026-09-30,23:48,00:18,HIGH,TIMETABLE
TRN-001455,PASSENGER,C02,2026-09-01,16:05,16:20,HIGH,TIMETABLE
TRN-001456,PASSENGER,C10,2026-09-27,12:31,12:52,HIGH,TIMETABLE
TRN-001457,SUPERFAST,C03,2026-09-02,05:38,05:57,HIGH,TIMETABLE
TRN-001458,PASSENGER,C02,2026-09-19,02:48,02:59,HIGH,TIMETABLE
TRN-001459,SUPERFAST,C07,2026-09-26,05:48,06:10,HIGH,TIMETABLE
TRN-001460,GOODS,C16,2026-09-04,09:07,09:50,MEDIUM,GOODS_FORECAST
TRN-001461,SUPERFAST,C17,2026-09-03,20:54,21:13,HIGH,TIMETABLE
TRN-001462,PASSENGER,C15,2026-09-20,08:52,09:07,HIGH,TIMETABLE
TRN-001463,SUPERFAST,C17,2026-09-04,16:56,17:25,HIGH,TIMETABLE
TRN-001464,PASSENGER,C10,2026-09-02,13:25,13:45,HIGH,TIMETABLE
TRN-001465,SUPERFAST,C16,2026-09-26,15:26,15:47,HIGH,TIMETABLE
TRN-001466,GOODS,C10,2026-09-10,22:18,23:08,MEDIUM,GOODS_FORECAST
TRN-001467,EXPRESS,C08,2026-09-26,10:33,10:53,HIGH,TIMETABLE
TRN-001468,PASSENGER,C15,2026-09-05,05:17,05:28,HIGH,TIMETABLE
TRN-001469,PASSENGER,C19,2026-09-29,04:01,04:15,HIGH,TIMETABLE
TRN-001470,PASSENGER,C15,2026-09-05,05:05,05:17,HIGH,TIMETABLE
TRN-001471,PASSENGER,C11,2026-09-23,10:55,11:12,HIGH,TIMETABLE
TRN-001472,SUPERFAST,C14,2026-09-14,04:11,04:41,HIGH,TIMETABLE
TRN-001473,SUPERFAST,C18,2026-09-24,20:03,20:22,HIGH,TIMETABLE
TRN-001474,GOODS,C07,2026-09-29,16:09,16:36,MEDIUM,GOODS_FORECAST
TRN-001475,EXPRESS,C13,2026-09-07,11:46,11:58,HIGH,TIMETABLE
TRN-001476,PASSENGER,C09,2026-09-13,06:22,06:47,HIGH,TIMETABLE
TRN-001477,EXPRESS,C13,2026-09-26,11:02,11:26,HIGH,TIMETABLE
TRN-001478,PASSENGER,C11,2026-09-24,14:24,14:44,HIGH,TIMETABLE
TRN-001479,GOODS,C19,2026-09-28,23:53,00:29,MEDIUM,GOODS_FORECAST
TRN-001480,PASSENGER,C06,2026-09-09,14:11,14:23,HIGH,TIMETABLE
TRN-001481,EXPRESS,C11,2026-09-05,01:26,01:40,HIGH,TIMETABLE
TRN-001482,PASSENGER,C20,2026-09-16,09:29,09:45,HIGH,TIMETABLE
TRN-001483,SUPERFAST,C14,2026-09-02,00:18,00:48,HIGH,TIMETABLE
TRN-001484,EXPRESS,C11,2026-09-26,20:59,21:20,HIGH,TIMETABLE
TRN-001485,PASSENGER,C04,2026-09-16,17:06,17:22,HIGH,TIMETABLE
TRN-001486,PASSENGER,C11,2026-09-22,22:28,22:46,HIGH,TIMETABLE
TRN-001487,EXPRESS,C17,2026-09-19,20:54,21:23,HIGH,TIMETABLE
TRN-001488,PASSENGER,C02,2026-09-15,20:10,20:29,HIGH,TIMETABLE
TRN-001489,EXPRESS,C15,2026-09-02,09:42,10:02,HIGH,TIMETABLE
TRN-001490,PASSENGER,C19,2026-09-21,02:08,02:33,HIGH,TIMETABLE
TRN-001491,GOODS,C14,2026-09-30,15:49,16:28,MEDIUM,GOODS_FORECAST
TRN-001492,GOODS,C19,2026-09-08,15:20,16:01,MEDIUM,GOODS_FORECAST
TRN-001493,PASSENGER,C02,2026-09-27,07:49,08:07,HIGH,TIMETABLE
TRN-001494,EXPRESS,C01,2026-09-17,07:49,08:00,HIGH,TIMETABLE
TRN-001495,PASSENGER,C15,2026-09-08,13:33,13:43,HIGH,TIMETABLE
TRN-001496,EXPRESS,C03,2026-09-26,09:20,09:47,HIGH,TIMETABLE
TRN-001497,GOODS,C18,2026-09-14,00:33,01:30,MEDIUM,GOODS_FORECAST
TRN-001498,GOODS,C10,2026-09-25,20:29,20:57,MEDIUM,GOODS_FORECAST
TRN-001499,EXPRESS,C19,2026-09-07,18:13,18:40,HIGH,TIMETABLE
TRN-001500,PASSENGER,C04,2026-09-28,08:00,08:22,HIGH,TIMETABLE
TRN-001501,EXPRESS,C11,2026-09-06,18:36,19:06,HIGH,TIMETABLE
TRN-001502,PASSENGER,C14,2026-09-03,11:13,11:30,HIGH,TIMETABLE
TRN-001503,GOODS,C01,2026-09-04,04:25,05:06,MEDIUM,GOODS_FORECAST
TRN-001504,PASSENGER,C10,2026-09-22,08:46,09:09,HIGH,TIMETABLE
TRN-001505,PASSENGER,C14,2026-09-07,05:35,05:56,HIGH,TIMETABLE
TRN-001506,PASSENGER,C10,2026-09-10,18:30,18:42,HIGH,TIMETABLE
TRN-001507,PASSENGER,C05,2026-09-28,04:08,04:18,HIGH,TIMETABLE
TRN-001508,GOODS,C03,2026-09-25,09:13,09:49,MEDIUM,GOODS_FORECAST
TRN-001509,PASSENGER,C15,2026-09-11,04:08,04:32,HIGH,TIMETABLE
TRN-001510,EXPRESS,C16,2026-09-22,20:58,21:16,HIGH,TIMETABLE
TRN-001511,SUPERFAST,C12,2026-09-26,03:08,03:29,HIGH,TIMETABLE
TRN-001512,PASSENGER,C07,2026-09-18,08:32,08:42,HIGH,TIMETABLE
TRN-001513,GOODS,C20,2026-09-26,02:56,03:25,MEDIUM,GOODS_FORECAST
TRN-001514,PASSENGER,C11,2026-09-06,17:49,18:05,HIGH,TIMETABLE
TRN-001515,EXPRESS,C12,2026-09-01,11:36,11:58,HIGH,TIMETABLE
TRN-001516,SUPERFAST,C14,2026-09-04,17:29,17:51,HIGH,TIMETABLE
TRN-001517,PASSENGER,C07,2026-09-20,21:45,22:10,HIGH,TIMETABLE
TRN-001518,SUPERFAST,C03,2026-09-24,07:44,08:09,HIGH,TIMETABLE
TRN-001519,EXPRESS,C15,2026-09-13,10:59,11:29,HIGH,TIMETABLE
TRN-001520,EXPRESS,C02,2026-09-02,15:27,15:43,HIGH,TIMETABLE
TRN-001521,PASSENGER,C12,2026-09-01,22:41,23:02,HIGH,TIMETABLE
TRN-001522,SUPERFAST,C14,2026-09-24,00:15,00:35,HIGH,TIMETABLE
TRN-001523,GOODS,C03,2026-09-05,03:16,04:14,MEDIUM,GOODS_FORECAST
TRN-001524,EXPRESS,C04,2026-09-19,04:38,05:03,HIGH,TIMETABLE
TRN-001525,EXPRESS,C18,2026-09-24,11:37,11:50,HIGH,TIMETABLE
TRN-001526,SUPERFAST,C02,2026-09-26,21:46,22:06,HIGH,TIMETABLE
TRN-001527,PASSENGER,C18,2026-09-27,14:31,14:50,HIGH,TIMETABLE
TRN-001528,PASSENGER,C04,2026-09-02,10:14,10:28,HIGH,TIMETABLE
TRN-001529,SUPERFAST,C13,2026-09-05,09:34,09:54,HIGH,TIMETABLE
TRN-001530,GOODS,C03,2026-09-17,12:25,12:54,MEDIUM,GOODS_FORECAST
TRN-001531,EXPRESS,C10,2026-09-14,00:46,00:56,HIGH,TIMETABLE
TRN-001532,GOODS,C11,2026-09-06,03:10,03:43,MEDIUM,GOODS_FORECAST
TRN-001533,GOODS,C20,2026-09-20,03:25,04:13,MEDIUM,GOODS_FORECAST
TRN-001534,PASSENGER,C09,2026-09-25,11:23,11:43,HIGH,TIMETABLE
TRN-001535,GOODS,C06,2026-09-19,07:14,07:44,MEDIUM,GOODS_FORECAST
TRN-001536,PASSENGER,C09,2026-09-10,18:46,18:58,HIGH,TIMETABLE
TRN-001537,GOODS,C18,2026-09-30,19:42,20:41,MEDIUM,GOODS_FORECAST
TRN-001538,PASSENGER,C18,2026-09-22,10:09,10:22,HIGH,TIMETABLE
TRN-001539,GOODS,C02,2026-09-10,14:20,14:50,MEDIUM,GOODS_FORECAST
TRN-001540,SUPERFAST,C09,2026-09-24,01:46,02:00,HIGH,TIMETABLE
TRN-001541,PASSENGER,C19,2026-09-01,03:38,04:03,HIGH,TIMETABLE
TRN-001542,PASSENGER,C12,2026-09-13,18:29,18:42,HIGH,TIMETABLE
TRN-001543,PASSENGER,C19,2026-09-18,08:27,08:39,HIGH,TIMETABLE
TRN-001544,PASSENGER,C06,2026-09-21,19:25,19:38,HIGH,TIMETABLE
TRN-001545,SUPERFAST,C01,2026-09-16,07:27,07:41,HIGH,TIMETABLE
TRN-001546,PASSENGER,C17,2026-09-08,13:55,14:05,HIGH,TIMETABLE
TRN-001547,SUPERFAST,C09,2026-09-19,06:24,06:49,HIGH,TIMETABLE
TRN-001548,EXPRESS,C02,2026-09-14,07:12,07:41,HIGH,TIMETABLE
TRN-001549,SUPERFAST,C07,2026-09-27,18:00,18:19,HIGH,TIMETABLE
TRN-001550,PASSENGER,C13,2026-09-19,14:02,14:21,HIGH,TIMETABLE
TRN-001551,PASSENGER,C20,2026-09-28,04:15,04:38,HIGH,TIMETABLE
TRN-001552,PASSENGER,C20,2026-09-16,00:02,00:15,HIGH,TIMETABLE
TRN-001553,EXPRESS,C07,2026-09-24,08:38,08:52,HIGH,TIMETABLE
TRN-001554,EXPRESS,C19,2026-09-04,22:54,23:11,HIGH,TIMETABLE
TRN-001555,PASSENGER,C02,2026-09-08,08:31,08:42,HIGH,TIMETABLE
TRN-001556,SUPERFAST,C13,2026-09-05,07:26,07:44,HIGH,TIMETABLE
TRN-001557,GOODS,C19,2026-09-01,22:14,22:52,MEDIUM,GOODS_FORECAST
TRN-001558,SUPERFAST,C01,2026-09-14,03:39,03:59,HIGH,TIMETABLE
TRN-001559,PASSENGER,C05,2026-09-05,22:07,22:20,HIGH,TIMETABLE
TRN-001560,GOODS,C11,2026-09-14,12:55,13:53,MEDIUM,GOODS_FORECAST
TRN-001561,SUPERFAST,C15,2026-09-22,06:52,07:22,HIGH,TIMETABLE
TRN-001562,PASSENGER,C13,2026-09-12,06:25,06:42,HIGH,TIMETABLE
TRN-001563,EXPRESS,C09,2026-09-14,01:40,01:58,HIGH,TIMETABLE
TRN-001564,PASSENGER,C15,2026-09-06,02:05,02:16,HIGH,TIMETABLE
TRN-001565,SUPERFAST,C17,2026-09-10,06:57,07:20,HIGH,TIMETABLE
TRN-001566,PASSENGER,C10,2026-09-05,09:40,09:58,HIGH,TIMETABLE
TRN-001567,PASSENGER,C01,2026-09-16,18:04,18:16,HIGH,TIMETABLE
TRN-001568,EXPRESS,C12,2026-09-10,21:59,22:16,HIGH,TIMETABLE
TRN-001569,EXPRESS,C09,2026-09-27,16:16,16:38,HIGH,TIMETABLE
TRN-001570,PASSENGER,C16,2026-09-08,14:57,15:11,HIGH,TIMETABLE
TRN-001571,PASSENGER,C08,2026-09-21,16:35,16:57,HIGH,TIMETABLE
TRN-001572,PASSENGER,C18,2026-09-17,21:54,22:08,HIGH,TIMETABLE
TRN-001573,PASSENGER,C12,2026-09-17,08:41,08:54,HIGH,TIMETABLE
TRN-001574,PASSENGER,C17,2026-09-26,10:35,10:57,HIGH,TIMETABLE
TRN-001575,PASSENGER,C19,2026-09-29,03:39,03:56,HIGH,TIMETABLE
TRN-001576,GOODS,C09,2026-09-26,08:20,09:20,MEDIUM,GOODS_FORECAST
TRN-001577,GOODS,C19,2026-09-26,18:05,18:41,MEDIUM,GOODS_FORECAST
TRN-001578,SUPERFAST,C17,2026-09-01,05:05,05:15,HIGH,TIMETABLE
TRN-001579,PASSENGER,C18,2026-09-14,19:23,19:43,HIGH,TIMETABLE
TRN-001580,PASSENGER,C07,2026-09-06,03:42,04:01,HIGH,TIMETABLE
TRN-001581,SUPERFAST,C14,2026-09-09,23:45,00:03,HIGH,TIMETABLE
TRN-001582,EXPRESS,C13,2026-09-22,20:32,21:00,HIGH,TIMETABLE
TRN-001583,EXPRESS,C04,2026-09-13,16:06,16:35,HIGH,TIMETABLE
TRN-001584,PASSENGER,C08,2026-09-11,01:33,01:53,HIGH,TIMETABLE
TRN-001585,EXPRESS,C08,2026-09-18,11:22,11:47,HIGH,TIMETABLE
TRN-001586,PASSENGER,C18,2026-09-01,23:32,23:44,HIGH,TIMETABLE
TRN-001587,PASSENGER,C05,2026-09-08,14:01,14:12,HIGH,TIMETABLE
TRN-001588,PASSENGER,C14,2026-09-18,02:28,02:41,HIGH,TIMETABLE
TRN-001589,SUPERFAST,C18,2026-09-15,04:37,04:54,HIGH,TIMETABLE
TRN-001590,SUPERFAST,C07,2026-09-12,03:18,03:29,HIGH,TIMETABLE
TRN-001591,PASSENGER,C19,2026-09-14,04:06,04:24,HIGH,TIMETABLE
TRN-001592,SUPERFAST,C15,2026-09-29,07:08,07:20,HIGH,TIMETABLE
TRN-001593,PASSENGER,C08,2026-09-20,04:03,04:15,HIGH,TIMETABLE
TRN-001594,GOODS,C20,2026-09-18,21:28,22:08,MEDIUM,GOODS_FORECAST
TRN-001595,PASSENGER,C09,2026-09-18,05:42,05:52,HIGH,TIMETABLE
TRN-001596,GOODS,C16,2026-09-27,07:23,08:14,MEDIUM,GOODS_FORECAST
TRN-001597,GOODS,C04,2026-09-03,17:11,17:50,MEDIUM,GOODS_FORECAST
TRN-001598,GOODS,C09,2026-09-01,14:34,15:21,MEDIUM,GOODS_FORECAST
TRN-001599,GOODS,C15,2026-09-18,23:45,00:20,MEDIUM,GOODS_FORECAST
TRN-001600,PASSENGER,C04,2026-09-21,19:30,19:40,HIGH,TIMETABLE
TRN-001601,SUPERFAST,C07,2026-09-06,05:21,05:38,HIGH,TIMETABLE
TRN-001602,SUPERFAST,C06,2026-09-07,07:08,07:24,HIGH,TIMETABLE
TRN-001603,PASSENGER,C15,2026-09-02,22:35,22:59,HIGH,TIMETABLE
TRN-001604,PASSENGER,C05,2026-09-02,04:01,04:17,HIGH,TIMETABLE
TRN-001605,EXPRESS,C10,2026-09-27,23:26,23:49,HIGH,TIMETABLE
TRN-001606,PASSENGER,C03,2026-09-27,05:25,05:50,HIGH,TIMETABLE
TRN-001607,EXPRESS,C06,2026-09-12,01:11,01:38,HIGH,TIMETABLE
TRN-001608,PASSENGER,C14,2026-09-04,02:53,03:08,HIGH,TIMETABLE
TRN-001609,PASSENGER,C05,2026-09-14,03:42,04:05,HIGH,TIMETABLE
TRN-001610,PASSENGER,C06,2026-09-09,17:45,18:05,HIGH,TIMETABLE
TRN-001611,GOODS,C06,2026-09-27,20:17,21:16,MEDIUM,GOODS_FORECAST
TRN-001612,SUPERFAST,C07,2026-09-15,14:30,14:45,HIGH,TIMETABLE
TRN-001613,SUPERFAST,C15,2026-09-09,10:46,11:04,HIGH,TIMETABLE
TRN-001614,SUPERFAST,C01,2026-09-07,13:51,14:10,HIGH,TIMETABLE
TRN-001615,EXPRESS,C18,2026-09-15,03:06,03:34,HIGH,TIMETABLE
TRN-001616,PASSENGER,C05,2026-09-29,01:50,02:07,HIGH,TIMETABLE
TRN-001617,SUPERFAST,C18,2026-09-28,03:51,04:18,HIGH,TIMETABLE
TRN-001618,EXPRESS,C19,2026-09-23,04:36,04:47,HIGH,TIMETABLE
TRN-001619,EXPRESS,C18,2026-09-29,07:54,08:08,HIGH,TIMETABLE
TRN-001620,PASSENGER,C02,2026-09-17,20:42,20:54,HIGH,TIMETABLE
TRN-001621,PASSENGER,C18,2026-09-03,11:34,11:46,HIGH,TIMETABLE
TRN-001622,PASSENGER,C11,2026-09-18,04:38,04:53,HIGH,TIMETABLE
TRN-001623,PASSENGER,C16,2026-09-28,07:00,07:14,HIGH,TIMETABLE
TRN-001624,GOODS,C08,2026-09-23,21:43,22:13,MEDIUM,GOODS_FORECAST
TRN-001625,EXPRESS,C20,2026-09-15,02:26,02:49,HIGH,TIMETABLE
TRN-001626,SUPERFAST,C18,2026-09-03,10:59,11:23,HIGH,TIMETABLE
TRN-001627,PASSENGER,C09,2026-09-28,11:31,11:41,HIGH,TIMETABLE
TRN-001628,PASSENGER,C01,2026-09-25,00:55,01:05,HIGH,TIMETABLE
TRN-001629,GOODS,C01,2026-09-03,11:00,11:35,MEDIUM,GOODS_FORECAST
TRN-001630,SUPERFAST,C19,2026-09-03,02:49,03:05,HIGH,TIMETABLE
TRN-001631,EXPRESS,C04,2026-09-15,18:23,18:53,HIGH,TIMETABLE
TRN-001632,EXPRESS,C20,2026-09-01,05:06,05:27,HIGH,TIMETABLE
TRN-001633,PASSENGER,C04,2026-09-26,17:12,17:31,HIGH,TIMETABLE
TRN-001634,SUPERFAST,C09,2026-09-06,02:54,03:21,HIGH,TIMETABLE
TRN-001635,GOODS,C20,2026-09-22,19:40,20:39,MEDIUM,GOODS_FORECAST
TRN-001636,EXPRESS,C16,2026-09-17,02:36,02:50,HIGH,TIMETABLE
TRN-001637,PASSENGER,C10,2026-09-17,21:13,21:24,HIGH,TIMETABLE
TRN-001638,PASSENGER,C16,2026-09-02,17:18,17:41,HIGH,TIMETABLE
TRN-001639,EXPRESS,C02,2026-09-20,01:40,01:50,HIGH,TIMETABLE
TRN-001640,SUPERFAST,C08,2026-09-13,11:47,12:17,HIGH,TIMETABLE
TRN-001641,PASSENGER,C12,2026-09-24,17:36,17:54,HIGH,TIMETABLE
TRN-001642,EXPRESS,C13,2026-09-13,19:13,19:26,HIGH,TIMETABLE
TRN-001643,PASSENGER,C05,2026-09-26,09:11,09:28,HIGH,TIMETABLE
TRN-001644,GOODS,C12,2026-09-22,01:40,02:28,MEDIUM,GOODS_FORECAST
TRN-001645,PASSENGER,C06,2026-09-26,19:41,20:03,HIGH,TIMETABLE
TRN-001646,SUPERFAST,C18,2026-09-23,01:20,01:50,HIGH,TIMETABLE
TRN-001647,EXPRESS,C14,2026-09-07,08:12,08:35,HIGH,TIMETABLE
TRN-001648,SUPERFAST,C20,2026-09-18,15:42,16:11,HIGH,TIMETABLE
TRN-001649,EXPRESS,C01,2026-09-25,21:18,21:48,HIGH,TIMETABLE
TRN-001650,GOODS,C17,2026-09-06,04:17,04:46,MEDIUM,GOODS_FORECAST
TRN-001651,PASSENGER,C02,2026-09-30,04:10,04:32,HIGH,TIMETABLE
TRN-001652,PASSENGER,C17,2026-09-04,18:58,19:08,HIGH,TIMETABLE
TRN-001653,PASSENGER,C09,2026-09-28,21:58,22:13,HIGH,TIMETABLE
TRN-001654,EXPRESS,C16,2026-09-16,08:29,08:55,HIGH,TIMETABLE
TRN-001655,PASSENGER,C07,2026-09-17,22:06,22:18,HIGH,TIMETABLE
TRN-001656,EXPRESS,C08,2026-09-05,22:58,23:10,HIGH,TIMETABLE
TRN-001657,PASSENGER,C13,2026-09-20,23:08,23:27,HIGH,TIMETABLE
TRN-001658,SUPERFAST,C17,2026-09-19,22:01,22:20,HIGH,TIMETABLE
TRN-001659,EXPRESS,C06,2026-09-01,08:17,08:40,HIGH,TIMETABLE
TRN-001660,SUPERFAST,C05,2026-09-12,18:02,18:25,HIGH,TIMETABLE
TRN-001661,PASSENGER,C10,2026-09-25,08:35,08:47,HIGH,TIMETABLE
TRN-001662,EXPRESS,C02,2026-09-27,13:19,13:38,HIGH,TIMETABLE
TRN-001663,GOODS,C13,2026-09-06,12:06,12:54,MEDIUM,GOODS_FORECAST
TRN-001664,SUPERFAST,C02,2026-09-06,13:45,14:02,HIGH,TIMETABLE
TRN-001665,SUPERFAST,C12,2026-09-11,18:33,18:48,HIGH,TIMETABLE
TRN-001666,PASSENGER,C01,2026-09-22,02:53,03:18,HIGH,TIMETABLE
TRN-001667,EXPRESS,C14,2026-09-26,09:33,09:52,HIGH,TIMETABLE
TRN-001668,EXPRESS,C17,2026-09-17,00:46,01:03,HIGH,TIMETABLE
TRN-001669,SUPERFAST,C12,2026-09-08,18:58,19:24,HIGH,TIMETABLE
TRN-001670,EXPRESS,C09,2026-09-11,04:34,04:58,HIGH,TIMETABLE
TRN-001671,SUPERFAST,C02,2026-09-22,23:29,23:49,HIGH,TIMETABLE
TRN-001672,PASSENGER,C02,2026-09-28,09:56,10:13,HIGH,TIMETABLE
TRN-001673,PASSENGER,C07,2026-09-07,12:07,12:23,HIGH,TIMETABLE
TRN-001674,GOODS,C09,2026-09-19,10:45,11:17,MEDIUM,GOODS_FORECAST
TRN-001675,EXPRESS,C08,2026-09-26,04:49,05:02,HIGH,TIMETABLE
TRN-001676,PASSENGER,C20,2026-09-15,17:57,18:21,HIGH,TIMETABLE
TRN-001677,SUPERFAST,C04,2026-09-18,01:38,02:07,HIGH,TIMETABLE
TRN-001678,GOODS,C08,2026-09-19,03:07,03:44,MEDIUM,GOODS_FORECAST
TRN-001679,EXPRESS,C05,2026-09-13,21:58,22:18,HIGH,TIMETABLE
TRN-001680,GOODS,C02,2026-09-29,13:52,14:19,MEDIUM,GOODS_FORECAST
TRN-001681,SUPERFAST,C03,2026-09-30,20:53,21:19,HIGH,TIMETABLE
TRN-001682,EXPRESS,C11,2026-09-13,03:15,03:39,HIGH,TIMETABLE
TRN-001683,GOODS,C14,2026-09-25,18:51,19:49,MEDIUM,GOODS_FORECAST
TRN-001684,GOODS,C01,2026-09-30,06:18,06:56,MEDIUM,GOODS_FORECAST
TRN-001685,GOODS,C01,2026-09-19,03:38,04:24,MEDIUM,GOODS_FORECAST
TRN-001686,SUPERFAST,C04,2026-09-18,04:21,04:50,HIGH,TIMETABLE
TRN-001687,EXPRESS,C01,2026-09-08,23:29,23:51,HIGH,TIMETABLE
TRN-001688,PASSENGER,C16,2026-09-09,09:40,09:53,HIGH,TIMETABLE
TRN-001689,GOODS,C14,2026-09-30,00:06,00:44,MEDIUM,GOODS_FORECAST
TRN-001690,EXPRESS,C20,2026-09-26,11:48,12:02,HIGH,TIMETABLE
TRN-001691,GOODS,C03,2026-09-10,20:36,21:05,MEDIUM,GOODS_FORECAST
TRN-001692,GOODS,C17,2026-09-21,19:37,20:20,MEDIUM,GOODS_FORECAST
TRN-001693,PASSENGER,C10,2026-09-08,07:53,08:15,HIGH,TIMETABLE
TRN-001694,EXPRESS,C11,2026-09-27,00:54,01:22,HIGH,TIMETABLE
TRN-001695,PASSENGER,C14,2026-09-07,05:49,06:04,HIGH,TIMETABLE
TRN-001696,GOODS,C20,2026-09-20,17:15,17:49,MEDIUM,GOODS_FORECAST
TRN-001697,PASSENGER,C15,2026-09-09,11:26,11:46,HIGH,TIMETABLE
TRN-001698,EXPRESS,C03,2026-09-09,01:14,01:33,HIGH,TIMETABLE
TRN-001699,PASSENGER,C18,2026-09-14,01:27,01:48,HIGH,TIMETABLE
TRN-001700,SUPERFAST,C11,2026-09-08,16:48,17:10,HIGH,TIMETABLE
TRN-001701,EXPRESS,C02,2026-09-17,23:40,23:53,HIGH,TIMETABLE
TRN-001702,PASSENGER,C05,2026-09-14,00:36,00:47,HIGH,TIMETABLE
TRN-001703,GOODS,C02,2026-09-17,06:56,07:44,MEDIUM,GOODS_FORECAST
TRN-001704,EXPRESS,C20,2026-09-03,00:55,01:17,HIGH,TIMETABLE
TRN-001705,PASSENGER,C15,2026-09-03,10:56,11:12,HIGH,TIMETABLE
TRN-001706,PASSENGER,C06,2026-09-25,07:27,07:45,HIGH,TIMETABLE
TRN-001707,GOODS,C12,2026-09-02,14:40,15:37,MEDIUM,GOODS_FORECAST
TRN-001708,EXPRESS,C14,2026-09-19,03:42,04:07,HIGH,TIMETABLE
TRN-001709,SUPERFAST,C16,2026-09-14,19:09,19:39,HIGH,TIMETABLE
TRN-001710,GOODS,C20,2026-09-07,17:54,18:35,MEDIUM,GOODS_FORECAST
TRN-001711,PASSENGER,C02,2026-09-04,08:15,08:34,HIGH,TIMETABLE
TRN-001712,GOODS,C01,2026-09-26,18:00,18:53,MEDIUM,GOODS_FORECAST
TRN-001713,SUPERFAST,C11,2026-09-10,08:06,08:31,HIGH,TIMETABLE
TRN-001714,GOODS,C18,2026-09-24,18:02,18:35,MEDIUM,GOODS_FORECAST
TRN-001715,EXPRESS,C07,2026-09-08,22:01,22:22,HIGH,TIMETABLE
TRN-001716,SUPERFAST,C04,2026-09-02,03:29,03:50,HIGH,TIMETABLE
TRN-001717,EXPRESS,C01,2026-09-20,01:37,02:03,HIGH,TIMETABLE
TRN-001718,EXPRESS,C19,2026-09-19,02:12,02:31,HIGH,TIMETABLE
TRN-001719,PASSENGER,C06,2026-09-30,00:32,00:56,HIGH,TIMETABLE
TRN-001720,GOODS,C19,2026-09-26,05:39,06:29,MEDIUM,GOODS_FORECAST
TRN-001721,SUPERFAST,C19,2026-09-20,21:21,21:44,HIGH,TIMETABLE
TRN-001722,SUPERFAST,C19,2026-09-26,12:49,13:08,HIGH,TIMETABLE
TRN-001723,GOODS,C20,2026-09-25,20:29,21:23,MEDIUM,GOODS_FORECAST
TRN-001724,PASSENGER,C17,2026-09-10,04:57,05:18,HIGH,TIMETABLE
TRN-001725,EXPRESS,C19,2026-09-08,05:00,05:20,HIGH,TIMETABLE
TRN-001726,EXPRESS,C10,2026-09-01,17:04,17:23,HIGH,TIMETABLE
TRN-001727,EXPRESS,C07,2026-09-06,06:29,06:42,HIGH,TIMETABLE
TRN-001728,PASSENGER,C08,2026-09-10,04:49,05:12,HIGH,TIMETABLE
TRN-001729,EXPRESS,C18,2026-09-02,13:55,14:24,HIGH,TIMETABLE
TRN-001730,SUPERFAST,C18,2026-09-16,05:17,05:39,HIGH,TIMETABLE
TRN-001731,SUPERFAST,C15,2026-09-25,14:15,14:25,HIGH,TIMETABLE
TRN-001732,SUPERFAST,C06,2026-09-24,07:22,07:41,HIGH,TIMETABLE
TRN-001733,EXPRESS,C08,2026-09-17,20:42,20:59,HIGH,TIMETABLE
TRN-001734,PASSENGER,C20,2026-09-30,12:20,12:37,HIGH,TIMETABLE
TRN-001735,GOODS,C17,2026-09-05,22:26,23:26,MEDIUM,GOODS_FORECAST
TRN-001736,SUPERFAST,C10,2026-09-27,00:06,00:27,HIGH,TIMETABLE
TRN-001737,GOODS,C04,2026-09-05,23:43,00:35,MEDIUM,GOODS_FORECAST
TRN-001738,PASSENGER,C18,2026-09-26,05:01,05:23,HIGH,TIMETABLE
TRN-001739,EXPRESS,C12,2026-09-18,23:05,23:19,HIGH,TIMETABLE
TRN-001740,EXPRESS,C09,2026-09-03,18:47,19:09,HIGH,TIMETABLE
TRN-001741,EXPRESS,C12,2026-09-14,21:30,21:42,HIGH,TIMETABLE
TRN-001742,GOODS,C07,2026-09-01,19:10,20:05,MEDIUM,GOODS_FORECAST
TRN-001743,GOODS,C04,2026-09-22,23:24,23:58,MEDIUM,GOODS_FORECAST
TRN-001744,SUPERFAST,C17,2026-09-11,19:30,19:50,HIGH,TIMETABLE
TRN-001745,GOODS,C04,2026-09-09,06:33,07:15,MEDIUM,GOODS_FORECAST
TRN-001746,EXPRESS,C05,2026-09-08,20:03,20:22,HIGH,TIMETABLE
TRN-001747,GOODS,C09,2026-09-21,01:23,01:49,MEDIUM,GOODS_FORECAST
TRN-001748,GOODS,C06,2026-09-16,07:38,08:03,MEDIUM,GOODS_FORECAST
TRN-001749,PASSENGER,C17,2026-09-14,20:29,20:51,HIGH,TIMETABLE
TRN-001750,GOODS,C13,2026-09-03,01:52,02:24,MEDIUM,GOODS_FORECAST
TRN-001751,GOODS,C13,2026-09-17,06:53,07:22,MEDIUM,GOODS_FORECAST
TRN-001752,PASSENGER,C07,2026-09-27,20:53,21:13,HIGH,TIMETABLE
TRN-001753,GOODS,C01,2026-09-02,02:15,03:04,MEDIUM,GOODS_FORECAST
TRN-001754,EXPRESS,C20,2026-09-21,09:31,09:43,HIGH,TIMETABLE
TRN-001755,PASSENGER,C20,2026-09-03,10:58,11:09,HIGH,TIMETABLE
TRN-001756,EXPRESS,C06,2026-09-28,21:29,21:55,HIGH,TIMETABLE
TRN-001757,PASSENGER,C19,2026-09-15,21:54,22:17,HIGH,TIMETABLE
TRN-001758,SUPERFAST,C02,2026-09-24,12:34,12:51,HIGH,TIMETABLE
TRN-001759,SUPERFAST,C09,2026-09-01,16:54,17:18,HIGH,TIMETABLE
TRN-001760,EXPRESS,C10,2026-09-13,05:32,05:43,HIGH,TIMETABLE
TRN-001761,SUPERFAST,C15,2026-09-29,04:46,05:08,HIGH,TIMETABLE
TRN-001762,SUPERFAST,C14,2026-09-22,04:26,04:55,HIGH,TIMETABLE
TRN-001763,PASSENGER,C01,2026-09-18,03:08,03:33,HIGH,TIMETABLE
TRN-001764,SUPERFAST,C16,2026-09-30,13:07,13:18,HIGH,TIMETABLE
TRN-001765,GOODS,C19,2026-09-23,20:32,21:01,MEDIUM,GOODS_FORECAST
TRN-001766,SUPERFAST,C09,2026-09-01,13:33,13:59,HIGH,TIMETABLE
TRN-001767,SUPERFAST,C09,2026-09-03,06:39,06:55,HIGH,TIMETABLE
TRN-001768,PASSENGER,C08,2026-09-03,04:31,04:51,HIGH,TIMETABLE
TRN-001769,EXPRESS,C06,2026-09-07,11:46,12:08,HIGH,TIMETABLE
TRN-001770,PASSENGER,C18,2026-09-30,02:42,03:06,HIGH,TIMETABLE
TRN-001771,PASSENGER,C06,2026-09-22,03:28,03:40,HIGH,TIMETABLE
TRN-001772,SUPERFAST,C01,2026-09-13,03:50,04:07,HIGH,TIMETABLE
TRN-001773,SUPERFAST,C08,2026-09-27,17:31,17:51,HIGH,TIMETABLE
TRN-001774,PASSENGER,C16,2026-09-18,19:34,19:55,HIGH,TIMETABLE
TRN-001775,EXPRESS,C07,2026-09-07,15:16,15:28,HIGH,TIMETABLE
TRN-001776,GOODS,C18,2026-09-10,10:28,11:09,MEDIUM,GOODS_FORECAST
TRN-001777,EXPRESS,C06,2026-09-28,19:45,20:05,HIGH,TIMETABLE
TRN-001778,PASSENGER,C13,2026-09-10,17:25,17:36,HIGH,TIMETABLE
TRN-001779,GOODS,C04,2026-09-14,09:24,10:07,MEDIUM,GOODS_FORECAST
TRN-001780,GOODS,C08,2026-09-15,06:59,07:40,MEDIUM,GOODS_FORECAST
TRN-001781,GOODS,C13,2026-09-16,18:14,18:45,MEDIUM,GOODS_FORECAST
TRN-001782,GOODS,C15,2026-09-24,17:03,18:00,MEDIUM,GOODS_FORECAST
TRN-001783,PASSENGER,C06,2026-09-03,00:28,00:43,HIGH,TIMETABLE
TRN-001784,SUPERFAST,C16,2026-09-29,20:06,20:33,HIGH,TIMETABLE
TRN-001785,GOODS,C04,2026-09-21,06:36,07:17,MEDIUM,GOODS_FORECAST
TRN-001786,EXPRESS,C14,2026-09-06,19:32,19:59,HIGH,TIMETABLE
TRN-001787,PASSENGER,C16,2026-09-26,23:26,23:50,HIGH,TIMETABLE
TRN-001788,PASSENGER,C14,2026-09-28,07:54,08:11,HIGH,TIMETABLE
TRN-001789,GOODS,C17,2026-09-06,18:33,19:18,MEDIUM,GOODS_FORECAST
TRN-001790,EXPRESS,C11,2026-09-08,19:32,19:56,HIGH,TIMETABLE
TRN-001791,GOODS,C01,2026-09-16,23:59,00:58,MEDIUM,GOODS_FORECAST
TRN-001792,SUPERFAST,C14,2026-09-13,23:14,23:27,HIGH,TIMETABLE
TRN-001793,EXPRESS,C02,2026-09-13,16:56,17:13,HIGH,TIMETABLE
TRN-001794,GOODS,C17,2026-09-25,05:00,05:25,MEDIUM,GOODS_FORECAST
TRN-001795,EXPRESS,C01,2026-09-13,18:27,18:41,HIGH,TIMETABLE
TRN-001796,PASSENGER,C06,2026-09-06,07:38,07:59,HIGH,TIMETABLE
TRN-001797,PASSENGER,C06,2026-09-03,13:25,13:46,HIGH,TIMETABLE
TRN-001798,PASSENGER,C11,2026-09-18,15:16,15:29,HIGH,TIMETABLE
TRN-001799,SUPERFAST,C13,2026-09-19,05:07,05:19,HIGH,TIMETABLE
TRN-001800,EXPRESS,C06,2026-09-03,19:28,19:42,HIGH,TIMETABLE
TRN-001801,PASSENGER,C13,2026-09-15,20:16,20:27,HIGH,TIMETABLE
TRN-001802,EXPRESS,C18,2026-09-25,23:16,23:34,HIGH,TIMETABLE
TRN-001803,PASSENGER,C20,2026-09-20,18:29,18:48,HIGH,TIMETABLE
TRN-001804,SUPERFAST,C01,2026-09-06,04:19,04:30,HIGH,TIMETABLE
TRN-001805,GOODS,C02,2026-09-20,23:36,00:15,MEDIUM,GOODS_FORECAST
TRN-001806,SUPERFAST,C18,2026-09-14,20:25,20:43,HIGH,TIMETABLE
TRN-001807,EXPRESS,C10,2026-09-21,04:26,04:45,HIGH,TIMETABLE
TRN-001808,GOODS,C11,2026-09-28,20:48,21:45,MEDIUM,GOODS_FORECAST
TRN-001809,EXPRESS,C03,2026-09-21,02:52,03:11,HIGH,TIMETABLE
TRN-001810,PASSENGER,C18,2026-09-17,15:37,15:48,HIGH,TIMETABLE
TRN-001811,SUPERFAST,C15,2026-09-03,12:11,12:26,HIGH,TIMETABLE
TRN-001812,PASSENGER,C18,2026-09-13,15:16,15:38,HIGH,TIMETABLE
TRN-001813,EXPRESS,C18,2026-09-25,22:24,22:39,HIGH,TIMETABLE
TRN-001814,PASSENGER,C20,2026-09-15,09:22,09:44,HIGH,TIMETABLE
TRN-001815,SUPERFAST,C20,2026-09-03,21:25,21:49,HIGH,TIMETABLE
TRN-001816,EXPRESS,C18,2026-09-16,13:07,13:34,HIGH,TIMETABLE
TRN-001817,PASSENGER,C20,2026-09-19,14:53,15:18,HIGH,TIMETABLE
TRN-001818,SUPERFAST,C05,2026-09-27,04:25,04:45,HIGH,TIMETABLE
TRN-001819,EXPRESS,C07,2026-09-16,01:18,01:48,HIGH,TIMETABLE
TRN-001820,EXPRESS,C17,2026-09-01,13:36,14:06,HIGH,TIMETABLE
TRN-001821,PASSENGER,C08,2026-09-12,01:46,02:04,HIGH,TIMETABLE
TRN-001822,GOODS,C12,2026-09-25,13:19,14:08,MEDIUM,GOODS_FORECAST
TRN-001823,SUPERFAST,C11,2026-09-22,15:35,16:03,HIGH,TIMETABLE
TRN-001824,PASSENGER,C04,2026-09-06,09:32,09:47,HIGH,TIMETABLE
TRN-001825,SUPERFAST,C11,2026-09-28,12:47,13:05,HIGH,TIMETABLE
TRN-001826,PASSENGER,C17,2026-09-13,15:43,16:05,HIGH,TIMETABLE
TRN-001827,PASSENGER,C12,2026-09-27,20:52,21:11,HIGH,TIMETABLE
TRN-001828,PASSENGER,C08,2026-09-21,04:32,04:50,HIGH,TIMETABLE
TRN-001829,SUPERFAST,C08,2026-09-28,06:38,07:05,HIGH,TIMETABLE
TRN-001830,GOODS,C19,2026-09-30,03:31,04:17,MEDIUM,GOODS_FORECAST
TRN-001831,EXPRESS,C09,2026-09-03,23:21,23:41,HIGH,TIMETABLE
TRN-001832,PASSENGER,C11,2026-09-24,16:29,16:44,HIGH,TIMETABLE
TRN-001833,GOODS,C11,2026-09-13,05:43,06:18,MEDIUM,GOODS_FORECAST
TRN-001834,EXPRESS,C19,2026-09-08,23:42,23:59,HIGH,TIMETABLE
TRN-001835,PASSENGER,C20,2026-09-26,23:25,23:46,HIGH,TIMETABLE
TRN-001836,PASSENGER,C17,2026-09-04,19:06,19:28,HIGH,TIMETABLE
TRN-001837,EXPRESS,C01,2026-09-21,16:42,17:08,HIGH,TIMETABLE
TRN-001838,PASSENGER,C13,2026-09-28,19:04,19:24,HIGH,TIMETABLE
TRN-001839,PASSENGER,C11,2026-09-25,16:38,16:57,HIGH,TIMETABLE
TRN-001840,GOODS,C08,2026-09-01,06:37,07:21,MEDIUM,GOODS_FORECAST
TRN-001841,SUPERFAST,C04,2026-09-29,23:03,23:29,HIGH,TIMETABLE
TRN-001842,GOODS,C03,2026-09-30,03:51,04:46,MEDIUM,GOODS_FORECAST
TRN-001843,EXPRESS,C06,2026-09-02,06:47,07:13,HIGH,TIMETABLE
TRN-001844,GOODS,C11,2026-09-19,08:03,08:45,MEDIUM,GOODS_FORECAST
TRN-001845,SUPERFAST,C03,2026-09-27,12:25,12:41,HIGH,TIMETABLE
TRN-001846,EXPRESS,C03,2026-09-11,10:01,10:25,HIGH,TIMETABLE
TRN-001847,PASSENGER,C11,2026-09-07,03:39,03:55,HIGH,TIMETABLE
TRN-001848,SUPERFAST,C12,2026-09-20,07:19,07:42,HIGH,TIMETABLE
TRN-001849,EXPRESS,C17,2026-09-04,08:07,08:30,HIGH,TIMETABLE
TRN-001850,EXPRESS,C11,2026-09-02,00:32,01:01,HIGH,TIMETABLE
TRN-001851,PASSENGER,C05,2026-09-23,21:57,22:10,HIGH,TIMETABLE
TRN-001852,PASSENGER,C03,2026-09-02,12:04,12:19,HIGH,TIMETABLE
TRN-001853,EXPRESS,C20,2026-09-17,04:09,04:37,HIGH,TIMETABLE
TRN-001854,EXPRESS,C18,2026-09-02,20:39,20:53,HIGH,TIMETABLE
TRN-001855,SUPERFAST,C01,2026-09-09,12:19,12:33,HIGH,TIMETABLE
TRN-001856,PASSENGER,C17,2026-09-17,19:02,19:23,HIGH,TIMETABLE
TRN-001857,EXPRESS,C05,2026-09-30,11:17,11:44,HIGH,TIMETABLE
TRN-001858,GOODS,C14,2026-09-14,01:59,02:44,MEDIUM,GOODS_FORECAST
TRN-001859,GOODS,C19,2026-09-17,14:10,15:03,MEDIUM,GOODS_FORECAST
TRN-001860,EXPRESS,C09,2026-09-10,05:43,05:57,HIGH,TIMETABLE
TRN-001861,EXPRESS,C11,2026-09-17,11:30,11:48,HIGH,TIMETABLE
TRN-001862,EXPRESS,C11,2026-09-24,20:04,20:27,HIGH,TIMETABLE
TRN-001863,GOODS,C11,2026-09-26,20:56,21:39,MEDIUM,GOODS_FORECAST
TRN-001864,PASSENGER,C05,2026-09-10,20:58,21:11,HIGH,TIMETABLE
TRN-001865,GOODS,C14,2026-09-11,00:52,01:25,MEDIUM,GOODS_FORECAST
TRN-001866,GOODS,C01,2026-09-29,01:20,01:47,MEDIUM,GOODS_FORECAST
TRN-001867,PASSENGER,C10,2026-09-12,21:49,22:06,HIGH,TIMETABLE
TRN-001868,EXPRESS,C08,2026-09-03,08:04,08:18,HIGH,TIMETABLE
TRN-001869,SUPERFAST,C04,2026-09-26,11:07,11:27,HIGH,TIMETABLE
TRN-001870,PASSENGER,C01,2026-09-11,11:36,12:01,HIGH,TIMETABLE
TRN-001871,PASSENGER,C07,2026-09-21,21:36,21:59,HIGH,TIMETABLE
TRN-001872,EXPRESS,C06,2026-09-22,03:25,03:44,HIGH,TIMETABLE
TRN-001873,PASSENGER,C17,2026-09-17,21:03,21:25,HIGH,TIMETABLE
TRN-001874,EXPRESS,C20,2026-09-23,16:44,16:58,HIGH,TIMETABLE
TRN-001875,EXPRESS,C08,2026-09-14,15:19,15:49,HIGH,TIMETABLE
TRN-001876,SUPERFAST,C10,2026-09-21,14:06,14:20,HIGH,TIMETABLE
TRN-001877,SUPERFAST,C05,2026-09-12,17:35,17:50,HIGH,TIMETABLE
TRN-001878,GOODS,C10,2026-09-07,02:22,03:20,MEDIUM,GOODS_FORECAST
TRN-001879,PASSENGER,C06,2026-09-23,18:32,18:45,HIGH,TIMETABLE
TRN-001880,SUPERFAST,C07,2026-09-27,02:08,02:22,HIGH,TIMETABLE
TRN-001881,PASSENGER,C05,2026-09-29,22:01,22:11,HIGH,TIMETABLE
TRN-001882,SUPERFAST,C20,2026-09-03,02:00,02:22,HIGH,TIMETABLE
TRN-001883,SUPERFAST,C03,2026-09-17,08:21,08:44,HIGH,TIMETABLE
TRN-001884,PASSENGER,C06,2026-09-07,18:52,19:16,HIGH,TIMETABLE
TRN-001885,PASSENGER,C18,2026-09-06,16:05,16:27,HIGH,TIMETABLE
TRN-001886,EXPRESS,C03,2026-09-22,15:33,15:48,HIGH,TIMETABLE
TRN-001887,SUPERFAST,C12,2026-09-16,15:50,16:10,HIGH,TIMETABLE
TRN-001888,PASSENGER,C12,2026-09-18,21:25,21:43,HIGH,TIMETABLE
TRN-001889,EXPRESS,C13,2026-09-05,19:29,19:40,HIGH,TIMETABLE
TRN-001890,PASSENGER,C20,2026-09-03,17:26,17:50,HIGH,TIMETABLE
TRN-001891,EXPRESS,C18,2026-09-08,03:29,03:51,HIGH,TIMETABLE
TRN-001892,PASSENGER,C06,2026-09-23,15:00,15:13,HIGH,TIMETABLE
TRN-001893,SUPERFAST,C06,2026-09-03,15:36,15:52,HIGH,TIMETABLE
TRN-001894,PASSENGER,C07,2026-09-30,19:16,19:31,HIGH,TIMETABLE
TRN-001895,GOODS,C01,2026-09-11,06:12,06:48,MEDIUM,GOODS_FORECAST
TRN-001896,PASSENGER,C19,2026-09-30,20:59,21:15,HIGH,TIMETABLE
TRN-001897,SUPERFAST,C06,2026-09-04,14:34,14:54,HIGH,TIMETABLE
TRN-001898,SUPERFAST,C19,2026-09-03,21:51,22:10,HIGH,TIMETABLE
TRN-001899,PASSENGER,C18,2026-09-05,08:04,08:19,HIGH,TIMETABLE
TRN-001900,PASSENGER,C12,2026-09-23,08:20,08:36,HIGH,TIMETABLE
TRN-001901,PASSENGER,C10,2026-09-09,14:15,14:28,HIGH,TIMETABLE
TRN-001902,EXPRESS,C15,2026-09-24,16:49,17:06,HIGH,TIMETABLE
TRN-001903,PASSENGER,C13,2026-09-10,08:26,08:36,HIGH,TIMETABLE
TRN-001904,EXPRESS,C09,2026-09-28,08:39,09:07,HIGH,TIMETABLE
TRN-001905,GOODS,C16,2026-09-20,03:58,04:34,MEDIUM,GOODS_FORECAST
TRN-001906,GOODS,C20,2026-09-27,19:52,20:45,MEDIUM,GOODS_FORECAST
TRN-001907,PASSENGER,C19,2026-09-06,15:01,15:13,HIGH,TIMETABLE
TRN-001908,PASSENGER,C11,2026-09-08,22:45,23:09,HIGH,TIMETABLE
TRN-001909,SUPERFAST,C16,2026-09-24,03:50,04:06,HIGH,TIMETABLE
TRN-001910,EXPRESS,C11,2026-09-05,19:46,20:13,HIGH,TIMETABLE
TRN-001911,GOODS,C17,2026-09-08,04:27,05:01,MEDIUM,GOODS_FORECAST
TRN-001912,PASSENGER,C04,2026-09-05,12:26,12:48,HIGH,TIMETABLE
TRN-001913,SUPERFAST,C02,2026-09-18,06:25,06:40,HIGH,TIMETABLE
TRN-001914,PASSENGER,C02,2026-09-09,18:55,19:20,HIGH,TIMETABLE
TRN-001915,SUPERFAST,C15,2026-09-17,17:11,17:37,HIGH,TIMETABLE
TRN-001916,GOODS,C15,2026-09-12,23:20,23:58,MEDIUM,GOODS_FORECAST
TRN-001917,SUPERFAST,C12,2026-09-22,17:33,17:54,HIGH,TIMETABLE
TRN-001918,PASSENGER,C18,2026-09-13,02:04,02:15,HIGH,TIMETABLE
TRN-001919,PASSENGER,C09,2026-09-10,08:03,08:25,HIGH,TIMETABLE
TRN-001920,SUPERFAST,C19,2026-09-28,19:35,19:55,HIGH,TIMETABLE
TRN-001921,PASSENGER,C03,2026-09-12,05:33,05:49,HIGH,TIMETABLE
TRN-001922,GOODS,C19,2026-09-29,03:11,03:37,MEDIUM,GOODS_FORECAST
TRN-001923,SUPERFAST,C19,2026-09-06,20:01,20:22,HIGH,TIMETABLE
TRN-001924,SUPERFAST,C03,2026-09-10,06:47,07:12,HIGH,TIMETABLE
TRN-001925,PASSENGER,C17,2026-09-07,01:56,02:12,HIGH,TIMETABLE
TRN-001926,GOODS,C19,2026-09-14,16:02,16:32,MEDIUM,GOODS_FORECAST
TRN-001927,PASSENGER,C19,2026-09-16,03:10,03:23,HIGH,TIMETABLE
TRN-001928,PASSENGER,C02,2026-09-21,05:09,05:23,HIGH,TIMETABLE
TRN-001929,PASSENGER,C06,2026-09-04,23:26,23:50,HIGH,TIMETABLE
TRN-001930,EXPRESS,C05,2026-09-02,03:55,04:24,HIGH,TIMETABLE
TRN-001931,SUPERFAST,C03,2026-09-04,03:50,04:12,HIGH,TIMETABLE
TRN-001932,EXPRESS,C05,2026-09-30,06:10,06:21,HIGH,TIMETABLE
TRN-001933,PASSENGER,C02,2026-09-15,04:38,04:58,HIGH,TIMETABLE
TRN-001934,SUPERFAST,C17,2026-09-25,14:56,15:13,HIGH,TIMETABLE
TRN-001935,PASSENGER,C20,2026-09-24,07:18,07:29,HIGH,TIMETABLE
TRN-001936,PASSENGER,C07,2026-09-14,12:58,13:18,HIGH,TIMETABLE
TRN-001937,PASSENGER,C01,2026-09-22,06:06,06:30,HIGH,TIMETABLE
TRN-001938,SUPERFAST,C10,2026-09-25,17:46,17:59,HIGH,TIMETABLE
TRN-001939,PASSENGER,C10,2026-09-06,03:25,03:37,HIGH,TIMETABLE
TRN-001940,PASSENGER,C18,2026-09-22,13:28,13:42,HIGH,TIMETABLE
TRN-001941,GOODS,C01,2026-09-19,22:41,23:26,MEDIUM,GOODS_FORECAST
TRN-001942,GOODS,C05,2026-09-20,09:47,10:36,MEDIUM,GOODS_FORECAST
TRN-001943,PASSENGER,C19,2026-09-07,23:54,00:15,HIGH,TIMETABLE
TRN-001944,GOODS,C12,2026-09-24,12:59,13:28,MEDIUM,GOODS_FORECAST
TRN-001945,GOODS,C01,2026-09-26,07:19,08:06,MEDIUM,GOODS_FORECAST
TRN-001946,PASSENGER,C19,2026-09-16,00:34,00:47,HIGH,TIMETABLE
TRN-001947,PASSENGER,C15,2026-09-04,04:50,05:08,HIGH,TIMETABLE
TRN-001948,PASSENGER,C12,2026-09-18,11:08,11:29,HIGH,TIMETABLE
TRN-001949,EXPRESS,C05,2026-09-07,00:55,01:13,HIGH,TIMETABLE
TRN-001950,GOODS,C05,2026-09-01,04:48,05:43,MEDIUM,GOODS_FORECAST
TRN-001951,GOODS,C14,2026-09-04,12:21,12:56,MEDIUM,GOODS_FORECAST
TRN-001952,EXPRESS,C18,2026-09-16,09:29,09:40,HIGH,TIMETABLE
TRN-001953,PASSENGER,C20,2026-09-02,15:07,15:19,HIGH,TIMETABLE
TRN-001954,EXPRESS,C19,2026-09-01,14:04,14:21,HIGH,TIMETABLE
TRN-001955,PASSENGER,C10,2026-09-17,22:11,22:24,HIGH,TIMETABLE
TRN-001956,PASSENGER,C09,2026-09-28,05:24,05:34,HIGH,TIMETABLE
TRN-001957,PASSENGER,C10,2026-09-02,08:31,08:42,HIGH,TIMETABLE
TRN-001958,PASSENGER,C20,2026-09-12,13:50,14:15,HIGH,TIMETABLE
TRN-001959,EXPRESS,C15,2026-09-12,14:26,14:45,HIGH,TIMETABLE
TRN-001960,SUPERFAST,C12,2026-09-15,20:08,20:29,HIGH,TIMETABLE
TRN-001961,EXPRESS,C14,2026-09-27,05:53,06:10,HIGH,TIMETABLE
TRN-001962,PASSENGER,C04,2026-09-05,08:34,08:58,HIGH,TIMETABLE
TRN-001963,EXPRESS,C04,2026-09-02,18:56,19:07,HIGH,TIMETABLE
TRN-001964,SUPERFAST,C17,2026-09-04,01:19,01:35,HIGH,TIMETABLE
TRN-001965,PASSENGER,C14,2026-09-18,07:50,08:03,HIGH,TIMETABLE
TRN-001966,EXPRESS,C09,2026-09-25,03:04,03:29,HIGH,TIMETABLE
TRN-001967,PASSENGER,C17,2026-09-02,18:34,18:44,HIGH,TIMETABLE
TRN-001968,EXPRESS,C12,2026-09-15,03:39,03:53,HIGH,TIMETABLE
TRN-001969,EXPRESS,C04,2026-09-11,02:04,02:28,HIGH,TIMETABLE
TRN-001970,PASSENGER,C17,2026-09-02,13:56,14:20,HIGH,TIMETABLE
TRN-001971,PASSENGER,C02,2026-09-15,07:49,08:09,HIGH,TIMETABLE
TRN-001972,PASSENGER,C02,2026-09-27,09:49,10:10,HIGH,TIMETABLE
TRN-001973,GOODS,C09,2026-09-16,10:14,10:51,MEDIUM,GOODS_FORECAST
TRN-001974,GOODS,C06,2026-09-04,06:42,07:08,MEDIUM,GOODS_FORECAST
TRN-001975,PASSENGER,C14,2026-09-06,11:54,12:15,HIGH,TIMETABLE
TRN-001976,EXPRESS,C14,2026-09-20,08:39,09:04,HIGH,TIMETABLE
TRN-001977,PASSENGER,C04,2026-09-18,00:11,00:31,HIGH,TIMETABLE
TRN-001978,PASSENGER,C07,2026-09-20,13:44,13:59,HIGH,TIMETABLE
TRN-001979,GOODS,C15,2026-09-30,08:40,09:32,MEDIUM,GOODS_FORECAST
TRN-001980,GOODS,C14,2026-09-27,05:04,05:34,MEDIUM,GOODS_FORECAST
TRN-001981,EXPRESS,C03,2026-09-17,08:12,08:26,HIGH,TIMETABLE
TRN-001982,SUPERFAST,C16,2026-09-01,01:05,01:16,HIGH,TIMETABLE
TRN-001983,GOODS,C13,2026-09-14,14:31,15:02,MEDIUM,GOODS_FORECAST
TRN-001984,PASSENGER,C11,2026-09-21,20:06,20:16,HIGH,TIMETABLE
TRN-001985,SUPERFAST,C04,2026-09-02,15:15,15:43,HIGH,TIMETABLE
TRN-001986,EXPRESS,C15,2026-09-04,08:36,08:47,HIGH,TIMETABLE
TRN-001987,PASSENGER,C09,2026-09-19,08:03,08:15,HIGH,TIMETABLE
TRN-001988,GOODS,C19,2026-09-25,23:53,00:35,MEDIUM,GOODS_FORECAST
TRN-001989,EXPRESS,C11,2026-09-08,22:47,22:59,HIGH,TIMETABLE
TRN-001990,PASSENGER,C06,2026-09-02,08:43,08:54,HIGH,TIMETABLE
TRN-001991,GOODS,C10,2026-09-21,20:24,21:20,MEDIUM,GOODS_FORECAST
TRN-001992,GOODS,C13,2026-09-26,20:41,21:39,MEDIUM,GOODS_FORECAST
TRN-001993,GOODS,C08,2026-09-21,02:13,02:50,MEDIUM,GOODS_FORECAST
TRN-001994,EXPRESS,C15,2026-09-22,04:06,04:29,HIGH,TIMETABLE
TRN-001995,EXPRESS,C18,2026-09-24,09:59,10:12,HIGH,TIMETABLE
TRN-001996,EXPRESS,C13,2026-09-04,05:04,05:20,HIGH,TIMETABLE
TRN-001997,EXPRESS,C02,2026-09-16,16:22,16:50,HIGH,TIMETABLE
TRN-001998,PASSENGER,C08,2026-09-27,05:56,06:16,HIGH,TIMETABLE
TRN-001999,EXPRESS,C07,2026-09-24,23:30,23:56,HIGH,TIMETABLE
TRN-002000,SUPERFAST,C20,2026-09-10,19:53,20:21,HIGH,TIMETABLE
TRN-002001,GOODS,C20,2026-09-15,00:30,00:59,MEDIUM,GOODS_FORECAST
TRN-002002,SUPERFAST,C09,2026-09-06,14:42,14:56,HIGH,TIMETABLE
TRN-002003,PASSENGER,C15,2026-09-02,17:35,17:59,HIGH,TIMETABLE
TRN-002004,GOODS,C18,2026-09-28,05:51,06:22,MEDIUM,GOODS_FORECAST
TRN-002005,PASSENGER,C02,2026-09-27,05:24,05:34,HIGH,TIMETABLE
TRN-002006,SUPERFAST,C09,2026-09-04,18:37,18:49,HIGH,TIMETABLE
TRN-002007,PASSENGER,C20,2026-09-19,17:30,17:54,HIGH,TIMETABLE
TRN-002008,GOODS,C04,2026-09-03,15:10,15:36,MEDIUM,GOODS_FORECAST
TRN-002009,SUPERFAST,C18,2026-09-17,21:21,21:49,HIGH,TIMETABLE
TRN-002010,GOODS,C17,2026-09-01,02:24,03:23,MEDIUM,GOODS_FORECAST
TRN-002011,GOODS,C09,2026-09-10,18:15,18:48,MEDIUM,GOODS_FORECAST
TRN-002012,PASSENGER,C04,2026-09-15,12:09,12:26,HIGH,TIMETABLE
TRN-002013,EXPRESS,C15,2026-09-17,12:45,13:09,HIGH,TIMETABLE
TRN-002014,GOODS,C18,2026-09-06,02:06,02:32,MEDIUM,GOODS_FORECAST
TRN-002015,PASSENGER,C02,2026-09-14,16:11,16:31,HIGH,TIMETABLE
TRN-002016,EXPRESS,C03,2026-09-27,06:08,06:24,HIGH,TIMETABLE
TRN-002017,EXPRESS,C03,2026-09-10,20:19,20:41,HIGH,TIMETABLE
TRN-002018,PASSENGER,C03,2026-09-30,05:23,05:48,HIGH,TIMETABLE
TRN-002019,SUPERFAST,C19,2026-09-09,05:38,06:07,HIGH,TIMETABLE
TRN-002020,SUPERFAST,C18,2026-09-29,17:13,17:27,HIGH,TIMETABLE
TRN-002021,EXPRESS,C13,2026-09-19,22:52,23:17,HIGH,TIMETABLE
TRN-002022,SUPERFAST,C02,2026-09-09,01:28,01:56,HIGH,TIMETABLE
TRN-002023,EXPRESS,C04,2026-09-09,03:01,03:29,HIGH,TIMETABLE
TRN-002024,EXPRESS,C12,2026-09-14,01:30,01:55,HIGH,TIMETABLE
TRN-002025,GOODS,C08,2026-09-06,16:38,17:21,MEDIUM,GOODS_FORECAST
TRN-002026,SUPERFAST,C18,2026-09-18,07:39,07:59,HIGH,TIMETABLE
TRN-002027,SUPERFAST,C12,2026-09-04,15:42,16:10,HIGH,TIMETABLE
TRN-002028,SUPERFAST,C13,2026-09-06,09:59,10:29,HIGH,TIMETABLE
TRN-002029,PASSENGER,C20,2026-09-30,14:23,14:42,HIGH,TIMETABLE
TRN-002030,GOODS,C13,2026-09-13,18:39,19:19,MEDIUM,GOODS_FORECAST
TRN-002031,SUPERFAST,C20,2026-09-14,00:52,01:10,HIGH,TIMETABLE
TRN-002032,EXPRESS,C10,2026-09-05,02:12,02:36,HIGH,TIMETABLE
TRN-002033,PASSENGER,C18,2026-09-11,03:29,03:51,HIGH,TIMETABLE
TRN-002034,PASSENGER,C12,2026-09-19,08:17,08:40,HIGH,TIMETABLE
TRN-002035,PASSENGER,C18,2026-09-05,00:00,00:17,HIGH,TIMETABLE
TRN-002036,PASSENGER,C13,2026-09-18,23:46,00:03,HIGH,TIMETABLE
TRN-002037,SUPERFAST,C14,2026-09-05,08:49,09:11,HIGH,TIMETABLE
TRN-002038,EXPRESS,C17,2026-09-15,20:32,21:00,HIGH,TIMETABLE
TRN-002039,PASSENGER,C01,2026-09-20,02:09,02:21,HIGH,TIMETABLE
TRN-002040,PASSENGER,C07,2026-09-27,03:51,04:08,HIGH,TIMETABLE
TRN-002041,EXPRESS,C20,2026-09-21,05:34,05:50,HIGH,TIMETABLE
TRN-002042,SUPERFAST,C04,2026-09-08,07:16,07:41,HIGH,TIMETABLE
TRN-002043,SUPERFAST,C01,2026-09-11,06:22,06:39,HIGH,TIMETABLE
TRN-002044,PASSENGER,C09,2026-09-11,18:59,19:12,HIGH,TIMETABLE
TRN-002045,EXPRESS,C01,2026-09-30,05:39,06:00,HIGH,TIMETABLE
TRN-002046,GOODS,C09,2026-09-25,10:18,11:14,MEDIUM,GOODS_FORECAST
TRN-002047,PASSENGER,C04,2026-09-20,03:19,03:42,HIGH,TIMETABLE
TRN-002048,PASSENGER,C02,2026-09-28,06:35,06:54,HIGH,TIMETABLE
TRN-002049,PASSENGER,C19,2026-09-14,13:43,13:55,HIGH,TIMETABLE
TRN-002050,EXPRESS,C16,2026-09-29,02:13,02:39,HIGH,TIMETABLE
TRN-002051,PASSENGER,C09,2026-09-20,18:22,18:33,HIGH,TIMETABLE
TRN-002052,EXPRESS,C01,2026-09-28,13:40,14:04,HIGH,TIMETABLE
TRN-002053,GOODS,C05,2026-09-04,09:16,09:46,MEDIUM,GOODS_FORECAST
TRN-002054,EXPRESS,C14,2026-09-17,03:34,03:51,HIGH,TIMETABLE
TRN-002055,GOODS,C20,2026-09-06,13:27,14:16,MEDIUM,GOODS_FORECAST
TRN-002056,GOODS,C18,2026-09-14,21:02,22:01,MEDIUM,GOODS_FORECAST
TRN-002057,SUPERFAST,C08,2026-09-23,19:51,20:13,HIGH,TIMETABLE
TRN-002058,SUPERFAST,C18,2026-09-15,10:38,11:04,HIGH,TIMETABLE
TRN-002059,EXPRESS,C10,2026-09-23,03:04,03:24,HIGH,TIMETABLE
TRN-002060,PASSENGER,C09,2026-09-11,22:31,22:42,HIGH,TIMETABLE
TRN-002061,PASSENGER,C20,2026-09-05,20:26,20:41,HIGH,TIMETABLE
TRN-002062,PASSENGER,C16,2026-09-12,08:24,08:46,HIGH,TIMETABLE
TRN-002063,GOODS,C02,2026-09-12,03:52,04:21,MEDIUM,GOODS_FORECAST
TRN-002064,EXPRESS,C14,2026-09-22,02:06,02:23,HIGH,TIMETABLE
TRN-002065,GOODS,C18,2026-09-25,18:57,19:47,MEDIUM,GOODS_FORECAST
TRN-002066,PASSENGER,C11,2026-09-08,14:01,14:15,HIGH,TIMETABLE
TRN-002067,PASSENGER,C19,2026-09-09,11:11,11:32,HIGH,TIMETABLE
TRN-002068,EXPRESS,C13,2026-09-16,00:15,00:26,HIGH,TIMETABLE
TRN-002069,PASSENGER,C19,2026-09-10,04:38,04:57,HIGH,TIMETABLE
TRN-002070,EXPRESS,C19,2026-09-09,06:06,06:17,HIGH,TIMETABLE
TRN-002071,PASSENGER,C13,2026-09-13,23:17,23:35,HIGH,TIMETABLE
TRN-002072,SUPERFAST,C18,2026-09-20,14:50,15:13,HIGH,TIMETABLE
TRN-002073,EXPRESS,C02,2026-09-11,14:52,15:10,HIGH,TIMETABLE
TRN-002074,PASSENGER,C10,2026-09-11,14:27,14:48,HIGH,TIMETABLE
TRN-002075,EXPRESS,C15,2026-09-11,18:20,18:30,HIGH,TIMETABLE
TRN-002076,EXPRESS,C10,2026-09-25,10:53,11:10,HIGH,TIMETABLE
TRN-002077,PASSENGER,C17,2026-09-26,20:46,20:56,HIGH,TIMETABLE
TRN-002078,EXPRESS,C08,2026-09-28,12:36,12:54,HIGH,TIMETABLE
TRN-002079,SUPERFAST,C13,2026-09-26,04:27,04:57,HIGH,TIMETABLE
TRN-002080,PASSENGER,C14,2026-09-11,23:54,00:13,HIGH,TIMETABLE
TRN-002081,PASSENGER,C13,2026-09-21,11:24,11:45,HIGH,TIMETABLE
TRN-002082,PASSENGER,C02,2026-09-01,23:42,00:05,HIGH,TIMETABLE
TRN-002083,PASSENGER,C06,2026-09-04,05:58,06:12,HIGH,TIMETABLE
TRN-002084,PASSENGER,C15,2026-09-14,16:19,16:44,HIGH,TIMETABLE
TRN-002085,PASSENGER,C05,2026-09-25,10:47,10:59,HIGH,TIMETABLE
TRN-002086,EXPRESS,C04,2026-09-03,06:02,06:20,HIGH,TIMETABLE
TRN-002087,SUPERFAST,C04,2026-09-03,12:42,13:08,HIGH,TIMETABLE
TRN-002088,GOODS,C09,2026-09-18,17:38,18:27,MEDIUM,GOODS_FORECAST
TRN-002089,GOODS,C01,2026-09-25,18:19,18:44,MEDIUM,GOODS_FORECAST
TRN-002090,PASSENGER,C19,2026-09-17,13:31,13:56,HIGH,TIMETABLE
TRN-002091,SUPERFAST,C18,2026-09-05,06:41,06:53,HIGH,TIMETABLE
TRN-002092,PASSENGER,C20,2026-09-29,12:13,12:37,HIGH,TIMETABLE
TRN-002093,GOODS,C01,2026-09-30,09:19,10:12,MEDIUM,GOODS_FORECAST
TRN-002094,PASSENGER,C14,2026-09-26,08:58,09:13,HIGH,TIMETABLE
TRN-002095,SUPERFAST,C14,2026-09-03,05:01,05:14,HIGH,TIMETABLE
TRN-002096,GOODS,C02,2026-09-07,18:02,18:43,MEDIUM,GOODS_FORECAST
TRN-002097,PASSENGER,C16,2026-09-11,07:46,08:09,HIGH,TIMETABLE
TRN-002098,PASSENGER,C19,2026-09-24,13:10,13:21,HIGH,TIMETABLE
TRN-002099,EXPRESS,C12,2026-09-27,21:41,21:56,HIGH,TIMETABLE
TRN-002100,EXPRESS,C09,2026-09-17,05:58,06:17,HIGH,TIMETABLE
TRN-002101,PASSENGER,C18,2026-09-23,07:56,08:16,HIGH,TIMETABLE
TRN-002102,GOODS,C12,2026-09-26,09:09,09:37,MEDIUM,GOODS_FORECAST
TRN-002103,PASSENGER,C14,2026-09-09,10:25,10:46,HIGH,TIMETABLE
TRN-002104,PASSENGER,C15,2026-09-11,04:58,05:14,HIGH,TIMETABLE
TRN-002105,GOODS,C03,2026-09-04,04:46,05:23,MEDIUM,GOODS_FORECAST
TRN-002106,PASSENGER,C15,2026-09-10,18:20,18:45,HIGH,TIMETABLE
TRN-002107,SUPERFAST,C20,2026-09-24,02:53,03:17,HIGH,TIMETABLE
TRN-002108,EXPRESS,C13,2026-09-25,07:02,07:19,HIGH,TIMETABLE
TRN-002109,SUPERFAST,C06,2026-09-16,05:47,05:57,HIGH,TIMETABLE
TRN-002110,PASSENGER,C18,2026-09-18,12:57,13:12,HIGH,TIMETABLE
TRN-002111,GOODS,C16,2026-09-12,00:25,01:24,MEDIUM,GOODS_FORECAST
TRN-002112,PASSENGER,C03,2026-09-20,13:12,13:29,HIGH,TIMETABLE
TRN-002113,GOODS,C09,2026-09-11,21:41,22:18,MEDIUM,GOODS_FORECAST
TRN-002114,PASSENGER,C20,2026-09-26,07:50,08:10,HIGH,TIMETABLE
TRN-002115,SUPERFAST,C17,2026-09-27,04:56,05:14,HIGH,TIMETABLE
TRN-002116,SUPERFAST,C08,2026-09-11,07:50,08:09,HIGH,TIMETABLE
TRN-002117,PASSENGER,C04,2026-09-17,02:21,02:43,HIGH,TIMETABLE
TRN-002118,EXPRESS,C17,2026-09-10,17:33,17:45,HIGH,TIMETABLE
TRN-002119,GOODS,C12,2026-09-06,09:31,10:12,MEDIUM,GOODS_FORECAST
TRN-002120,PASSENGER,C12,2026-09-09,08:56,09:19,HIGH,TIMETABLE
TRN-002121,PASSENGER,C18,2026-09-07,18:15,18:36,HIGH,TIMETABLE
TRN-002122,SUPERFAST,C16,2026-09-20,21:08,21:24,HIGH,TIMETABLE
TRN-002123,EXPRESS,C18,2026-09-04,00:31,01:01,HIGH,TIMETABLE
TRN-002124,SUPERFAST,C11,2026-09-08,21:58,22:27,HIGH,TIMETABLE
TRN-002125,PASSENGER,C18,2026-09-15,17:08,17:26,HIGH,TIMETABLE
TRN-002126,GOODS,C13,2026-09-26,21:14,22:06,MEDIUM,GOODS_FORECAST
TRN-002127,GOODS,C17,2026-09-17,05:17,05:45,MEDIUM,GOODS_FORECAST
TRN-002128,PASSENGER,C11,2026-09-16,19:45,19:59,HIGH,TIMETABLE
TRN-002129,GOODS,C04,2026-09-09,15:20,15:53,MEDIUM,GOODS_FORECAST
TRN-002130,PASSENGER,C08,2026-09-02,03:03,03:25,HIGH,TIMETABLE
TRN-002131,SUPERFAST,C06,2026-09-09,04:30,04:46,HIGH,TIMETABLE
TRN-002132,GOODS,C08,2026-09-19,15:20,15:55,MEDIUM,GOODS_FORECAST
TRN-002133,EXPRESS,C08,2026-09-19,03:31,03:45,HIGH,TIMETABLE
TRN-002134,GOODS,C18,2026-09-16,01:01,01:51,MEDIUM,GOODS_FORECAST
TRN-002135,GOODS,C06,2026-09-29,19:20,19:58,MEDIUM,GOODS_FORECAST
TRN-002136,GOODS,C17,2026-09-28,17:34,18:02,MEDIUM,GOODS_FORECAST
TRN-002137,SUPERFAST,C18,2026-09-30,07:14,07:29,HIGH,TIMETABLE
TRN-002138,PASSENGER,C02,2026-09-27,03:59,04:09,HIGH,TIMETABLE
TRN-002139,PASSENGER,C06,2026-09-29,00:04,00:14,HIGH,TIMETABLE
TRN-002140,PASSENGER,C17,2026-09-13,15:44,16:07,HIGH,TIMETABLE
TRN-002141,EXPRESS,C02,2026-09-30,01:01,01:27,HIGH,TIMETABLE
TRN-002142,GOODS,C20,2026-09-22,19:03,19:58,MEDIUM,GOODS_FORECAST
TRN-002143,SUPERFAST,C04,2026-09-01,18:41,18:53,HIGH,TIMETABLE
TRN-002144,GOODS,C07,2026-09-12,13:05,13:35,MEDIUM,GOODS_FORECAST
TRN-002145,PASSENGER,C08,2026-09-29,18:52,19:11,HIGH,TIMETABLE
TRN-002146,GOODS,C08,2026-09-21,02:54,03:51,MEDIUM,GOODS_FORECAST
TRN-002147,SUPERFAST,C16,2026-09-09,14:22,14:49,HIGH,TIMETABLE
TRN-002148,SUPERFAST,C07,2026-09-11,10:33,10:56,HIGH,TIMETABLE
TRN-002149,GOODS,C19,2026-09-11,23:05,23:36,MEDIUM,GOODS_FORECAST
TRN-002150,PASSENGER,C07,2026-09-24,00:34,00:58,HIGH,TIMETABLE
TRN-002151,GOODS,C13,2026-09-30,06:13,06:38,MEDIUM,GOODS_FORECAST
TRN-002152,EXPRESS,C09,2026-09-11,20:04,20:26,HIGH,TIMETABLE
TRN-002153,EXPRESS,C03,2026-09-11,00:40,00:51,HIGH,TIMETABLE
TRN-002154,EXPRESS,C13,2026-09-14,09:10,09:22,HIGH,TIMETABLE
TRN-002155,PASSENGER,C13,2026-09-30,12:39,12:58,HIGH,TIMETABLE
TRN-002156,GOODS,C03,2026-09-23,07:40,08:23,MEDIUM,GOODS_FORECAST
TRN-002157,PASSENGER,C15,2026-09-18,11:03,11:16,HIGH,TIMETABLE
TRN-002158,EXPRESS,C19,2026-09-09,21:06,21:31,HIGH,TIMETABLE
TRN-002159,PASSENGER,C20,2026-09-01,12:32,12:48,HIGH,TIMETABLE
TRN-002160,EXPRESS,C18,2026-09-07,10:02,10:29,HIGH,TIMETABLE
TRN-002161,PASSENGER,C18,2026-09-24,19:22,19:44,HIGH,TIMETABLE
TRN-002162,PASSENGER,C20,2026-09-15,00:31,00:48,HIGH,TIMETABLE
TRN-002163,EXPRESS,C18,2026-09-18,17:45,18:15,HIGH,TIMETABLE
TRN-002164,EXPRESS,C16,2026-09-17,23:16,23:46,HIGH,TIMETABLE
TRN-002165,EXPRESS,C20,2026-09-03,12:25,12:35,HIGH,TIMETABLE
TRN-002166,EXPRESS,C19,2026-09-14,06:09,06:30,HIGH,TIMETABLE
TRN-002167,EXPRESS,C03,2026-09-19,15:30,15:52,HIGH,TIMETABLE
TRN-002168,PASSENGER,C20,2026-09-08,04:19,04:29,HIGH,TIMETABLE
TRN-002169,GOODS,C05,2026-09-14,23:56,00:43,MEDIUM,GOODS_FORECAST
TRN-002170,EXPRESS,C17,2026-09-19,19:04,19:19,HIGH,TIMETABLE
TRN-002171,EXPRESS,C10,2026-09-03,18:53,19:03,HIGH,TIMETABLE
TRN-002172,SUPERFAST,C19,2026-09-12,04:45,04:57,HIGH,TIMETABLE
TRN-002173,SUPERFAST,C12,2026-09-11,17:25,17:45,HIGH,TIMETABLE
TRN-002174,GOODS,C04,2026-09-15,16:36,17:30,MEDIUM,GOODS_FORECAST
TRN-002175,PASSENGER,C03,2026-09-22,04:42,05:07,HIGH,TIMETABLE
TRN-002176,PASSENGER,C20,2026-09-06,02:32,02:45,HIGH,TIMETABLE
TRN-002177,EXPRESS,C18,2026-09-05,09:34,09:46,HIGH,TIMETABLE
TRN-002178,SUPERFAST,C19,2026-09-13,04:42,05:05,HIGH,TIMETABLE
TRN-002179,PASSENGER,C06,2026-09-05,20:35,21:00,HIGH,TIMETABLE
TRN-002180,PASSENGER,C19,2026-09-03,15:20,15:31,HIGH,TIMETABLE
TRN-002181,GOODS,C09,2026-09-24,12:30,13:12,MEDIUM,GOODS_FORECAST
TRN-002182,GOODS,C04,2026-09-27,18:53,19:40,MEDIUM,GOODS_FORECAST
TRN-002183,SUPERFAST,C12,2026-09-16,01:32,01:52,HIGH,TIMETABLE
TRN-002184,EXPRESS,C17,2026-09-05,00:05,00:33,HIGH,TIMETABLE
TRN-002185,PASSENGER,C12,2026-09-16,00:00,00:10,HIGH,TIMETABLE
TRN-002186,GOODS,C02,2026-09-03,21:34,22:24,MEDIUM,GOODS_FORECAST
TRN-002187,PASSENGER,C11,2026-09-14,09:23,09:34,HIGH,TIMETABLE
TRN-002188,EXPRESS,C07,2026-09-27,04:38,04:56,HIGH,TIMETABLE
TRN-002189,GOODS,C16,2026-09-06,17:10,17:45,MEDIUM,GOODS_FORECAST
TRN-002190,GOODS,C20,2026-09-11,09:33,09:58,MEDIUM,GOODS_FORECAST
TRN-002191,PASSENGER,C16,2026-09-17,22:15,22:30,HIGH,TIMETABLE
TRN-002192,PASSENGER,C09,2026-09-23,15:26,15:43,HIGH,TIMETABLE
TRN-002193,PASSENGER,C14,2026-09-03,13:17,13:38,HIGH,TIMETABLE
TRN-002194,PASSENGER,C03,2026-09-02,11:59,12:10,HIGH,TIMETABLE
TRN-002195,PASSENGER,C19,2026-09-12,00:02,00:17,HIGH,TIMETABLE
TRN-002196,GOODS,C04,2026-09-27,22:25,22:55,MEDIUM,GOODS_FORECAST
TRN-002197,PASSENGER,C14,2026-09-03,01:29,01:50,HIGH,TIMETABLE
TRN-002198,PASSENGER,C15,2026-09-02,19:26,19:40,HIGH,TIMETABLE
TRN-002199,PASSENGER,C02,2026-09-15,02:25,02:48,HIGH,TIMETABLE
TRN-002200,EXPRESS,C01,2026-09-01,16:30,16:48,HIGH,TIMETABLE
TRN-002201,GOODS,C03,2026-09-29,17:12,17:56,MEDIUM,GOODS_FORECAST
TRN-002202,EXPRESS,C11,2026-09-23,10:00,10:17,HIGH,TIMETABLE
TRN-002203,GOODS,C05,2026-09-26,19:22,20:20,MEDIUM,GOODS_FORECAST
TRN-002204,EXPRESS,C19,2026-09-18,19:33,19:49,HIGH,TIMETABLE
TRN-002205,GOODS,C14,2026-09-12,04:29,05:10,MEDIUM,GOODS_FORECAST
TRN-002206,PASSENGER,C16,2026-09-25,03:56,04:19,HIGH,TIMETABLE
TRN-002207,GOODS,C03,2026-09-20,17:34,18:08,MEDIUM,GOODS_FORECAST
TRN-002208,GOODS,C07,2026-09-26,10:36,11:35,MEDIUM,GOODS_FORECAST
TRN-002209,PASSENGER,C03,2026-09-02,08:48,09:08,HIGH,TIMETABLE
TRN-002210,PASSENGER,C12,2026-09-25,19:09,19:31,HIGH,TIMETABLE
TRN-002211,PASSENGER,C06,2026-09-03,15:59,16:18,HIGH,TIMETABLE
TRN-002212,PASSENGER,C12,2026-09-15,08:44,09:01,HIGH,TIMETABLE
TRN-002213,PASSENGER,C05,2026-09-14,18:05,18:16,HIGH,TIMETABLE
TRN-002214,EXPRESS,C09,2026-09-18,14:51,15:02,HIGH,TIMETABLE
TRN-002215,SUPERFAST,C15,2026-09-07,20:04,20:31,HIGH,TIMETABLE
TRN-002216,PASSENGER,C09,2026-09-29,10:13,10:29,HIGH,TIMETABLE
TRN-002217,EXPRESS,C06,2026-09-11,07:46,08:08,HIGH,TIMETABLE
TRN-002218,GOODS,C10,2026-09-13,04:42,05:41,MEDIUM,GOODS_FORECAST
TRN-002219,PASSENGER,C11,2026-09-02,15:12,15:36,HIGH,TIMETABLE
TRN-002220,GOODS,C02,2026-09-13,12:17,13:10,MEDIUM,GOODS_FORECAST
TRN-002221,SUPERFAST,C12,2026-09-03,12:25,12:47,HIGH,TIMETABLE
TRN-002222,PASSENGER,C19,2026-09-06,00:19,00:30,HIGH,TIMETABLE
TRN-002223,EXPRESS,C11,2026-09-29,11:04,11:17,HIGH,TIMETABLE
TRN-002224,PASSENGER,C10,2026-09-24,00:56,01:09,HIGH,TIMETABLE
TRN-002225,GOODS,C04,2026-09-03,03:25,04:19,MEDIUM,GOODS_FORECAST
TRN-002226,SUPERFAST,C13,2026-09-04,20:30,20:40,HIGH,TIMETABLE
TRN-002227,PASSENGER,C10,2026-09-23,15:11,15:33,HIGH,TIMETABLE
TRN-002228,PASSENGER,C06,2026-09-06,21:38,21:48,HIGH,TIMETABLE
TRN-002229,EXPRESS,C20,2026-09-12,07:58,08:18,HIGH,TIMETABLE
TRN-002230,GOODS,C09,2026-09-23,02:50,03:26,MEDIUM,GOODS_FORECAST
TRN-002231,GOODS,C03,2026-09-22,04:36,05:12,MEDIUM,GOODS_FORECAST
TRN-002232,EXPRESS,C11,2026-09-26,19:18,19:39,HIGH,TIMETABLE
TRN-002233,GOODS,C02,2026-09-01,05:23,06:14,MEDIUM,GOODS_FORECAST
TRN-002234,SUPERFAST,C02,2026-09-03,10:54,11:07,HIGH,TIMETABLE
TRN-002235,PASSENGER,C06,2026-09-30,11:50,12:08,HIGH,TIMETABLE
TRN-002236,EXPRESS,C20,2026-09-11,01:05,01:29,HIGH,TIMETABLE
TRN-002237,PASSENGER,C16,2026-09-04,15:07,15:23,HIGH,TIMETABLE
TRN-002238,GOODS,C15,2026-09-20,18:47,19:15,MEDIUM,GOODS_FORECAST
TRN-002239,GOODS,C19,2026-09-22,12:29,12:55,MEDIUM,GOODS_FORECAST
TRN-002240,GOODS,C03,2026-09-02,00:19,01:09,MEDIUM,GOODS_FORECAST
TRN-002241,PASSENGER,C20,2026-09-07,10:22,10:32,HIGH,TIMETABLE
TRN-002242,PASSENGER,C19,2026-09-04,00:06,00:24,HIGH,TIMETABLE
TRN-002243,PASSENGER,C02,2026-09-29,07:19,07:42,HIGH,TIMETABLE
TRN-002244,PASSENGER,C20,2026-09-23,09:42,09:54,HIGH,TIMETABLE
TRN-002245,PASSENGER,C10,2026-09-21,20:56,21:09,HIGH,TIMETABLE
TRN-002246,GOODS,C11,2026-09-29,21:00,21:36,MEDIUM,GOODS_FORECAST
TRN-002247,GOODS,C12,2026-09-12,08:18,09:06,MEDIUM,GOODS_FORECAST
TRN-002248,SUPERFAST,C11,2026-09-05,01:33,01:54,HIGH,TIMETABLE
TRN-002249,EXPRESS,C02,2026-09-02,13:54,14:19,HIGH,TIMETABLE
TRN-002250,EXPRESS,C19,2026-09-01,21:59,22:09,HIGH,TIMETABLE
TRN-002251,EXPRESS,C14,2026-09-30,18:41,18:52,HIGH,TIMETABLE
TRN-002252,PASSENGER,C13,2026-09-23,14:59,15:24,HIGH,TIMETABLE
TRN-002253,PASSENGER,C08,2026-09-16,17:05,17:23,HIGH,TIMETABLE
TRN-002254,SUPERFAST,C05,2026-09-23,07:26,07:42,HIGH,TIMETABLE
TRN-002255,EXPRESS,C10,2026-09-10,19:49,20:10,HIGH,TIMETABLE
TRN-002256,GOODS,C01,2026-09-01,13:24,14:20,MEDIUM,GOODS_FORECAST
TRN-002257,EXPRESS,C06,2026-09-11,11:11,11:21,HIGH,TIMETABLE
TRN-002258,PASSENGER,C12,2026-09-27,00:22,00:34,HIGH,TIMETABLE
TRN-002259,EXPRESS,C13,2026-09-11,08:42,08:56,HIGH,TIMETABLE
TRN-002260,GOODS,C06,2026-09-10,03:36,04:30,MEDIUM,GOODS_FORECAST
TRN-002261,EXPRESS,C06,2026-09-19,02:05,02:35,HIGH,TIMETABLE
TRN-002262,PASSENGER,C19,2026-09-23,05:06,05:23,HIGH,TIMETABLE
TRN-002263,SUPERFAST,C10,2026-09-11,03:15,03:27,HIGH,TIMETABLE
TRN-002264,PASSENGER,C02,2026-09-19,01:21,01:44,HIGH,TIMETABLE
TRN-002265,GOODS,C02,2026-09-12,08:20,08:45,MEDIUM,GOODS_FORECAST
TRN-002266,SUPERFAST,C18,2026-09-18,14:07,14:33,HIGH,TIMETABLE
TRN-002267,PASSENGER,C01,2026-09-05,03:58,04:10,HIGH,TIMETABLE
TRN-002268,EXPRESS,C15,2026-09-08,04:38,05:07,HIGH,TIMETABLE
TRN-002269,GOODS,C10,2026-09-29,23:09,23:55,MEDIUM,GOODS_FORECAST
TRN-002270,GOODS,C15,2026-09-11,19:12,20:12,MEDIUM,GOODS_FORECAST
TRN-002271,SUPERFAST,C18,2026-09-15,11:02,11:30,HIGH,TIMETABLE
TRN-002272,GOODS,C03,2026-09-06,20:15,21:07,MEDIUM,GOODS_FORECAST
TRN-002273,PASSENGER,C13,2026-09-02,07:52,08:09,HIGH,TIMETABLE
TRN-002274,EXPRESS,C06,2026-09-26,00:17,00:31,HIGH,TIMETABLE
TRN-002275,EXPRESS,C12,2026-09-17,06:22,06:34,HIGH,TIMETABLE
TRN-002276,PASSENGER,C15,2026-09-29,00:50,01:04,HIGH,TIMETABLE
TRN-002277,PASSENGER,C15,2026-09-04,03:06,03:27,HIGH,TIMETABLE
TRN-002278,GOODS,C08,2026-09-23,18:47,19:12,MEDIUM,GOODS_FORECAST
TRN-002279,PASSENGER,C14,2026-09-23,05:44,05:57,HIGH,TIMETABLE
TRN-002280,SUPERFAST,C20,2026-09-24,22:32,22:47,HIGH,TIMETABLE
TRN-002281,PASSENGER,C17,2026-09-26,04:14,04:39,HIGH,TIMETABLE
TRN-002282,SUPERFAST,C12,2026-09-19,03:13,03:36,HIGH,TIMETABLE
TRN-002283,PASSENGER,C04,2026-09-17,14:54,15:10,HIGH,TIMETABLE
TRN-002284,EXPRESS,C11,2026-09-18,18:47,18:59,HIGH,TIMETABLE
TRN-002285,SUPERFAST,C11,2026-09-19,15:49,16:14,HIGH,TIMETABLE
TRN-002286,PASSENGER,C04,2026-09-13,18:58,19:09,HIGH,TIMETABLE
TRN-002287,SUPERFAST,C11,2026-09-30,08:04,08:29,HIGH,TIMETABLE
TRN-002288,EXPRESS,C20,2026-09-28,07:22,07:34,HIGH,TIMETABLE
TRN-002289,EXPRESS,C13,2026-09-20,05:16,05:42,HIGH,TIMETABLE
TRN-002290,GOODS,C16,2026-09-29,05:53,06:50,MEDIUM,GOODS_FORECAST
TRN-002291,PASSENGER,C10,2026-09-28,01:49,02:02,HIGH,TIMETABLE
TRN-002292,GOODS,C05,2026-09-06,16:16,16:51,MEDIUM,GOODS_FORECAST
TRN-002293,PASSENGER,C06,2026-09-18,07:17,07:36,HIGH,TIMETABLE
TRN-002294,EXPRESS,C08,2026-09-05,22:36,22:50,HIGH,TIMETABLE
TRN-002295,PASSENGER,C03,2026-09-09,09:30,09:55,HIGH,TIMETABLE
TRN-002296,GOODS,C07,2026-09-24,04:29,05:27,MEDIUM,GOODS_FORECAST
TRN-002297,SUPERFAST,C03,2026-09-14,12:17,12:45,HIGH,TIMETABLE
TRN-002298,SUPERFAST,C07,2026-09-23,00:20,00:34,HIGH,TIMETABLE
TRN-002299,SUPERFAST,C01,2026-09-05,01:13,01:43,HIGH,TIMETABLE
TRN-002300,PASSENGER,C02,2026-09-09,23:45,23:59,HIGH,TIMETABLE
TRN-002301,PASSENGER,C05,2026-09-05,14:58,15:23,HIGH,TIMETABLE
TRN-002302,EXPRESS,C05,2026-09-23,03:31,03:48,HIGH,TIMETABLE
TRN-002303,EXPRESS,C07,2026-09-02,04:27,04:53,HIGH,TIMETABLE
TRN-002304,PASSENGER,C11,2026-09-29,01:36,01:59,HIGH,TIMETABLE
TRN-002305,PASSENGER,C07,2026-09-01,23:17,23:28,HIGH,TIMETABLE
TRN-002306,PASSENGER,C20,2026-09-08,15:01,15:25,HIGH,TIMETABLE
TRN-002307,EXPRESS,C13,2026-09-29,19:57,20:10,HIGH,TIMETABLE
TRN-002308,SUPERFAST,C08,2026-09-05,02:25,02:35,HIGH,TIMETABLE
TRN-002309,SUPERFAST,C20,2026-09-03,14:11,14:23,HIGH,TIMETABLE
TRN-002310,EXPRESS,C13,2026-09-28,20:45,20:56,HIGH,TIMETABLE
TRN-002311,GOODS,C06,2026-09-19,18:07,18:45,MEDIUM,GOODS_FORECAST
TRN-002312,PASSENGER,C01,2026-09-09,08:27,08:45,HIGH,TIMETABLE
TRN-002313,PASSENGER,C13,2026-09-13,05:32,05:46,HIGH,TIMETABLE
TRN-002314,EXPRESS,C07,2026-09-04,14:19,14:44,HIGH,TIMETABLE
TRN-002315,PASSENGER,C02,2026-09-12,13:51,14:12,HIGH,TIMETABLE
TRN-002316,GOODS,C14,2026-09-27,13:25,14:19,MEDIUM,GOODS_FORECAST
TRN-002317,GOODS,C02,2026-09-13,07:58,08:48,MEDIUM,GOODS_FORECAST
TRN-002318,GOODS,C03,2026-09-19,17:28,18:18,MEDIUM,GOODS_FORECAST
TRN-002319,EXPRESS,C02,2026-09-10,19:50,20:09,HIGH,TIMETABLE
TRN-002320,SUPERFAST,C09,2026-09-10,22:23,22:34,HIGH,TIMETABLE
TRN-002321,EXPRESS,C14,2026-09-13,06:42,07:01,HIGH,TIMETABLE
TRN-002322,SUPERFAST,C07,2026-09-23,07:40,08:08,HIGH,TIMETABLE
TRN-002323,EXPRESS,C01,2026-09-10,22:05,22:34,HIGH,TIMETABLE
TRN-002324,EXPRESS,C15,2026-09-07,04:25,04:40,HIGH,TIMETABLE
TRN-002325,EXPRESS,C14,2026-09-29,04:00,04:12,HIGH,TIMETABLE
TRN-002326,PASSENGER,C05,2026-09-09,07:23,07:46,HIGH,TIMETABLE
TRN-002327,SUPERFAST,C11,2026-09-21,18:56,19:16,HIGH,TIMETABLE
TRN-002328,PASSENGER,C05,2026-09-04,23:10,23:21,HIGH,TIMETABLE
TRN-002329,EXPRESS,C16,2026-09-20,23:27,23:56,HIGH,TIMETABLE
TRN-002330,PASSENGER,C20,2026-09-30,13:54,14:08,HIGH,TIMETABLE
TRN-002331,SUPERFAST,C10,2026-09-30,02:53,03:22,HIGH,TIMETABLE
TRN-002332,EXPRESS,C13,2026-09-09,07:31,07:47,HIGH,TIMETABLE
TRN-002333,EXPRESS,C08,2026-09-29,04:34,04:53,HIGH,TIMETABLE
TRN-002334,GOODS,C06,2026-09-29,12:28,12:56,MEDIUM,GOODS_FORECAST
TRN-002335,EXPRESS,C08,2026-09-08,08:22,08:40,HIGH,TIMETABLE
TRN-002336,GOODS,C02,2026-09-26,23:32,00:12,MEDIUM,GOODS_FORECAST
TRN-002337,PASSENGER,C12,2026-09-28,22:49,23:14,HIGH,TIMETABLE
TRN-002338,EXPRESS,C12,2026-09-24,09:06,09:27,HIGH,TIMETABLE
TRN-002339,GOODS,C13,2026-09-30,23:32,00:14,MEDIUM,GOODS_FORECAST
TRN-002340,EXPRESS,C15,2026-09-13,20:01,20:19,HIGH,TIMETABLE
TRN-002341,SUPERFAST,C11,2026-09-07,12:18,12:35,HIGH,TIMETABLE
TRN-002342,EXPRESS,C19,2026-09-16,09:14,09:36,HIGH,TIMETABLE
TRN-002343,EXPRESS,C20,2026-09-25,17:09,17:31,HIGH,TIMETABLE
TRN-002344,GOODS,C03,2026-09-14,07:07,07:49,MEDIUM,GOODS_FORECAST
TRN-002345,PASSENGER,C06,2026-09-11,09:44,10:05,HIGH,TIMETABLE
TRN-002346,PASSENGER,C01,2026-09-19,11:20,11:39,HIGH,TIMETABLE
TRN-002347,EXPRESS,C11,2026-09-06,13:37,14:06,HIGH,TIMETABLE
TRN-002348,PASSENGER,C12,2026-09-19,13:00,13:22,HIGH,TIMETABLE
TRN-002349,PASSENGER,C15,2026-09-06,03:51,04:08,HIGH,TIMETABLE
TRN-002350,PASSENGER,C09,2026-09-05,08:10,08:31,HIGH,TIMETABLE
TRN-002351,SUPERFAST,C19,2026-09-04,09:04,09:19,HIGH,TIMETABLE
TRN-002352,EXPRESS,C10,2026-09-02,22:47,23:05,HIGH,TIMETABLE
TRN-002353,SUPERFAST,C19,2026-09-07,08:27,08:42,HIGH,TIMETABLE
TRN-002354,GOODS,C04,2026-09-10,10:48,11:32,MEDIUM,GOODS_FORECAST
TRN-002355,PASSENGER,C02,2026-09-15,19:20,19:43,HIGH,TIMETABLE
TRN-002356,PASSENGER,C15,2026-09-08,03:33,03:43,HIGH,TIMETABLE
TRN-002357,PASSENGER,C04,2026-09-16,18:07,18:28,HIGH,TIMETABLE
TRN-002358,GOODS,C05,2026-09-30,04:06,04:36,MEDIUM,GOODS_FORECAST
TRN-002359,EXPRESS,C18,2026-09-15,03:09,03:36,HIGH,TIMETABLE
TRN-002360,PASSENGER,C06,2026-09-07,12:22,12:40,HIGH,TIMETABLE
TRN-002361,SUPERFAST,C06,2026-09-14,17:15,17:39,HIGH,TIMETABLE
TRN-002362,PASSENGER,C16,2026-09-02,03:50,04:15,HIGH,TIMETABLE
TRN-002363,PASSENGER,C06,2026-09-28,22:07,22:17,HIGH,TIMETABLE
TRN-002364,SUPERFAST,C14,2026-09-26,11:39,11:53,HIGH,TIMETABLE
TRN-002365,PASSENGER,C15,2026-09-15,15:27,15:41,HIGH,TIMETABLE
TRN-002366,EXPRESS,C13,2026-09-22,11:03,11:26,HIGH,TIMETABLE
TRN-002367,PASSENGER,C15,2026-09-01,03:48,04:06,HIGH,TIMETABLE
TRN-002368,GOODS,C02,2026-09-30,21:28,22:15,MEDIUM,GOODS_FORECAST
TRN-002369,GOODS,C15,2026-09-30,18:19,18:48,MEDIUM,GOODS_FORECAST
TRN-002370,PASSENGER,C12,2026-09-11,22:09,22:20,HIGH,TIMETABLE
TRN-002371,PASSENGER,C05,2026-09-16,23:17,23:32,HIGH,TIMETABLE
TRN-002372,SUPERFAST,C03,2026-09-10,06:21,06:41,HIGH,TIMETABLE
TRN-002373,EXPRESS,C07,2026-09-04,14:31,14:41,HIGH,TIMETABLE
TRN-002374,SUPERFAST,C08,2026-09-19,23:37,23:50,HIGH,TIMETABLE
TRN-002375,SUPERFAST,C07,2026-09-25,13:35,14:01,HIGH,TIMETABLE
TRN-002376,GOODS,C03,2026-09-16,05:36,06:03,MEDIUM,GOODS_FORECAST
TRN-002377,PASSENGER,C07,2026-09-13,21:14,21:35,HIGH,TIMETABLE
TRN-002378,EXPRESS,C05,2026-09-17,13:20,13:35,HIGH,TIMETABLE
TRN-002379,GOODS,C01,2026-09-20,22:00,22:36,MEDIUM,GOODS_FORECAST
TRN-002380,EXPRESS,C16,2026-09-26,08:24,08:45,HIGH,TIMETABLE
TRN-002381,PASSENGER,C12,2026-09-20,12:01,12:17,HIGH,TIMETABLE
TRN-002382,GOODS,C05,2026-09-06,05:08,06:01,MEDIUM,GOODS_FORECAST
TRN-002383,PASSENGER,C20,2026-09-07,17:49,18:04,HIGH,TIMETABLE
TRN-002384,PASSENGER,C12,2026-09-28,16:10,16:27,HIGH,TIMETABLE
TRN-002385,SUPERFAST,C08,2026-09-05,07:44,08:07,HIGH,TIMETABLE
TRN-002386,EXPRESS,C17,2026-09-12,01:11,01:36,HIGH,TIMETABLE
TRN-002387,EXPRESS,C02,2026-09-18,15:40,15:51,HIGH,TIMETABLE
TRN-002388,EXPRESS,C13,2026-09-20,16:59,17:12,HIGH,TIMETABLE
TRN-002389,SUPERFAST,C06,2026-09-27,06:49,07:11,HIGH,TIMETABLE
TRN-002390,PASSENGER,C01,2026-09-16,04:15,04:29,HIGH,TIMETABLE
TRN-002391,EXPRESS,C12,2026-09-21,18:53,19:10,HIGH,TIMETABLE
TRN-002392,GOODS,C18,2026-09-22,19:07,19:43,MEDIUM,GOODS_FORECAST
TRN-002393,SUPERFAST,C16,2026-09-22,21:30,21:53,HIGH,TIMETABLE
TRN-002394,GOODS,C09,2026-09-18,08:48,09:38,MEDIUM,GOODS_FORECAST
TRN-002395,EXPRESS,C11,2026-09-15,08:57,09:11,HIGH,TIMETABLE
TRN-002396,PASSENGER,C07,2026-09-23,05:12,05:26,HIGH,TIMETABLE
TRN-002397,GOODS,C17,2026-09-01,21:39,22:10,MEDIUM,GOODS_FORECAST
TRN-002398,SUPERFAST,C10,2026-09-09,05:15,05:36,HIGH,TIMETABLE
TRN-002399,EXPRESS,C19,2026-09-05,22:41,23:11,HIGH,TIMETABLE
TRN-002400,GOODS,C06,2026-09-24,12:04,12:54,MEDIUM,GOODS_FORECAST
TRN-002401,PASSENGER,C06,2026-09-27,21:05,21:25,HIGH,TIMETABLE
TRN-002402,PASSENGER,C02,2026-09-29,13:17,13:34,HIGH,TIMETABLE
TRN-002403,GOODS,C16,2026-09-28,08:21,08:50,MEDIUM,GOODS_FORECAST
TRN-002404,GOODS,C04,2026-09-18,01:53,02:35,MEDIUM,GOODS_FORECAST
TRN-002405,EXPRESS,C16,2026-09-09,03:34,03:51,HIGH,TIMETABLE
TRN-002406,PASSENGER,C11,2026-09-08,19:04,19:23,HIGH,TIMETABLE
TRN-002407,SUPERFAST,C18,2026-09-11,05:04,05:14,HIGH,TIMETABLE
TRN-002408,GOODS,C03,2026-09-08,13:09,13:45,MEDIUM,GOODS_FORECAST
TRN-002409,EXPRESS,C02,2026-09-17,09:47,10:09,HIGH,TIMETABLE
TRN-002410,PASSENGER,C16,2026-09-22,12:28,12:50,HIGH,TIMETABLE
TRN-002411,PASSENGER,C09,2026-09-26,16:15,16:26,HIGH,TIMETABLE
TRN-002412,EXPRESS,C09,2026-09-19,02:28,02:43,HIGH,TIMETABLE
TRN-002413,GOODS,C03,2026-09-12,02:57,03:49,MEDIUM,GOODS_FORECAST
TRN-002414,GOODS,C09,2026-09-03,02:38,03:24,MEDIUM,GOODS_FORECAST
TRN-002415,PASSENGER,C09,2026-09-01,19:26,19:38,HIGH,TIMETABLE
TRN-002416,EXPRESS,C13,2026-09-19,07:13,07:41,HIGH,TIMETABLE
TRN-002417,PASSENGER,C18,2026-09-16,12:12,12:27,HIGH,TIMETABLE
TRN-002418,PASSENGER,C01,2026-09-26,04:40,04:50,HIGH,TIMETABLE
TRN-002419,PASSENGER,C14,2026-09-06,22:45,22:55,HIGH,TIMETABLE
TRN-002420,PASSENGER,C16,2026-09-04,04:38,04:50,HIGH,TIMETABLE
TRN-002421,PASSENGER,C03,2026-09-07,19:30,19:47,HIGH,TIMETABLE
TRN-002422,SUPERFAST,C14,2026-09-29,21:10,21:32,HIGH,TIMETABLE
TRN-002423,EXPRESS,C19,2026-09-21,15:29,15:51,HIGH,TIMETABLE
TRN-002424,PASSENGER,C17,2026-09-16,07:21,07:33,HIGH,TIMETABLE
TRN-002425,PASSENGER,C16,2026-09-29,16:30,16:47,HIGH,TIMETABLE
TRN-002426,PASSENGER,C20,2026-09-25,06:19,06:33,HIGH,TIMETABLE
TRN-002427,EXPRESS,C13,2026-09-22,00:57,01:21,HIGH,TIMETABLE
TRN-002428,GOODS,C19,2026-09-17,18:15,19:10,MEDIUM,GOODS_FORECAST
TRN-002429,SUPERFAST,C14,2026-09-12,08:05,08:35,HIGH,TIMETABLE
TRN-002430,GOODS,C19,2026-09-29,23:50,00:34,MEDIUM,GOODS_FORECAST
TRN-002431,PASSENGER,C20,2026-09-03,21:30,21:52,HIGH,TIMETABLE
TRN-002432,PASSENGER,C07,2026-09-01,17:29,17:49,HIGH,TIMETABLE
TRN-002433,PASSENGER,C04,2026-09-05,01:33,01:48,HIGH,TIMETABLE
TRN-002434,PASSENGER,C03,2026-09-12,00:48,01:09,HIGH,TIMETABLE
TRN-002435,EXPRESS,C13,2026-09-09,09:39,10:07,HIGH,TIMETABLE
TRN-002436,SUPERFAST,C10,2026-09-16,00:14,00:25,HIGH,TIMETABLE
TRN-002437,PASSENGER,C14,2026-09-18,15:50,16:12,HIGH,TIMETABLE
TRN-002438,PASSENGER,C18,2026-09-22,14:51,15:16,HIGH,TIMETABLE
TRN-002439,EXPRESS,C19,2026-09-15,20:14,20:38,HIGH,TIMETABLE
TRN-002440,GOODS,C03,2026-09-14,06:52,07:41,MEDIUM,GOODS_FORECAST
TRN-002441,GOODS,C14,2026-09-23,01:09,01:50,MEDIUM,GOODS_FORECAST
TRN-002442,GOODS,C02,2026-09-01,13:52,14:32,MEDIUM,GOODS_FORECAST
TRN-002443,EXPRESS,C08,2026-09-16,06:47,06:58,HIGH,TIMETABLE
TRN-002444,EXPRESS,C13,2026-09-09,19:17,19:40,HIGH,TIMETABLE
TRN-002445,SUPERFAST,C15,2026-09-15,02:41,02:54,HIGH,TIMETABLE
TRN-002446,GOODS,C19,2026-09-21,12:13,12:46,MEDIUM,GOODS_FORECAST
TRN-002447,EXPRESS,C13,2026-09-08,10:57,11:13,HIGH,TIMETABLE
TRN-002448,PASSENGER,C12,2026-09-19,15:54,16:04,HIGH,TIMETABLE
TRN-002449,PASSENGER,C12,2026-09-04,05:30,05:45,HIGH,TIMETABLE
TRN-002450,EXPRESS,C07,2026-09-14,10:13,10:30,HIGH,TIMETABLE
TRN-002451,GOODS,C11,2026-09-20,09:53,10:51,MEDIUM,GOODS_FORECAST
TRN-002452,SUPERFAST,C18,2026-09-27,19:27,19:47,HIGH,TIMETABLE
TRN-002453,SUPERFAST,C12,2026-09-30,09:36,09:59,HIGH,TIMETABLE
TRN-002454,SUPERFAST,C08,2026-09-10,11:16,11:34,HIGH,TIMETABLE
TRN-002455,GOODS,C10,2026-09-24,07:33,08:17,MEDIUM,GOODS_FORECAST
TRN-002456,SUPERFAST,C03,2026-09-26,10:25,10:54,HIGH,TIMETABLE
TRN-002457,PASSENGER,C19,2026-09-30,20:35,20:52,HIGH,TIMETABLE
TRN-002458,SUPERFAST,C08,2026-09-27,08:49,09:07,HIGH,TIMETABLE
TRN-002459,EXPRESS,C10,2026-09-08,19:37,19:55,HIGH,TIMETABLE
TRN-002460,GOODS,C09,2026-09-01,17:56,18:56,MEDIUM,GOODS_FORECAST
TRN-002461,PASSENGER,C08,2026-09-02,20:15,20:35,HIGH,TIMETABLE
TRN-002462,EXPRESS,C05,2026-09-20,16:16,16:32,HIGH,TIMETABLE
TRN-002463,GOODS,C18,2026-09-21,17:49,18:31,MEDIUM,GOODS_FORECAST
TRN-002464,PASSENGER,C06,2026-09-04,00:16,00:40,HIGH,TIMETABLE
TRN-002465,PASSENGER,C06,2026-09-04,16:20,16:31,HIGH,TIMETABLE
TRN-002466,EXPRESS,C10,2026-09-29,17:42,18:03,HIGH,TIMETABLE
TRN-002467,PASSENGER,C14,2026-09-12,11:29,11:54,HIGH,TIMETABLE
TRN-002468,GOODS,C05,2026-09-28,04:17,04:44,MEDIUM,GOODS_FORECAST
TRN-002469,PASSENGER,C02,2026-09-10,09:29,09:52,HIGH,TIMETABLE
TRN-002470,GOODS,C13,2026-09-30,02:11,02:45,MEDIUM,GOODS_FORECAST
TRN-002471,SUPERFAST,C08,2026-09-19,01:51,02:01,HIGH,TIMETABLE
TRN-002472,PASSENGER,C12,2026-09-04,04:39,04:52,HIGH,TIMETABLE
TRN-002473,PASSENGER,C15,2026-09-11,13:25,13:46,HIGH,TIMETABLE
TRN-002474,EXPRESS,C20,2026-09-13,06:29,06:49,HIGH,TIMETABLE
TRN-002475,EXPRESS,C16,2026-09-01,18:57,19:20,HIGH,TIMETABLE
TRN-002476,GOODS,C03,2026-09-30,19:34,20:12,MEDIUM,GOODS_FORECAST
TRN-002477,GOODS,C09,2026-09-23,12:18,13:18,MEDIUM,GOODS_FORECAST
TRN-002478,PASSENGER,C09,2026-09-23,11:10,11:32,HIGH,TIMETABLE
TRN-002479,EXPRESS,C03,2026-09-03,07:36,08:03,HIGH,TIMETABLE
TRN-002480,EXPRESS,C02,2026-09-29,06:59,07:18,HIGH,TIMETABLE
TRN-002481,GOODS,C07,2026-09-27,13:54,14:29,MEDIUM,GOODS_FORECAST
TRN-002482,GOODS,C05,2026-09-02,08:29,09:06,MEDIUM,GOODS_FORECAST
TRN-002483,PASSENGER,C10,2026-09-06,09:02,09:25,HIGH,TIMETABLE
TRN-002484,PASSENGER,C04,2026-09-01,10:16,10:33,HIGH,TIMETABLE
TRN-002485,SUPERFAST,C19,2026-09-14,17:13,17:35,HIGH,TIMETABLE
TRN-002486,SUPERFAST,C18,2026-09-27,00:57,01:08,HIGH,TIMETABLE
TRN-002487,EXPRESS,C11,2026-09-23,04:48,05:16,HIGH,TIMETABLE
TRN-002488,GOODS,C13,2026-09-25,19:53,20:21,MEDIUM,GOODS_FORECAST
TRN-002489,PASSENGER,C03,2026-09-21,22:37,23:02,HIGH,TIMETABLE
TRN-002490,EXPRESS,C10,2026-09-03,15:53,16:11,HIGH,TIMETABLE
TRN-002491,PASSENGER,C02,2026-09-10,07:05,07:25,HIGH,TIMETABLE
TRN-002492,PASSENGER,C08,2026-09-18,12:30,12:41,HIGH,TIMETABLE
TRN-002493,PASSENGER,C18,2026-09-20,09:34,09:57,HIGH,TIMETABLE
TRN-002494,EXPRESS,C06,2026-09-15,11:29,11:44,HIGH,TIMETABLE
TRN-002495,PASSENGER,C05,2026-09-17,05:13,05:30,HIGH,TIMETABLE
TRN-002496,PASSENGER,C01,2026-09-05,11:16,11:38,HIGH,TIMETABLE
TRN-002497,EXPRESS,C04,2026-09-07,06:58,07:08,HIGH,TIMETABLE
TRN-002498,PASSENGER,C08,2026-09-07,08:39,09:02,HIGH,TIMETABLE
TRN-002499,EXPRESS,C03,2026-09-24,23:37,23:50,HIGH,TIMETABLE
TRN-002500,SUPERFAST,C14,2026-09-26,15:34,15:55,HIGH,TIMETABLE
TRN-002501,GOODS,C01,2026-09-15,14:34,15:08,MEDIUM,GOODS_FORECAST
TRN-002502,SUPERFAST,C20,2026-09-20,11:51,12:11,HIGH,TIMETABLE
TRN-002503,PASSENGER,C02,2026-09-06,09:29,09:50,HIGH,TIMETABLE
TRN-002504,PASSENGER,C03,2026-09-29,05:54,06:11,HIGH,TIMETABLE
TRN-002505,SUPERFAST,C18,2026-09-25,08:49,09:14,HIGH,TIMETABLE
TRN-002506,PASSENGER,C01,2026-09-07,09:14,09:28,HIGH,TIMETABLE
TRN-002507,PASSENGER,C18,2026-09-10,15:38,15:50,HIGH,TIMETABLE
TRN-002508,GOODS,C19,2026-09-26,00:33,01:03,MEDIUM,GOODS_FORECAST
TRN-002509,EXPRESS,C06,2026-09-06,22:35,22:49,HIGH,TIMETABLE
TRN-002510,PASSENGER,C12,2026-09-02,14:59,15:22,HIGH,TIMETABLE
TRN-002511,GOODS,C09,2026-09-22,18:39,19:33,MEDIUM,GOODS_FORECAST
TRN-002512,SUPERFAST,C04,2026-09-27,16:15,16:45,HIGH,TIMETABLE
TRN-002513,SUPERFAST,C16,2026-09-11,08:53,09:16,HIGH,TIMETABLE
TRN-002514,PASSENGER,C20,2026-09-30,06:14,06:32,HIGH,TIMETABLE
TRN-002515,PASSENGER,C12,2026-09-21,18:29,18:46,HIGH,TIMETABLE
TRN-002516,EXPRESS,C15,2026-09-05,23:07,23:32,HIGH,TIMETABLE
TRN-002517,SUPERFAST,C11,2026-09-17,02:11,02:26,HIGH,TIMETABLE
TRN-002518,PASSENGER,C20,2026-09-02,19:57,20:17,HIGH,TIMETABLE
TRN-002519,EXPRESS,C18,2026-09-10,08:41,09:07,HIGH,TIMETABLE
TRN-002520,SUPERFAST,C05,2026-09-08,16:34,16:51,HIGH,TIMETABLE
TRN-002521,SUPERFAST,C15,2026-09-19,02:36,02:51,HIGH,TIMETABLE
TRN-002522,PASSENGER,C03,2026-09-03,01:36,01:49,HIGH,TIMETABLE
TRN-002523,EXPRESS,C17,2026-09-02,08:02,08:23,HIGH,TIMETABLE
TRN-002524,GOODS,C18,2026-09-14,20:57,21:25,MEDIUM,GOODS_FORECAST
TRN-002525,SUPERFAST,C03,2026-09-15,01:41,02:06,HIGH,TIMETABLE
TRN-002526,PASSENGER,C02,2026-09-26,21:28,21:45,HIGH,TIMETABLE
TRN-002527,EXPRESS,C12,2026-09-04,20:03,20:32,HIGH,TIMETABLE
TRN-002528,SUPERFAST,C12,2026-09-06,20:25,20:45,HIGH,TIMETABLE
TRN-002529,SUPERFAST,C04,2026-09-16,03:28,03:43,HIGH,TIMETABLE
TRN-002530,PASSENGER,C16,2026-09-13,08:41,08:58,HIGH,TIMETABLE
TRN-002531,PASSENGER,C15,2026-09-06,05:34,05:44,HIGH,TIMETABLE
TRN-002532,EXPRESS,C10,2026-09-05,04:55,05:08,HIGH,TIMETABLE
TRN-002533,EXPRESS,C13,2026-09-22,10:56,11:14,HIGH,TIMETABLE
TRN-002534,EXPRESS,C13,2026-09-28,06:33,06:49,HIGH,TIMETABLE
TRN-002535,SUPERFAST,C01,2026-09-23,18:25,18:41,HIGH,TIMETABLE
TRN-002536,PASSENGER,C10,2026-09-10,10:18,10:42,HIGH,TIMETABLE
TRN-002537,GOODS,C01,2026-09-10,17:08,18:06,MEDIUM,GOODS_FORECAST
TRN-002538,EXPRESS,C20,2026-09-19,11:17,11:27,HIGH,TIMETABLE
TRN-002539,PASSENGER,C01,2026-09-26,05:40,05:50,HIGH,TIMETABLE
TRN-002540,GOODS,C20,2026-09-22,12:53,13:50,MEDIUM,GOODS_FORECAST
TRN-002541,SUPERFAST,C03,2026-09-20,10:41,10:57,HIGH,TIMETABLE
TRN-002542,SUPERFAST,C15,2026-09-16,08:47,09:16,HIGH,TIMETABLE
TRN-002543,SUPERFAST,C06,2026-09-13,14:34,15:04,HIGH,TIMETABLE
TRN-002544,SUPERFAST,C06,2026-09-29,20:24,20:44,HIGH,TIMETABLE
TRN-002545,EXPRESS,C09,2026-09-06,15:26,15:51,HIGH,TIMETABLE
TRN-002546,EXPRESS,C06,2026-09-06,12:14,12:42,HIGH,TIMETABLE
TRN-002547,PASSENGER,C14,2026-09-03,13:37,13:58,HIGH,TIMETABLE
TRN-002548,EXPRESS,C05,2026-09-26,20:38,20:52,HIGH,TIMETABLE
TRN-002549,PASSENGER,C12,2026-09-19,05:22,05:36,HIGH,TIMETABLE
TRN-002550,EXPRESS,C04,2026-09-03,11:00,11:23,HIGH,TIMETABLE
TRN-002551,PASSENGER,C05,2026-09-19,10:50,11:10,HIGH,TIMETABLE
TRN-002552,SUPERFAST,C19,2026-09-13,07:56,08:19,HIGH,TIMETABLE
TRN-002553,PASSENGER,C05,2026-09-21,13:56,14:11,HIGH,TIMETABLE
TRN-002554,GOODS,C10,2026-09-22,06:08,06:35,MEDIUM,GOODS_FORECAST
TRN-002555,EXPRESS,C03,2026-09-11,22:38,22:56,HIGH,TIMETABLE
TRN-002556,SUPERFAST,C01,2026-09-21,22:49,23:16,HIGH,TIMETABLE
TRN-002557,PASSENGER,C07,2026-09-07,03:39,03:56,HIGH,TIMETABLE
TRN-002558,SUPERFAST,C02,2026-09-02,09:18,09:46,HIGH,TIMETABLE
TRN-002559,EXPRESS,C08,2026-09-23,05:21,05:33,HIGH,TIMETABLE
TRN-002560,GOODS,C03,2026-09-06,05:10,05:41,MEDIUM,GOODS_FORECAST
TRN-002561,GOODS,C06,2026-09-26,02:36,03:24,MEDIUM,GOODS_FORECAST
TRN-002562,SUPERFAST,C17,2026-09-22,03:50,04:11,HIGH,TIMETABLE
TRN-002563,EXPRESS,C14,2026-09-18,14:14,14:41,HIGH,TIMETABLE
TRN-002564,EXPRESS,C13,2026-09-10,00:17,00:30,HIGH,TIMETABLE
TRN-002565,SUPERFAST,C04,2026-09-17,11:09,11:27,HIGH,TIMETABLE
TRN-002566,EXPRESS,C02,2026-09-13,10:33,10:52,HIGH,TIMETABLE
TRN-002567,SUPERFAST,C01,2026-09-02,13:15,13:30,HIGH,TIMETABLE
TRN-002568,EXPRESS,C17,2026-09-30,16:59,17:23,HIGH,TIMETABLE
TRN-002569,SUPERFAST,C16,2026-09-08,10:42,11:08,HIGH,TIMETABLE
TRN-002570,PASSENGER,C13,2026-09-21,13:42,14:01,HIGH,TIMETABLE
TRN-002571,GOODS,C13,2026-09-24,10:36,11:08,MEDIUM,GOODS_FORECAST
TRN-002572,EXPRESS,C05,2026-09-07,10:06,10:21,HIGH,TIMETABLE
TRN-002573,PASSENGER,C05,2026-09-23,14:53,15:07,HIGH,TIMETABLE
TRN-002574,PASSENGER,C07,2026-09-06,00:35,00:54,HIGH,TIMETABLE
TRN-002575,SUPERFAST,C02,2026-09-10,05:34,06:03,HIGH,TIMETABLE
TRN-002576,PASSENGER,C07,2026-09-26,03:50,04:09,HIGH,TIMETABLE
TRN-002577,SUPERFAST,C17,2026-09-30,19:23,19:36,HIGH,TIMETABLE
TRN-002578,PASSENGER,C20,2026-09-15,05:14,05:37,HIGH,TIMETABLE
TRN-002579,EXPRESS,C20,2026-09-20,09:28,09:56,HIGH,TIMETABLE
TRN-002580,SUPERFAST,C04,2026-09-21,05:29,05:55,HIGH,TIMETABLE
TRN-002581,SUPERFAST,C04,2026-09-24,18:45,18:55,HIGH,TIMETABLE
TRN-002582,PASSENGER,C14,2026-09-14,13:59,14:09,HIGH,TIMETABLE
TRN-002583,SUPERFAST,C06,2026-09-23,00:04,00:15,HIGH,TIMETABLE
TRN-002584,PASSENGER,C07,2026-09-24,05:30,05:50,HIGH,TIMETABLE
TRN-002585,PASSENGER,C13,2026-09-07,03:17,03:27,HIGH,TIMETABLE
TRN-002586,PASSENGER,C02,2026-09-11,06:07,06:25,HIGH,TIMETABLE
TRN-002587,PASSENGER,C17,2026-09-29,08:01,08:11,HIGH,TIMETABLE
TRN-002588,GOODS,C18,2026-09-23,05:31,06:22,MEDIUM,GOODS_FORECAST
TRN-002589,GOODS,C20,2026-09-06,22:31,22:59,MEDIUM,GOODS_FORECAST
TRN-002590,PASSENGER,C13,2026-09-18,23:48,00:11,HIGH,TIMETABLE
TRN-002591,PASSENGER,C15,2026-09-25,14:53,15:10,HIGH,TIMETABLE
TRN-002592,GOODS,C06,2026-09-28,18:58,19:36,MEDIUM,GOODS_FORECAST
TRN-002593,GOODS,C17,2026-09-20,13:09,13:47,MEDIUM,GOODS_FORECAST
TRN-002594,PASSENGER,C16,2026-09-14,02:50,03:10,HIGH,TIMETABLE
TRN-002595,SUPERFAST,C18,2026-09-30,13:44,13:59,HIGH,TIMETABLE
TRN-002596,EXPRESS,C04,2026-09-08,14:48,15:15,HIGH,TIMETABLE
TRN-002597,PASSENGER,C04,2026-09-01,02:32,02:48,HIGH,TIMETABLE
TRN-002598,PASSENGER,C17,2026-09-26,05:21,05:37,HIGH,TIMETABLE
TRN-002599,GOODS,C20,2026-09-05,03:23,04:22,MEDIUM,GOODS_FORECAST
TRN-002600,GOODS,C08,2026-09-12,06:22,07:16,MEDIUM,GOODS_FORECAST
TRN-002601,SUPERFAST,C03,2026-09-17,16:16,16:36,HIGH,TIMETABLE
TRN-002602,SUPERFAST,C01,2026-09-13,16:27,16:52,HIGH,TIMETABLE
TRN-002603,EXPRESS,C02,2026-09-14,21:28,21:49,HIGH,TIMETABLE
TRN-002604,GOODS,C06,2026-09-01,21:40,22:39,MEDIUM,GOODS_FORECAST
TRN-002605,EXPRESS,C09,2026-09-08,02:33,03:02,HIGH,TIMETABLE
TRN-002606,PASSENGER,C20,2026-09-15,13:59,14:12,HIGH,TIMETABLE
TRN-002607,EXPRESS,C17,2026-09-23,03:46,04:07,HIGH,TIMETABLE
TRN-002608,GOODS,C14,2026-09-19,18:12,18:52,MEDIUM,GOODS_FORECAST
TRN-002609,EXPRESS,C10,2026-09-12,22:33,22:58,HIGH,TIMETABLE
TRN-002610,PASSENGER,C01,2026-09-23,05:08,05:30,HIGH,TIMETABLE
TRN-002611,EXPRESS,C13,2026-09-18,13:07,13:22,HIGH,TIMETABLE
TRN-002612,SUPERFAST,C12,2026-09-19,03:12,03:26,HIGH,TIMETABLE
TRN-002613,PASSENGER,C07,2026-09-10,21:03,21:18,HIGH,TIMETABLE
TRN-002614,PASSENGER,C08,2026-09-20,09:18,09:41,HIGH,TIMETABLE
TRN-002615,SUPERFAST,C01,2026-09-25,15:10,15:29,HIGH,TIMETABLE
TRN-002616,GOODS,C19,2026-09-28,20:44,21:10,MEDIUM,GOODS_FORECAST
TRN-002617,EXPRESS,C16,2026-09-05,21:04,21:27,HIGH,TIMETABLE
TRN-002618,EXPRESS,C10,2026-09-03,14:56,15:24,HIGH,TIMETABLE
TRN-002619,SUPERFAST,C16,2026-09-01,19:11,19:21,HIGH,TIMETABLE
TRN-002620,EXPRESS,C20,2026-09-15,10:28,10:53,HIGH,TIMETABLE
TRN-002621,PASSENGER,C12,2026-09-22,21:05,21:24,HIGH,TIMETABLE
TRN-002622,EXPRESS,C03,2026-09-17,06:36,07:05,HIGH,TIMETABLE
TRN-002623,GOODS,C10,2026-09-04,14:01,14:55,MEDIUM,GOODS_FORECAST
TRN-002624,PASSENGER,C15,2026-09-17,21:30,21:50,HIGH,TIMETABLE
TRN-002625,PASSENGER,C19,2026-09-18,18:12,18:25,HIGH,TIMETABLE
TRN-002626,GOODS,C10,2026-09-25,19:56,20:55,MEDIUM,GOODS_FORECAST
TRN-002627,PASSENGER,C10,2026-09-11,00:20,00:35,HIGH,TIMETABLE
TRN-002628,SUPERFAST,C17,2026-09-26,13:27,13:37,HIGH,TIMETABLE
TRN-002629,PASSENGER,C06,2026-09-04,01:04,01:19,HIGH,TIMETABLE
TRN-002630,EXPRESS,C15,2026-09-02,13:32,13:54,HIGH,TIMETABLE
TRN-002631,PASSENGER,C20,2026-09-29,02:05,02:15,HIGH,TIMETABLE
TRN-002632,GOODS,C06,2026-09-09,18:14,18:55,MEDIUM,GOODS_FORECAST
TRN-002633,EXPRESS,C04,2026-09-25,07:33,07:43,HIGH,TIMETABLE
TRN-002634,EXPRESS,C18,2026-09-19,18:57,19:13,HIGH,TIMETABLE
TRN-002635,GOODS,C02,2026-09-11,16:28,17:12,MEDIUM,GOODS_FORECAST
TRN-002636,SUPERFAST,C18,2026-09-18,08:05,08:34,HIGH,TIMETABLE
TRN-002637,EXPRESS,C16,2026-09-09,03:37,04:04,HIGH,TIMETABLE
TRN-002638,PASSENGER,C08,2026-09-01,05:05,05:29,HIGH,TIMETABLE
TRN-002639,SUPERFAST,C01,2026-09-02,00:01,00:17,HIGH,TIMETABLE
TRN-002640,PASSENGER,C12,2026-09-24,13:19,13:41,HIGH,TIMETABLE
TRN-002641,PASSENGER,C20,2026-09-12,22:01,22:17,HIGH,TIMETABLE
TRN-002642,PASSENGER,C12,2026-09-13,09:59,10:12,HIGH,TIMETABLE
TRN-002643,EXPRESS,C19,2026-09-07,14:57,15:24,HIGH,TIMETABLE
TRN-002644,SUPERFAST,C10,2026-09-14,15:19,15:47,HIGH,TIMETABLE
TRN-002645,PASSENGER,C16,2026-09-30,00:39,00:52,HIGH,TIMETABLE
TRN-002646,EXPRESS,C06,2026-09-14,21:56,22:07,HIGH,TIMETABLE
TRN-002647,PASSENGER,C07,2026-09-14,12:42,12:55,HIGH,TIMETABLE
TRN-002648,PASSENGER,C09,2026-09-30,10:05,10:24,HIGH,TIMETABLE
TRN-002649,GOODS,C09,2026-09-05,20:31,20:58,MEDIUM,GOODS_FORECAST
TRN-002650,EXPRESS,C09,2026-09-22,11:42,12:05,HIGH,TIMETABLE
TRN-002651,EXPRESS,C13,2026-09-27,12:46,13:01,HIGH,TIMETABLE
TRN-002652,PASSENGER,C02,2026-09-13,04:50,05:04,HIGH,TIMETABLE
TRN-002653,PASSENGER,C12,2026-09-20,20:23,20:46,HIGH,TIMETABLE
TRN-002654,GOODS,C05,2026-09-11,14:31,15:07,MEDIUM,GOODS_FORECAST
TRN-002655,PASSENGER,C06,2026-09-04,20:47,20:57,HIGH,TIMETABLE
TRN-002656,PASSENGER,C07,2026-09-30,21:40,21:59,HIGH,TIMETABLE
TRN-002657,EXPRESS,C01,2026-09-09,17:01,17:20,HIGH,TIMETABLE
TRN-002658,EXPRESS,C13,2026-09-10,18:28,18:47,HIGH,TIMETABLE
TRN-002659,SUPERFAST,C11,2026-09-12,20:23,20:40,HIGH,TIMETABLE
TRN-002660,SUPERFAST,C11,2026-09-06,03:17,03:34,HIGH,TIMETABLE
TRN-002661,EXPRESS,C11,2026-09-01,16:41,16:53,HIGH,TIMETABLE
TRN-002662,GOODS,C10,2026-09-11,11:52,12:30,MEDIUM,GOODS_FORECAST
TRN-002663,PASSENGER,C20,2026-09-02,00:06,00:23,HIGH,TIMETABLE
TRN-002664,EXPRESS,C06,2026-09-03,02:19,02:44,HIGH,TIMETABLE
TRN-002665,PASSENGER,C05,2026-09-21,15:48,16:13,HIGH,TIMETABLE
TRN-002666,PASSENGER,C09,2026-09-18,21:55,22:12,HIGH,TIMETABLE
TRN-002667,SUPERFAST,C18,2026-09-11,23:02,23:22,HIGH,TIMETABLE
TRN-002668,EXPRESS,C06,2026-09-06,19:56,20:15,HIGH,TIMETABLE
TRN-002669,PASSENGER,C12,2026-09-05,10:40,10:53,HIGH,TIMETABLE
TRN-002670,EXPRESS,C17,2026-09-11,16:41,17:02,HIGH,TIMETABLE
TRN-002671,SUPERFAST,C15,2026-09-03,01:52,02:12,HIGH,TIMETABLE
TRN-002672,GOODS,C17,2026-09-28,21:44,22:12,MEDIUM,GOODS_FORECAST
TRN-002673,EXPRESS,C20,2026-09-03,08:49,09:13,HIGH,TIMETABLE
TRN-002674,EXPRESS,C09,2026-09-16,07:51,08:12,HIGH,TIMETABLE
TRN-002675,SUPERFAST,C12,2026-09-25,04:49,05:08,HIGH,TIMETABLE
TRN-002676,EXPRESS,C17,2026-09-24,10:05,10:18,HIGH,TIMETABLE
TRN-002677,GOODS,C15,2026-09-04,12:09,12:53,MEDIUM,GOODS_FORECAST
TRN-002678,SUPERFAST,C19,2026-09-15,06:48,07:06,HIGH,TIMETABLE
TRN-002679,PASSENGER,C20,2026-09-07,01:15,01:35,HIGH,TIMETABLE
TRN-002680,PASSENGER,C17,2026-09-18,01:02,01:19,HIGH,TIMETABLE
TRN-002681,PASSENGER,C17,2026-09-07,14:22,14:34,HIGH,TIMETABLE
TRN-002682,GOODS,C03,2026-09-23,06:51,07:31,MEDIUM,GOODS_FORECAST
TRN-002683,GOODS,C17,2026-09-30,20:30,21:06,MEDIUM,GOODS_FORECAST
TRN-002684,EXPRESS,C02,2026-09-17,16:11,16:37,HIGH,TIMETABLE
TRN-002685,EXPRESS,C06,2026-09-26,19:00,19:12,HIGH,TIMETABLE
TRN-002686,EXPRESS,C06,2026-09-16,18:32,18:57,HIGH,TIMETABLE
TRN-002687,PASSENGER,C10,2026-09-27,18:56,19:19,HIGH,TIMETABLE
TRN-002688,PASSENGER,C03,2026-09-11,06:11,06:24,HIGH,TIMETABLE
TRN-002689,EXPRESS,C10,2026-09-14,11:09,11:25,HIGH,TIMETABLE
TRN-002690,GOODS,C08,2026-09-16,17:28,17:56,MEDIUM,GOODS_FORECAST
TRN-002691,PASSENGER,C19,2026-09-28,03:39,04:00,HIGH,TIMETABLE
TRN-002692,EXPRESS,C16,2026-09-07,09:59,10:17,HIGH,TIMETABLE
TRN-002693,GOODS,C16,2026-09-03,16:21,17:14,MEDIUM,GOODS_FORECAST
TRN-002694,SUPERFAST,C06,2026-09-19,13:34,14:02,HIGH,TIMETABLE
TRN-002695,GOODS,C10,2026-09-08,07:09,07:59,MEDIUM,GOODS_FORECAST
TRN-002696,PASSENGER,C20,2026-09-19,08:46,09:08,HIGH,TIMETABLE
TRN-002697,SUPERFAST,C14,2026-09-09,11:39,11:50,HIGH,TIMETABLE
TRN-002698,SUPERFAST,C19,2026-09-19,00:59,01:10,HIGH,TIMETABLE
TRN-002699,PASSENGER,C18,2026-09-20,18:54,19:14,HIGH,TIMETABLE
TRN-002700,EXPRESS,C19,2026-09-01,18:08,18:25,HIGH,TIMETABLE
TRN-002701,GOODS,C11,2026-09-06,03:14,03:44,MEDIUM,GOODS_FORECAST
TRN-002702,EXPRESS,C14,2026-09-22,17:49,18:08,HIGH,TIMETABLE
TRN-002703,GOODS,C06,2026-09-21,10:03,10:52,MEDIUM,GOODS_FORECAST
TRN-002704,PASSENGER,C17,2026-09-25,17:38,17:57,HIGH,TIMETABLE
TRN-002705,SUPERFAST,C20,2026-09-24,15:37,16:05,HIGH,TIMETABLE
TRN-002706,EXPRESS,C06,2026-09-18,12:39,13:04,HIGH,TIMETABLE
TRN-002707,PASSENGER,C19,2026-09-12,17:44,17:58,HIGH,TIMETABLE
TRN-002708,GOODS,C04,2026-09-27,20:13,20:41,MEDIUM,GOODS_FORECAST
TRN-002709,PASSENGER,C03,2026-09-15,19:55,20:19,HIGH,TIMETABLE
TRN-002710,SUPERFAST,C20,2026-09-22,22:36,23:06,HIGH,TIMETABLE
TRN-002711,GOODS,C05,2026-09-10,18:03,19:02,MEDIUM,GOODS_FORECAST
TRN-002712,PASSENGER,C20,2026-09-30,15:25,15:37,HIGH,TIMETABLE
TRN-002713,EXPRESS,C11,2026-09-25,19:49,20:15,HIGH,TIMETABLE
TRN-002714,PASSENGER,C09,2026-09-30,11:13,11:26,HIGH,TIMETABLE
TRN-002715,SUPERFAST,C07,2026-09-14,16:56,17:11,HIGH,TIMETABLE
TRN-002716,EXPRESS,C13,2026-09-17,03:34,03:46,HIGH,TIMETABLE
TRN-002717,PASSENGER,C07,2026-09-21,01:00,01:16,HIGH,TIMETABLE
TRN-002718,EXPRESS,C11,2026-09-25,14:49,15:16,HIGH,TIMETABLE
TRN-002719,PASSENGER,C03,2026-09-19,08:23,08:48,HIGH,TIMETABLE
TRN-002720,GOODS,C03,2026-09-09,11:29,11:54,MEDIUM,GOODS_FORECAST
TRN-002721,GOODS,C01,2026-09-24,21:04,21:39,MEDIUM,GOODS_FORECAST
TRN-002722,GOODS,C15,2026-09-15,19:41,20:09,MEDIUM,GOODS_FORECAST
TRN-002723,EXPRESS,C05,2026-09-18,14:30,14:53,HIGH,TIMETABLE
TRN-002724,EXPRESS,C08,2026-09-27,12:45,12:57,HIGH,TIMETABLE
TRN-002725,SUPERFAST,C11,2026-09-24,17:13,17:40,HIGH,TIMETABLE
TRN-002726,SUPERFAST,C15,2026-09-24,00:24,00:44,HIGH,TIMETABLE
TRN-002727,PASSENGER,C13,2026-09-01,04:08,04:21,HIGH,TIMETABLE
TRN-002728,EXPRESS,C19,2026-09-03,00:21,00:38,HIGH,TIMETABLE
TRN-002729,GOODS,C18,2026-09-05,19:34,20:29,MEDIUM,GOODS_FORECAST
TRN-002730,PASSENGER,C11,2026-09-12,04:08,04:25,HIGH,TIMETABLE
TRN-002731,SUPERFAST,C02,2026-09-19,02:00,02:26,HIGH,TIMETABLE
TRN-002732,PASSENGER,C18,2026-09-26,03:26,03:39,HIGH,TIMETABLE
TRN-002733,PASSENGER,C11,2026-09-02,04:37,04:56,HIGH,TIMETABLE
TRN-002734,PASSENGER,C15,2026-09-07,13:40,13:52,HIGH,TIMETABLE
TRN-002735,GOODS,C17,2026-09-16,07:01,07:50,MEDIUM,GOODS_FORECAST
TRN-002736,SUPERFAST,C05,2026-09-30,15:00,15:12,HIGH,TIMETABLE
TRN-002737,PASSENGER,C12,2026-09-17,20:27,20:49,HIGH,TIMETABLE
TRN-002738,EXPRESS,C07,2026-09-12,08:15,08:44,HIGH,TIMETABLE
TRN-002739,PASSENGER,C01,2026-09-21,11:23,11:43,HIGH,TIMETABLE
TRN-002740,GOODS,C14,2026-09-03,12:31,13:14,MEDIUM,GOODS_FORECAST
TRN-002741,EXPRESS,C08,2026-09-03,22:12,22:32,HIGH,TIMETABLE
TRN-002742,GOODS,C13,2026-09-08,19:57,20:53,MEDIUM,GOODS_FORECAST
TRN-002743,EXPRESS,C12,2026-09-12,03:56,04:09,HIGH,TIMETABLE
TRN-002744,EXPRESS,C08,2026-09-13,23:10,23:39,HIGH,TIMETABLE
TRN-002745,PASSENGER,C05,2026-09-27,17:20,17:37,HIGH,TIMETABLE
TRN-002746,EXPRESS,C06,2026-09-15,00:57,01:12,HIGH,TIMETABLE
TRN-002747,EXPRESS,C14,2026-09-25,22:11,22:33,HIGH,TIMETABLE
TRN-002748,EXPRESS,C11,2026-09-30,08:30,08:49,HIGH,TIMETABLE
TRN-002749,PASSENGER,C03,2026-09-13,08:42,09:00,HIGH,TIMETABLE
TRN-002750,PASSENGER,C14,2026-09-03,01:11,01:24,HIGH,TIMETABLE
TRN-002751,SUPERFAST,C15,2026-09-11,21:39,21:55,HIGH,TIMETABLE
TRN-002752,PASSENGER,C10,2026-09-14,09:03,09:14,HIGH,TIMETABLE
TRN-002753,GOODS,C04,2026-09-02,06:26,07:26,MEDIUM,GOODS_FORECAST
TRN-002754,EXPRESS,C05,2026-09-16,07:18,07:28,HIGH,TIMETABLE
TRN-002755,PASSENGER,C16,2026-09-14,07:07,07:30,HIGH,TIMETABLE
TRN-002756,PASSENGER,C17,2026-09-28,03:29,03:47,HIGH,TIMETABLE
TRN-002757,SUPERFAST,C09,2026-09-15,03:57,04:23,HIGH,TIMETABLE
TRN-002758,SUPERFAST,C08,2026-09-19,10:49,11:05,HIGH,TIMETABLE
TRN-002759,GOODS,C19,2026-09-14,19:37,20:04,MEDIUM,GOODS_FORECAST
TRN-002760,EXPRESS,C13,2026-09-09,23:43,00:12,HIGH,TIMETABLE
TRN-002761,SUPERFAST,C01,2026-09-19,05:55,06:10,HIGH,TIMETABLE
TRN-002762,EXPRESS,C09,2026-09-20,17:22,17:46,HIGH,TIMETABLE
TRN-002763,SUPERFAST,C11,2026-09-25,11:58,12:11,HIGH,TIMETABLE
TRN-002764,GOODS,C08,2026-09-27,11:13,12:12,MEDIUM,GOODS_FORECAST
TRN-002765,SUPERFAST,C15,2026-09-05,16:45,16:58,HIGH,TIMETABLE
TRN-002766,EXPRESS,C07,2026-09-01,21:54,22:17,HIGH,TIMETABLE
TRN-002767,GOODS,C18,2026-09-04,03:36,04:25,MEDIUM,GOODS_FORECAST
TRN-002768,GOODS,C09,2026-09-25,01:11,01:48,MEDIUM,GOODS_FORECAST
TRN-002769,PASSENGER,C07,2026-09-19,17:11,17:23,HIGH,TIMETABLE
TRN-002770,EXPRESS,C07,2026-09-18,16:02,16:26,HIGH,TIMETABLE
TRN-002771,SUPERFAST,C12,2026-09-17,07:35,07:52,HIGH,TIMETABLE
TRN-002772,PASSENGER,C10,2026-09-25,16:12,16:36,HIGH,TIMETABLE
TRN-002773,PASSENGER,C09,2026-09-04,07:56,08:06,HIGH,TIMETABLE
TRN-002774,SUPERFAST,C20,2026-09-30,03:50,04:11,HIGH,TIMETABLE
TRN-002775,PASSENGER,C14,2026-09-01,06:21,06:35,HIGH,TIMETABLE
TRN-002776,EXPRESS,C12,2026-09-09,05:41,05:52,HIGH,TIMETABLE
TRN-002777,GOODS,C03,2026-09-21,05:48,06:27,MEDIUM,GOODS_FORECAST
TRN-002778,GOODS,C20,2026-09-02,22:16,23:03,MEDIUM,GOODS_FORECAST
TRN-002779,EXPRESS,C05,2026-09-01,09:09,09:27,HIGH,TIMETABLE
TRN-002780,PASSENGER,C02,2026-09-23,23:33,23:58,HIGH,TIMETABLE
TRN-002781,SUPERFAST,C09,2026-09-04,19:17,19:33,HIGH,TIMETABLE
TRN-002782,PASSENGER,C12,2026-09-25,08:11,08:23,HIGH,TIMETABLE
TRN-002783,PASSENGER,C16,2026-09-23,21:01,21:20,HIGH,TIMETABLE
TRN-002784,PASSENGER,C05,2026-09-05,09:27,09:51,HIGH,TIMETABLE
TRN-002785,PASSENGER,C18,2026-09-16,05:09,05:31,HIGH,TIMETABLE
TRN-002786,GOODS,C19,2026-09-14,06:59,07:35,MEDIUM,GOODS_FORECAST
TRN-002787,PASSENGER,C03,2026-09-16,10:11,10:25,HIGH,TIMETABLE
TRN-002788,PASSENGER,C01,2026-09-09,23:41,23:57,HIGH,TIMETABLE
TRN-002789,PASSENGER,C04,2026-09-04,18:12,18:23,HIGH,TIMETABLE
TRN-002790,PASSENGER,C10,2026-09-13,17:56,18:19,HIGH,TIMETABLE
TRN-002791,PASSENGER,C13,2026-09-07,01:42,02:07,HIGH,TIMETABLE
TRN-002792,PASSENGER,C18,2026-09-13,15:18,15:33,HIGH,TIMETABLE
TRN-002793,PASSENGER,C05,2026-09-25,01:11,01:22,HIGH,TIMETABLE
TRN-002794,EXPRESS,C08,2026-09-13,14:08,14:22,HIGH,TIMETABLE
TRN-002795,PASSENGER,C12,2026-09-07,13:58,14:08,HIGH,TIMETABLE
TRN-002796,PASSENGER,C15,2026-09-16,20:38,20:58,HIGH,TIMETABLE
TRN-002797,PASSENGER,C04,2026-09-16,08:18,08:32,HIGH,TIMETABLE
TRN-002798,PASSENGER,C19,2026-09-01,00:53,01:17,HIGH,TIMETABLE
TRN-002799,PASSENGER,C15,2026-09-03,06:28,06:39,HIGH,TIMETABLE
TRN-002800,SUPERFAST,C06,2026-09-06,03:11,03:24,HIGH,TIMETABLE
TRN-002801,PASSENGER,C13,2026-09-19,01:24,01:49,HIGH,TIMETABLE
TRN-002802,GOODS,C13,2026-09-16,04:51,05:27,MEDIUM,GOODS_FORECAST
TRN-002803,PASSENGER,C09,2026-09-11,09:32,09:55,HIGH,TIMETABLE
TRN-002804,SUPERFAST,C16,2026-09-04,19:26,19:41,HIGH,TIMETABLE
TRN-002805,EXPRESS,C03,2026-09-16,00:12,00:36,HIGH,TIMETABLE
TRN-002806,PASSENGER,C08,2026-09-14,01:50,02:04,HIGH,TIMETABLE
TRN-002807,GOODS,C10,2026-09-10,04:29,05:05,MEDIUM,GOODS_FORECAST
TRN-002808,EXPRESS,C03,2026-09-21,13:33,13:43,HIGH,TIMETABLE
TRN-002809,PASSENGER,C06,2026-09-07,20:03,20:21,HIGH,TIMETABLE
TRN-002810,SUPERFAST,C05,2026-09-24,22:40,22:50,HIGH,TIMETABLE
TRN-002811,EXPRESS,C10,2026-09-24,15:13,15:38,HIGH,TIMETABLE
TRN-002812,GOODS,C13,2026-09-20,00:46,01:24,MEDIUM,GOODS_FORECAST
TRN-002813,SUPERFAST,C14,2026-09-21,21:21,21:42,HIGH,TIMETABLE
TRN-002814,PASSENGER,C08,2026-09-30,04:27,04:52,HIGH,TIMETABLE
TRN-002815,EXPRESS,C15,2026-09-20,10:14,10:41,HIGH,TIMETABLE
TRN-002816,PASSENGER,C05,2026-09-09,11:46,12:07,HIGH,TIMETABLE
TRN-002817,EXPRESS,C12,2026-09-04,13:02,13:13,HIGH,TIMETABLE
TRN-002818,PASSENGER,C04,2026-09-19,22:46,22:59,HIGH,TIMETABLE
TRN-002819,PASSENGER,C18,2026-09-19,03:06,03:21,HIGH,TIMETABLE
TRN-002820,GOODS,C18,2026-09-29,13:48,14:31,MEDIUM,GOODS_FORECAST
TRN-002821,SUPERFAST,C18,2026-09-29,14:07,14:25,HIGH,TIMETABLE
TRN-002822,EXPRESS,C14,2026-09-26,17:32,17:55,HIGH,TIMETABLE
TRN-002823,PASSENGER,C15,2026-09-13,02:00,02:10,HIGH,TIMETABLE
TRN-002824,EXPRESS,C09,2026-09-10,15:34,15:52,HIGH,TIMETABLE
TRN-002825,PASSENGER,C08,2026-09-15,22:26,22:38,HIGH,TIMETABLE
TRN-002826,GOODS,C04,2026-09-19,01:06,02:02,MEDIUM,GOODS_FORECAST
TRN-002827,PASSENGER,C19,2026-09-05,02:55,03:18,HIGH,TIMETABLE
TRN-002828,PASSENGER,C02,2026-09-13,19:29,19:45,HIGH,TIMETABLE
TRN-002829,EXPRESS,C05,2026-09-27,06:44,07:04,HIGH,TIMETABLE
TRN-002830,GOODS,C09,2026-09-18,09:10,10:07,MEDIUM,GOODS_FORECAST
TRN-002831,EXPRESS,C15,2026-09-02,17:12,17:27,HIGH,TIMETABLE
TRN-002832,PASSENGER,C19,2026-09-17,14:00,14:20,HIGH,TIMETABLE
TRN-002833,PASSENGER,C06,2026-09-05,00:19,00:34,HIGH,TIMETABLE
TRN-002834,PASSENGER,C06,2026-09-07,16:46,17:00,HIGH,TIMETABLE
TRN-002835,GOODS,C12,2026-09-29,11:13,11:38,MEDIUM,GOODS_FORECAST
TRN-002836,GOODS,C07,2026-09-01,02:04,02:30,MEDIUM,GOODS_FORECAST
TRN-002837,PASSENGER,C17,2026-09-13,08:29,08:48,HIGH,TIMETABLE
TRN-002838,SUPERFAST,C13,2026-09-15,08:10,08:38,HIGH,TIMETABLE
TRN-002839,PASSENGER,C01,2026-09-01,17:37,17:49,HIGH,TIMETABLE
TRN-002840,PASSENGER,C04,2026-09-13,00:05,00:15,HIGH,TIMETABLE
TRN-002841,EXPRESS,C03,2026-09-13,19:22,19:52,HIGH,TIMETABLE
TRN-002842,PASSENGER,C08,2026-09-05,23:23,23:48,HIGH,TIMETABLE
TRN-002843,PASSENGER,C15,2026-09-24,19:51,20:15,HIGH,TIMETABLE
TRN-002844,SUPERFAST,C20,2026-09-02,13:15,13:25,HIGH,TIMETABLE
TRN-002845,EXPRESS,C11,2026-09-10,18:32,18:44,HIGH,TIMETABLE
TRN-002846,GOODS,C18,2026-09-14,16:23,17:04,MEDIUM,GOODS_FORECAST
TRN-002847,EXPRESS,C02,2026-09-02,00:47,01:16,HIGH,TIMETABLE
TRN-002848,GOODS,C19,2026-09-17,09:27,10:06,MEDIUM,GOODS_FORECAST
TRN-002849,PASSENGER,C04,2026-09-29,03:18,03:35,HIGH,TIMETABLE
TRN-002850,GOODS,C03,2026-09-30,03:16,04:14,MEDIUM,GOODS_FORECAST
TRN-002851,GOODS,C11,2026-09-03,22:36,23:36,MEDIUM,GOODS_FORECAST
TRN-002852,SUPERFAST,C09,2026-09-11,17:06,17:20,HIGH,TIMETABLE
TRN-002853,SUPERFAST,C10,2026-09-05,00:37,00:53,HIGH,TIMETABLE
TRN-002854,SUPERFAST,C01,2026-09-03,12:23,12:39,HIGH,TIMETABLE
TRN-002855,PASSENGER,C08,2026-09-09,14:05,14:28,HIGH,TIMETABLE
TRN-002856,PASSENGER,C11,2026-09-13,19:37,19:55,HIGH,TIMETABLE
TRN-002857,PASSENGER,C09,2026-09-28,13:48,14:11,HIGH,TIMETABLE
TRN-002858,EXPRESS,C02,2026-09-04,01:59,02:26,HIGH,TIMETABLE
TRN-002859,PASSENGER,C01,2026-09-26,04:45,04:57,HIGH,TIMETABLE
TRN-002860,SUPERFAST,C05,2026-09-30,04:42,05:12,HIGH,TIMETABLE
TRN-002861,PASSENGER,C15,2026-09-20,09:51,10:01,HIGH,TIMETABLE
TRN-002862,PASSENGER,C13,2026-09-05,01:08,01:29,HIGH,TIMETABLE
TRN-002863,EXPRESS,C03,2026-09-16,08:56,09:16,HIGH,TIMETABLE
TRN-002864,GOODS,C15,2026-09-08,12:14,12:51,MEDIUM,GOODS_FORECAST
TRN-002865,EXPRESS,C06,2026-09-30,07:35,07:56,HIGH,TIMETABLE
TRN-002866,GOODS,C01,2026-09-01,10:03,10:33,MEDIUM,GOODS_FORECAST
TRN-002867,PASSENGER,C04,2026-09-25,19:06,19:20,HIGH,TIMETABLE
TRN-002868,EXPRESS,C11,2026-09-04,18:44,18:57,HIGH,TIMETABLE
TRN-002869,SUPERFAST,C03,2026-09-21,06:01,06:31,HIGH,TIMETABLE
TRN-002870,GOODS,C12,2026-09-19,00:36,01:19,MEDIUM,GOODS_FORECAST
TRN-002871,SUPERFAST,C13,2026-09-04,01:04,01:15,HIGH,TIMETABLE
TRN-002872,EXPRESS,C06,2026-09-08,01:53,02:11,HIGH,TIMETABLE
TRN-002873,EXPRESS,C01,2026-09-02,02:54,03:08,HIGH,TIMETABLE
TRN-002874,EXPRESS,C17,2026-09-05,15:38,15:50,HIGH,TIMETABLE
TRN-002875,PASSENGER,C06,2026-09-07,04:20,04:43,HIGH,TIMETABLE
TRN-002876,PASSENGER,C03,2026-09-05,01:00,01:18,HIGH,TIMETABLE
TRN-002877,GOODS,C12,2026-09-01,16:59,17:51,MEDIUM,GOODS_FORECAST
TRN-002878,EXPRESS,C11,2026-09-08,08:49,09:08,HIGH,TIMETABLE
TRN-002879,EXPRESS,C02,2026-09-29,10:25,10:55,HIGH,TIMETABLE
TRN-002880,PASSENGER,C05,2026-09-15,14:18,14:35,HIGH,TIMETABLE
TRN-002881,GOODS,C10,2026-09-13,00:51,01:22,MEDIUM,GOODS_FORECAST
TRN-002882,SUPERFAST,C11,2026-09-08,00:14,00:35,HIGH,TIMETABLE
TRN-002883,EXPRESS,C07,2026-09-24,10:33,10:58,HIGH,TIMETABLE
TRN-002884,GOODS,C09,2026-09-08,11:56,12:56,MEDIUM,GOODS_FORECAST
TRN-002885,GOODS,C03,2026-09-16,13:59,14:58,MEDIUM,GOODS_FORECAST
TRN-002886,PASSENGER,C11,2026-09-25,03:27,03:41,HIGH,TIMETABLE
TRN-002887,GOODS,C06,2026-09-13,15:27,15:52,MEDIUM,GOODS_FORECAST
TRN-002888,EXPRESS,C14,2026-09-23,13:13,13:34,HIGH,TIMETABLE
TRN-002889,GOODS,C13,2026-09-05,04:26,05:08,MEDIUM,GOODS_FORECAST
TRN-002890,GOODS,C20,2026-09-29,15:05,15:56,MEDIUM,GOODS_FORECAST
TRN-002891,GOODS,C15,2026-09-17,09:12,09:55,MEDIUM,GOODS_FORECAST
TRN-002892,EXPRESS,C03,2026-09-22,05:26,05:54,HIGH,TIMETABLE
TRN-002893,PASSENGER,C07,2026-09-12,00:30,00:41,HIGH,TIMETABLE
TRN-002894,EXPRESS,C04,2026-09-26,17:25,17:44,HIGH,TIMETABLE
TRN-002895,EXPRESS,C16,2026-09-10,04:58,05:12,HIGH,TIMETABLE
TRN-002896,PASSENGER,C09,2026-09-26,07:09,07:28,HIGH,TIMETABLE
TRN-002897,PASSENGER,C14,2026-09-29,12:54,13:08,HIGH,TIMETABLE
TRN-002898,GOODS,C05,2026-09-03,11:28,12:20,MEDIUM,GOODS_FORECAST
TRN-002899,GOODS,C20,2026-09-24,12:09,12:44,MEDIUM,GOODS_FORECAST
TRN-002900,EXPRESS,C19,2026-09-26,05:52,06:02,HIGH,TIMETABLE
TRN-002901,GOODS,C09,2026-09-26,09:39,10:09,MEDIUM,GOODS_FORECAST
TRN-002902,SUPERFAST,C04,2026-09-22,20:54,21:19,HIGH,TIMETABLE
TRN-002903,SUPERFAST,C18,2026-09-18,02:44,03:10,HIGH,TIMETABLE
TRN-002904,PASSENGER,C08,2026-09-01,22:49,23:12,HIGH,TIMETABLE
TRN-002905,PASSENGER,C08,2026-09-11,23:06,23:25,HIGH,TIMETABLE
TRN-002906,EXPRESS,C17,2026-09-26,06:06,06:18,HIGH,TIMETABLE
TRN-002907,EXPRESS,C09,2026-09-19,14:19,14:46,HIGH,TIMETABLE
TRN-002908,PASSENGER,C13,2026-09-13,08:51,09:01,HIGH,TIMETABLE
TRN-002909,PASSENGER,C04,2026-09-27,03:26,03:37,HIGH,TIMETABLE
TRN-002910,PASSENGER,C06,2026-09-27,12:39,12:58,HIGH,TIMETABLE
TRN-002911,PASSENGER,C09,2026-09-03,06:21,06:38,HIGH,TIMETABLE
TRN-002912,GOODS,C04,2026-09-23,13:42,14:10,MEDIUM,GOODS_FORECAST
TRN-002913,PASSENGER,C17,2026-09-14,00:08,00:25,HIGH,TIMETABLE
TRN-002914,EXPRESS,C04,2026-09-23,21:54,22:20,HIGH,TIMETABLE
TRN-002915,EXPRESS,C02,2026-09-07,05:34,05:45,HIGH,TIMETABLE
TRN-002916,GOODS,C07,2026-09-04,20:17,21:10,MEDIUM,GOODS_FORECAST
TRN-002917,EXPRESS,C19,2026-09-20,20:37,20:48,HIGH,TIMETABLE
TRN-002918,PASSENGER,C09,2026-09-02,00:27,00:43,HIGH,TIMETABLE
TRN-002919,PASSENGER,C16,2026-09-27,03:59,04:16,HIGH,TIMETABLE
TRN-002920,PASSENGER,C16,2026-09-24,03:22,03:46,HIGH,TIMETABLE
TRN-002921,SUPERFAST,C18,2026-09-14,01:33,01:46,HIGH,TIMETABLE
TRN-002922,GOODS,C13,2026-09-29,05:18,06:05,MEDIUM,GOODS_FORECAST
TRN-002923,SUPERFAST,C20,2026-09-25,01:44,02:10,HIGH,TIMETABLE
TRN-002924,PASSENGER,C19,2026-09-21,09:43,10:07,HIGH,TIMETABLE
TRN-002925,GOODS,C11,2026-09-28,12:26,12:51,MEDIUM,GOODS_FORECAST
TRN-002926,SUPERFAST,C03,2026-09-07,14:56,15:16,HIGH,TIMETABLE
TRN-002927,PASSENGER,C17,2026-09-06,04:04,04:14,HIGH,TIMETABLE
TRN-002928,EXPRESS,C06,2026-09-18,18:02,18:26,HIGH,TIMETABLE
TRN-002929,EXPRESS,C01,2026-09-16,04:41,05:05,HIGH,TIMETABLE
TRN-002930,EXPRESS,C02,2026-09-23,07:44,08:08,HIGH,TIMETABLE
TRN-002931,PASSENGER,C14,2026-09-04,14:33,14:43,HIGH,TIMETABLE
TRN-002932,EXPRESS,C17,2026-09-04,21:00,21:25,HIGH,TIMETABLE
TRN-002933,GOODS,C05,2026-09-05,06:55,07:44,MEDIUM,GOODS_FORECAST
TRN-002934,PASSENGER,C16,2026-09-25,04:07,04:23,HIGH,TIMETABLE
TRN-002935,EXPRESS,C08,2026-09-02,15:16,15:39,HIGH,TIMETABLE
TRN-002936,EXPRESS,C04,2026-09-29,00:14,00:29,HIGH,TIMETABLE
TRN-002937,SUPERFAST,C18,2026-09-01,22:59,23:26,HIGH,TIMETABLE
TRN-002938,EXPRESS,C12,2026-09-15,17:05,17:16,HIGH,TIMETABLE
TRN-002939,PASSENGER,C09,2026-09-22,10:00,10:16,HIGH,TIMETABLE
TRN-002940,SUPERFAST,C05,2026-09-07,13:29,13:44,HIGH,TIMETABLE
TRN-002941,PASSENGER,C04,2026-09-13,19:58,20:09,HIGH,TIMETABLE
TRN-002942,SUPERFAST,C13,2026-09-20,22:49,23:11,HIGH,TIMETABLE
TRN-002943,EXPRESS,C15,2026-09-09,13:35,14:00,HIGH,TIMETABLE
TRN-002944,PASSENGER,C15,2026-09-22,23:18,23:39,HIGH,TIMETABLE
TRN-002945,PASSENGER,C20,2026-09-23,04:02,04:19,HIGH,TIMETABLE
TRN-002946,EXPRESS,C12,2026-09-23,04:50,05:02,HIGH,TIMETABLE
TRN-002947,PASSENGER,C04,2026-09-27,13:52,14:11,HIGH,TIMETABLE
TRN-002948,GOODS,C13,2026-09-03,00:09,01:04,MEDIUM,GOODS_FORECAST
TRN-002949,GOODS,C07,2026-09-07,12:25,12:52,MEDIUM,GOODS_FORECAST
TRN-002950,GOODS,C17,2026-09-25,08:48,09:23,MEDIUM,GOODS_FORECAST
TRN-002951,PASSENGER,C07,2026-09-23,23:43,23:56,HIGH,TIMETABLE
TRN-002952,SUPERFAST,C08,2026-09-19,04:40,04:59,HIGH,TIMETABLE
TRN-002953,EXPRESS,C10,2026-09-17,02:15,02:32,HIGH,TIMETABLE
TRN-002954,PASSENGER,C10,2026-09-30,03:39,04:02,HIGH,TIMETABLE
TRN-002955,SUPERFAST,C03,2026-09-27,00:31,00:51,HIGH,TIMETABLE
TRN-002956,GOODS,C02,2026-09-05,03:26,04:14,MEDIUM,GOODS_FORECAST
TRN-002957,GOODS,C13,2026-09-16,12:26,13:26,MEDIUM,GOODS_FORECAST
TRN-002958,GOODS,C10,2026-09-13,08:21,09:00,MEDIUM,GOODS_FORECAST
TRN-002959,SUPERFAST,C20,2026-09-28,11:15,11:32,HIGH,TIMETABLE
TRN-002960,PASSENGER,C03,2026-09-03,00:06,00:26,HIGH,TIMETABLE
TRN-002961,PASSENGER,C04,2026-09-29,09:25,09:50,HIGH,TIMETABLE
TRN-002962,EXPRESS,C05,2026-09-16,17:15,17:43,HIGH,TIMETABLE
TRN-002963,SUPERFAST,C04,2026-09-11,16:07,16:24,HIGH,TIMETABLE
TRN-002964,EXPRESS,C11,2026-09-24,03:47,04:01,HIGH,TIMETABLE
TRN-002965,EXPRESS,C03,2026-09-29,15:19,15:44,HIGH,TIMETABLE
TRN-002966,PASSENGER,C04,2026-09-05,07:59,08:20,HIGH,TIMETABLE
TRN-002967,SUPERFAST,C16,2026-09-17,03:21,03:41,HIGH,TIMETABLE
TRN-002968,EXPRESS,C05,2026-09-13,21:49,22:00,HIGH,TIMETABLE
TRN-002969,SUPERFAST,C20,2026-09-15,05:29,05:46,HIGH,TIMETABLE
TRN-002970,SUPERFAST,C01,2026-09-05,10:05,10:24,HIGH,TIMETABLE
TRN-002971,EXPRESS,C12,2026-09-25,09:33,09:56,HIGH,TIMETABLE
TRN-002972,SUPERFAST,C15,2026-09-05,01:15,01:36,HIGH,TIMETABLE
TRN-002973,PASSENGER,C04,2026-09-01,15:43,15:59,HIGH,TIMETABLE
TRN-002974,PASSENGER,C17,2026-09-15,04:10,04:31,HIGH,TIMETABLE
TRN-002975,EXPRESS,C09,2026-09-25,22:15,22:40,HIGH,TIMETABLE
TRN-002976,EXPRESS,C08,2026-09-16,22:41,22:52,HIGH,TIMETABLE
TRN-002977,PASSENGER,C16,2026-09-11,10:28,10:45,HIGH,TIMETABLE
TRN-002978,EXPRESS,C06,2026-09-29,15:05,15:24,HIGH,TIMETABLE
TRN-002979,GOODS,C10,2026-09-17,11:04,11:58,MEDIUM,GOODS_FORECAST
TRN-002980,SUPERFAST,C13,2026-09-02,05:31,05:59,HIGH,TIMETABLE
TRN-002981,PASSENGER,C09,2026-09-25,13:27,13:49,HIGH,TIMETABLE
TRN-002982,GOODS,C15,2026-09-06,18:56,19:54,MEDIUM,GOODS_FORECAST
TRN-002983,GOODS,C02,2026-09-15,14:13,15:05,MEDIUM,GOODS_FORECAST
TRN-002984,PASSENGER,C01,2026-09-15,22:16,22:38,HIGH,TIMETABLE
TRN-002985,SUPERFAST,C05,2026-09-16,02:18,02:34,HIGH,TIMETABLE
TRN-002986,GOODS,C07,2026-09-24,18:43,19:33,MEDIUM,GOODS_FORECAST
TRN-002987,EXPRESS,C05,2026-09-12,20:36,20:50,HIGH,TIMETABLE
TRN-002988,PASSENGER,C17,2026-09-14,17:12,17:37,HIGH,TIMETABLE
TRN-002989,SUPERFAST,C14,2026-09-29,22:55,23:05,HIGH,TIMETABLE
TRN-002990,SUPERFAST,C17,2026-09-30,17:51,18:13,HIGH,TIMETABLE
TRN-002991,EXPRESS,C08,2026-09-06,01:57,02:17,HIGH,TIMETABLE
TRN-002992,SUPERFAST,C08,2026-09-09,00:12,00:33,HIGH,TIMETABLE
TRN-002993,SUPERFAST,C17,2026-09-27,20:36,20:50,HIGH,TIMETABLE
TRN-002994,EXPRESS,C19,2026-09-14,02:51,03:11,HIGH,TIMETABLE
TRN-002995,EXPRESS,C15,2026-09-14,08:47,08:57,HIGH,TIMETABLE
TRN-002996,PASSENGER,C11,2026-09-14,15:22,15:33,HIGH,TIMETABLE
TRN-002997,SUPERFAST,C17,2026-09-20,15:48,16:13,HIGH,TIMETABLE
TRN-002998,SUPERFAST,C12,2026-09-09,05:25,05:48,HIGH,TIMETABLE
TRN-002999,GOODS,C19,2026-09-23,00:56,01:36,MEDIUM,GOODS_FORECAST
TRN-003000,GOODS,C17,2026-09-09,05:01,05:37,MEDIUM,GOODS_FORECAST
TRN-003001,EXPRESS,C13,2026-09-24,04:26,04:50,HIGH,TIMETABLE
TRN-003002,SUPERFAST,C06,2026-09-02,06:00,06:15,HIGH,TIMETABLE
TRN-003003,GOODS,C05,2026-09-16,03:31,04:02,MEDIUM,GOODS_FORECAST
TRN-003004,SUPERFAST,C15,2026-09-27,12:39,13:09,HIGH,TIMETABLE
TRN-003005,GOODS,C14,2026-09-20,04:07,05:03,MEDIUM,GOODS_FORECAST
TRN-003006,PASSENGER,C06,2026-09-02,10:03,10:18,HIGH,TIMETABLE
TRN-003007,SUPERFAST,C18,2026-09-12,03:53,04:12,HIGH,TIMETABLE
TRN-003008,PASSENGER,C18,2026-09-13,19:41,19:58,HIGH,TIMETABLE
TRN-003009,PASSENGER,C06,2026-09-04,14:30,14:40,HIGH,TIMETABLE
TRN-003010,PASSENGER,C06,2026-09-06,01:00,01:15,HIGH,TIMETABLE
TRN-003011,SUPERFAST,C19,2026-09-26,18:45,18:55,HIGH,TIMETABLE
TRN-003012,PASSENGER,C09,2026-09-06,23:09,23:31,HIGH,TIMETABLE
TRN-003013,PASSENGER,C03,2026-09-02,14:24,14:34,HIGH,TIMETABLE
TRN-003014,GOODS,C15,2026-09-15,00:39,01:17,MEDIUM,GOODS_FORECAST
TRN-003015,GOODS,C03,2026-09-13,06:37,07:30,MEDIUM,GOODS_FORECAST
TRN-003016,GOODS,C02,2026-09-29,11:41,12:06,MEDIUM,GOODS_FORECAST
TRN-003017,GOODS,C10,2026-09-19,06:46,07:24,MEDIUM,GOODS_FORECAST
TRN-003018,PASSENGER,C15,2026-09-06,08:39,08:57,HIGH,TIMETABLE
TRN-003019,EXPRESS,C08,2026-09-28,03:51,04:15,HIGH,TIMETABLE
TRN-003020,PASSENGER,C09,2026-09-26,15:08,15:31,HIGH,TIMETABLE
TRN-003021,GOODS,C18,2026-09-01,18:25,19:04,MEDIUM,GOODS_FORECAST
TRN-003022,GOODS,C02,2026-09-24,13:34,14:19,MEDIUM,GOODS_FORECAST
TRN-003023,PASSENGER,C06,2026-09-29,11:56,12:16,HIGH,TIMETABLE
TRN-003024,PASSENGER,C20,2026-09-08,20:38,20:55,HIGH,TIMETABLE
TRN-003025,PASSENGER,C06,2026-09-25,16:50,17:05,HIGH,TIMETABLE
TRN-003026,EXPRESS,C03,2026-09-06,19:32,19:45,HIGH,TIMETABLE
TRN-003027,GOODS,C08,2026-09-12,22:15,22:43,MEDIUM,GOODS_FORECAST
TRN-003028,PASSENGER,C19,2026-09-27,14:39,14:50,HIGH,TIMETABLE
TRN-003029,PASSENGER,C14,2026-09-23,14:19,14:43,HIGH,TIMETABLE
TRN-003030,EXPRESS,C11,2026-09-27,05:51,06:15,HIGH,TIMETABLE
TRN-003031,GOODS,C18,2026-09-21,10:22,11:09,MEDIUM,GOODS_FORECAST
TRN-003032,GOODS,C19,2026-09-16,09:02,09:50,MEDIUM,GOODS_FORECAST
TRN-003033,PASSENGER,C01,2026-09-17,18:38,19:01,HIGH,TIMETABLE
TRN-003034,PASSENGER,C01,2026-09-14,16:54,17:15,HIGH,TIMETABLE
TRN-003035,SUPERFAST,C01,2026-09-06,01:31,01:58,HIGH,TIMETABLE
TRN-003036,PASSENGER,C04,2026-09-19,05:51,06:02,HIGH,TIMETABLE
TRN-003037,PASSENGER,C03,2026-09-29,12:40,12:59,HIGH,TIMETABLE
TRN-003038,GOODS,C08,2026-09-20,01:06,01:48,MEDIUM,GOODS_FORECAST
TRN-003039,PASSENGER,C19,2026-09-30,01:10,01:27,HIGH,TIMETABLE
TRN-003040,PASSENGER,C06,2026-09-12,06:34,06:51,HIGH,TIMETABLE
TRN-003041,PASSENGER,C01,2026-09-06,08:21,08:42,HIGH,TIMETABLE
TRN-003042,PASSENGER,C05,2026-09-26,12:46,13:06,HIGH,TIMETABLE
TRN-003043,PASSENGER,C02,2026-09-04,21:06,21:23,HIGH,TIMETABLE
TRN-003044,GOODS,C10,2026-09-11,23:18,23:45,MEDIUM,GOODS_FORECAST
TRN-003045,PASSENGER,C13,2026-09-19,17:12,17:31,HIGH,TIMETABLE
TRN-003046,SUPERFAST,C07,2026-09-20,06:36,06:53,HIGH,TIMETABLE
TRN-003047,PASSENGER,C06,2026-09-10,08:24,08:46,HIGH,TIMETABLE
TRN-003048,GOODS,C19,2026-09-14,04:30,04:55,MEDIUM,GOODS_FORECAST
TRN-003049,GOODS,C01,2026-09-12,19:15,20:14,MEDIUM,GOODS_FORECAST
TRN-003050,GOODS,C08,2026-09-04,04:18,05:00,MEDIUM,GOODS_FORECAST
TRN-003051,SUPERFAST,C03,2026-09-06,19:47,19:58,HIGH,TIMETABLE
TRN-003052,EXPRESS,C11,2026-09-25,20:25,20:47,HIGH,TIMETABLE
TRN-003053,PASSENGER,C20,2026-09-20,20:59,21:13,HIGH,TIMETABLE
TRN-003054,GOODS,C04,2026-09-05,08:17,09:13,MEDIUM,GOODS_FORECAST
TRN-003055,EXPRESS,C03,2026-09-16,15:41,16:00,HIGH,TIMETABLE
TRN-003056,EXPRESS,C09,2026-09-06,02:14,02:24,HIGH,TIMETABLE
TRN-003057,EXPRESS,C20,2026-09-25,09:09,09:39,HIGH,TIMETABLE
TRN-003058,PASSENGER,C07,2026-09-29,15:17,15:37,HIGH,TIMETABLE
TRN-003059,SUPERFAST,C04,2026-09-19,04:31,04:46,HIGH,TIMETABLE
TRN-003060,EXPRESS,C03,2026-09-23,07:49,08:02,HIGH,TIMETABLE
TRN-003061,EXPRESS,C08,2026-09-24,13:40,13:54,HIGH,TIMETABLE
TRN-003062,GOODS,C09,2026-09-16,10:52,11:26,MEDIUM,GOODS_FORECAST
TRN-003063,SUPERFAST,C17,2026-09-21,13:36,13:54,HIGH,TIMETABLE
TRN-003064,EXPRESS,C05,2026-09-23,00:52,01:21,HIGH,TIMETABLE
TRN-003065,EXPRESS,C15,2026-09-26,07:48,07:58,HIGH,TIMETABLE
TRN-003066,PASSENGER,C19,2026-09-06,22:31,22:49,HIGH,TIMETABLE
TRN-003067,PASSENGER,C05,2026-09-09,02:05,02:21,HIGH,TIMETABLE
TRN-003068,PASSENGER,C04,2026-09-03,12:04,12:21,HIGH,TIMETABLE
TRN-003069,GOODS,C12,2026-09-01,10:50,11:21,MEDIUM,GOODS_FORECAST
TRN-003070,PASSENGER,C05,2026-09-04,19:51,20:04,HIGH,TIMETABLE
TRN-003071,PASSENGER,C02,2026-09-17,15:04,15:29,HIGH,TIMETABLE
TRN-003072,GOODS,C15,2026-09-21,04:46,05:27,MEDIUM,GOODS_FORECAST
TRN-003073,EXPRESS,C05,2026-09-12,23:38,23:56,HIGH,TIMETABLE
TRN-003074,GOODS,C05,2026-09-03,17:07,18:06,MEDIUM,GOODS_FORECAST
TRN-003075,PASSENGER,C09,2026-09-21,23:03,23:23,HIGH,TIMETABLE
TRN-003076,SUPERFAST,C18,2026-09-26,03:44,04:12,HIGH,TIMETABLE
TRN-003077,PASSENGER,C01,2026-09-10,18:31,18:56,HIGH,TIMETABLE
TRN-003078,EXPRESS,C14,2026-09-16,21:38,22:00,HIGH,TIMETABLE
TRN-003079,GOODS,C07,2026-09-07,08:00,08:35,MEDIUM,GOODS_FORECAST
TRN-003080,EXPRESS,C18,2026-09-14,12:05,12:18,HIGH,TIMETABLE
TRN-003081,EXPRESS,C20,2026-09-02,05:39,05:59,HIGH,TIMETABLE
TRN-003082,EXPRESS,C18,2026-09-22,09:53,10:16,HIGH,TIMETABLE
TRN-003083,PASSENGER,C17,2026-09-11,21:43,22:04,HIGH,TIMETABLE
TRN-003084,SUPERFAST,C17,2026-09-07,18:28,18:43,HIGH,TIMETABLE
TRN-003085,GOODS,C11,2026-09-23,14:55,15:50,MEDIUM,GOODS_FORECAST
TRN-003086,PASSENGER,C06,2026-09-01,17:20,17:38,HIGH,TIMETABLE
TRN-003087,EXPRESS,C05,2026-09-22,19:57,20:12,HIGH,TIMETABLE
TRN-003088,EXPRESS,C07,2026-09-28,21:45,22:05,HIGH,TIMETABLE
TRN-003089,SUPERFAST,C03,2026-09-26,19:59,20:21,HIGH,TIMETABLE
TRN-003090,PASSENGER,C06,2026-09-06,06:15,06:36,HIGH,TIMETABLE
TRN-003091,PASSENGER,C04,2026-09-18,06:15,06:36,HIGH,TIMETABLE
TRN-003092,SUPERFAST,C13,2026-09-06,10:14,10:38,HIGH,TIMETABLE
TRN-003093,PASSENGER,C14,2026-09-07,20:06,20:24,HIGH,TIMETABLE
TRN-003094,GOODS,C01,2026-09-03,05:47,06:22,MEDIUM,GOODS_FORECAST
TRN-003095,PASSENGER,C09,2026-09-03,09:48,10:03,HIGH,TIMETABLE
TRN-003096,EXPRESS,C01,2026-09-20,23:58,00:28,HIGH,TIMETABLE
TRN-003097,EXPRESS,C06,2026-09-27,23:40,00:04,HIGH,TIMETABLE
TRN-003098,PASSENGER,C14,2026-09-13,00:00,00:18,HIGH,TIMETABLE
TRN-003099,GOODS,C11,2026-09-27,01:47,02:35,MEDIUM,GOODS_FORECAST
TRN-003100,EXPRESS,C06,2026-09-03,16:17,16:36,HIGH,TIMETABLE
TRN-003101,SUPERFAST,C01,2026-09-23,07:54,08:23,HIGH,TIMETABLE
TRN-003102,PASSENGER,C03,2026-09-19,07:29,07:46,HIGH,TIMETABLE
TRN-003103,EXPRESS,C07,2026-09-18,21:08,21:23,HIGH,TIMETABLE
TRN-003104,PASSENGER,C10,2026-09-27,15:49,16:01,HIGH,TIMETABLE
TRN-003105,PASSENGER,C19,2026-09-08,13:02,13:12,HIGH,TIMETABLE
TRN-003106,SUPERFAST,C14,2026-09-01,18:03,18:17,HIGH,TIMETABLE
TRN-003107,EXPRESS,C02,2026-09-11,13:39,13:57,HIGH,TIMETABLE
TRN-003108,EXPRESS,C14,2026-09-27,01:52,02:17,HIGH,TIMETABLE
TRN-003109,GOODS,C05,2026-09-13,09:36,10:14,MEDIUM,GOODS_FORECAST
TRN-003110,SUPERFAST,C12,2026-09-01,00:30,00:58,HIGH,TIMETABLE
TRN-003111,PASSENGER,C15,2026-09-06,06:49,07:07,HIGH,TIMETABLE
TRN-003112,EXPRESS,C15,2026-09-27,14:31,14:45,HIGH,TIMETABLE
TRN-003113,GOODS,C04,2026-09-07,06:45,07:36,MEDIUM,GOODS_FORECAST
TRN-003114,PASSENGER,C20,2026-09-09,09:39,09:51,HIGH,TIMETABLE
TRN-003115,GOODS,C10,2026-09-05,06:49,07:20,MEDIUM,GOODS_FORECAST
TRN-003116,EXPRESS,C09,2026-09-29,09:49,10:02,HIGH,TIMETABLE
TRN-003117,GOODS,C07,2026-09-15,06:05,06:59,MEDIUM,GOODS_FORECAST
TRN-003118,EXPRESS,C13,2026-09-17,12:21,12:46,HIGH,TIMETABLE
TRN-003119,GOODS,C02,2026-09-14,23:38,00:16,MEDIUM,GOODS_FORECAST
TRN-003120,SUPERFAST,C20,2026-09-10,06:08,06:37,HIGH,TIMETABLE
TRN-003121,GOODS,C09,2026-09-29,14:37,15:06,MEDIUM,GOODS_FORECAST
TRN-003122,EXPRESS,C11,2026-09-04,17:27,17:54,HIGH,TIMETABLE
TRN-003123,EXPRESS,C03,2026-09-27,16:52,17:21,HIGH,TIMETABLE
TRN-003124,SUPERFAST,C07,2026-09-06,10:13,10:28,HIGH,TIMETABLE
TRN-003125,PASSENGER,C06,2026-09-10,19:07,19:24,HIGH,TIMETABLE
TRN-003126,EXPRESS,C09,2026-09-25,09:07,09:19,HIGH,TIMETABLE
TRN-003127,SUPERFAST,C06,2026-09-08,09:10,09:31,HIGH,TIMETABLE
TRN-003128,EXPRESS,C11,2026-09-26,06:42,07:08,HIGH,TIMETABLE
TRN-003129,GOODS,C19,2026-09-09,15:18,15:43,MEDIUM,GOODS_FORECAST
TRN-003130,PASSENGER,C10,2026-09-25,18:17,18:38,HIGH,TIMETABLE
TRN-003131,SUPERFAST,C13,2026-09-27,04:40,05:03,HIGH,TIMETABLE
TRN-003132,EXPRESS,C02,2026-09-09,23:29,23:53,HIGH,TIMETABLE
TRN-003133,PASSENGER,C17,2026-09-14,09:05,09:17,HIGH,TIMETABLE
TRN-003134,SUPERFAST,C01,2026-09-20,11:34,11:51,HIGH,TIMETABLE
TRN-003135,EXPRESS,C11,2026-09-21,10:40,11:05,HIGH,TIMETABLE
TRN-003136,SUPERFAST,C09,2026-09-06,03:07,03:29,HIGH,TIMETABLE
TRN-003137,SUPERFAST,C08,2026-09-11,20:08,20:37,HIGH,TIMETABLE
TRN-003138,PASSENGER,C02,2026-09-19,07:31,07:56,HIGH,TIMETABLE
TRN-003139,EXPRESS,C09,2026-09-22,14:35,14:46,HIGH,TIMETABLE
TRN-003140,PASSENGER,C14,2026-09-24,03:12,03:31,HIGH,TIMETABLE
TRN-003141,PASSENGER,C17,2026-09-30,17:50,18:08,HIGH,TIMETABLE
TRN-003142,PASSENGER,C15,2026-09-02,13:31,13:53,HIGH,TIMETABLE
TRN-003143,PASSENGER,C15,2026-09-27,22:14,22:35,HIGH,TIMETABLE
TRN-003144,GOODS,C09,2026-09-29,14:08,15:02,MEDIUM,GOODS_FORECAST
TRN-003145,PASSENGER,C13,2026-09-25,07:58,08:20,HIGH,TIMETABLE
TRN-003146,EXPRESS,C03,2026-09-12,22:29,22:48,HIGH,TIMETABLE
TRN-003147,GOODS,C03,2026-09-17,12:43,13:41,MEDIUM,GOODS_FORECAST
TRN-003148,SUPERFAST,C19,2026-09-02,02:02,02:16,HIGH,TIMETABLE
TRN-003149,EXPRESS,C06,2026-09-19,03:45,03:55,HIGH,TIMETABLE
TRN-003150,SUPERFAST,C10,2026-09-11,01:23,01:47,HIGH,TIMETABLE
TRN-003151,SUPERFAST,C18,2026-09-13,00:41,01:00,HIGH,TIMETABLE
TRN-003152,GOODS,C12,2026-09-14,14:37,15:04,MEDIUM,GOODS_FORECAST
TRN-003153,PASSENGER,C02,2026-09-08,08:27,08:51,HIGH,TIMETABLE
TRN-003154,PASSENGER,C14,2026-09-19,17:22,17:39,HIGH,TIMETABLE
TRN-003155,PASSENGER,C13,2026-09-16,22:00,22:24,HIGH,TIMETABLE
TRN-003156,SUPERFAST,C01,2026-09-27,13:48,14:13,HIGH,TIMETABLE
TRN-003157,SUPERFAST,C04,2026-09-18,04:37,04:52,HIGH,TIMETABLE
TRN-003158,SUPERFAST,C14,2026-09-14,16:13,16:41,HIGH,TIMETABLE
TRN-003159,SUPERFAST,C03,2026-09-20,00:33,00:59,HIGH,TIMETABLE
TRN-003160,EXPRESS,C17,2026-09-14,11:13,11:29,HIGH,TIMETABLE
TRN-003161,EXPRESS,C11,2026-09-22,20:24,20:35,HIGH,TIMETABLE
TRN-003162,EXPRESS,C07,2026-09-19,14:09,14:25,HIGH,TIMETABLE
TRN-003163,PASSENGER,C06,2026-09-23,17:34,17:59,HIGH,TIMETABLE
TRN-003164,GOODS,C01,2026-09-24,10:44,11:29,MEDIUM,GOODS_FORECAST
TRN-003165,GOODS,C10,2026-09-19,04:42,05:15,MEDIUM,GOODS_FORECAST
TRN-003166,GOODS,C15,2026-09-02,08:57,09:57,MEDIUM,GOODS_FORECAST
TRN-003167,EXPRESS,C03,2026-09-18,13:42,14:06,HIGH,TIMETABLE
TRN-003168,PASSENGER,C13,2026-09-07,06:22,06:33,HIGH,TIMETABLE
TRN-003169,SUPERFAST,C13,2026-09-25,05:33,06:01,HIGH,TIMETABLE
TRN-003170,GOODS,C01,2026-09-16,06:32,07:08,MEDIUM,GOODS_FORECAST
TRN-003171,SUPERFAST,C17,2026-09-27,21:00,21:12,HIGH,TIMETABLE
TRN-003172,SUPERFAST,C19,2026-09-27,18:18,18:33,HIGH,TIMETABLE
TRN-003173,EXPRESS,C18,2026-09-05,14:17,14:37,HIGH,TIMETABLE
TRN-003174,GOODS,C07,2026-09-25,07:57,08:51,MEDIUM,GOODS_FORECAST
TRN-003175,PASSENGER,C01,2026-09-18,14:26,14:45,HIGH,TIMETABLE
TRN-003176,SUPERFAST,C06,2026-09-13,20:02,20:21,HIGH,TIMETABLE
TRN-003177,PASSENGER,C07,2026-09-23,23:44,00:01,HIGH,TIMETABLE
TRN-003178,GOODS,C03,2026-09-22,08:06,08:51,MEDIUM,GOODS_FORECAST
TRN-003179,PASSENGER,C20,2026-09-23,00:39,00:52,HIGH,TIMETABLE
TRN-003180,PASSENGER,C19,2026-09-20,14:17,14:41,HIGH,TIMETABLE
TRN-003181,PASSENGER,C13,2026-09-20,06:07,06:19,HIGH,TIMETABLE
TRN-003182,SUPERFAST,C18,2026-09-15,06:28,06:38,HIGH,TIMETABLE
TRN-003183,EXPRESS,C20,2026-09-17,05:32,05:50,HIGH,TIMETABLE
TRN-003184,PASSENGER,C17,2026-09-24,09:29,09:46,HIGH,TIMETABLE
TRN-003185,GOODS,C05,2026-09-26,23:40,00:09,MEDIUM,GOODS_FORECAST
TRN-003186,EXPRESS,C18,2026-09-04,14:08,14:33,HIGH,TIMETABLE
TRN-003187,EXPRESS,C01,2026-09-13,21:38,22:00,HIGH,TIMETABLE
TRN-003188,GOODS,C09,2026-09-22,07:34,08:06,MEDIUM,GOODS_FORECAST
TRN-003189,PASSENGER,C17,2026-09-19,01:46,01:59,HIGH,TIMETABLE
TRN-003190,EXPRESS,C09,2026-09-29,19:49,20:03,HIGH,TIMETABLE
TRN-003191,GOODS,C17,2026-09-03,11:12,11:37,MEDIUM,GOODS_FORECAST
TRN-003192,PASSENGER,C15,2026-09-25,01:34,01:47,HIGH,TIMETABLE
TRN-003193,EXPRESS,C20,2026-09-05,14:04,14:34,HIGH,TIMETABLE
TRN-003194,PASSENGER,C15,2026-09-29,01:38,01:54,HIGH,TIMETABLE
TRN-003195,PASSENGER,C18,2026-09-02,17:40,17:52,HIGH,TIMETABLE
TRN-003196,EXPRESS,C13,2026-09-05,18:02,18:17,HIGH,TIMETABLE
TRN-003197,SUPERFAST,C14,2026-09-18,05:56,06:26,HIGH,TIMETABLE
TRN-003198,GOODS,C10,2026-09-27,10:12,11:10,MEDIUM,GOODS_FORECAST
TRN-003199,PASSENGER,C01,2026-09-22,00:39,01:03,HIGH,TIMETABLE
TRN-003200,PASSENGER,C17,2026-09-22,19:46,20:06,HIGH,TIMETABLE
TRN-003201,GOODS,C06,2026-09-21,22:04,22:58,MEDIUM,GOODS_FORECAST
TRN-003202,SUPERFAST,C03,2026-09-03,14:18,14:45,HIGH,TIMETABLE
TRN-003203,PASSENGER,C19,2026-09-22,03:50,04:12,HIGH,TIMETABLE
TRN-003204,GOODS,C06,2026-09-26,16:07,16:57,MEDIUM,GOODS_FORECAST
TRN-003205,EXPRESS,C01,2026-09-18,01:07,01:33,HIGH,TIMETABLE
TRN-003206,PASSENGER,C01,2026-09-08,21:19,21:32,HIGH,TIMETABLE
TRN-003207,EXPRESS,C06,2026-09-30,14:22,14:38,HIGH,TIMETABLE
TRN-003208,SUPERFAST,C09,2026-09-09,09:11,09:27,HIGH,TIMETABLE
TRN-003209,PASSENGER,C20,2026-09-13,21:30,21:45,HIGH,TIMETABLE
TRN-003210,SUPERFAST,C11,2026-09-17,23:13,23:38,HIGH,TIMETABLE
TRN-003211,GOODS,C03,2026-09-06,00:22,01:05,MEDIUM,GOODS_FORECAST
TRN-003212,GOODS,C05,2026-09-10,05:32,06:20,MEDIUM,GOODS_FORECAST
TRN-003213,PASSENGER,C20,2026-09-01,19:59,20:11,HIGH,TIMETABLE
TRN-003214,GOODS,C05,2026-09-08,15:39,16:27,MEDIUM,GOODS_FORECAST
TRN-003215,PASSENGER,C06,2026-09-18,09:05,09:29,HIGH,TIMETABLE
TRN-003216,EXPRESS,C02,2026-09-08,20:49,21:11,HIGH,TIMETABLE
TRN-003217,SUPERFAST,C15,2026-09-01,04:30,04:49,HIGH,TIMETABLE
TRN-003218,PASSENGER,C11,2026-09-05,23:32,23:51,HIGH,TIMETABLE
TRN-003219,PASSENGER,C12,2026-09-08,23:50,00:13,HIGH,TIMETABLE
TRN-003220,PASSENGER,C03,2026-09-23,18:11,18:35,HIGH,TIMETABLE
TRN-003221,SUPERFAST,C09,2026-09-22,00:33,00:50,HIGH,TIMETABLE
TRN-003222,GOODS,C09,2026-09-27,17:24,18:23,MEDIUM,GOODS_FORECAST
TRN-003223,PASSENGER,C12,2026-09-28,19:27,19:51,HIGH,TIMETABLE
TRN-003224,GOODS,C08,2026-09-17,12:36,13:18,MEDIUM,GOODS_FORECAST
TRN-003225,GOODS,C13,2026-09-14,05:11,05:48,MEDIUM,GOODS_FORECAST
TRN-003226,GOODS,C08,2026-09-14,01:18,02:07,MEDIUM,GOODS_FORECAST
TRN-003227,EXPRESS,C15,2026-09-20,21:19,21:45,HIGH,TIMETABLE
TRN-003228,EXPRESS,C19,2026-09-03,04:24,04:45,HIGH,TIMETABLE
TRN-003229,EXPRESS,C19,2026-09-27,16:32,16:47,HIGH,TIMETABLE
TRN-003230,PASSENGER,C02,2026-09-09,06:20,06:42,HIGH,TIMETABLE
TRN-003231,PASSENGER,C14,2026-09-19,21:09,21:23,HIGH,TIMETABLE
TRN-003232,PASSENGER,C14,2026-09-13,02:28,02:52,HIGH,TIMETABLE
TRN-003233,GOODS,C19,2026-09-19,13:55,14:31,MEDIUM,GOODS_FORECAST
TRN-003234,PASSENGER,C12,2026-09-13,20:49,21:03,HIGH,TIMETABLE
TRN-003235,EXPRESS,C20,2026-09-26,18:42,18:59,HIGH,TIMETABLE
TRN-003236,PASSENGER,C18,2026-09-24,16:17,16:39,HIGH,TIMETABLE
TRN-003237,EXPRESS,C15,2026-09-23,16:54,17:18,HIGH,TIMETABLE
TRN-003238,SUPERFAST,C12,2026-09-30,14:48,14:58,HIGH,TIMETABLE
TRN-003239,PASSENGER,C08,2026-09-09,17:55,18:10,HIGH,TIMETABLE
TRN-003240,PASSENGER,C09,2026-09-29,20:45,21:02,HIGH,TIMETABLE
TRN-003241,PASSENGER,C07,2026-09-20,18:01,18:17,HIGH,TIMETABLE
TRN-003242,GOODS,C20,2026-09-03,05:16,05:49,MEDIUM,GOODS_FORECAST
TRN-003243,EXPRESS,C01,2026-09-01,02:16,02:35,HIGH,TIMETABLE
TRN-003244,PASSENGER,C15,2026-09-30,13:36,13:50,HIGH,TIMETABLE
TRN-003245,GOODS,C03,2026-09-26,10:24,11:03,MEDIUM,GOODS_FORECAST
TRN-003246,GOODS,C10,2026-09-24,19:15,19:44,MEDIUM,GOODS_FORECAST
TRN-003247,PASSENGER,C04,2026-09-01,06:58,07:23,HIGH,TIMETABLE
TRN-003248,PASSENGER,C18,2026-09-16,04:31,04:42,HIGH,TIMETABLE
TRN-003249,EXPRESS,C18,2026-09-14,21:59,22:19,HIGH,TIMETABLE
TRN-003250,GOODS,C13,2026-09-10,05:27,06:00,MEDIUM,GOODS_FORECAST
TRN-003251,PASSENGER,C01,2026-09-11,21:11,21:25,HIGH,TIMETABLE
TRN-003252,PASSENGER,C06,2026-09-08,11:29,11:46,HIGH,TIMETABLE
TRN-003253,PASSENGER,C16,2026-09-14,14:36,14:49,HIGH,TIMETABLE
TRN-003254,SUPERFAST,C09,2026-09-18,21:10,21:32,HIGH,TIMETABLE
TRN-003255,PASSENGER,C19,2026-09-27,18:36,18:47,HIGH,TIMETABLE
TRN-003256,SUPERFAST,C12,2026-09-13,18:13,18:27,HIGH,TIMETABLE
TRN-003257,GOODS,C03,2026-09-16,22:29,23:17,MEDIUM,GOODS_FORECAST
TRN-003258,PASSENGER,C01,2026-09-15,21:00,21:23,HIGH,TIMETABLE
TRN-003259,EXPRESS,C17,2026-09-14,19:31,19:51,HIGH,TIMETABLE
TRN-003260,GOODS,C05,2026-09-25,22:14,22:57,MEDIUM,GOODS_FORECAST
TRN-003261,GOODS,C01,2026-09-10,08:27,09:11,MEDIUM,GOODS_FORECAST
TRN-003262,EXPRESS,C04,2026-09-23,05:34,05:54,HIGH,TIMETABLE
TRN-003263,PASSENGER,C03,2026-09-22,06:37,07:02,HIGH,TIMETABLE
TRN-003264,SUPERFAST,C11,2026-09-28,13:48,14:01,HIGH,TIMETABLE
TRN-003265,PASSENGER,C16,2026-09-16,16:55,17:11,HIGH,TIMETABLE
TRN-003266,SUPERFAST,C03,2026-09-16,11:56,12:07,HIGH,TIMETABLE
TRN-003267,PASSENGER,C03,2026-09-25,19:38,19:53,HIGH,TIMETABLE
TRN-003268,GOODS,C05,2026-09-23,11:23,11:52,MEDIUM,GOODS_FORECAST
TRN-003269,EXPRESS,C17,2026-09-16,06:36,06:52,HIGH,TIMETABLE
TRN-003270,EXPRESS,C07,2026-09-10,06:16,06:35,HIGH,TIMETABLE
TRN-003271,GOODS,C10,2026-09-09,15:18,16:01,MEDIUM,GOODS_FORECAST
TRN-003272,EXPRESS,C01,2026-09-25,09:14,09:39,HIGH,TIMETABLE
TRN-003273,EXPRESS,C15,2026-09-24,18:14,18:37,HIGH,TIMETABLE
TRN-003274,GOODS,C08,2026-09-11,02:14,02:39,MEDIUM,GOODS_FORECAST
TRN-003275,SUPERFAST,C16,2026-09-14,10:58,11:10,HIGH,TIMETABLE
TRN-003276,SUPERFAST,C20,2026-09-03,16:05,16:35,HIGH,TIMETABLE
TRN-003277,PASSENGER,C18,2026-09-28,12:11,12:23,HIGH,TIMETABLE
TRN-003278,EXPRESS,C08,2026-09-22,05:40,06:07,HIGH,TIMETABLE
TRN-003279,EXPRESS,C03,2026-09-09,12:00,12:22,HIGH,TIMETABLE
TRN-003280,PASSENGER,C09,2026-09-02,20:39,20:51,HIGH,TIMETABLE
TRN-003281,EXPRESS,C12,2026-09-17,00:02,00:23,HIGH,TIMETABLE
TRN-003282,PASSENGER,C03,2026-09-24,03:15,03:35,HIGH,TIMETABLE
TRN-003283,GOODS,C15,2026-09-09,09:15,10:05,MEDIUM,GOODS_FORECAST
TRN-003284,SUPERFAST,C08,2026-09-20,22:44,22:57,HIGH,TIMETABLE
TRN-003285,GOODS,C02,2026-09-21,16:47,17:42,MEDIUM,GOODS_FORECAST
TRN-003286,PASSENGER,C10,2026-09-01,20:03,20:20,HIGH,TIMETABLE
TRN-003287,GOODS,C01,2026-09-23,10:37,11:22,MEDIUM,GOODS_FORECAST
TRN-003288,GOODS,C04,2026-09-18,09:25,09:51,MEDIUM,GOODS_FORECAST
TRN-003289,GOODS,C08,2026-09-20,18:38,19:12,MEDIUM,GOODS_FORECAST
TRN-003290,PASSENGER,C18,2026-09-01,23:14,23:30,HIGH,TIMETABLE
TRN-003291,EXPRESS,C13,2026-09-25,05:28,05:39,HIGH,TIMETABLE
TRN-003292,PASSENGER,C12,2026-09-30,18:34,18:56,HIGH,TIMETABLE
TRN-003293,SUPERFAST,C09,2026-09-21,23:40,23:50,HIGH,TIMETABLE
TRN-003294,SUPERFAST,C18,2026-09-18,00:25,00:39,HIGH,TIMETABLE
TRN-003295,EXPRESS,C06,2026-09-20,23:49,00:09,HIGH,TIMETABLE
TRN-003296,PASSENGER,C13,2026-09-10,23:37,00:00,HIGH,TIMETABLE
TRN-003297,SUPERFAST,C07,2026-09-28,06:57,07:14,HIGH,TIMETABLE
TRN-003298,PASSENGER,C14,2026-09-05,06:49,07:00,HIGH,TIMETABLE
TRN-003299,GOODS,C20,2026-09-15,10:14,10:55,MEDIUM,GOODS_FORECAST
TRN-003300,GOODS,C17,2026-09-30,17:18,17:46,MEDIUM,GOODS_FORECAST
TRN-003301,SUPERFAST,C14,2026-09-16,01:27,01:53,HIGH,TIMETABLE
TRN-003302,SUPERFAST,C20,2026-09-18,16:29,16:40,HIGH,TIMETABLE
TRN-003303,EXPRESS,C02,2026-09-22,04:00,04:29,HIGH,TIMETABLE
TRN-003304,SUPERFAST,C03,2026-09-18,23:38,00:08,HIGH,TIMETABLE
TRN-003305,GOODS,C10,2026-09-28,07:35,08:05,MEDIUM,GOODS_FORECAST
TRN-003306,PASSENGER,C05,2026-09-26,13:18,13:40,HIGH,TIMETABLE
TRN-003307,PASSENGER,C11,2026-09-18,09:24,09:44,HIGH,TIMETABLE
TRN-003308,EXPRESS,C11,2026-09-06,13:37,13:54,HIGH,TIMETABLE
TRN-003309,PASSENGER,C04,2026-09-04,20:16,20:38,HIGH,TIMETABLE
TRN-003310,PASSENGER,C15,2026-09-26,23:20,23:35,HIGH,TIMETABLE
TRN-003311,PASSENGER,C11,2026-09-08,20:30,20:55,HIGH,TIMETABLE
TRN-003312,SUPERFAST,C16,2026-09-16,09:18,09:39,HIGH,TIMETABLE
TRN-003313,SUPERFAST,C10,2026-09-16,23:49,00:00,HIGH,TIMETABLE
TRN-003314,GOODS,C05,2026-09-30,21:51,22:28,MEDIUM,GOODS_FORECAST
TRN-003315,PASSENGER,C03,2026-09-10,13:19,13:31,HIGH,TIMETABLE
TRN-003316,GOODS,C19,2026-09-11,08:19,09:01,MEDIUM,GOODS_FORECAST
TRN-003317,EXPRESS,C16,2026-09-26,13:13,13:36,HIGH,TIMETABLE
TRN-003318,PASSENGER,C14,2026-09-06,08:28,08:48,HIGH,TIMETABLE
TRN-003319,SUPERFAST,C19,2026-09-13,00:05,00:26,HIGH,TIMETABLE
TRN-003320,PASSENGER,C01,2026-09-05,13:07,13:19,HIGH,TIMETABLE
TRN-003321,SUPERFAST,C10,2026-09-01,04:25,04:46,HIGH,TIMETABLE
TRN-003322,EXPRESS,C18,2026-09-30,15:18,15:28,HIGH,TIMETABLE
TRN-003323,PASSENGER,C13,2026-09-17,13:41,13:52,HIGH,TIMETABLE
TRN-003324,PASSENGER,C02,2026-09-13,08:04,08:15,HIGH,TIMETABLE
TRN-003325,EXPRESS,C08,2026-09-14,00:17,00:38,HIGH,TIMETABLE
TRN-003326,PASSENGER,C17,2026-09-29,21:52,22:04,HIGH,TIMETABLE
TRN-003327,SUPERFAST,C14,2026-09-09,00:16,00:45,HIGH,TIMETABLE
TRN-003328,EXPRESS,C04,2026-09-01,07:23,07:51,HIGH,TIMETABLE
TRN-003329,PASSENGER,C04,2026-09-06,02:00,02:17,HIGH,TIMETABLE
TRN-003330,SUPERFAST,C05,2026-09-12,04:37,04:47,HIGH,TIMETABLE
TRN-003331,SUPERFAST,C11,2026-09-06,23:30,23:46,HIGH,TIMETABLE
TRN-003332,SUPERFAST,C15,2026-09-25,12:39,13:07,HIGH,TIMETABLE
TRN-003333,EXPRESS,C20,2026-09-12,07:53,08:06,HIGH,TIMETABLE
TRN-003334,EXPRESS,C06,2026-09-13,01:25,01:36,HIGH,TIMETABLE
TRN-003335,SUPERFAST,C18,2026-09-14,01:28,01:42,HIGH,TIMETABLE
TRN-003336,GOODS,C15,2026-09-12,16:49,17:32,MEDIUM,GOODS_FORECAST
TRN-003337,SUPERFAST,C09,2026-09-26,09:19,09:49,HIGH,TIMETABLE
TRN-003338,EXPRESS,C05,2026-09-02,10:53,11:12,HIGH,TIMETABLE
TRN-003339,SUPERFAST,C20,2026-09-10,23:40,23:59,HIGH,TIMETABLE
TRN-003340,GOODS,C08,2026-09-17,03:05,03:37,MEDIUM,GOODS_FORECAST
TRN-003341,EXPRESS,C18,2026-09-04,18:42,19:11,HIGH,TIMETABLE
TRN-003342,EXPRESS,C12,2026-09-17,07:12,07:31,HIGH,TIMETABLE
TRN-003343,GOODS,C10,2026-09-25,11:16,12:06,MEDIUM,GOODS_FORECAST
TRN-003344,GOODS,C06,2026-09-28,05:43,06:31,MEDIUM,GOODS_FORECAST
TRN-003345,PASSENGER,C16,2026-09-20,16:53,17:04,HIGH,TIMETABLE
TRN-003346,PASSENGER,C14,2026-09-13,00:24,00:41,HIGH,TIMETABLE
TRN-003347,GOODS,C14,2026-09-04,14:20,14:53,MEDIUM,GOODS_FORECAST
TRN-003348,PASSENGER,C14,2026-09-01,15:16,15:26,HIGH,TIMETABLE
TRN-003349,PASSENGER,C05,2026-09-25,14:23,14:45,HIGH,TIMETABLE
TRN-003350,PASSENGER,C07,2026-09-12,02:08,02:29,HIGH,TIMETABLE
TRN-003351,EXPRESS,C01,2026-09-03,12:46,13:02,HIGH,TIMETABLE
TRN-003352,SUPERFAST,C03,2026-09-15,07:51,08:21,HIGH,TIMETABLE
TRN-003353,GOODS,C14,2026-09-16,03:12,03:57,MEDIUM,GOODS_FORECAST
TRN-003354,EXPRESS,C12,2026-09-17,15:01,15:29,HIGH,TIMETABLE
TRN-003355,PASSENGER,C05,2026-09-06,08:43,09:02,HIGH,TIMETABLE
TRN-003356,PASSENGER,C08,2026-09-19,11:08,11:27,HIGH,TIMETABLE
TRN-003357,EXPRESS,C09,2026-09-02,12:48,13:06,HIGH,TIMETABLE
TRN-003358,SUPERFAST,C12,2026-09-07,03:18,03:38,HIGH,TIMETABLE
TRN-003359,SUPERFAST,C15,2026-09-19,01:51,02:11,HIGH,TIMETABLE
TRN-003360,SUPERFAST,C04,2026-09-19,02:43,03:13,HIGH,TIMETABLE
TRN-003361,GOODS,C19,2026-09-18,13:34,14:26,MEDIUM,GOODS_FORECAST
TRN-003362,GOODS,C10,2026-09-28,13:48,14:26,MEDIUM,GOODS_FORECAST
TRN-003363,EXPRESS,C13,2026-09-29,04:12,04:39,HIGH,TIMETABLE
TRN-003364,PASSENGER,C11,2026-09-23,20:43,21:08,HIGH,TIMETABLE
TRN-003365,PASSENGER,C18,2026-09-15,13:30,13:40,HIGH,TIMETABLE
TRN-003366,EXPRESS,C15,2026-09-02,06:20,06:37,HIGH,TIMETABLE
TRN-003367,GOODS,C16,2026-09-28,16:10,16:40,MEDIUM,GOODS_FORECAST
TRN-003368,EXPRESS,C08,2026-09-28,00:12,00:42,HIGH,TIMETABLE
TRN-003369,PASSENGER,C06,2026-09-06,00:52,01:13,HIGH,TIMETABLE
TRN-003370,EXPRESS,C08,2026-09-07,06:28,06:42,HIGH,TIMETABLE
TRN-003371,SUPERFAST,C20,2026-09-23,16:21,16:37,HIGH,TIMETABLE
TRN-003372,SUPERFAST,C05,2026-09-07,19:18,19:40,HIGH,TIMETABLE
TRN-003373,PASSENGER,C02,2026-09-06,19:08,19:22,HIGH,TIMETABLE
TRN-003374,PASSENGER,C06,2026-09-27,13:28,13:52,HIGH,TIMETABLE
TRN-003375,EXPRESS,C19,2026-09-21,06:22,06:40,HIGH,TIMETABLE
TRN-003376,PASSENGER,C16,2026-09-30,08:04,08:19,HIGH,TIMETABLE
TRN-003377,PASSENGER,C18,2026-09-28,11:32,11:46,HIGH,TIMETABLE
TRN-003378,PASSENGER,C08,2026-09-22,06:13,06:23,HIGH,TIMETABLE
TRN-003379,EXPRESS,C09,2026-09-23,00:00,00:12,HIGH,TIMETABLE
TRN-003380,EXPRESS,C07,2026-09-08,05:58,06:24,HIGH,TIMETABLE
TRN-003381,PASSENGER,C05,2026-09-07,10:08,10:33,HIGH,TIMETABLE
TRN-003382,SUPERFAST,C20,2026-09-19,17:55,18:09,HIGH,TIMETABLE
TRN-003383,GOODS,C01,2026-09-26,22:57,23:52,MEDIUM,GOODS_FORECAST
TRN-003384,PASSENGER,C11,2026-09-28,02:52,03:12,HIGH,TIMETABLE
TRN-003385,GOODS,C11,2026-09-05,13:16,13:44,MEDIUM,GOODS_FORECAST
TRN-003386,GOODS,C15,2026-09-11,14:53,15:22,MEDIUM,GOODS_FORECAST
TRN-003387,PASSENGER,C08,2026-09-04,01:00,01:10,HIGH,TIMETABLE
TRN-003388,SUPERFAST,C13,2026-09-26,09:42,09:59,HIGH,TIMETABLE
TRN-003389,PASSENGER,C05,2026-09-06,14:45,14:59,HIGH,TIMETABLE
TRN-003390,GOODS,C16,2026-09-15,15:57,16:51,MEDIUM,GOODS_FORECAST
TRN-003391,PASSENGER,C03,2026-09-14,17:16,17:27,HIGH,TIMETABLE
TRN-003392,GOODS,C13,2026-09-30,10:11,11:06,MEDIUM,GOODS_FORECAST
TRN-003393,PASSENGER,C15,2026-09-01,07:04,07:25,HIGH,TIMETABLE
TRN-003394,PASSENGER,C13,2026-09-26,01:10,01:30,HIGH,TIMETABLE
TRN-003395,SUPERFAST,C06,2026-09-20,17:11,17:30,HIGH,TIMETABLE
TRN-003396,PASSENGER,C10,2026-09-03,01:16,01:41,HIGH,TIMETABLE
TRN-003397,SUPERFAST,C10,2026-09-24,01:49,02:03,HIGH,TIMETABLE
TRN-003398,GOODS,C09,2026-09-01,23:03,23:55,MEDIUM,GOODS_FORECAST
TRN-003399,EXPRESS,C12,2026-09-17,05:42,06:05,HIGH,TIMETABLE
TRN-003400,EXPRESS,C05,2026-09-12,19:25,19:35,HIGH,TIMETABLE
TRN-003401,GOODS,C14,2026-09-27,05:27,05:52,MEDIUM,GOODS_FORECAST
TRN-003402,GOODS,C08,2026-09-23,13:49,14:26,MEDIUM,GOODS_FORECAST
TRN-003403,GOODS,C12,2026-09-21,13:46,14:27,MEDIUM,GOODS_FORECAST
TRN-003404,GOODS,C03,2026-09-10,19:34,20:27,MEDIUM,GOODS_FORECAST
TRN-003405,PASSENGER,C20,2026-09-16,22:02,22:18,HIGH,TIMETABLE
TRN-003406,PASSENGER,C07,2026-09-19,23:51,00:16,HIGH,TIMETABLE
TRN-003407,SUPERFAST,C18,2026-09-23,09:28,09:57,HIGH,TIMETABLE
TRN-003408,SUPERFAST,C09,2026-09-20,17:16,17:39,HIGH,TIMETABLE
TRN-003409,PASSENGER,C20,2026-09-29,10:45,11:05,HIGH,TIMETABLE
TRN-003410,PASSENGER,C10,2026-09-20,23:58,00:14,HIGH,TIMETABLE
TRN-003411,PASSENGER,C14,2026-09-25,14:53,15:12,HIGH,TIMETABLE
TRN-003412,PASSENGER,C05,2026-09-24,07:35,07:53,HIGH,TIMETABLE
TRN-003413,GOODS,C04,2026-09-05,03:26,04:01,MEDIUM,GOODS_FORECAST
TRN-003414,SUPERFAST,C19,2026-09-23,18:12,18:42,HIGH,TIMETABLE
TRN-003415,PASSENGER,C04,2026-09-11,21:01,21:20,HIGH,TIMETABLE
TRN-003416,EXPRESS,C11,2026-09-08,08:35,08:45,HIGH,TIMETABLE
TRN-003417,PASSENGER,C03,2026-09-06,23:22,23:46,HIGH,TIMETABLE
TRN-003418,EXPRESS,C06,2026-09-05,06:35,07:03,HIGH,TIMETABLE
TRN-003419,GOODS,C10,2026-09-16,10:14,10:50,MEDIUM,GOODS_FORECAST
TRN-003420,GOODS,C06,2026-09-11,13:34,14:28,MEDIUM,GOODS_FORECAST
TRN-003421,SUPERFAST,C16,2026-09-03,17:31,17:57,HIGH,TIMETABLE
TRN-003422,EXPRESS,C05,2026-09-07,15:22,15:48,HIGH,TIMETABLE
TRN-003423,SUPERFAST,C16,2026-09-02,11:15,11:42,HIGH,TIMETABLE
TRN-003424,GOODS,C10,2026-09-03,13:14,14:12,MEDIUM,GOODS_FORECAST
TRN-003425,PASSENGER,C03,2026-09-24,06:49,07:07,HIGH,TIMETABLE
TRN-003426,EXPRESS,C12,2026-09-13,10:26,10:50,HIGH,TIMETABLE
TRN-003427,SUPERFAST,C19,2026-09-20,18:18,18:36,HIGH,TIMETABLE
TRN-003428,EXPRESS,C11,2026-09-17,14:37,15:01,HIGH,TIMETABLE
TRN-003429,SUPERFAST,C19,2026-09-25,13:12,13:28,HIGH,TIMETABLE
TRN-003430,GOODS,C18,2026-09-08,00:07,01:00,MEDIUM,GOODS_FORECAST
TRN-003431,PASSENGER,C13,2026-09-26,04:04,04:15,HIGH,TIMETABLE
TRN-003432,GOODS,C02,2026-09-19,04:48,05:39,MEDIUM,GOODS_FORECAST
TRN-003433,PASSENGER,C13,2026-09-05,00:15,00:28,HIGH,TIMETABLE
TRN-003434,EXPRESS,C12,2026-09-29,10:52,11:16,HIGH,TIMETABLE
TRN-003435,SUPERFAST,C14,2026-09-09,11:16,11:41,HIGH,TIMETABLE
TRN-003436,SUPERFAST,C17,2026-09-13,11:00,11:20,HIGH,TIMETABLE
TRN-003437,SUPERFAST,C12,2026-09-29,16:50,17:11,HIGH,TIMETABLE
TRN-003438,PASSENGER,C06,2026-09-09,16:03,16:26,HIGH,TIMETABLE
TRN-003439,PASSENGER,C01,2026-09-02,13:11,13:35,HIGH,TIMETABLE
TRN-003440,PASSENGER,C14,2026-09-26,18:07,18:21,HIGH,TIMETABLE
TRN-003441,PASSENGER,C02,2026-09-12,02:26,02:49,HIGH,TIMETABLE
TRN-003442,EXPRESS,C09,2026-09-11,03:38,03:52,HIGH,TIMETABLE
TRN-003443,PASSENGER,C09,2026-09-28,10:19,10:37,HIGH,TIMETABLE
TRN-003444,PASSENGER,C17,2026-09-19,20:52,21:17,HIGH,TIMETABLE
TRN-003445,GOODS,C01,2026-09-05,06:53,07:30,MEDIUM,GOODS_FORECAST
TRN-003446,EXPRESS,C18,2026-09-14,00:34,01:00,HIGH,TIMETABLE
TRN-003447,SUPERFAST,C11,2026-09-27,16:02,16:13,HIGH,TIMETABLE
TRN-003448,SUPERFAST,C15,2026-09-01,08:22,08:45,HIGH,TIMETABLE
TRN-003449,PASSENGER,C20,2026-09-10,09:08,09:22,HIGH,TIMETABLE
TRN-003450,GOODS,C17,2026-09-21,14:02,14:30,MEDIUM,GOODS_FORECAST
TRN-003451,PASSENGER,C11,2026-09-24,01:39,01:56,HIGH,TIMETABLE
TRN-003452,PASSENGER,C20,2026-09-25,09:29,09:41,HIGH,TIMETABLE
TRN-003453,PASSENGER,C19,2026-09-01,19:55,20:18,HIGH,TIMETABLE
TRN-003454,SUPERFAST,C20,2026-09-16,20:21,20:46,HIGH,TIMETABLE
TRN-003455,GOODS,C19,2026-09-29,16:37,17:10,MEDIUM,GOODS_FORECAST
TRN-003456,GOODS,C11,2026-09-05,18:57,19:39,MEDIUM,GOODS_FORECAST
TRN-003457,PASSENGER,C12,2026-09-13,20:48,21:06,HIGH,TIMETABLE
TRN-003458,EXPRESS,C10,2026-09-11,01:26,01:50,HIGH,TIMETABLE
TRN-003459,PASSENGER,C13,2026-09-25,23:35,00:00,HIGH,TIMETABLE
TRN-003460,PASSENGER,C17,2026-09-01,19:33,19:53,HIGH,TIMETABLE
TRN-003461,EXPRESS,C08,2026-09-19,08:34,08:44,HIGH,TIMETABLE
TRN-003462,GOODS,C19,2026-09-27,21:26,22:26,MEDIUM,GOODS_FORECAST
TRN-003463,PASSENGER,C14,2026-09-01,05:45,06:03,HIGH,TIMETABLE
TRN-003464,PASSENGER,C02,2026-09-26,07:57,08:09,HIGH,TIMETABLE
TRN-003465,EXPRESS,C17,2026-09-20,04:46,05:06,HIGH,TIMETABLE
TRN-003466,EXPRESS,C20,2026-09-27,00:35,00:59,HIGH,TIMETABLE
TRN-003467,PASSENGER,C10,2026-09-05,01:23,01:40,HIGH,TIMETABLE
TRN-003468,PASSENGER,C15,2026-09-22,15:41,16:06,HIGH,TIMETABLE
TRN-003469,PASSENGER,C14,2026-09-15,12:22,12:43,HIGH,TIMETABLE
TRN-003470,GOODS,C04,2026-09-22,10:32,11:01,MEDIUM,GOODS_FORECAST
TRN-003471,EXPRESS,C14,2026-09-24,09:07,09:33,HIGH,TIMETABLE
TRN-003472,SUPERFAST,C07,2026-09-01,17:05,17:31,HIGH,TIMETABLE
TRN-003473,SUPERFAST,C05,2026-09-27,20:41,21:01,HIGH,TIMETABLE
TRN-003474,SUPERFAST,C17,2026-09-28,13:31,13:57,HIGH,TIMETABLE
TRN-003475,GOODS,C09,2026-09-04,19:28,20:19,MEDIUM,GOODS_FORECAST
TRN-003476,PASSENGER,C08,2026-09-06,14:39,14:49,HIGH,TIMETABLE
TRN-003477,SUPERFAST,C12,2026-09-24,18:43,19:05,HIGH,TIMETABLE
TRN-003478,SUPERFAST,C09,2026-09-06,15:40,16:03,HIGH,TIMETABLE
TRN-003479,GOODS,C10,2026-09-30,17:37,18:15,MEDIUM,GOODS_FORECAST
TRN-003480,PASSENGER,C15,2026-09-07,23:53,00:03,HIGH,TIMETABLE
TRN-003481,EXPRESS,C06,2026-09-27,20:09,20:25,HIGH,TIMETABLE
TRN-003482,SUPERFAST,C03,2026-09-12,03:08,03:34,HIGH,TIMETABLE
TRN-003483,GOODS,C03,2026-09-15,18:27,19:24,MEDIUM,GOODS_FORECAST
TRN-003484,PASSENGER,C05,2026-09-29,13:01,13:22,HIGH,TIMETABLE
TRN-003485,GOODS,C19,2026-09-10,14:08,15:08,MEDIUM,GOODS_FORECAST
TRN-003486,EXPRESS,C01,2026-09-30,14:20,14:34,HIGH,TIMETABLE
TRN-003487,PASSENGER,C15,2026-09-24,04:55,05:12,HIGH,TIMETABLE
TRN-003488,SUPERFAST,C04,2026-09-15,21:19,21:45,HIGH,TIMETABLE
TRN-003489,GOODS,C01,2026-09-05,05:50,06:29,MEDIUM,GOODS_FORECAST
TRN-003490,EXPRESS,C19,2026-09-02,01:13,01:36,HIGH,TIMETABLE
TRN-003491,PASSENGER,C09,2026-09-28,18:30,18:54,HIGH,TIMETABLE
TRN-003492,PASSENGER,C18,2026-09-09,15:54,16:18,HIGH,TIMETABLE
TRN-003493,EXPRESS,C09,2026-09-03,21:24,21:48,HIGH,TIMETABLE
TRN-003494,EXPRESS,C11,2026-09-11,06:54,07:22,HIGH,TIMETABLE
TRN-003495,EXPRESS,C18,2026-09-18,21:18,21:29,HIGH,TIMETABLE
TRN-003496,GOODS,C07,2026-09-15,17:33,18:02,MEDIUM,GOODS_FORECAST
TRN-003497,EXPRESS,C03,2026-09-11,16:51,17:20,HIGH,TIMETABLE
TRN-003498,PASSENGER,C19,2026-09-10,12:36,12:58,HIGH,TIMETABLE
TRN-003499,PASSENGER,C18,2026-09-07,17:15,17:33,HIGH,TIMETABLE
TRN-003500,EXPRESS,C15,2026-09-14,07:00,07:26,HIGH,TIMETABLE
TRN-003501,PASSENGER,C05,2026-09-01,23:23,23:48,HIGH,TIMETABLE
TRN-003502,EXPRESS,C05,2026-09-08,20:15,20:37,HIGH,TIMETABLE
TRN-003503,SUPERFAST,C06,2026-09-04,21:33,22:02,HIGH,TIMETABLE
TRN-003504,PASSENGER,C11,2026-09-24,03:00,03:13,HIGH,TIMETABLE
TRN-003505,PASSENGER,C19,2026-09-21,18:25,18:47,HIGH,TIMETABLE
TRN-003506,GOODS,C04,2026-09-17,04:34,05:00,MEDIUM,GOODS_FORECAST
TRN-003507,SUPERFAST,C16,2026-09-01,13:42,14:04,HIGH,TIMETABLE
TRN-003508,SUPERFAST,C20,2026-09-02,04:02,04:13,HIGH,TIMETABLE
TRN-003509,EXPRESS,C05,2026-09-08,16:25,16:39,HIGH,TIMETABLE
TRN-003510,EXPRESS,C05,2026-09-13,18:53,19:22,HIGH,TIMETABLE
TRN-003511,GOODS,C08,2026-09-09,17:27,18:19,MEDIUM,GOODS_FORECAST
TRN-003512,SUPERFAST,C20,2026-09-29,15:30,15:41,HIGH,TIMETABLE
TRN-003513,PASSENGER,C11,2026-09-02,14:21,14:46,HIGH,TIMETABLE
TRN-003514,PASSENGER,C17,2026-09-20,14:07,14:24,HIGH,TIMETABLE
TRN-003515,GOODS,C07,2026-09-11,12:05,12:58,MEDIUM,GOODS_FORECAST
TRN-003516,PASSENGER,C16,2026-09-15,08:03,08:16,HIGH,TIMETABLE
TRN-003517,SUPERFAST,C07,2026-09-04,11:01,11:21,HIGH,TIMETABLE
TRN-003518,PASSENGER,C02,2026-09-22,10:51,11:15,HIGH,TIMETABLE
TRN-003519,SUPERFAST,C02,2026-09-12,04:20,04:50,HIGH,TIMETABLE
TRN-003520,PASSENGER,C16,2026-09-20,20:35,20:52,HIGH,TIMETABLE
TRN-003521,EXPRESS,C09,2026-09-09,01:31,01:50,HIGH,TIMETABLE
TRN-003522,EXPRESS,C17,2026-09-18,07:08,07:21,HIGH,TIMETABLE
TRN-003523,GOODS,C10,2026-09-03,10:31,11:26,MEDIUM,GOODS_FORECAST
TRN-003524,GOODS,C04,2026-09-25,05:12,05:51,MEDIUM,GOODS_FORECAST
TRN-003525,GOODS,C11,2026-09-28,01:40,02:17,MEDIUM,GOODS_FORECAST
TRN-003526,EXPRESS,C15,2026-09-04,11:04,11:34,HIGH,TIMETABLE
TRN-003527,SUPERFAST,C18,2026-09-20,02:32,02:43,HIGH,TIMETABLE
TRN-003528,EXPRESS,C15,2026-09-29,15:22,15:51,HIGH,TIMETABLE
TRN-003529,EXPRESS,C02,2026-09-28,04:51,05:08,HIGH,TIMETABLE
TRN-003530,SUPERFAST,C10,2026-09-26,21:25,21:43,HIGH,TIMETABLE
TRN-003531,EXPRESS,C17,2026-09-10,08:59,09:22,HIGH,TIMETABLE
TRN-003532,GOODS,C19,2026-09-26,10:00,10:26,MEDIUM,GOODS_FORECAST
TRN-003533,GOODS,C08,2026-09-27,14:26,15:18,MEDIUM,GOODS_FORECAST
TRN-003534,GOODS,C01,2026-09-03,14:44,15:22,MEDIUM,GOODS_FORECAST
TRN-003535,GOODS,C20,2026-09-11,16:22,17:00,MEDIUM,GOODS_FORECAST
TRN-003536,SUPERFAST,C17,2026-09-22,07:06,07:19,HIGH,TIMETABLE
TRN-003537,EXPRESS,C16,2026-09-12,15:27,15:42,HIGH,TIMETABLE
TRN-003538,SUPERFAST,C05,2026-09-22,14:59,15:16,HIGH,TIMETABLE
TRN-003539,PASSENGER,C13,2026-09-18,07:06,07:17,HIGH,TIMETABLE
TRN-003540,PASSENGER,C03,2026-09-11,19:05,19:26,HIGH,TIMETABLE
TRN-003541,GOODS,C10,2026-09-21,05:35,06:14,MEDIUM,GOODS_FORECAST
TRN-003542,PASSENGER,C10,2026-09-03,12:49,13:10,HIGH,TIMETABLE
TRN-003543,PASSENGER,C12,2026-09-21,08:40,08:57,HIGH,TIMETABLE
TRN-003544,EXPRESS,C13,2026-09-01,15:55,16:11,HIGH,TIMETABLE
TRN-003545,PASSENGER,C13,2026-09-28,16:04,16:22,HIGH,TIMETABLE
TRN-003546,EXPRESS,C04,2026-09-12,21:34,22:02,HIGH,TIMETABLE
TRN-003547,EXPRESS,C10,2026-09-21,02:48,03:18,HIGH,TIMETABLE
TRN-003548,EXPRESS,C20,2026-09-04,14:29,14:41,HIGH,TIMETABLE
TRN-003549,EXPRESS,C11,2026-09-01,05:30,05:45,HIGH,TIMETABLE
TRN-003550,PASSENGER,C04,2026-09-13,19:16,19:28,HIGH,TIMETABLE
TRN-003551,SUPERFAST,C10,2026-09-29,03:22,03:39,HIGH,TIMETABLE
TRN-003552,SUPERFAST,C10,2026-09-27,09:20,09:45,HIGH,TIMETABLE
TRN-003553,EXPRESS,C02,2026-09-23,20:09,20:27,HIGH,TIMETABLE
TRN-003554,GOODS,C07,2026-09-23,16:37,17:30,MEDIUM,GOODS_FORECAST
TRN-003555,PASSENGER,C05,2026-09-19,04:16,04:38,HIGH,TIMETABLE
TRN-003556,PASSENGER,C08,2026-09-07,00:58,01:12,HIGH,TIMETABLE
TRN-003557,EXPRESS,C12,2026-09-30,01:00,01:28,HIGH,TIMETABLE
TRN-003558,SUPERFAST,C19,2026-09-13,06:23,06:36,HIGH,TIMETABLE
TRN-003559,EXPRESS,C07,2026-09-14,12:52,13:16,HIGH,TIMETABLE
TRN-003560,EXPRESS,C20,2026-09-24,12:53,13:16,HIGH,TIMETABLE
TRN-003561,EXPRESS,C03,2026-09-01,04:45,05:05,HIGH,TIMETABLE
TRN-003562,SUPERFAST,C08,2026-09-09,05:56,06:07,HIGH,TIMETABLE
TRN-003563,PASSENGER,C05,2026-09-05,23:12,23:29,HIGH,TIMETABLE
TRN-003564,PASSENGER,C19,2026-09-18,01:21,01:33,HIGH,TIMETABLE
TRN-003565,GOODS,C07,2026-09-24,14:56,15:48,MEDIUM,GOODS_FORECAST
TRN-003566,EXPRESS,C14,2026-09-16,12:13,12:42,HIGH,TIMETABLE
TRN-003567,SUPERFAST,C04,2026-09-16,15:26,15:55,HIGH,TIMETABLE
TRN-003568,PASSENGER,C05,2026-09-21,10:23,10:41,HIGH,TIMETABLE
TRN-003569,GOODS,C04,2026-09-09,10:01,10:27,MEDIUM,GOODS_FORECAST
TRN-003570,SUPERFAST,C07,2026-09-08,11:57,12:09,HIGH,TIMETABLE
TRN-003571,EXPRESS,C13,2026-09-30,12:18,12:41,HIGH,TIMETABLE
TRN-003572,GOODS,C05,2026-09-28,12:51,13:19,MEDIUM,GOODS_FORECAST
TRN-003573,PASSENGER,C13,2026-09-08,16:42,16:56,HIGH,TIMETABLE
TRN-003574,EXPRESS,C03,2026-09-19,19:57,20:18,HIGH,TIMETABLE
TRN-003575,SUPERFAST,C13,2026-09-29,20:54,21:24,HIGH,TIMETABLE
TRN-003576,PASSENGER,C19,2026-09-25,05:23,05:38,HIGH,TIMETABLE
TRN-003577,EXPRESS,C15,2026-09-13,08:58,09:10,HIGH,TIMETABLE
TRN-003578,PASSENGER,C02,2026-09-01,07:23,07:43,HIGH,TIMETABLE
TRN-003579,PASSENGER,C06,2026-09-24,11:25,11:45,HIGH,TIMETABLE
TRN-003580,PASSENGER,C07,2026-09-27,09:15,09:34,HIGH,TIMETABLE
TRN-003581,GOODS,C09,2026-09-29,18:45,19:35,MEDIUM,GOODS_FORECAST
TRN-003582,EXPRESS,C06,2026-09-18,18:17,18:34,HIGH,TIMETABLE
TRN-003583,EXPRESS,C10,2026-09-16,08:13,08:30,HIGH,TIMETABLE
TRN-003584,PASSENGER,C12,2026-09-09,12:54,13:06,HIGH,TIMETABLE
TRN-003585,EXPRESS,C16,2026-09-10,19:48,20:04,HIGH,TIMETABLE
TRN-003586,PASSENGER,C03,2026-09-04,08:53,09:17,HIGH,TIMETABLE
TRN-003587,EXPRESS,C15,2026-09-19,10:48,11:04,HIGH,TIMETABLE
TRN-003588,PASSENGER,C01,2026-09-10,00:28,00:48,HIGH,TIMETABLE
TRN-003589,PASSENGER,C15,2026-09-16,22:12,22:35,HIGH,TIMETABLE
TRN-003590,EXPRESS,C17,2026-09-07,01:46,02:12,HIGH,TIMETABLE
TRN-003591,GOODS,C17,2026-09-02,02:02,02:33,MEDIUM,GOODS_FORECAST
TRN-003592,SUPERFAST,C18,2026-09-16,08:18,08:30,HIGH,TIMETABLE
TRN-003593,PASSENGER,C19,2026-09-03,11:04,11:16,HIGH,TIMETABLE
TRN-003594,GOODS,C09,2026-09-08,14:47,15:42,MEDIUM,GOODS_FORECAST
TRN-003595,EXPRESS,C06,2026-09-21,03:32,03:42,HIGH,TIMETABLE
TRN-003596,EXPRESS,C18,2026-09-03,18:43,19:07,HIGH,TIMETABLE
TRN-003597,PASSENGER,C20,2026-09-22,13:50,14:10,HIGH,TIMETABLE
TRN-003598,EXPRESS,C05,2026-09-11,15:30,15:41,HIGH,TIMETABLE
TRN-003599,EXPRESS,C18,2026-09-21,00:04,00:18,HIGH,TIMETABLE
TRN-003600,GOODS,C19,2026-09-22,06:45,07:25,MEDIUM,GOODS_FORECAST
TRN-003601,GOODS,C03,2026-09-12,08:59,09:35,MEDIUM,GOODS_FORECAST
TRN-003602,SUPERFAST,C07,2026-09-01,13:47,13:58,HIGH,TIMETABLE
TRN-003603,PASSENGER,C07,2026-09-02,06:18,06:41,HIGH,TIMETABLE
TRN-003604,GOODS,C11,2026-09-30,23:44,00:10,MEDIUM,GOODS_FORECAST
TRN-003605,SUPERFAST,C05,2026-09-06,09:50,10:03,HIGH,TIMETABLE
TRN-003606,PASSENGER,C05,2026-09-01,13:46,14:09,HIGH,TIMETABLE
TRN-003607,EXPRESS,C04,2026-09-11,02:34,02:52,HIGH,TIMETABLE
TRN-003608,PASSENGER,C19,2026-09-19,04:50,05:00,HIGH,TIMETABLE
TRN-003609,PASSENGER,C13,2026-09-14,08:31,08:47,HIGH,TIMETABLE
TRN-003610,GOODS,C17,2026-09-05,04:23,04:56,MEDIUM,GOODS_FORECAST
TRN-003611,GOODS,C09,2026-09-02,01:04,01:49,MEDIUM,GOODS_FORECAST
TRN-003612,PASSENGER,C19,2026-09-05,06:17,06:32,HIGH,TIMETABLE
TRN-003613,PASSENGER,C13,2026-09-05,22:21,22:31,HIGH,TIMETABLE
TRN-003614,PASSENGER,C20,2026-09-25,01:34,01:46,HIGH,TIMETABLE
TRN-003615,PASSENGER,C07,2026-09-09,18:14,18:33,HIGH,TIMETABLE
TRN-003616,PASSENGER,C19,2026-09-04,06:34,06:51,HIGH,TIMETABLE
TRN-003617,SUPERFAST,C12,2026-09-06,17:38,18:00,HIGH,TIMETABLE
TRN-003618,GOODS,C04,2026-09-26,07:19,07:54,MEDIUM,GOODS_FORECAST
TRN-003619,PASSENGER,C20,2026-09-09,11:27,11:50,HIGH,TIMETABLE
TRN-003620,SUPERFAST,C11,2026-09-05,07:23,07:42,HIGH,TIMETABLE
TRN-003621,PASSENGER,C13,2026-09-10,10:10,10:34,HIGH,TIMETABLE
TRN-003622,EXPRESS,C01,2026-09-06,09:00,09:28,HIGH,TIMETABLE
TRN-003623,EXPRESS,C14,2026-09-07,09:08,09:23,HIGH,TIMETABLE
TRN-003624,SUPERFAST,C19,2026-09-12,08:26,08:49,HIGH,TIMETABLE
TRN-003625,SUPERFAST,C16,2026-09-21,08:16,08:34,HIGH,TIMETABLE
TRN-003626,SUPERFAST,C18,2026-09-21,21:20,21:41,HIGH,TIMETABLE
TRN-003627,PASSENGER,C16,2026-09-27,07:55,08:16,HIGH,TIMETABLE
TRN-003628,EXPRESS,C03,2026-09-11,23:29,23:44,HIGH,TIMETABLE
TRN-003629,GOODS,C13,2026-09-12,11:20,11:49,MEDIUM,GOODS_FORECAST
TRN-003630,PASSENGER,C13,2026-09-06,12:37,12:54,HIGH,TIMETABLE
TRN-003631,GOODS,C17,2026-09-02,21:08,21:59,MEDIUM,GOODS_FORECAST
TRN-003632,EXPRESS,C04,2026-09-09,16:08,16:29,HIGH,TIMETABLE
TRN-003633,PASSENGER,C13,2026-09-28,19:51,20:12,HIGH,TIMETABLE
TRN-003634,PASSENGER,C15,2026-09-25,09:14,09:36,HIGH,TIMETABLE
TRN-003635,EXPRESS,C11,2026-09-22,07:57,08:17,HIGH,TIMETABLE
TRN-003636,PASSENGER,C19,2026-09-23,23:31,23:54,HIGH,TIMETABLE
TRN-003637,PASSENGER,C19,2026-09-18,11:34,11:51,HIGH,TIMETABLE
TRN-003638,PASSENGER,C07,2026-09-29,13:15,13:40,HIGH,TIMETABLE
TRN-003639,GOODS,C05,2026-09-10,03:31,04:17,MEDIUM,GOODS_FORECAST
TRN-003640,EXPRESS,C06,2026-09-21,15:37,16:07,HIGH,TIMETABLE
TRN-003641,SUPERFAST,C14,2026-09-07,21:20,21:47,HIGH,TIMETABLE
TRN-003642,GOODS,C11,2026-09-09,07:15,07:58,MEDIUM,GOODS_FORECAST
TRN-003643,EXPRESS,C11,2026-09-17,14:38,14:55,HIGH,TIMETABLE
TRN-003644,SUPERFAST,C01,2026-09-14,03:27,03:49,HIGH,TIMETABLE
TRN-003645,SUPERFAST,C05,2026-09-10,19:18,19:43,HIGH,TIMETABLE
TRN-003646,EXPRESS,C08,2026-09-20,20:46,21:13,HIGH,TIMETABLE
TRN-003647,SUPERFAST,C03,2026-09-14,03:16,03:37,HIGH,TIMETABLE
TRN-003648,GOODS,C17,2026-09-03,03:27,04:17,MEDIUM,GOODS_FORECAST
TRN-003649,GOODS,C17,2026-09-21,06:42,07:36,MEDIUM,GOODS_FORECAST
TRN-003650,PASSENGER,C08,2026-09-01,16:58,17:14,HIGH,TIMETABLE
TRN-003651,EXPRESS,C13,2026-09-02,16:05,16:20,HIGH,TIMETABLE
TRN-003652,SUPERFAST,C01,2026-09-04,09:20,09:47,HIGH,TIMETABLE
TRN-003653,SUPERFAST,C16,2026-09-18,00:39,01:06,HIGH,TIMETABLE
TRN-003654,GOODS,C13,2026-09-24,09:23,10:01,MEDIUM,GOODS_FORECAST
TRN-003655,PASSENGER,C04,2026-09-10,13:35,13:51,HIGH,TIMETABLE
TRN-003656,EXPRESS,C10,2026-09-26,15:05,15:27,HIGH,TIMETABLE
TRN-003657,PASSENGER,C09,2026-09-27,04:55,05:10,HIGH,TIMETABLE
TRN-003658,EXPRESS,C10,2026-09-12,13:50,14:06,HIGH,TIMETABLE
TRN-003659,GOODS,C07,2026-09-20,03:42,04:36,MEDIUM,GOODS_FORECAST
TRN-003660,PASSENGER,C19,2026-09-28,20:05,20:24,HIGH,TIMETABLE
TRN-003661,PASSENGER,C13,2026-09-27,19:32,19:50,HIGH,TIMETABLE
TRN-003662,EXPRESS,C03,2026-09-22,03:44,03:59,HIGH,TIMETABLE
TRN-003663,SUPERFAST,C13,2026-09-23,09:58,10:26,HIGH,TIMETABLE
TRN-003664,EXPRESS,C20,2026-09-14,15:24,15:34,HIGH,TIMETABLE
TRN-003665,EXPRESS,C18,2026-09-08,07:27,07:47,HIGH,TIMETABLE
TRN-003666,PASSENGER,C04,2026-09-02,03:34,03:56,HIGH,TIMETABLE
TRN-003667,PASSENGER,C12,2026-09-26,19:29,19:39,HIGH,TIMETABLE
TRN-003668,PASSENGER,C08,2026-09-19,20:32,20:50,HIGH,TIMETABLE
TRN-003669,SUPERFAST,C02,2026-09-25,02:46,03:02,HIGH,TIMETABLE
TRN-003670,PASSENGER,C09,2026-09-09,07:21,07:46,HIGH,TIMETABLE
TRN-003671,GOODS,C14,2026-09-27,16:27,17:05,MEDIUM,GOODS_FORECAST
TRN-003672,GOODS,C09,2026-09-18,03:25,04:08,MEDIUM,GOODS_FORECAST
TRN-003673,PASSENGER,C19,2026-09-18,23:35,23:53,HIGH,TIMETABLE
TRN-003674,PASSENGER,C02,2026-09-03,14:49,15:14,HIGH,TIMETABLE
TRN-003675,SUPERFAST,C02,2026-09-03,08:34,09:01,HIGH,TIMETABLE
TRN-003676,PASSENGER,C13,2026-09-01,09:39,09:51,HIGH,TIMETABLE
TRN-003677,SUPERFAST,C02,2026-09-28,10:38,11:08,HIGH,TIMETABLE
TRN-003678,GOODS,C06,2026-09-29,01:19,01:53,MEDIUM,GOODS_FORECAST
TRN-003679,EXPRESS,C14,2026-09-28,14:14,14:27,HIGH,TIMETABLE
TRN-003680,EXPRESS,C18,2026-09-02,02:28,02:57,HIGH,TIMETABLE
TRN-003681,SUPERFAST,C08,2026-09-10,04:55,05:08,HIGH,TIMETABLE
TRN-003682,GOODS,C07,2026-09-09,17:07,17:53,MEDIUM,GOODS_FORECAST
TRN-003683,PASSENGER,C09,2026-09-29,05:19,05:30,HIGH,TIMETABLE
TRN-003684,PASSENGER,C07,2026-09-03,14:31,14:42,HIGH,TIMETABLE
TRN-003685,SUPERFAST,C19,2026-09-22,03:16,03:41,HIGH,TIMETABLE
TRN-003686,GOODS,C19,2026-09-04,07:00,07:59,MEDIUM,GOODS_FORECAST
TRN-003687,EXPRESS,C03,2026-09-11,16:24,16:37,HIGH,TIMETABLE
TRN-003688,GOODS,C03,2026-09-26,16:54,17:26,MEDIUM,GOODS_FORECAST
TRN-003689,PASSENGER,C05,2026-09-26,03:20,03:39,HIGH,TIMETABLE
TRN-003690,GOODS,C01,2026-09-05,10:21,11:15,MEDIUM,GOODS_FORECAST
TRN-003691,SUPERFAST,C01,2026-09-06,17:46,18:13,HIGH,TIMETABLE
TRN-003692,GOODS,C03,2026-09-10,03:08,03:40,MEDIUM,GOODS_FORECAST
TRN-003693,PASSENGER,C18,2026-09-15,21:34,21:53,HIGH,TIMETABLE
TRN-003694,PASSENGER,C16,2026-09-30,23:47,23:59,HIGH,TIMETABLE
TRN-003695,SUPERFAST,C20,2026-09-07,14:53,15:18,HIGH,TIMETABLE
TRN-003696,GOODS,C12,2026-09-16,12:59,13:42,MEDIUM,GOODS_FORECAST
TRN-003697,GOODS,C07,2026-09-20,02:26,03:06,MEDIUM,GOODS_FORECAST
TRN-003698,EXPRESS,C03,2026-09-02,21:44,22:09,HIGH,TIMETABLE
TRN-003699,PASSENGER,C04,2026-09-22,12:56,13:09,HIGH,TIMETABLE
TRN-003700,SUPERFAST,C10,2026-09-06,08:30,09:00,HIGH,TIMETABLE
TRN-003701,PASSENGER,C12,2026-09-10,01:38,01:50,HIGH,TIMETABLE
TRN-003702,SUPERFAST,C03,2026-09-30,11:27,11:43,HIGH,TIMETABLE
TRN-003703,PASSENGER,C14,2026-09-20,22:38,23:01,HIGH,TIMETABLE
TRN-003704,GOODS,C06,2026-09-13,02:16,03:07,MEDIUM,GOODS_FORECAST
TRN-003705,EXPRESS,C12,2026-09-11,05:42,06:02,HIGH,TIMETABLE
TRN-003706,PASSENGER,C16,2026-09-24,10:38,10:50,HIGH,TIMETABLE
TRN-003707,PASSENGER,C12,2026-09-10,16:36,16:48,HIGH,TIMETABLE
TRN-003708,GOODS,C15,2026-09-19,18:31,19:13,MEDIUM,GOODS_FORECAST
TRN-003709,EXPRESS,C12,2026-09-14,13:19,13:48,HIGH,TIMETABLE
TRN-003710,PASSENGER,C19,2026-09-20,07:32,07:43,HIGH,TIMETABLE
TRN-003711,PASSENGER,C04,2026-09-19,21:27,21:47,HIGH,TIMETABLE
TRN-003712,EXPRESS,C12,2026-09-22,13:43,13:59,HIGH,TIMETABLE
TRN-003713,EXPRESS,C17,2026-09-10,04:58,05:13,HIGH,TIMETABLE
TRN-003714,EXPRESS,C03,2026-09-15,05:19,05:41,HIGH,TIMETABLE
TRN-003715,EXPRESS,C12,2026-09-13,12:31,12:41,HIGH,TIMETABLE
TRN-003716,PASSENGER,C01,2026-09-16,00:46,00:57,HIGH,TIMETABLE
TRN-003717,PASSENGER,C09,2026-09-04,07:35,07:45,HIGH,TIMETABLE
TRN-003718,GOODS,C13,2026-09-17,22:07,22:58,MEDIUM,GOODS_FORECAST
TRN-003719,GOODS,C09,2026-09-02,23:54,00:51,MEDIUM,GOODS_FORECAST
TRN-003720,EXPRESS,C04,2026-09-29,00:10,00:20,HIGH,TIMETABLE
TRN-003721,GOODS,C14,2026-09-14,18:28,18:56,MEDIUM,GOODS_FORECAST
TRN-003722,SUPERFAST,C04,2026-09-16,04:37,05:04,HIGH,TIMETABLE
TRN-003723,PASSENGER,C16,2026-09-14,05:45,06:01,HIGH,TIMETABLE
TRN-003724,EXPRESS,C04,2026-09-04,11:59,12:14,HIGH,TIMETABLE
TRN-003725,PASSENGER,C05,2026-09-18,05:03,05:18,HIGH,TIMETABLE
TRN-003726,PASSENGER,C05,2026-09-10,00:26,00:44,HIGH,TIMETABLE
TRN-003727,EXPRESS,C05,2026-09-17,06:34,06:55,HIGH,TIMETABLE
TRN-003728,GOODS,C19,2026-09-20,10:08,10:35,MEDIUM,GOODS_FORECAST
TRN-003729,PASSENGER,C03,2026-09-02,18:55,19:13,HIGH,TIMETABLE
TRN-003730,EXPRESS,C04,2026-09-08,12:43,12:56,HIGH,TIMETABLE
TRN-003731,SUPERFAST,C08,2026-09-12,22:46,22:56,HIGH,TIMETABLE
TRN-003732,GOODS,C11,2026-09-07,10:52,11:45,MEDIUM,GOODS_FORECAST
TRN-003733,GOODS,C06,2026-09-25,21:57,22:55,MEDIUM,GOODS_FORECAST
TRN-003734,EXPRESS,C01,2026-09-26,14:54,15:13,HIGH,TIMETABLE
TRN-003735,PASSENGER,C12,2026-09-16,18:59,19:10,HIGH,TIMETABLE
TRN-003736,EXPRESS,C15,2026-09-17,08:12,08:22,HIGH,TIMETABLE
TRN-003737,PASSENGER,C18,2026-09-01,02:29,02:39,HIGH,TIMETABLE
TRN-003738,GOODS,C04,2026-09-20,09:49,10:35,MEDIUM,GOODS_FORECAST
TRN-003739,PASSENGER,C03,2026-09-20,11:21,11:35,HIGH,TIMETABLE
TRN-003740,SUPERFAST,C17,2026-09-25,03:15,03:45,HIGH,TIMETABLE
TRN-003741,PASSENGER,C16,2026-09-18,13:59,14:23,HIGH,TIMETABLE
TRN-003742,PASSENGER,C05,2026-09-18,01:14,01:29,HIGH,TIMETABLE
TRN-003743,PASSENGER,C17,2026-09-22,18:57,19:14,HIGH,TIMETABLE
TRN-003744,PASSENGER,C08,2026-09-25,11:45,12:10,HIGH,TIMETABLE
TRN-003745,GOODS,C18,2026-09-21,00:51,01:30,MEDIUM,GOODS_FORECAST
TRN-003746,EXPRESS,C19,2026-09-25,03:56,04:10,HIGH,TIMETABLE
TRN-003747,PASSENGER,C20,2026-09-24,15:10,15:28,HIGH,TIMETABLE
TRN-003748,GOODS,C08,2026-09-27,13:44,14:09,MEDIUM,GOODS_FORECAST
TRN-003749,PASSENGER,C11,2026-09-18,11:01,11:22,HIGH,TIMETABLE
TRN-003750,GOODS,C12,2026-09-19,19:31,20:15,MEDIUM,GOODS_FORECAST
TRN-003751,SUPERFAST,C01,2026-09-18,09:29,09:44,HIGH,TIMETABLE
TRN-003752,EXPRESS,C01,2026-09-27,14:18,14:47,HIGH,TIMETABLE
TRN-003753,GOODS,C19,2026-09-21,01:40,02:24,MEDIUM,GOODS_FORECAST
TRN-003754,EXPRESS,C05,2026-09-17,20:44,21:11,HIGH,TIMETABLE
TRN-003755,EXPRESS,C13,2026-09-03,01:39,02:01,HIGH,TIMETABLE
TRN-003756,PASSENGER,C15,2026-09-08,07:58,08:22,HIGH,TIMETABLE
TRN-003757,SUPERFAST,C12,2026-09-15,01:28,01:40,HIGH,TIMETABLE
TRN-003758,EXPRESS,C05,2026-09-15,14:08,14:20,HIGH,TIMETABLE
TRN-003759,GOODS,C14,2026-09-22,19:07,19:36,MEDIUM,GOODS_FORECAST
TRN-003760,PASSENGER,C18,2026-09-02,04:46,05:07,HIGH,TIMETABLE
TRN-003761,PASSENGER,C01,2026-09-17,09:34,09:50,HIGH,TIMETABLE
TRN-003762,EXPRESS,C13,2026-09-20,20:57,21:12,HIGH,TIMETABLE
TRN-003763,SUPERFAST,C13,2026-09-10,09:11,09:30,HIGH,TIMETABLE
TRN-003764,EXPRESS,C16,2026-09-28,06:09,06:29,HIGH,TIMETABLE
TRN-003765,GOODS,C01,2026-09-18,09:37,10:13,MEDIUM,GOODS_FORECAST
TRN-003766,PASSENGER,C05,2026-09-29,08:33,08:48,HIGH,TIMETABLE
TRN-003767,PASSENGER,C17,2026-09-01,01:05,01:23,HIGH,TIMETABLE
TRN-003768,PASSENGER,C05,2026-09-10,03:46,04:06,HIGH,TIMETABLE
TRN-003769,PASSENGER,C13,2026-09-20,03:41,04:01,HIGH,TIMETABLE
TRN-003770,EXPRESS,C11,2026-09-15,09:37,10:05,HIGH,TIMETABLE
TRN-003771,GOODS,C13,2026-09-06,17:01,17:50,MEDIUM,GOODS_FORECAST
TRN-003772,PASSENGER,C09,2026-09-06,12:35,12:59,HIGH,TIMETABLE
TRN-003773,PASSENGER,C07,2026-09-08,22:25,22:39,HIGH,TIMETABLE
TRN-003774,SUPERFAST,C11,2026-09-22,20:28,20:47,HIGH,TIMETABLE
TRN-003775,EXPRESS,C08,2026-09-28,02:49,03:09,HIGH,TIMETABLE
TRN-003776,SUPERFAST,C05,2026-09-17,13:12,13:29,HIGH,TIMETABLE
TRN-003777,PASSENGER,C01,2026-09-30,04:46,05:09,HIGH,TIMETABLE
TRN-003778,EXPRESS,C20,2026-09-20,03:05,03:29,HIGH,TIMETABLE
TRN-003779,PASSENGER,C16,2026-09-10,05:21,05:35,HIGH,TIMETABLE
TRN-003780,GOODS,C01,2026-09-10,02:58,03:49,MEDIUM,GOODS_FORECAST
TRN-003781,EXPRESS,C06,2026-09-29,04:04,04:25,HIGH,TIMETABLE
TRN-003782,SUPERFAST,C19,2026-09-06,13:51,14:13,HIGH,TIMETABLE
TRN-003783,SUPERFAST,C16,2026-09-28,00:10,00:32,HIGH,TIMETABLE
TRN-003784,PASSENGER,C05,2026-09-27,12:06,12:17,HIGH,TIMETABLE
TRN-003785,GOODS,C04,2026-09-27,07:52,08:27,MEDIUM,GOODS_FORECAST
TRN-003786,EXPRESS,C10,2026-09-18,12:13,12:23,HIGH,TIMETABLE
TRN-003787,PASSENGER,C02,2026-09-14,03:15,03:26,HIGH,TIMETABLE
TRN-003788,PASSENGER,C08,2026-09-21,08:18,08:34,HIGH,TIMETABLE
TRN-003789,EXPRESS,C08,2026-09-16,20:37,21:02,HIGH,TIMETABLE
TRN-003790,PASSENGER,C02,2026-09-01,01:59,02:09,HIGH,TIMETABLE
TRN-003791,PASSENGER,C19,2026-09-21,11:39,12:02,HIGH,TIMETABLE
TRN-003792,PASSENGER,C05,2026-09-06,11:37,11:59,HIGH,TIMETABLE
TRN-003793,SUPERFAST,C09,2026-09-23,16:48,17:00,HIGH,TIMETABLE
TRN-003794,EXPRESS,C12,2026-09-12,20:28,20:47,HIGH,TIMETABLE
TRN-003795,PASSENGER,C15,2026-09-19,21:13,21:27,HIGH,TIMETABLE
TRN-003796,PASSENGER,C10,2026-09-26,11:44,12:00,HIGH,TIMETABLE
TRN-003797,PASSENGER,C08,2026-09-03,13:08,13:32,HIGH,TIMETABLE
TRN-003798,EXPRESS,C18,2026-09-25,02:34,02:53,HIGH,TIMETABLE
TRN-003799,PASSENGER,C10,2026-09-15,09:49,10:06,HIGH,TIMETABLE
TRN-003800,EXPRESS,C04,2026-09-20,10:05,10:26,HIGH,TIMETABLE
TRN-003801,PASSENGER,C20,2026-09-23,03:33,03:45,HIGH,TIMETABLE
TRN-003802,SUPERFAST,C16,2026-09-14,14:21,14:44,HIGH,TIMETABLE
TRN-003803,PASSENGER,C12,2026-09-06,22:29,22:54,HIGH,TIMETABLE
TRN-003804,SUPERFAST,C14,2026-09-03,04:16,04:26,HIGH,TIMETABLE
TRN-003805,SUPERFAST,C06,2026-09-18,02:57,03:27,HIGH,TIMETABLE
TRN-003806,PASSENGER,C18,2026-09-02,13:53,14:05,HIGH,TIMETABLE
TRN-003807,SUPERFAST,C20,2026-09-02,05:19,05:33,HIGH,TIMETABLE
TRN-003808,PASSENGER,C04,2026-09-13,16:19,16:43,HIGH,TIMETABLE
TRN-003809,PASSENGER,C16,2026-09-21,14:35,14:51,HIGH,TIMETABLE
TRN-003810,PASSENGER,C05,2026-09-05,06:46,07:11,HIGH,TIMETABLE
TRN-003811,PASSENGER,C12,2026-09-19,05:18,05:30,HIGH,TIMETABLE
TRN-003812,GOODS,C13,2026-09-27,21:42,22:40,MEDIUM,GOODS_FORECAST
TRN-003813,SUPERFAST,C17,2026-09-12,14:08,14:25,HIGH,TIMETABLE
TRN-003814,GOODS,C03,2026-09-03,09:45,10:19,MEDIUM,GOODS_FORECAST
TRN-003815,SUPERFAST,C07,2026-09-01,01:22,01:32,HIGH,TIMETABLE
TRN-003816,GOODS,C08,2026-09-15,11:29,12:09,MEDIUM,GOODS_FORECAST
TRN-003817,EXPRESS,C18,2026-09-19,23:47,00:01,HIGH,TIMETABLE
TRN-003818,GOODS,C03,2026-09-07,04:53,05:34,MEDIUM,GOODS_FORECAST
TRN-003819,EXPRESS,C20,2026-09-22,21:22,21:48,HIGH,TIMETABLE
TRN-003820,GOODS,C13,2026-09-20,07:07,07:40,MEDIUM,GOODS_FORECAST
TRN-003821,GOODS,C18,2026-09-23,08:48,09:19,MEDIUM,GOODS_FORECAST
TRN-003822,EXPRESS,C18,2026-09-07,23:18,23:43,HIGH,TIMETABLE
TRN-003823,EXPRESS,C19,2026-09-03,11:38,11:54,HIGH,TIMETABLE
TRN-003824,GOODS,C05,2026-09-02,03:13,03:44,MEDIUM,GOODS_FORECAST
TRN-003825,SUPERFAST,C01,2026-09-27,13:14,13:35,HIGH,TIMETABLE
TRN-003826,PASSENGER,C14,2026-09-13,09:59,10:14,HIGH,TIMETABLE
TRN-003827,EXPRESS,C08,2026-09-28,12:35,12:47,HIGH,TIMETABLE
TRN-003828,GOODS,C16,2026-09-06,09:32,10:17,MEDIUM,GOODS_FORECAST
TRN-003829,GOODS,C08,2026-09-26,08:29,09:25,MEDIUM,GOODS_FORECAST
TRN-003830,GOODS,C12,2026-09-22,13:23,14:08,MEDIUM,GOODS_FORECAST
TRN-003831,GOODS,C13,2026-09-20,16:01,16:52,MEDIUM,GOODS_FORECAST
TRN-003832,PASSENGER,C15,2026-09-17,10:01,10:24,HIGH,TIMETABLE
TRN-003833,PASSENGER,C09,2026-09-27,19:43,20:02,HIGH,TIMETABLE
TRN-003834,SUPERFAST,C04,2026-09-01,10:28,10:51,HIGH,TIMETABLE
TRN-003835,SUPERFAST,C11,2026-09-01,14:06,14:34,HIGH,TIMETABLE
TRN-003836,PASSENGER,C19,2026-09-14,11:09,11:31,HIGH,TIMETABLE
TRN-003837,EXPRESS,C11,2026-09-28,03:44,03:58,HIGH,TIMETABLE
TRN-003838,GOODS,C02,2026-09-28,14:23,14:56,MEDIUM,GOODS_FORECAST
TRN-003839,SUPERFAST,C14,2026-09-23,16:48,17:03,HIGH,TIMETABLE
TRN-003840,EXPRESS,C08,2026-09-24,10:54,11:04,HIGH,TIMETABLE
TRN-003841,SUPERFAST,C19,2026-09-25,07:21,07:39,HIGH,TIMETABLE
TRN-003842,SUPERFAST,C09,2026-09-28,04:43,04:55,HIGH,TIMETABLE
TRN-003843,PASSENGER,C04,2026-09-10,14:55,15:16,HIGH,TIMETABLE
TRN-003844,GOODS,C06,2026-09-05,06:41,07:24,MEDIUM,GOODS_FORECAST
TRN-003845,GOODS,C15,2026-09-18,23:32,23:57,MEDIUM,GOODS_FORECAST
TRN-003846,PASSENGER,C12,2026-09-16,19:21,19:45,HIGH,TIMETABLE
TRN-003847,GOODS,C05,2026-09-12,03:58,04:56,MEDIUM,GOODS_FORECAST
TRN-003848,PASSENGER,C02,2026-09-15,00:49,01:05,HIGH,TIMETABLE
TRN-003849,PASSENGER,C20,2026-09-17,04:34,04:46,HIGH,TIMETABLE
TRN-003850,PASSENGER,C18,2026-09-22,04:54,05:11,HIGH,TIMETABLE
TRN-003851,PASSENGER,C05,2026-09-23,01:54,02:12,HIGH,TIMETABLE
TRN-003852,PASSENGER,C13,2026-09-16,13:39,14:03,HIGH,TIMETABLE
TRN-003853,PASSENGER,C07,2026-09-14,21:30,21:47,HIGH,TIMETABLE
TRN-003854,SUPERFAST,C17,2026-09-14,06:50,07:00,HIGH,TIMETABLE
TRN-003855,PASSENGER,C05,2026-09-29,05:10,05:20,HIGH,TIMETABLE
TRN-003856,GOODS,C02,2026-09-29,23:04,00:02,MEDIUM,GOODS_FORECAST
TRN-003857,PASSENGER,C09,2026-09-05,13:14,13:32,HIGH,TIMETABLE
TRN-003858,SUPERFAST,C18,2026-09-07,06:59,07:15,HIGH,TIMETABLE
TRN-003859,EXPRESS,C15,2026-09-22,19:40,20:02,HIGH,TIMETABLE
TRN-003860,PASSENGER,C17,2026-09-06,23:35,23:57,HIGH,TIMETABLE
TRN-003861,EXPRESS,C03,2026-09-23,07:03,07:25,HIGH,TIMETABLE
TRN-003862,PASSENGER,C11,2026-09-21,23:06,23:24,HIGH,TIMETABLE
TRN-003863,SUPERFAST,C10,2026-09-29,14:50,15:19,HIGH,TIMETABLE
TRN-003864,PASSENGER,C18,2026-09-12,14:18,14:36,HIGH,TIMETABLE
TRN-003865,EXPRESS,C02,2026-09-04,06:24,06:38,HIGH,TIMETABLE
TRN-003866,PASSENGER,C12,2026-09-25,03:11,03:27,HIGH,TIMETABLE
TRN-003867,EXPRESS,C01,2026-09-03,03:41,04:01,HIGH,TIMETABLE
TRN-003868,PASSENGER,C04,2026-09-16,11:46,11:57,HIGH,TIMETABLE
TRN-003869,EXPRESS,C02,2026-09-07,17:52,18:18,HIGH,TIMETABLE
TRN-003870,EXPRESS,C02,2026-09-10,08:42,09:12,HIGH,TIMETABLE
TRN-003871,PASSENGER,C10,2026-09-02,09:16,09:33,HIGH,TIMETABLE
TRN-003872,PASSENGER,C13,2026-09-13,17:22,17:42,HIGH,TIMETABLE
TRN-003873,PASSENGER,C07,2026-09-27,11:16,11:32,HIGH,TIMETABLE
TRN-003874,EXPRESS,C04,2026-09-09,17:34,18:04,HIGH,TIMETABLE
TRN-003875,PASSENGER,C10,2026-09-15,10:54,11:15,HIGH,TIMETABLE
TRN-003876,EXPRESS,C07,2026-09-02,21:18,21:48,HIGH,TIMETABLE
TRN-003877,PASSENGER,C13,2026-09-17,10:50,11:12,HIGH,TIMETABLE
TRN-003878,PASSENGER,C04,2026-09-16,15:23,15:41,HIGH,TIMETABLE
TRN-003879,PASSENGER,C20,2026-09-02,05:16,05:40,HIGH,TIMETABLE
TRN-003880,SUPERFAST,C04,2026-09-13,20:41,21:07,HIGH,TIMETABLE
TRN-003881,SUPERFAST,C07,2026-09-16,23:57,00:10,HIGH,TIMETABLE
TRN-003882,EXPRESS,C04,2026-09-12,17:36,17:58,HIGH,TIMETABLE
TRN-003883,EXPRESS,C17,2026-09-14,03:51,04:03,HIGH,TIMETABLE
TRN-003884,EXPRESS,C16,2026-09-27,13:09,13:33,HIGH,TIMETABLE
TRN-003885,EXPRESS,C17,2026-09-07,22:39,22:55,HIGH,TIMETABLE
TRN-003886,PASSENGER,C03,2026-09-16,01:25,01:45,HIGH,TIMETABLE
TRN-003887,GOODS,C11,2026-09-18,07:04,07:52,MEDIUM,GOODS_FORECAST
TRN-003888,PASSENGER,C12,2026-09-21,18:24,18:36,HIGH,TIMETABLE
TRN-003889,EXPRESS,C14,2026-09-11,15:00,15:14,HIGH,TIMETABLE
TRN-003890,EXPRESS,C08,2026-09-12,08:10,08:27,HIGH,TIMETABLE
TRN-003891,EXPRESS,C19,2026-09-25,17:22,17:37,HIGH,TIMETABLE
TRN-003892,PASSENGER,C13,2026-09-13,22:30,22:44,HIGH,TIMETABLE
TRN-003893,PASSENGER,C16,2026-09-11,19:05,19:16,HIGH,TIMETABLE
TRN-003894,PASSENGER,C11,2026-09-18,09:08,09:31,HIGH,TIMETABLE
TRN-003895,EXPRESS,C16,2026-09-20,07:06,07:16,HIGH,TIMETABLE
TRN-003896,GOODS,C07,2026-09-01,05:10,06:07,MEDIUM,GOODS_FORECAST
TRN-003897,PASSENGER,C06,2026-09-29,15:46,16:01,HIGH,TIMETABLE
TRN-003898,EXPRESS,C13,2026-09-14,20:13,20:40,HIGH,TIMETABLE
TRN-003899,GOODS,C08,2026-09-09,10:48,11:17,MEDIUM,GOODS_FORECAST
TRN-003900,SUPERFAST,C02,2026-09-06,10:55,11:09,HIGH,TIMETABLE
TRN-003901,GOODS,C12,2026-09-10,14:33,15:04,MEDIUM,GOODS_FORECAST
TRN-003902,GOODS,C01,2026-09-26,18:34,19:28,MEDIUM,GOODS_FORECAST
TRN-003903,GOODS,C01,2026-09-18,19:15,20:10,MEDIUM,GOODS_FORECAST
TRN-003904,PASSENGER,C01,2026-09-21,15:35,15:52,HIGH,TIMETABLE
TRN-003905,EXPRESS,C06,2026-09-16,16:13,16:38,HIGH,TIMETABLE
TRN-003906,EXPRESS,C04,2026-09-04,17:06,17:25,HIGH,TIMETABLE
TRN-003907,PASSENGER,C05,2026-09-23,16:24,16:46,HIGH,TIMETABLE
TRN-003908,PASSENGER,C20,2026-09-02,00:17,00:41,HIGH,TIMETABLE
TRN-003909,GOODS,C05,2026-09-03,01:38,02:12,MEDIUM,GOODS_FORECAST
TRN-003910,SUPERFAST,C09,2026-09-05,06:36,06:55,HIGH,TIMETABLE
TRN-003911,SUPERFAST,C16,2026-09-07,23:08,23:19,HIGH,TIMETABLE
TRN-003912,PASSENGER,C16,2026-09-28,23:36,00:00,HIGH,TIMETABLE
TRN-003913,GOODS,C04,2026-09-25,21:07,21:59,MEDIUM,GOODS_FORECAST
TRN-003914,GOODS,C19,2026-09-19,21:32,22:27,MEDIUM,GOODS_FORECAST
TRN-003915,PASSENGER,C12,2026-09-23,20:49,21:12,HIGH,TIMETABLE
TRN-003916,PASSENGER,C13,2026-09-13,15:32,15:55,HIGH,TIMETABLE
TRN-003917,PASSENGER,C20,2026-09-20,23:15,23:37,HIGH,TIMETABLE
TRN-003918,EXPRESS,C08,2026-09-07,09:48,10:06,HIGH,TIMETABLE
TRN-003919,PASSENGER,C20,2026-09-23,12:30,12:44,HIGH,TIMETABLE
TRN-003920,PASSENGER,C10,2026-09-05,23:01,23:23,HIGH,TIMETABLE
TRN-003921,SUPERFAST,C12,2026-09-07,15:39,16:08,HIGH,TIMETABLE
TRN-003922,PASSENGER,C06,2026-09-05,03:00,03:12,HIGH,TIMETABLE
TRN-003923,SUPERFAST,C08,2026-09-20,00:27,00:51,HIGH,TIMETABLE
TRN-003924,PASSENGER,C10,2026-09-16,22:55,23:12,HIGH,TIMETABLE
TRN-003925,EXPRESS,C04,2026-09-11,16:49,17:19,HIGH,TIMETABLE
TRN-003926,EXPRESS,C03,2026-09-30,11:13,11:24,HIGH,TIMETABLE
TRN-003927,SUPERFAST,C04,2026-09-02,02:21,02:43,HIGH,TIMETABLE
TRN-003928,SUPERFAST,C05,2026-09-14,00:18,00:28,HIGH,TIMETABLE
TRN-003929,EXPRESS,C05,2026-09-13,11:54,12:21,HIGH,TIMETABLE
TRN-003930,EXPRESS,C07,2026-09-22,08:55,09:19,HIGH,TIMETABLE
TRN-003931,GOODS,C20,2026-09-15,18:59,19:37,MEDIUM,GOODS_FORECAST
TRN-003932,PASSENGER,C10,2026-09-17,17:04,17:20,HIGH,TIMETABLE
TRN-003933,EXPRESS,C03,2026-09-20,06:22,06:35,HIGH,TIMETABLE
TRN-003934,PASSENGER,C13,2026-09-16,19:27,19:39,HIGH,TIMETABLE
TRN-003935,GOODS,C13,2026-09-08,17:14,18:05,MEDIUM,GOODS_FORECAST
TRN-003936,GOODS,C13,2026-09-28,09:40,10:20,MEDIUM,GOODS_FORECAST
TRN-003937,GOODS,C01,2026-09-29,07:05,07:35,MEDIUM,GOODS_FORECAST
TRN-003938,GOODS,C16,2026-09-23,04:44,05:35,MEDIUM,GOODS_FORECAST
TRN-003939,EXPRESS,C05,2026-09-25,17:41,17:55,HIGH,TIMETABLE
TRN-003940,PASSENGER,C18,2026-09-11,09:00,09:15,HIGH,TIMETABLE
TRN-003941,GOODS,C16,2026-09-22,04:23,05:06,MEDIUM,GOODS_FORECAST
TRN-003942,PASSENGER,C02,2026-09-23,23:03,23:17,HIGH,TIMETABLE
TRN-003943,PASSENGER,C13,2026-09-22,01:41,01:53,HIGH,TIMETABLE
TRN-003944,PASSENGER,C13,2026-09-26,00:35,00:55,HIGH,TIMETABLE
TRN-003945,PASSENGER,C01,2026-09-18,11:32,11:50,HIGH,TIMETABLE
TRN-003946,PASSENGER,C05,2026-09-16,03:54,04:16,HIGH,TIMETABLE
TRN-003947,GOODS,C07,2026-09-24,01:56,02:33,MEDIUM,GOODS_FORECAST
TRN-003948,GOODS,C11,2026-09-29,14:21,14:59,MEDIUM,GOODS_FORECAST
TRN-003949,EXPRESS,C07,2026-09-26,00:26,00:38,HIGH,TIMETABLE
TRN-003950,GOODS,C02,2026-09-24,01:17,01:45,MEDIUM,GOODS_FORECAST
TRN-003951,EXPRESS,C20,2026-09-19,08:00,08:12,HIGH,TIMETABLE
TRN-003952,EXPRESS,C17,2026-09-04,00:07,00:26,HIGH,TIMETABLE
TRN-003953,GOODS,C18,2026-09-02,05:55,06:53,MEDIUM,GOODS_FORECAST
TRN-003954,SUPERFAST,C08,2026-09-11,23:51,00:09,HIGH,TIMETABLE
TRN-003955,PASSENGER,C18,2026-09-29,20:29,20:44,HIGH,TIMETABLE
TRN-003956,SUPERFAST,C02,2026-09-20,07:51,08:02,HIGH,TIMETABLE
TRN-003957,GOODS,C08,2026-09-21,15:08,15:59,MEDIUM,GOODS_FORECAST
TRN-003958,EXPRESS,C08,2026-09-25,14:15,14:37,HIGH,TIMETABLE
TRN-003959,PASSENGER,C01,2026-09-17,02:48,03:02,HIGH,TIMETABLE
TRN-003960,GOODS,C14,2026-09-17,02:16,03:03,MEDIUM,GOODS_FORECAST
TRN-003961,GOODS,C19,2026-09-10,15:39,16:20,MEDIUM,GOODS_FORECAST
TRN-003962,SUPERFAST,C01,2026-09-28,11:51,12:08,HIGH,TIMETABLE
TRN-003963,PASSENGER,C03,2026-09-02,11:54,12:10,HIGH,TIMETABLE
TRN-003964,SUPERFAST,C08,2026-09-01,20:55,21:18,HIGH,TIMETABLE
TRN-003965,EXPRESS,C07,2026-09-20,15:17,15:46,HIGH,TIMETABLE
TRN-003966,EXPRESS,C05,2026-09-04,19:02,19:30,HIGH,TIMETABLE
TRN-003967,GOODS,C10,2026-09-05,22:46,23:38,MEDIUM,GOODS_FORECAST
TRN-003968,SUPERFAST,C16,2026-09-14,12:09,12:39,HIGH,TIMETABLE
TRN-003969,PASSENGER,C04,2026-09-13,16:34,16:57,HIGH,TIMETABLE
TRN-003970,EXPRESS,C04,2026-09-17,16:54,17:19,HIGH,TIMETABLE
TRN-003971,EXPRESS,C05,2026-09-22,18:07,18:34,HIGH,TIMETABLE
TRN-003972,GOODS,C07,2026-09-14,08:03,08:55,MEDIUM,GOODS_FORECAST
TRN-003973,EXPRESS,C12,2026-09-01,02:59,03:29,HIGH,TIMETABLE
TRN-003974,EXPRESS,C06,2026-09-15,13:42,13:57,HIGH,TIMETABLE
TRN-003975,EXPRESS,C06,2026-09-14,14:45,15:08,HIGH,TIMETABLE
TRN-003976,EXPRESS,C17,2026-09-01,19:27,19:43,HIGH,TIMETABLE
TRN-003977,EXPRESS,C13,2026-09-03,13:29,13:49,HIGH,TIMETABLE
TRN-003978,PASSENGER,C18,2026-09-30,21:52,22:02,HIGH,TIMETABLE
TRN-003979,EXPRESS,C19,2026-09-19,08:15,08:35,HIGH,TIMETABLE
TRN-003980,EXPRESS,C04,2026-09-05,11:02,11:22,HIGH,TIMETABLE
TRN-003981,SUPERFAST,C16,2026-09-15,05:11,05:34,HIGH,TIMETABLE
TRN-003982,PASSENGER,C20,2026-09-27,16:55,17:17,HIGH,TIMETABLE
TRN-003983,PASSENGER,C18,2026-09-27,06:24,06:45,HIGH,TIMETABLE
TRN-003984,GOODS,C18,2026-09-01,10:49,11:15,MEDIUM,GOODS_FORECAST
TRN-003985,GOODS,C10,2026-09-04,15:02,15:33,MEDIUM,GOODS_FORECAST
TRN-003986,GOODS,C13,2026-09-11,16:28,17:28,MEDIUM,GOODS_FORECAST
TRN-003987,EXPRESS,C19,2026-09-03,04:44,05:12,HIGH,TIMETABLE
TRN-003988,GOODS,C12,2026-09-28,13:31,14:18,MEDIUM,GOODS_FORECAST
TRN-003989,GOODS,C18,2026-09-18,15:03,15:33,MEDIUM,GOODS_FORECAST
TRN-003990,SUPERFAST,C10,2026-09-17,14:37,14:48,HIGH,TIMETABLE
TRN-003991,PASSENGER,C12,2026-09-25,01:29,01:39,HIGH,TIMETABLE
TRN-003992,SUPERFAST,C06,2026-09-09,09:12,09:41,HIGH,TIMETABLE
TRN-003993,SUPERFAST,C06,2026-09-17,15:15,15:42,HIGH,TIMETABLE
TRN-003994,GOODS,C16,2026-09-12,21:49,22:43,MEDIUM,GOODS_FORECAST
TRN-003995,GOODS,C08,2026-09-21,00:34,01:08,MEDIUM,GOODS_FORECAST
TRN-003996,EXPRESS,C01,2026-09-04,03:28,03:42,HIGH,TIMETABLE
TRN-003997,PASSENGER,C01,2026-09-03,21:58,22:20,HIGH,TIMETABLE
TRN-003998,GOODS,C02,2026-09-16,09:23,09:58,MEDIUM,GOODS_FORECAST
TRN-003999,EXPRESS,C01,2026-09-13,22:34,23:04,HIGH,TIMETABLE
TRN-004000,SUPERFAST,C05,2026-09-06,05:31,05:48,HIGH,TIMETABLE
TRN-004001,GOODS,C14,2026-09-20,07:11,07:43,MEDIUM,GOODS_FORECAST
TRN-004002,SUPERFAST,C01,2026-09-13,05:44,05:55,HIGH,TIMETABLE
TRN-004003,PASSENGER,C16,2026-09-21,06:40,06:50,HIGH,TIMETABLE
TRN-004004,GOODS,C09,2026-09-26,05:53,06:42,MEDIUM,GOODS_FORECAST
TRN-004005,SUPERFAST,C14,2026-09-05,08:51,09:19,HIGH,TIMETABLE
TRN-004006,EXPRESS,C08,2026-09-16,21:40,21:59,HIGH,TIMETABLE
TRN-004007,GOODS,C11,2026-09-16,23:33,00:03,MEDIUM,GOODS_FORECAST
TRN-004008,GOODS,C09,2026-09-10,13:20,14:08,MEDIUM,GOODS_FORECAST
TRN-004009,GOODS,C16,2026-09-09,01:41,02:30,MEDIUM,GOODS_FORECAST
TRN-004010,EXPRESS,C16,2026-09-26,07:06,07:27,HIGH,TIMETABLE
TRN-004011,SUPERFAST,C09,2026-09-12,07:28,07:46,HIGH,TIMETABLE
TRN-004012,PASSENGER,C03,2026-09-09,12:59,13:22,HIGH,TIMETABLE
TRN-004013,GOODS,C18,2026-09-22,14:17,15:04,MEDIUM,GOODS_FORECAST
TRN-004014,GOODS,C17,2026-09-07,22:44,23:26,MEDIUM,GOODS_FORECAST
TRN-004015,EXPRESS,C10,2026-09-18,07:48,08:09,HIGH,TIMETABLE
TRN-004016,SUPERFAST,C14,2026-09-21,05:27,05:50,HIGH,TIMETABLE
TRN-004017,GOODS,C07,2026-09-14,13:22,14:06,MEDIUM,GOODS_FORECAST
TRN-004018,EXPRESS,C08,2026-09-05,01:00,01:24,HIGH,TIMETABLE
TRN-004019,EXPRESS,C17,2026-09-16,00:09,00:35,HIGH,TIMETABLE
TRN-004020,GOODS,C10,2026-09-08,05:25,06:16,MEDIUM,GOODS_FORECAST
TRN-004021,SUPERFAST,C20,2026-09-18,07:27,07:57,HIGH,TIMETABLE
TRN-004022,PASSENGER,C08,2026-09-28,14:41,15:01,HIGH,TIMETABLE
TRN-004023,GOODS,C02,2026-09-12,00:48,01:32,MEDIUM,GOODS_FORECAST
TRN-004024,PASSENGER,C02,2026-09-12,01:05,01:20,HIGH,TIMETABLE
TRN-004025,EXPRESS,C13,2026-09-15,05:38,05:48,HIGH,TIMETABLE
TRN-004026,PASSENGER,C07,2026-09-09,05:52,06:08,HIGH,TIMETABLE
TRN-004027,EXPRESS,C15,2026-09-15,07:45,08:10,HIGH,TIMETABLE
TRN-004028,GOODS,C19,2026-09-11,09:12,09:59,MEDIUM,GOODS_FORECAST
TRN-004029,SUPERFAST,C01,2026-09-08,19:11,19:21,HIGH,TIMETABLE
TRN-004030,PASSENGER,C05,2026-09-11,19:05,19:26,HIGH,TIMETABLE
TRN-004031,PASSENGER,C02,2026-09-22,04:31,04:41,HIGH,TIMETABLE
TRN-004032,PASSENGER,C11,2026-09-01,22:27,22:42,HIGH,TIMETABLE
TRN-004033,GOODS,C04,2026-09-10,07:09,07:55,MEDIUM,GOODS_FORECAST
TRN-004034,PASSENGER,C03,2026-09-05,15:50,16:08,HIGH,TIMETABLE
TRN-004035,SUPERFAST,C08,2026-09-27,07:38,08:03,HIGH,TIMETABLE
TRN-004036,SUPERFAST,C11,2026-09-07,02:41,02:54,HIGH,TIMETABLE
TRN-004037,PASSENGER,C08,2026-09-22,12:02,12:12,HIGH,TIMETABLE
TRN-004038,PASSENGER,C06,2026-09-13,12:13,12:28,HIGH,TIMETABLE
TRN-004039,GOODS,C09,2026-09-05,18:49,19:41,MEDIUM,GOODS_FORECAST
TRN-004040,GOODS,C13,2026-09-29,06:15,07:02,MEDIUM,GOODS_FORECAST
TRN-004041,PASSENGER,C02,2026-09-17,12:24,12:49,HIGH,TIMETABLE
TRN-004042,PASSENGER,C07,2026-09-18,23:06,23:27,HIGH,TIMETABLE
TRN-004043,PASSENGER,C11,2026-09-03,08:51,09:14,HIGH,TIMETABLE
TRN-004044,GOODS,C20,2026-09-27,21:21,21:51,MEDIUM,GOODS_FORECAST
TRN-004045,EXPRESS,C11,2026-09-04,02:40,03:05,HIGH,TIMETABLE
TRN-004046,SUPERFAST,C10,2026-09-12,12:12,12:32,HIGH,TIMETABLE
TRN-004047,SUPERFAST,C08,2026-09-23,15:29,15:40,HIGH,TIMETABLE
TRN-004048,GOODS,C14,2026-09-05,16:10,16:46,MEDIUM,GOODS_FORECAST
TRN-004049,EXPRESS,C04,2026-09-14,15:33,15:49,HIGH,TIMETABLE
TRN-004050,PASSENGER,C09,2026-09-13,03:15,03:29,HIGH,TIMETABLE
TRN-004051,GOODS,C11,2026-09-27,16:14,17:02,MEDIUM,GOODS_FORECAST
TRN-004052,GOODS,C06,2026-09-25,14:31,15:12,MEDIUM,GOODS_FORECAST
TRN-004053,GOODS,C06,2026-09-25,14:28,14:54,MEDIUM,GOODS_FORECAST
TRN-004054,EXPRESS,C17,2026-09-04,17:26,17:56,HIGH,TIMETABLE
TRN-004055,EXPRESS,C06,2026-09-01,20:06,20:35,HIGH,TIMETABLE
TRN-004056,GOODS,C14,2026-09-19,07:59,08:29,MEDIUM,GOODS_FORECAST
TRN-004057,SUPERFAST,C14,2026-09-08,00:41,00:58,HIGH,TIMETABLE
TRN-004058,GOODS,C20,2026-09-11,02:31,03:23,MEDIUM,GOODS_FORECAST
TRN-004059,SUPERFAST,C02,2026-09-10,11:27,11:38,HIGH,TIMETABLE
TRN-004060,SUPERFAST,C20,2026-09-27,20:08,20:35,HIGH,TIMETABLE
TRN-004061,PASSENGER,C05,2026-09-30,23:06,23:29,HIGH,TIMETABLE
TRN-004062,EXPRESS,C04,2026-09-06,07:20,07:38,HIGH,TIMETABLE
TRN-004063,SUPERFAST,C17,2026-09-30,18:58,19:24,HIGH,TIMETABLE
TRN-004064,GOODS,C10,2026-09-17,11:44,12:14,MEDIUM,GOODS_FORECAST
TRN-004065,SUPERFAST,C05,2026-09-02,04:57,05:18,HIGH,TIMETABLE
TRN-004066,SUPERFAST,C08,2026-09-13,10:09,10:30,HIGH,TIMETABLE
TRN-004067,PASSENGER,C05,2026-09-18,05:59,06:16,HIGH,TIMETABLE
TRN-004068,PASSENGER,C09,2026-09-05,16:05,16:26,HIGH,TIMETABLE
TRN-004069,SUPERFAST,C15,2026-09-13,15:55,16:10,HIGH,TIMETABLE
TRN-004070,SUPERFAST,C03,2026-09-04,11:18,11:37,HIGH,TIMETABLE
TRN-004071,EXPRESS,C10,2026-09-21,08:49,09:05,HIGH,TIMETABLE
TRN-004072,GOODS,C17,2026-09-28,06:55,07:39,MEDIUM,GOODS_FORECAST
TRN-004073,PASSENGER,C20,2026-09-12,07:40,07:52,HIGH,TIMETABLE
TRN-004074,GOODS,C06,2026-09-22,19:58,20:53,MEDIUM,GOODS_FORECAST
TRN-004075,EXPRESS,C04,2026-09-11,00:32,00:55,HIGH,TIMETABLE
TRN-004076,PASSENGER,C19,2026-09-04,22:58,23:22,HIGH,TIMETABLE
TRN-004077,SUPERFAST,C13,2026-09-29,11:35,11:47,HIGH,TIMETABLE
TRN-004078,GOODS,C07,2026-09-28,05:31,06:28,MEDIUM,GOODS_FORECAST
TRN-004079,PASSENGER,C14,2026-09-05,23:23,23:35,HIGH,TIMETABLE
TRN-004080,SUPERFAST,C17,2026-09-16,07:48,08:17,HIGH,TIMETABLE
TRN-004081,PASSENGER,C04,2026-09-19,18:46,19:03,HIGH,TIMETABLE
TRN-004082,EXPRESS,C03,2026-09-26,10:59,11:23,HIGH,TIMETABLE
TRN-004083,PASSENGER,C15,2026-09-14,16:31,16:44,HIGH,TIMETABLE
TRN-004084,SUPERFAST,C12,2026-09-05,19:16,19:42,HIGH,TIMETABLE
TRN-004085,SUPERFAST,C16,2026-09-01,15:05,15:35,HIGH,TIMETABLE
TRN-004086,PASSENGER,C20,2026-09-24,21:07,21:19,HIGH,TIMETABLE
TRN-004087,EXPRESS,C07,2026-09-02,08:40,08:58,HIGH,TIMETABLE
TRN-004088,PASSENGER,C01,2026-09-26,06:03,06:13,HIGH,TIMETABLE
TRN-004089,PASSENGER,C13,2026-09-24,17:46,18:03,HIGH,TIMETABLE
TRN-004090,EXPRESS,C18,2026-09-20,01:10,01:26,HIGH,TIMETABLE
TRN-004091,SUPERFAST,C10,2026-09-21,11:49,12:00,HIGH,TIMETABLE
TRN-004092,PASSENGER,C11,2026-09-17,13:38,14:02,HIGH,TIMETABLE
TRN-004093,SUPERFAST,C02,2026-09-08,22:08,22:19,HIGH,TIMETABLE
TRN-004094,PASSENGER,C20,2026-09-25,07:01,07:19,HIGH,TIMETABLE
TRN-004095,EXPRESS,C15,2026-09-22,11:52,12:11,HIGH,TIMETABLE
TRN-004096,SUPERFAST,C18,2026-09-23,04:59,05:16,HIGH,TIMETABLE
TRN-004097,SUPERFAST,C18,2026-09-17,03:17,03:28,HIGH,TIMETABLE
TRN-004098,PASSENGER,C08,2026-09-27,18:45,18:59,HIGH,TIMETABLE
TRN-004099,EXPRESS,C03,2026-09-02,10:42,10:55,HIGH,TIMETABLE
TRN-004100,PASSENGER,C09,2026-09-13,02:03,02:16,HIGH,TIMETABLE
TRN-004101,EXPRESS,C06,2026-09-05,00:05,00:18,HIGH,TIMETABLE
TRN-004102,PASSENGER,C18,2026-09-06,12:20,12:37,HIGH,TIMETABLE
TRN-004103,PASSENGER,C18,2026-09-24,06:43,06:55,HIGH,TIMETABLE
TRN-004104,GOODS,C13,2026-09-17,04:08,04:59,MEDIUM,GOODS_FORECAST
TRN-004105,PASSENGER,C01,2026-09-08,18:20,18:32,HIGH,TIMETABLE
TRN-004106,SUPERFAST,C16,2026-09-08,12:59,13:28,HIGH,TIMETABLE
TRN-004107,PASSENGER,C17,2026-09-19,10:27,10:52,HIGH,TIMETABLE
TRN-004108,EXPRESS,C06,2026-09-02,01:27,01:37,HIGH,TIMETABLE
TRN-004109,EXPRESS,C03,2026-09-09,23:51,00:04,HIGH,TIMETABLE
TRN-004110,SUPERFAST,C16,2026-09-30,00:18,00:42,HIGH,TIMETABLE
TRN-004111,PASSENGER,C08,2026-09-09,19:08,19:29,HIGH,TIMETABLE
TRN-004112,GOODS,C01,2026-09-26,22:19,23:18,MEDIUM,GOODS_FORECAST
TRN-004113,GOODS,C11,2026-09-04,06:09,06:47,MEDIUM,GOODS_FORECAST
TRN-004114,EXPRESS,C17,2026-09-12,02:45,02:58,HIGH,TIMETABLE
TRN-004115,GOODS,C19,2026-09-25,02:44,03:25,MEDIUM,GOODS_FORECAST
TRN-004116,SUPERFAST,C10,2026-09-12,08:51,09:12,HIGH,TIMETABLE
TRN-004117,EXPRESS,C16,2026-09-05,21:03,21:25,HIGH,TIMETABLE
TRN-004118,PASSENGER,C13,2026-09-27,03:55,04:10,HIGH,TIMETABLE
TRN-004119,EXPRESS,C16,2026-09-03,08:03,08:27,HIGH,TIMETABLE
TRN-004120,EXPRESS,C04,2026-09-23,23:03,23:29,HIGH,TIMETABLE
TRN-004121,EXPRESS,C05,2026-09-28,14:31,14:48,HIGH,TIMETABLE
TRN-004122,EXPRESS,C13,2026-09-04,04:35,04:57,HIGH,TIMETABLE
TRN-004123,SUPERFAST,C13,2026-09-30,15:02,15:29,HIGH,TIMETABLE
TRN-004124,PASSENGER,C01,2026-09-12,12:24,12:49,HIGH,TIMETABLE
TRN-004125,PASSENGER,C04,2026-09-07,18:35,19:00,HIGH,TIMETABLE
TRN-004126,SUPERFAST,C02,2026-09-06,04:46,05:02,HIGH,TIMETABLE
TRN-004127,SUPERFAST,C10,2026-09-22,12:59,13:11,HIGH,TIMETABLE
TRN-004128,PASSENGER,C13,2026-09-29,13:00,13:15,HIGH,TIMETABLE
TRN-004129,EXPRESS,C07,2026-09-24,07:27,07:37,HIGH,TIMETABLE
TRN-004130,PASSENGER,C04,2026-09-03,15:36,15:59,HIGH,TIMETABLE
TRN-004131,SUPERFAST,C10,2026-09-06,21:22,21:35,HIGH,TIMETABLE
TRN-004132,EXPRESS,C10,2026-09-17,07:44,07:57,HIGH,TIMETABLE
TRN-004133,SUPERFAST,C18,2026-09-24,14:23,14:39,HIGH,TIMETABLE
TRN-004134,GOODS,C14,2026-09-09,16:21,16:47,MEDIUM,GOODS_FORECAST
TRN-004135,GOODS,C13,2026-09-11,12:52,13:51,MEDIUM,GOODS_FORECAST
TRN-004136,GOODS,C13,2026-09-19,17:25,18:20,MEDIUM,GOODS_FORECAST
TRN-004137,GOODS,C07,2026-09-13,18:48,19:48,MEDIUM,GOODS_FORECAST
TRN-004138,SUPERFAST,C08,2026-09-01,00:57,01:15,HIGH,TIMETABLE
TRN-004139,EXPRESS,C16,2026-09-22,20:35,21:05,HIGH,TIMETABLE
TRN-004140,PASSENGER,C08,2026-09-23,02:41,03:02,HIGH,TIMETABLE
TRN-004141,EXPRESS,C06,2026-09-24,04:56,05:25,HIGH,TIMETABLE
TRN-004142,PASSENGER,C06,2026-09-16,01:58,02:20,HIGH,TIMETABLE
TRN-004143,PASSENGER,C08,2026-09-09,02:11,02:22,HIGH,TIMETABLE
TRN-004144,GOODS,C02,2026-09-13,23:24,23:58,MEDIUM,GOODS_FORECAST
TRN-004145,EXPRESS,C03,2026-09-18,15:25,15:40,HIGH,TIMETABLE
TRN-004146,PASSENGER,C06,2026-09-09,16:22,16:35,HIGH,TIMETABLE
TRN-004147,EXPRESS,C01,2026-09-03,18:18,18:31,HIGH,TIMETABLE
TRN-004148,EXPRESS,C19,2026-09-25,13:40,14:10,HIGH,TIMETABLE
TRN-004149,PASSENGER,C16,2026-09-11,23:06,23:30,HIGH,TIMETABLE
TRN-004150,EXPRESS,C17,2026-09-21,08:36,09:04,HIGH,TIMETABLE
TRN-004151,EXPRESS,C10,2026-09-19,20:58,21:22,HIGH,TIMETABLE
TRN-004152,SUPERFAST,C02,2026-09-11,05:30,05:44,HIGH,TIMETABLE
TRN-004153,PASSENGER,C04,2026-09-04,09:31,09:54,HIGH,TIMETABLE
TRN-004154,SUPERFAST,C14,2026-09-12,17:38,17:51,HIGH,TIMETABLE
TRN-004155,EXPRESS,C18,2026-09-22,03:28,03:38,HIGH,TIMETABLE
TRN-004156,EXPRESS,C16,2026-09-07,21:34,21:54,HIGH,TIMETABLE
TRN-004157,EXPRESS,C08,2026-09-04,13:55,14:11,HIGH,TIMETABLE
TRN-004158,GOODS,C06,2026-09-20,15:44,16:32,MEDIUM,GOODS_FORECAST
TRN-004159,GOODS,C15,2026-09-27,06:04,06:55,MEDIUM,GOODS_FORECAST
TRN-004160,PASSENGER,C20,2026-09-10,20:46,21:09,HIGH,TIMETABLE
TRN-004161,PASSENGER,C18,2026-09-17,02:25,02:37,HIGH,TIMETABLE
TRN-004162,EXPRESS,C07,2026-09-17,23:32,00:00,HIGH,TIMETABLE
TRN-004163,SUPERFAST,C19,2026-09-02,13:22,13:48,HIGH,TIMETABLE
TRN-004164,GOODS,C06,2026-09-23,01:36,02:08,MEDIUM,GOODS_FORECAST
TRN-004165,SUPERFAST,C01,2026-09-16,02:37,03:00,HIGH,TIMETABLE
TRN-004166,GOODS,C12,2026-09-07,23:19,23:54,MEDIUM,GOODS_FORECAST
TRN-004167,PASSENGER,C08,2026-09-26,23:35,23:51,HIGH,TIMETABLE
TRN-004168,EXPRESS,C04,2026-09-26,08:15,08:27,HIGH,TIMETABLE
TRN-004169,EXPRESS,C17,2026-09-11,09:08,09:36,HIGH,TIMETABLE
TRN-004170,PASSENGER,C02,2026-09-10,23:31,23:42,HIGH,TIMETABLE
TRN-004171,PASSENGER,C06,2026-09-20,12:11,12:30,HIGH,TIMETABLE
TRN-004172,EXPRESS,C11,2026-09-17,07:40,08:00,HIGH,TIMETABLE
TRN-004173,SUPERFAST,C08,2026-09-22,20:24,20:52,HIGH,TIMETABLE
TRN-004174,EXPRESS,C04,2026-09-05,16:26,16:44,HIGH,TIMETABLE
TRN-004175,GOODS,C07,2026-09-20,21:34,22:08,MEDIUM,GOODS_FORECAST
TRN-004176,PASSENGER,C11,2026-09-25,11:40,11:53,HIGH,TIMETABLE
TRN-004177,EXPRESS,C09,2026-09-03,20:29,20:44,HIGH,TIMETABLE
TRN-004178,PASSENGER,C03,2026-09-21,08:40,09:05,HIGH,TIMETABLE
TRN-004179,GOODS,C06,2026-09-29,03:37,04:13,MEDIUM,GOODS_FORECAST
TRN-004180,SUPERFAST,C13,2026-09-26,01:16,01:29,HIGH,TIMETABLE
TRN-004181,SUPERFAST,C13,2026-09-08,19:30,19:59,HIGH,TIMETABLE
TRN-004182,PASSENGER,C09,2026-09-04,07:05,07:23,HIGH,TIMETABLE
TRN-004183,PASSENGER,C04,2026-09-11,13:17,13:33,HIGH,TIMETABLE
TRN-004184,SUPERFAST,C20,2026-09-08,00:17,00:42,HIGH,TIMETABLE
TRN-004185,EXPRESS,C17,2026-09-22,11:31,12:00,HIGH,TIMETABLE
TRN-004186,PASSENGER,C19,2026-09-14,23:44,00:03,HIGH,TIMETABLE
TRN-004187,EXPRESS,C19,2026-09-18,15:51,16:05,HIGH,TIMETABLE
TRN-004188,SUPERFAST,C02,2026-09-18,20:51,21:20,HIGH,TIMETABLE
TRN-004189,GOODS,C04,2026-09-15,16:30,17:07,MEDIUM,GOODS_FORECAST
TRN-004190,PASSENGER,C03,2026-09-14,13:40,13:52,HIGH,TIMETABLE
TRN-004191,PASSENGER,C07,2026-09-07,21:13,21:38,HIGH,TIMETABLE
TRN-004192,PASSENGER,C14,2026-09-15,00:58,01:23,HIGH,TIMETABLE
TRN-004193,SUPERFAST,C04,2026-09-16,22:25,22:42,HIGH,TIMETABLE
TRN-004194,SUPERFAST,C01,2026-09-23,06:09,06:28,HIGH,TIMETABLE
TRN-004195,PASSENGER,C06,2026-09-21,05:49,06:07,HIGH,TIMETABLE
TRN-004196,PASSENGER,C20,2026-09-17,07:50,08:01,HIGH,TIMETABLE
TRN-004197,EXPRESS,C08,2026-09-06,08:00,08:23,HIGH,TIMETABLE
TRN-004198,PASSENGER,C01,2026-09-04,18:34,18:47,HIGH,TIMETABLE
TRN-004199,SUPERFAST,C10,2026-09-10,09:09,09:24,HIGH,TIMETABLE
TRN-004200,PASSENGER,C18,2026-09-28,09:14,09:28,HIGH,TIMETABLE
TRN-004201,SUPERFAST,C01,2026-09-06,23:39,23:57,HIGH,TIMETABLE
TRN-004202,PASSENGER,C12,2026-09-01,23:48,00:07,HIGH,TIMETABLE
TRN-004203,EXPRESS,C12,2026-09-23,03:06,03:19,HIGH,TIMETABLE
TRN-004204,SUPERFAST,C17,2026-09-14,22:26,22:38,HIGH,TIMETABLE
TRN-004205,GOODS,C14,2026-09-09,00:16,00:59,MEDIUM,GOODS_FORECAST
TRN-004206,PASSENGER,C16,2026-09-12,06:34,06:46,HIGH,TIMETABLE
TRN-004207,GOODS,C15,2026-09-02,10:55,11:39,MEDIUM,GOODS_FORECAST
TRN-004208,GOODS,C05,2026-09-10,11:05,11:35,MEDIUM,GOODS_FORECAST
TRN-004209,SUPERFAST,C20,2026-09-02,17:21,17:36,HIGH,TIMETABLE
TRN-004210,EXPRESS,C03,2026-09-22,02:24,02:34,HIGH,TIMETABLE
TRN-004211,SUPERFAST,C11,2026-09-13,10:54,11:23,HIGH,TIMETABLE
TRN-004212,PASSENGER,C19,2026-09-19,05:59,06:10,HIGH,TIMETABLE
TRN-004213,SUPERFAST,C06,2026-09-08,16:23,16:45,HIGH,TIMETABLE
TRN-004214,SUPERFAST,C14,2026-09-19,22:39,23:02,HIGH,TIMETABLE
TRN-004215,EXPRESS,C06,2026-09-19,11:50,12:07,HIGH,TIMETABLE
TRN-004216,PASSENGER,C13,2026-09-03,19:24,19:42,HIGH,TIMETABLE
TRN-004217,PASSENGER,C03,2026-09-21,18:29,18:45,HIGH,TIMETABLE
TRN-004218,SUPERFAST,C01,2026-09-27,21:12,21:29,HIGH,TIMETABLE
TRN-004219,SUPERFAST,C10,2026-09-05,09:34,10:04,HIGH,TIMETABLE
TRN-004220,SUPERFAST,C05,2026-09-10,00:04,00:26,HIGH,TIMETABLE
TRN-004221,EXPRESS,C06,2026-09-17,06:24,06:42,HIGH,TIMETABLE
TRN-004222,EXPRESS,C07,2026-09-26,10:14,10:40,HIGH,TIMETABLE
TRN-004223,EXPRESS,C08,2026-09-08,08:47,09:03,HIGH,TIMETABLE
TRN-004224,EXPRESS,C04,2026-09-24,17:58,18:20,HIGH,TIMETABLE
TRN-004225,EXPRESS,C20,2026-09-09,01:16,01:42,HIGH,TIMETABLE
TRN-004226,EXPRESS,C12,2026-09-26,09:49,10:04,HIGH,TIMETABLE
TRN-004227,PASSENGER,C18,2026-09-06,13:05,13:19,HIGH,TIMETABLE
TRN-004228,EXPRESS,C11,2026-09-01,15:21,15:39,HIGH,TIMETABLE
TRN-004229,PASSENGER,C01,2026-09-19,11:51,12:06,HIGH,TIMETABLE
TRN-004230,GOODS,C18,2026-09-21,17:51,18:39,MEDIUM,GOODS_FORECAST
TRN-004231,SUPERFAST,C16,2026-09-27,21:33,21:43,HIGH,TIMETABLE
TRN-004232,PASSENGER,C14,2026-09-26,20:39,21:02,HIGH,TIMETABLE
TRN-004233,PASSENGER,C07,2026-09-11,20:30,20:43,HIGH,TIMETABLE
TRN-004234,GOODS,C16,2026-09-13,11:12,11:39,MEDIUM,GOODS_FORECAST
TRN-004235,PASSENGER,C04,2026-09-26,18:45,19:01,HIGH,TIMETABLE
TRN-004236,PASSENGER,C19,2026-09-26,20:05,20:25,HIGH,TIMETABLE
TRN-004237,PASSENGER,C18,2026-09-17,15:32,15:48,HIGH,TIMETABLE
TRN-004238,GOODS,C10,2026-09-24,20:50,21:40,MEDIUM,GOODS_FORECAST
TRN-004239,SUPERFAST,C17,2026-09-14,14:40,15:04,HIGH,TIMETABLE
TRN-004240,EXPRESS,C20,2026-09-19,08:48,09:12,HIGH,TIMETABLE
TRN-004241,PASSENGER,C04,2026-09-15,23:54,00:04,HIGH,TIMETABLE
TRN-004242,GOODS,C14,2026-09-19,01:45,02:15,MEDIUM,GOODS_FORECAST
TRN-004243,GOODS,C20,2026-09-15,02:48,03:18,MEDIUM,GOODS_FORECAST
TRN-004244,PASSENGER,C07,2026-09-26,17:52,18:10,HIGH,TIMETABLE
TRN-004245,SUPERFAST,C15,2026-09-04,11:29,11:51,HIGH,TIMETABLE
TRN-004246,EXPRESS,C12,2026-09-14,14:45,15:05,HIGH,TIMETABLE
TRN-004247,PASSENGER,C11,2026-09-03,18:31,18:54,HIGH,TIMETABLE
TRN-004248,GOODS,C04,2026-09-13,16:46,17:29,MEDIUM,GOODS_FORECAST
TRN-004249,PASSENGER,C06,2026-09-07,09:41,09:57,HIGH,TIMETABLE
TRN-004250,GOODS,C12,2026-09-20,21:50,22:42,MEDIUM,GOODS_FORECAST
TRN-004251,EXPRESS,C11,2026-09-01,09:29,09:49,HIGH,TIMETABLE
TRN-004252,SUPERFAST,C01,2026-09-21,11:26,11:49,HIGH,TIMETABLE
TRN-004253,EXPRESS,C19,2026-09-26,07:49,08:14,HIGH,TIMETABLE
TRN-004254,PASSENGER,C02,2026-09-05,09:01,09:16,HIGH,TIMETABLE
TRN-004255,SUPERFAST,C14,2026-09-03,16:05,16:32,HIGH,TIMETABLE
TRN-004256,EXPRESS,C11,2026-09-26,15:12,15:25,HIGH,TIMETABLE
TRN-004257,PASSENGER,C02,2026-09-28,04:26,04:46,HIGH,TIMETABLE
TRN-004258,PASSENGER,C08,2026-09-18,11:02,11:27,HIGH,TIMETABLE
TRN-004259,EXPRESS,C06,2026-09-25,12:50,13:09,HIGH,TIMETABLE
TRN-004260,EXPRESS,C03,2026-09-21,14:02,14:19,HIGH,TIMETABLE
TRN-004261,EXPRESS,C10,2026-09-19,08:20,08:43,HIGH,TIMETABLE
TRN-004262,GOODS,C02,2026-09-22,13:09,13:46,MEDIUM,GOODS_FORECAST
TRN-004263,PASSENGER,C12,2026-09-08,00:38,00:50,HIGH,TIMETABLE
TRN-004264,PASSENGER,C03,2026-09-28,04:49,05:13,HIGH,TIMETABLE
TRN-004265,EXPRESS,C13,2026-09-20,11:22,11:34,HIGH,TIMETABLE
TRN-004266,GOODS,C20,2026-09-21,07:06,07:31,MEDIUM,GOODS_FORECAST
TRN-004267,SUPERFAST,C17,2026-09-28,12:35,12:49,HIGH,TIMETABLE
TRN-004268,GOODS,C16,2026-09-15,11:57,12:55,MEDIUM,GOODS_FORECAST
TRN-004269,EXPRESS,C16,2026-09-02,07:22,07:44,HIGH,TIMETABLE
TRN-004270,PASSENGER,C05,2026-09-02,06:37,07:00,HIGH,TIMETABLE
TRN-004271,PASSENGER,C10,2026-09-22,09:36,09:52,HIGH,TIMETABLE
TRN-004272,SUPERFAST,C09,2026-09-13,17:21,17:50,HIGH,TIMETABLE
TRN-004273,EXPRESS,C08,2026-09-08,03:34,04:01,HIGH,TIMETABLE
TRN-004274,PASSENGER,C05,2026-09-07,07:35,07:56,HIGH,TIMETABLE
TRN-004275,EXPRESS,C14,2026-09-03,16:16,16:27,HIGH,TIMETABLE
TRN-004276,EXPRESS,C08,2026-09-27,04:14,04:38,HIGH,TIMETABLE
TRN-004277,PASSENGER,C12,2026-09-15,15:45,16:08,HIGH,TIMETABLE
TRN-004278,PASSENGER,C14,2026-09-29,04:38,05:00,HIGH,TIMETABLE
TRN-004279,PASSENGER,C13,2026-09-15,18:22,18:42,HIGH,TIMETABLE
TRN-004280,SUPERFAST,C17,2026-09-20,18:55,19:24,HIGH,TIMETABLE
TRN-004281,EXPRESS,C16,2026-09-09,16:55,17:16,HIGH,TIMETABLE
TRN-004282,SUPERFAST,C10,2026-09-21,08:10,08:29,HIGH,TIMETABLE
TRN-004283,GOODS,C11,2026-09-05,20:03,20:50,MEDIUM,GOODS_FORECAST
TRN-004284,GOODS,C15,2026-09-24,15:41,16:22,MEDIUM,GOODS_FORECAST
TRN-004285,GOODS,C01,2026-09-25,08:11,09:06,MEDIUM,GOODS_FORECAST
TRN-004286,EXPRESS,C14,2026-09-18,16:13,16:32,HIGH,TIMETABLE
TRN-004287,PASSENGER,C05,2026-09-01,16:23,16:46,HIGH,TIMETABLE
TRN-004288,EXPRESS,C03,2026-09-10,20:22,20:46,HIGH,TIMETABLE
TRN-004289,EXPRESS,C10,2026-09-03,02:35,02:55,HIGH,TIMETABLE
TRN-004290,SUPERFAST,C07,2026-09-21,07:05,07:16,HIGH,TIMETABLE
TRN-004291,SUPERFAST,C02,2026-09-26,01:06,01:36,HIGH,TIMETABLE
TRN-004292,SUPERFAST,C19,2026-09-28,09:28,09:39,HIGH,TIMETABLE
TRN-004293,SUPERFAST,C12,2026-09-13,12:11,12:37,HIGH,TIMETABLE
TRN-004294,PASSENGER,C10,2026-09-24,08:59,09:19,HIGH,TIMETABLE
TRN-004295,PASSENGER,C11,2026-09-21,22:25,22:48,HIGH,TIMETABLE
TRN-004296,EXPRESS,C11,2026-09-06,06:50,07:04,HIGH,TIMETABLE
TRN-004297,GOODS,C14,2026-09-02,21:32,21:57,MEDIUM,GOODS_FORECAST
TRN-004298,GOODS,C02,2026-09-09,15:55,16:21,MEDIUM,GOODS_FORECAST
TRN-004299,GOODS,C19,2026-09-24,02:41,03:10,MEDIUM,GOODS_FORECAST
TRN-004300,PASSENGER,C08,2026-09-27,10:30,10:51,HIGH,TIMETABLE
TRN-004301,GOODS,C03,2026-09-03,20:28,21:25,MEDIUM,GOODS_FORECAST
TRN-004302,EXPRESS,C13,2026-09-27,10:43,10:55,HIGH,TIMETABLE
TRN-004303,PASSENGER,C04,2026-09-22,10:51,11:07,HIGH,TIMETABLE
TRN-004304,SUPERFAST,C15,2026-09-26,09:26,09:48,HIGH,TIMETABLE
TRN-004305,EXPRESS,C10,2026-09-24,10:27,10:52,HIGH,TIMETABLE
TRN-004306,EXPRESS,C03,2026-09-17,21:56,22:26,HIGH,TIMETABLE
TRN-004307,EXPRESS,C16,2026-09-22,00:00,00:18,HIGH,TIMETABLE
TRN-004308,SUPERFAST,C19,2026-09-14,13:38,14:08,HIGH,TIMETABLE
TRN-004309,GOODS,C13,2026-09-18,05:01,05:27,MEDIUM,GOODS_FORECAST
TRN-004310,SUPERFAST,C05,2026-09-12,13:47,14:07,HIGH,TIMETABLE
TRN-004311,GOODS,C19,2026-09-12,00:34,01:32,MEDIUM,GOODS_FORECAST
TRN-004312,SUPERFAST,C03,2026-09-09,05:36,05:53,HIGH,TIMETABLE
TRN-004313,SUPERFAST,C01,2026-09-24,06:09,06:37,HIGH,TIMETABLE
TRN-004314,SUPERFAST,C16,2026-09-14,09:45,09:55,HIGH,TIMETABLE
TRN-004315,PASSENGER,C16,2026-09-22,08:15,08:38,HIGH,TIMETABLE
TRN-004316,PASSENGER,C05,2026-09-03,08:38,08:49,HIGH,TIMETABLE
TRN-004317,EXPRESS,C07,2026-09-29,03:00,03:27,HIGH,TIMETABLE
TRN-004318,EXPRESS,C02,2026-09-10,16:32,16:51,HIGH,TIMETABLE
TRN-004319,EXPRESS,C08,2026-09-07,18:50,19:18,HIGH,TIMETABLE
TRN-004320,GOODS,C09,2026-09-15,17:04,17:50,MEDIUM,GOODS_FORECAST
TRN-004321,PASSENGER,C15,2026-09-10,10:19,10:33,HIGH,TIMETABLE
TRN-004322,PASSENGER,C11,2026-09-20,08:57,09:16,HIGH,TIMETABLE
TRN-004323,PASSENGER,C06,2026-09-30,07:42,08:07,HIGH,TIMETABLE
TRN-004324,SUPERFAST,C12,2026-09-03,18:20,18:43,HIGH,TIMETABLE
TRN-004325,EXPRESS,C16,2026-09-16,10:19,10:32,HIGH,TIMETABLE
TRN-004326,PASSENGER,C07,2026-09-30,12:30,12:42,HIGH,TIMETABLE
TRN-004327,EXPRESS,C07,2026-09-01,04:49,05:10,HIGH,TIMETABLE
TRN-004328,EXPRESS,C07,2026-09-09,14:16,14:36,HIGH,TIMETABLE
TRN-004329,EXPRESS,C03,2026-09-12,07:10,07:39,HIGH,TIMETABLE
TRN-004330,GOODS,C18,2026-09-12,21:46,22:21,MEDIUM,GOODS_FORECAST
TRN-004331,SUPERFAST,C16,2026-09-18,20:33,20:53,HIGH,TIMETABLE
TRN-004332,PASSENGER,C20,2026-09-26,21:09,21:20,HIGH,TIMETABLE
TRN-004333,GOODS,C17,2026-09-10,23:07,23:36,MEDIUM,GOODS_FORECAST
TRN-004334,GOODS,C18,2026-09-13,11:16,12:04,MEDIUM,GOODS_FORECAST
TRN-004335,GOODS,C04,2026-09-13,15:43,16:30,MEDIUM,GOODS_FORECAST
TRN-004336,SUPERFAST,C06,2026-09-07,18:21,18:37,HIGH,TIMETABLE
TRN-004337,GOODS,C04,2026-09-19,07:31,08:15,MEDIUM,GOODS_FORECAST
TRN-004338,EXPRESS,C19,2026-09-03,18:41,18:52,HIGH,TIMETABLE
TRN-004339,SUPERFAST,C07,2026-09-18,02:13,02:31,HIGH,TIMETABLE
TRN-004340,GOODS,C07,2026-09-09,04:20,04:56,MEDIUM,GOODS_FORECAST
TRN-004341,PASSENGER,C06,2026-09-04,23:31,23:52,HIGH,TIMETABLE
TRN-004342,EXPRESS,C08,2026-09-25,01:46,02:14,HIGH,TIMETABLE
TRN-004343,SUPERFAST,C04,2026-09-06,02:09,02:35,HIGH,TIMETABLE
TRN-004344,PASSENGER,C16,2026-09-29,06:35,06:54,HIGH,TIMETABLE
TRN-004345,PASSENGER,C03,2026-09-10,13:42,13:54,HIGH,TIMETABLE
TRN-004346,PASSENGER,C03,2026-09-11,21:53,22:14,HIGH,TIMETABLE
TRN-004347,EXPRESS,C02,2026-09-03,10:56,11:13,HIGH,TIMETABLE
TRN-004348,PASSENGER,C02,2026-09-26,10:29,10:48,HIGH,TIMETABLE
TRN-004349,PASSENGER,C15,2026-09-18,03:00,03:13,HIGH,TIMETABLE
TRN-004350,GOODS,C20,2026-09-29,13:54,14:42,MEDIUM,GOODS_FORECAST
TRN-004351,SUPERFAST,C10,2026-09-22,10:40,11:00,HIGH,TIMETABLE
TRN-004352,EXPRESS,C14,2026-09-08,10:25,10:45,HIGH,TIMETABLE
TRN-004353,GOODS,C10,2026-09-04,19:03,19:39,MEDIUM,GOODS_FORECAST
TRN-004354,EXPRESS,C04,2026-09-05,13:52,14:21,HIGH,TIMETABLE
TRN-004355,GOODS,C20,2026-09-09,11:38,12:12,MEDIUM,GOODS_FORECAST
TRN-004356,PASSENGER,C10,2026-09-22,02:48,03:01,HIGH,TIMETABLE
TRN-004357,PASSENGER,C04,2026-09-30,23:42,00:04,HIGH,TIMETABLE
TRN-004358,GOODS,C13,2026-09-23,21:01,21:31,MEDIUM,GOODS_FORECAST
TRN-004359,PASSENGER,C17,2026-09-21,04:31,04:46,HIGH,TIMETABLE
TRN-004360,SUPERFAST,C05,2026-09-26,04:12,04:34,HIGH,TIMETABLE
TRN-004361,EXPRESS,C14,2026-09-27,17:11,17:25,HIGH,TIMETABLE
TRN-004362,PASSENGER,C03,2026-09-21,17:02,17:23,HIGH,TIMETABLE
TRN-004363,GOODS,C13,2026-09-06,22:11,23:00,MEDIUM,GOODS_FORECAST
TRN-004364,GOODS,C19,2026-09-25,13:01,13:35,MEDIUM,GOODS_FORECAST
TRN-004365,PASSENGER,C07,2026-09-21,09:14,09:39,HIGH,TIMETABLE
TRN-004366,EXPRESS,C03,2026-09-24,00:07,00:17,HIGH,TIMETABLE
TRN-004367,PASSENGER,C08,2026-09-05,22:35,22:56,HIGH,TIMETABLE
TRN-004368,EXPRESS,C05,2026-09-18,21:24,21:48,HIGH,TIMETABLE
TRN-004369,PASSENGER,C07,2026-09-06,04:58,05:08,HIGH,TIMETABLE
TRN-004370,PASSENGER,C15,2026-09-30,09:07,09:27,HIGH,TIMETABLE
TRN-004371,SUPERFAST,C05,2026-09-09,06:31,06:58,HIGH,TIMETABLE
TRN-004372,EXPRESS,C04,2026-09-05,20:49,21:10,HIGH,TIMETABLE
TRN-004373,PASSENGER,C11,2026-09-06,01:31,01:51,HIGH,TIMETABLE
TRN-004374,SUPERFAST,C17,2026-09-29,21:55,22:05,HIGH,TIMETABLE
TRN-004375,SUPERFAST,C05,2026-09-30,21:33,21:59,HIGH,TIMETABLE
TRN-004376,EXPRESS,C13,2026-09-02,09:49,10:16,HIGH,TIMETABLE
TRN-004377,PASSENGER,C06,2026-09-09,00:26,00:49,HIGH,TIMETABLE
TRN-004378,SUPERFAST,C10,2026-09-29,16:17,16:35,HIGH,TIMETABLE
TRN-004379,EXPRESS,C13,2026-09-23,20:43,21:03,HIGH,TIMETABLE
TRN-004380,PASSENGER,C19,2026-09-01,08:46,08:58,HIGH,TIMETABLE
TRN-004381,SUPERFAST,C19,2026-09-17,11:16,11:39,HIGH,TIMETABLE
TRN-004382,EXPRESS,C09,2026-09-07,01:12,01:25,HIGH,TIMETABLE
TRN-004383,GOODS,C11,2026-09-21,12:05,12:57,MEDIUM,GOODS_FORECAST
TRN-004384,GOODS,C08,2026-09-17,19:04,20:00,MEDIUM,GOODS_FORECAST
TRN-004385,EXPRESS,C17,2026-09-15,13:00,13:21,HIGH,TIMETABLE
TRN-004386,EXPRESS,C20,2026-09-20,08:06,08:18,HIGH,TIMETABLE
TRN-004387,PASSENGER,C02,2026-09-14,22:05,22:19,HIGH,TIMETABLE
TRN-004388,GOODS,C05,2026-09-27,20:11,20:37,MEDIUM,GOODS_FORECAST
TRN-004389,GOODS,C04,2026-09-26,06:36,07:36,MEDIUM,GOODS_FORECAST
TRN-004390,EXPRESS,C09,2026-09-16,20:06,20:24,HIGH,TIMETABLE
TRN-004391,SUPERFAST,C15,2026-09-29,02:43,03:11,HIGH,TIMETABLE
TRN-004392,SUPERFAST,C07,2026-09-17,00:34,00:50,HIGH,TIMETABLE
TRN-004393,PASSENGER,C09,2026-09-28,17:47,18:07,HIGH,TIMETABLE
TRN-004394,SUPERFAST,C18,2026-09-06,19:26,19:45,HIGH,TIMETABLE
TRN-004395,PASSENGER,C19,2026-09-23,04:09,04:27,HIGH,TIMETABLE
TRN-004396,EXPRESS,C19,2026-09-24,01:37,01:58,HIGH,TIMETABLE
TRN-004397,PASSENGER,C15,2026-09-05,19:08,19:25,HIGH,TIMETABLE
TRN-004398,EXPRESS,C03,2026-09-24,13:57,14:22,HIGH,TIMETABLE
TRN-004399,PASSENGER,C02,2026-09-27,19:15,19:35,HIGH,TIMETABLE
TRN-004400,SUPERFAST,C05,2026-09-22,13:26,13:51,HIGH,TIMETABLE
TRN-004401,PASSENGER,C18,2026-09-09,17:25,17:47,HIGH,TIMETABLE
TRN-004402,GOODS,C17,2026-09-24,14:07,14:53,MEDIUM,GOODS_FORECAST
TRN-004403,EXPRESS,C05,2026-09-19,05:41,06:02,HIGH,TIMETABLE
TRN-004404,SUPERFAST,C18,2026-09-22,06:20,06:35,HIGH,TIMETABLE
TRN-004405,EXPRESS,C06,2026-09-23,18:18,18:28,HIGH,TIMETABLE
TRN-004406,SUPERFAST,C04,2026-09-17,07:27,07:41,HIGH,TIMETABLE
TRN-004407,PASSENGER,C07,2026-09-02,14:54,15:14,HIGH,TIMETABLE
TRN-004408,EXPRESS,C10,2026-09-22,14:25,14:50,HIGH,TIMETABLE
TRN-004409,GOODS,C16,2026-09-17,00:37,01:27,MEDIUM,GOODS_FORECAST
TRN-004410,PASSENGER,C18,2026-09-08,16:22,16:40,HIGH,TIMETABLE
TRN-004411,SUPERFAST,C19,2026-09-11,19:37,20:02,HIGH,TIMETABLE
TRN-004412,PASSENGER,C03,2026-09-08,12:11,12:27,HIGH,TIMETABLE
TRN-004413,PASSENGER,C16,2026-09-11,11:45,12:05,HIGH,TIMETABLE
TRN-004414,EXPRESS,C06,2026-09-30,17:10,17:39,HIGH,TIMETABLE
TRN-004415,EXPRESS,C18,2026-09-23,15:36,15:54,HIGH,TIMETABLE
TRN-004416,PASSENGER,C03,2026-09-23,21:42,22:01,HIGH,TIMETABLE
TRN-004417,GOODS,C13,2026-09-22,05:20,06:12,MEDIUM,GOODS_FORECAST
TRN-004418,EXPRESS,C04,2026-09-27,22:15,22:28,HIGH,TIMETABLE
TRN-004419,SUPERFAST,C20,2026-09-16,14:29,14:47,HIGH,TIMETABLE
TRN-004420,PASSENGER,C09,2026-09-20,13:52,14:13,HIGH,TIMETABLE
TRN-004421,SUPERFAST,C03,2026-09-25,12:13,12:43,HIGH,TIMETABLE
TRN-004422,EXPRESS,C04,2026-09-20,13:45,14:09,HIGH,TIMETABLE
TRN-004423,EXPRESS,C14,2026-09-08,00:16,00:27,HIGH,TIMETABLE
TRN-004424,EXPRESS,C07,2026-09-12,17:12,17:27,HIGH,TIMETABLE
TRN-004425,PASSENGER,C04,2026-09-13,06:32,06:43,HIGH,TIMETABLE
TRN-004426,PASSENGER,C11,2026-09-19,16:13,16:27,HIGH,TIMETABLE
TRN-004427,PASSENGER,C09,2026-09-05,04:18,04:36,HIGH,TIMETABLE
TRN-004428,SUPERFAST,C07,2026-09-10,22:37,23:06,HIGH,TIMETABLE
TRN-004429,PASSENGER,C13,2026-09-14,18:53,19:04,HIGH,TIMETABLE
TRN-004430,EXPRESS,C17,2026-09-25,08:40,09:03,HIGH,TIMETABLE
TRN-004431,SUPERFAST,C02,2026-09-03,21:37,22:03,HIGH,TIMETABLE
TRN-004432,GOODS,C09,2026-09-01,06:57,07:34,MEDIUM,GOODS_FORECAST
TRN-004433,GOODS,C18,2026-09-01,02:27,03:13,MEDIUM,GOODS_FORECAST
TRN-004434,GOODS,C15,2026-09-24,08:15,09:03,MEDIUM,GOODS_FORECAST
TRN-004435,SUPERFAST,C17,2026-09-13,13:39,14:04,HIGH,TIMETABLE
TRN-004436,PASSENGER,C12,2026-09-11,08:54,09:12,HIGH,TIMETABLE
TRN-004437,EXPRESS,C01,2026-09-12,08:21,08:49,HIGH,TIMETABLE
TRN-004438,PASSENGER,C13,2026-09-02,20:59,21:22,HIGH,TIMETABLE
TRN-004439,EXPRESS,C09,2026-09-30,13:45,14:15,HIGH,TIMETABLE
TRN-004440,SUPERFAST,C16,2026-09-05,01:38,02:08,HIGH,TIMETABLE
TRN-004441,PASSENGER,C07,2026-09-13,23:46,00:05,HIGH,TIMETABLE
TRN-004442,SUPERFAST,C03,2026-09-04,20:27,20:41,HIGH,TIMETABLE
TRN-004443,SUPERFAST,C12,2026-09-14,15:10,15:40,HIGH,TIMETABLE
TRN-004444,GOODS,C05,2026-09-26,17:06,17:54,MEDIUM,GOODS_FORECAST
TRN-004445,SUPERFAST,C06,2026-09-03,12:11,12:31,HIGH,TIMETABLE
TRN-004446,SUPERFAST,C07,2026-09-18,08:23,08:33,HIGH,TIMETABLE
TRN-004447,SUPERFAST,C15,2026-09-11,10:55,11:22,HIGH,TIMETABLE
TRN-004448,PASSENGER,C06,2026-09-13,06:13,06:36,HIGH,TIMETABLE
TRN-004449,PASSENGER,C20,2026-09-12,13:34,13:59,HIGH,TIMETABLE
TRN-004450,SUPERFAST,C09,2026-09-10,13:29,13:39,HIGH,TIMETABLE
TRN-004451,EXPRESS,C20,2026-09-25,00:45,01:10,HIGH,TIMETABLE
TRN-004452,GOODS,C03,2026-09-22,19:12,19:43,MEDIUM,GOODS_FORECAST
TRN-004453,SUPERFAST,C03,2026-09-15,16:29,16:50,HIGH,TIMETABLE
TRN-004454,EXPRESS,C05,2026-09-19,23:07,23:25,HIGH,TIMETABLE
TRN-004455,PASSENGER,C10,2026-09-20,05:38,05:58,HIGH,TIMETABLE
TRN-004456,PASSENGER,C04,2026-09-14,09:24,09:39,HIGH,TIMETABLE
TRN-004457,EXPRESS,C08,2026-09-17,21:59,22:19,HIGH,TIMETABLE
TRN-004458,SUPERFAST,C16,2026-09-09,15:01,15:25,HIGH,TIMETABLE
TRN-004459,EXPRESS,C13,2026-09-25,10:53,11:21,HIGH,TIMETABLE
TRN-004460,GOODS,C16,2026-09-01,12:20,13:05,MEDIUM,GOODS_FORECAST
TRN-004461,PASSENGER,C20,2026-09-09,22:08,22:24,HIGH,TIMETABLE
TRN-004462,SUPERFAST,C10,2026-09-08,14:44,15:11,HIGH,TIMETABLE
TRN-004463,EXPRESS,C16,2026-09-04,11:28,11:51,HIGH,TIMETABLE
TRN-004464,GOODS,C06,2026-09-05,00:05,00:47,MEDIUM,GOODS_FORECAST
TRN-004465,SUPERFAST,C02,2026-09-16,13:49,14:06,HIGH,TIMETABLE
TRN-004466,PASSENGER,C04,2026-09-12,07:11,07:32,HIGH,TIMETABLE
TRN-004467,EXPRESS,C15,2026-09-04,01:44,01:55,HIGH,TIMETABLE
TRN-004468,PASSENGER,C11,2026-09-21,08:36,09:00,HIGH,TIMETABLE
TRN-004469,EXPRESS,C08,2026-09-25,09:49,10:18,HIGH,TIMETABLE
TRN-004470,GOODS,C08,2026-09-22,02:26,03:07,MEDIUM,GOODS_FORECAST
TRN-004471,SUPERFAST,C16,2026-09-05,05:54,06:15,HIGH,TIMETABLE
TRN-004472,GOODS,C15,2026-09-17,11:29,12:19,MEDIUM,GOODS_FORECAST
TRN-004473,PASSENGER,C08,2026-09-11,09:13,09:38,HIGH,TIMETABLE
TRN-004474,PASSENGER,C13,2026-09-18,11:13,11:34,HIGH,TIMETABLE
TRN-004475,EXPRESS,C20,2026-09-22,10:43,10:57,HIGH,TIMETABLE
TRN-004476,PASSENGER,C05,2026-09-18,12:31,12:52,HIGH,TIMETABLE
TRN-004477,PASSENGER,C01,2026-09-27,23:00,23:21,HIGH,TIMETABLE
TRN-004478,EXPRESS,C20,2026-09-10,16:39,17:00,HIGH,TIMETABLE
TRN-004479,GOODS,C04,2026-09-21,13:57,14:47,MEDIUM,GOODS_FORECAST
TRN-004480,PASSENGER,C17,2026-09-25,08:57,09:10,HIGH,TIMETABLE
TRN-004481,SUPERFAST,C14,2026-09-06,08:08,08:24,HIGH,TIMETABLE
TRN-004482,SUPERFAST,C10,2026-09-15,00:03,00:22,HIGH,TIMETABLE
TRN-004483,PASSENGER,C04,2026-09-09,13:40,14:04,HIGH,TIMETABLE
TRN-004484,SUPERFAST,C04,2026-09-09,16:49,17:17,HIGH,TIMETABLE
TRN-004485,EXPRESS,C08,2026-09-10,04:14,04:41,HIGH,TIMETABLE
TRN-004486,PASSENGER,C11,2026-09-19,11:36,11:47,HIGH,TIMETABLE
TRN-004487,EXPRESS,C07,2026-09-16,09:40,10:01,HIGH,TIMETABLE
TRN-004488,SUPERFAST,C13,2026-09-02,04:11,04:35,HIGH,TIMETABLE
TRN-004489,PASSENGER,C20,2026-09-27,13:15,13:28,HIGH,TIMETABLE
TRN-004490,PASSENGER,C15,2026-09-12,21:01,21:11,HIGH,TIMETABLE
TRN-004491,SUPERFAST,C02,2026-09-25,03:34,03:58,HIGH,TIMETABLE
TRN-004492,SUPERFAST,C13,2026-09-15,19:33,20:03,HIGH,TIMETABLE
TRN-004493,PASSENGER,C02,2026-09-16,18:32,18:55,HIGH,TIMETABLE
TRN-004494,SUPERFAST,C06,2026-09-17,10:40,11:00,HIGH,TIMETABLE
TRN-004495,SUPERFAST,C13,2026-09-29,05:19,05:32,HIGH,TIMETABLE
TRN-004496,SUPERFAST,C12,2026-09-19,08:04,08:31,HIGH,TIMETABLE
TRN-004497,SUPERFAST,C19,2026-09-14,15:11,15:33,HIGH,TIMETABLE
TRN-004498,SUPERFAST,C12,2026-09-07,14:37,15:02,HIGH,TIMETABLE
TRN-004499,GOODS,C12,2026-09-29,22:59,23:46,MEDIUM,GOODS_FORECAST
TRN-004500,SUPERFAST,C20,2026-09-14,01:33,01:58,HIGH,TIMETABLE
TRN-004501,PASSENGER,C05,2026-09-05,18:13,18:29,HIGH,TIMETABLE
TRN-004502,PASSENGER,C03,2026-09-07,07:52,08:13,HIGH,TIMETABLE
TRN-004503,GOODS,C07,2026-09-20,00:14,00:43,MEDIUM,GOODS_FORECAST
TRN-004504,PASSENGER,C02,2026-09-20,15:58,16:17,HIGH,TIMETABLE
TRN-004505,PASSENGER,C10,2026-09-20,07:44,08:07,HIGH,TIMETABLE
TRN-004506,EXPRESS,C08,2026-09-11,16:22,16:50,HIGH,TIMETABLE
TRN-004507,EXPRESS,C03,2026-09-23,09:08,09:34,HIGH,TIMETABLE
TRN-004508,GOODS,C07,2026-09-23,22:47,23:12,MEDIUM,GOODS_FORECAST
TRN-004509,SUPERFAST,C15,2026-09-22,07:47,08:08,HIGH,TIMETABLE
TRN-004510,SUPERFAST,C14,2026-09-27,12:27,12:54,HIGH,TIMETABLE
TRN-004511,GOODS,C13,2026-09-27,00:51,01:48,MEDIUM,GOODS_FORECAST
TRN-004512,PASSENGER,C11,2026-09-06,22:50,23:13,HIGH,TIMETABLE
TRN-004513,PASSENGER,C16,2026-09-26,20:10,20:28,HIGH,TIMETABLE
TRN-004514,SUPERFAST,C03,2026-09-05,17:17,17:43,HIGH,TIMETABLE
TRN-004515,EXPRESS,C19,2026-09-04,03:01,03:15,HIGH,TIMETABLE
TRN-004516,SUPERFAST,C07,2026-09-26,05:40,05:52,HIGH,TIMETABLE
TRN-004517,PASSENGER,C06,2026-09-11,05:25,05:47,HIGH,TIMETABLE
TRN-004518,PASSENGER,C04,2026-09-19,16:41,16:55,HIGH,TIMETABLE
TRN-004519,GOODS,C20,2026-09-28,10:26,11:16,MEDIUM,GOODS_FORECAST
TRN-004520,GOODS,C11,2026-09-15,09:00,09:42,MEDIUM,GOODS_FORECAST
TRN-004521,EXPRESS,C12,2026-09-23,07:19,07:34,HIGH,TIMETABLE
TRN-004522,EXPRESS,C11,2026-09-09,09:46,09:58,HIGH,TIMETABLE
TRN-004523,PASSENGER,C04,2026-09-26,23:28,23:48,HIGH,TIMETABLE
TRN-004524,PASSENGER,C13,2026-09-30,15:21,15:37,HIGH,TIMETABLE
TRN-004525,EXPRESS,C01,2026-09-22,11:32,11:46,HIGH,TIMETABLE
TRN-004526,PASSENGER,C18,2026-09-27,22:07,22:20,HIGH,TIMETABLE
TRN-004527,SUPERFAST,C07,2026-09-15,14:38,15:04,HIGH,TIMETABLE
TRN-004528,PASSENGER,C04,2026-09-18,09:32,09:57,HIGH,TIMETABLE
TRN-004529,GOODS,C09,2026-09-13,22:53,23:26,MEDIUM,GOODS_FORECAST
TRN-004530,PASSENGER,C03,2026-09-09,22:35,22:52,HIGH,TIMETABLE
TRN-004531,PASSENGER,C11,2026-09-09,02:02,02:15,HIGH,TIMETABLE
TRN-004532,PASSENGER,C15,2026-09-06,18:29,18:45,HIGH,TIMETABLE
TRN-004533,GOODS,C01,2026-09-07,00:03,01:00,MEDIUM,GOODS_FORECAST
TRN-004534,EXPRESS,C13,2026-09-30,09:56,10:20,HIGH,TIMETABLE
TRN-004535,GOODS,C02,2026-09-24,19:33,19:58,MEDIUM,GOODS_FORECAST
TRN-004536,GOODS,C16,2026-09-14,03:42,04:41,MEDIUM,GOODS_FORECAST
TRN-004537,PASSENGER,C15,2026-09-13,04:55,05:16,HIGH,TIMETABLE
TRN-004538,PASSENGER,C14,2026-09-21,16:28,16:40,HIGH,TIMETABLE
TRN-004539,SUPERFAST,C06,2026-09-04,17:01,17:15,HIGH,TIMETABLE
TRN-004540,PASSENGER,C18,2026-09-17,17:37,17:59,HIGH,TIMETABLE
TRN-004541,EXPRESS,C10,2026-09-04,17:06,17:28,HIGH,TIMETABLE
TRN-004542,GOODS,C08,2026-09-02,07:43,08:18,MEDIUM,GOODS_FORECAST
TRN-004543,EXPRESS,C10,2026-09-21,11:12,11:34,HIGH,TIMETABLE
TRN-004544,PASSENGER,C14,2026-09-15,10:11,10:24,HIGH,TIMETABLE
TRN-004545,EXPRESS,C03,2026-09-13,01:15,01:35,HIGH,TIMETABLE
TRN-004546,SUPERFAST,C08,2026-09-20,23:16,23:26,HIGH,TIMETABLE
TRN-004547,EXPRESS,C09,2026-09-26,19:25,19:36,HIGH,TIMETABLE
TRN-004548,GOODS,C16,2026-09-21,00:31,01:10,MEDIUM,GOODS_FORECAST
TRN-004549,PASSENGER,C11,2026-09-27,22:35,22:48,HIGH,TIMETABLE
TRN-004550,SUPERFAST,C20,2026-09-15,23:18,23:29,HIGH,TIMETABLE
TRN-004551,PASSENGER,C03,2026-09-24,12:45,12:58,HIGH,TIMETABLE
TRN-004552,PASSENGER,C18,2026-09-05,19:46,20:08,HIGH,TIMETABLE
TRN-004553,EXPRESS,C01,2026-09-15,09:27,09:42,HIGH,TIMETABLE
TRN-004554,PASSENGER,C11,2026-09-30,08:25,08:37,HIGH,TIMETABLE
TRN-004555,EXPRESS,C13,2026-09-24,04:43,05:03,HIGH,TIMETABLE
TRN-004556,GOODS,C13,2026-09-26,00:07,00:40,MEDIUM,GOODS_FORECAST
TRN-004557,PASSENGER,C14,2026-09-19,00:51,01:15,HIGH,TIMETABLE
TRN-004558,EXPRESS,C09,2026-09-17,00:21,00:35,HIGH,TIMETABLE
TRN-004559,GOODS,C20,2026-09-08,06:47,07:35,MEDIUM,GOODS_FORECAST
TRN-004560,EXPRESS,C17,2026-09-27,10:10,10:26,HIGH,TIMETABLE
TRN-004561,SUPERFAST,C20,2026-09-21,02:49,02:59,HIGH,TIMETABLE
TRN-004562,EXPRESS,C15,2026-09-08,11:08,11:20,HIGH,TIMETABLE
TRN-004563,EXPRESS,C11,2026-09-30,08:39,09:01,HIGH,TIMETABLE
TRN-004564,EXPRESS,C12,2026-09-04,00:53,01:08,HIGH,TIMETABLE
TRN-004565,SUPERFAST,C10,2026-09-02,03:01,03:15,HIGH,TIMETABLE
TRN-004566,GOODS,C08,2026-09-07,02:57,03:43,MEDIUM,GOODS_FORECAST
TRN-004567,EXPRESS,C19,2026-09-23,16:27,16:55,HIGH,TIMETABLE
TRN-004568,EXPRESS,C08,2026-09-11,20:34,20:58,HIGH,TIMETABLE
TRN-004569,PASSENGER,C16,2026-09-03,16:35,16:45,HIGH,TIMETABLE
TRN-004570,PASSENGER,C12,2026-09-14,17:04,17:28,HIGH,TIMETABLE
TRN-004571,GOODS,C19,2026-09-10,02:30,03:03,MEDIUM,GOODS_FORECAST
TRN-004572,PASSENGER,C13,2026-09-01,11:15,11:27,HIGH,TIMETABLE
TRN-004573,GOODS,C09,2026-09-18,07:54,08:54,MEDIUM,GOODS_FORECAST
TRN-004574,EXPRESS,C07,2026-09-08,15:17,15:39,HIGH,TIMETABLE
TRN-004575,EXPRESS,C04,2026-09-25,19:01,19:25,HIGH,TIMETABLE
TRN-004576,SUPERFAST,C13,2026-09-15,15:51,16:14,HIGH,TIMETABLE
TRN-004577,GOODS,C01,2026-09-13,09:33,10:12,MEDIUM,GOODS_FORECAST
TRN-004578,PASSENGER,C19,2026-09-26,15:31,15:48,HIGH,TIMETABLE
TRN-004579,GOODS,C16,2026-09-25,08:04,08:31,MEDIUM,GOODS_FORECAST
TRN-004580,PASSENGER,C06,2026-09-09,19:48,20:11,HIGH,TIMETABLE
TRN-004581,SUPERFAST,C15,2026-09-11,17:03,17:21,HIGH,TIMETABLE
TRN-004582,GOODS,C11,2026-09-04,00:00,00:44,MEDIUM,GOODS_FORECAST
TRN-004583,EXPRESS,C18,2026-09-28,01:28,01:56,HIGH,TIMETABLE
TRN-004584,PASSENGER,C15,2026-09-24,07:24,07:37,HIGH,TIMETABLE
TRN-004585,EXPRESS,C12,2026-09-13,00:40,01:00,HIGH,TIMETABLE
TRN-004586,GOODS,C06,2026-09-16,01:45,02:39,MEDIUM,GOODS_FORECAST
TRN-004587,EXPRESS,C19,2026-09-29,12:17,12:45,HIGH,TIMETABLE
TRN-004588,SUPERFAST,C10,2026-09-26,16:17,16:40,HIGH,TIMETABLE
TRN-004589,GOODS,C04,2026-09-04,01:44,02:39,MEDIUM,GOODS_FORECAST
TRN-004590,GOODS,C19,2026-09-16,13:23,14:07,MEDIUM,GOODS_FORECAST
TRN-004591,GOODS,C12,2026-09-10,22:59,23:46,MEDIUM,GOODS_FORECAST
TRN-004592,EXPRESS,C15,2026-09-05,17:28,17:56,HIGH,TIMETABLE
TRN-004593,SUPERFAST,C05,2026-09-06,13:13,13:41,HIGH,TIMETABLE
TRN-004594,PASSENGER,C17,2026-09-11,09:09,09:19,HIGH,TIMETABLE
TRN-004595,SUPERFAST,C19,2026-09-01,20:46,21:12,HIGH,TIMETABLE
TRN-004596,PASSENGER,C13,2026-09-17,11:54,12:17,HIGH,TIMETABLE
TRN-004597,PASSENGER,C14,2026-09-13,20:08,20:23,HIGH,TIMETABLE
TRN-004598,GOODS,C14,2026-09-03,07:27,08:25,MEDIUM,GOODS_FORECAST
TRN-004599,PASSENGER,C14,2026-09-26,18:42,19:07,HIGH,TIMETABLE
TRN-004600,PASSENGER,C15,2026-09-29,15:02,15:26,HIGH,TIMETABLE
TRN-004601,EXPRESS,C12,2026-09-15,01:23,01:53,HIGH,TIMETABLE
TRN-004602,PASSENGER,C19,2026-09-29,13:52,14:06,HIGH,TIMETABLE
TRN-004603,EXPRESS,C16,2026-09-15,20:06,20:21,HIGH,TIMETABLE
TRN-004604,GOODS,C15,2026-09-03,22:52,23:22,MEDIUM,GOODS_FORECAST
TRN-004605,PASSENGER,C15,2026-09-25,08:08,08:29,HIGH,TIMETABLE
TRN-004606,PASSENGER,C18,2026-09-20,14:19,14:34,HIGH,TIMETABLE
TRN-004607,PASSENGER,C02,2026-09-14,18:25,18:40,HIGH,TIMETABLE
TRN-004608,PASSENGER,C06,2026-09-08,06:34,06:51,HIGH,TIMETABLE
TRN-004609,PASSENGER,C05,2026-09-07,21:03,21:20,HIGH,TIMETABLE
TRN-004610,PASSENGER,C13,2026-09-01,13:41,13:51,HIGH,TIMETABLE
TRN-004611,GOODS,C13,2026-09-19,08:49,09:28,MEDIUM,GOODS_FORECAST
TRN-004612,SUPERFAST,C01,2026-09-13,20:53,21:14,HIGH,TIMETABLE
TRN-004613,SUPERFAST,C07,2026-09-11,14:56,15:23,HIGH,TIMETABLE
TRN-004614,GOODS,C11,2026-09-25,04:47,05:31,MEDIUM,GOODS_FORECAST
TRN-004615,PASSENGER,C17,2026-09-11,08:16,08:41,HIGH,TIMETABLE
TRN-004616,SUPERFAST,C02,2026-09-02,13:03,13:21,HIGH,TIMETABLE
TRN-004617,PASSENGER,C18,2026-09-11,09:48,10:13,HIGH,TIMETABLE
TRN-004618,SUPERFAST,C11,2026-09-08,03:38,03:51,HIGH,TIMETABLE
TRN-004619,GOODS,C17,2026-09-26,00:20,01:01,MEDIUM,GOODS_FORECAST
TRN-004620,PASSENGER,C12,2026-09-10,04:53,05:03,HIGH,TIMETABLE
TRN-004621,PASSENGER,C15,2026-09-14,10:19,10:33,HIGH,TIMETABLE
TRN-004622,EXPRESS,C01,2026-09-16,19:01,19:24,HIGH,TIMETABLE
TRN-004623,EXPRESS,C15,2026-09-18,13:32,13:42,HIGH,TIMETABLE
TRN-004624,SUPERFAST,C02,2026-09-08,20:08,20:22,HIGH,TIMETABLE
TRN-004625,PASSENGER,C08,2026-09-29,02:33,02:58,HIGH,TIMETABLE
TRN-004626,PASSENGER,C03,2026-09-20,11:07,11:29,HIGH,TIMETABLE
TRN-004627,GOODS,C07,2026-09-19,19:41,20:14,MEDIUM,GOODS_FORECAST
TRN-004628,EXPRESS,C16,2026-09-19,17:54,18:19,HIGH,TIMETABLE
TRN-004629,PASSENGER,C17,2026-09-16,06:55,07:07,HIGH,TIMETABLE
TRN-004630,PASSENGER,C06,2026-09-26,10:34,10:55,HIGH,TIMETABLE
TRN-004631,SUPERFAST,C06,2026-09-19,03:51,04:16,HIGH,TIMETABLE
TRN-004632,GOODS,C19,2026-09-13,10:34,11:18,MEDIUM,GOODS_FORECAST
TRN-004633,PASSENGER,C01,2026-09-08,06:38,06:53,HIGH,TIMETABLE
TRN-004634,EXPRESS,C17,2026-09-01,16:04,16:14,HIGH,TIMETABLE
TRN-004635,PASSENGER,C03,2026-09-23,01:24,01:39,HIGH,TIMETABLE
TRN-004636,EXPRESS,C10,2026-09-11,23:22,23:34,HIGH,TIMETABLE
TRN-004637,PASSENGER,C01,2026-09-05,23:14,23:29,HIGH,TIMETABLE
TRN-004638,SUPERFAST,C01,2026-09-03,16:41,17:02,HIGH,TIMETABLE
TRN-004639,PASSENGER,C09,2026-09-03,13:35,13:53,HIGH,TIMETABLE
TRN-004640,EXPRESS,C20,2026-09-05,22:28,22:40,HIGH,TIMETABLE
TRN-004641,PASSENGER,C09,2026-09-13,14:10,14:24,HIGH,TIMETABLE
TRN-004642,GOODS,C11,2026-09-21,00:36,01:07,MEDIUM,GOODS_FORECAST
TRN-004643,EXPRESS,C13,2026-09-22,23:13,23:41,HIGH,TIMETABLE
TRN-004644,EXPRESS,C09,2026-09-06,01:44,02:01,HIGH,TIMETABLE
TRN-004645,GOODS,C13,2026-09-02,16:25,17:24,MEDIUM,GOODS_FORECAST
TRN-004646,GOODS,C11,2026-09-10,18:31,19:08,MEDIUM,GOODS_FORECAST
TRN-004647,PASSENGER,C19,2026-09-12,17:19,17:44,HIGH,TIMETABLE
TRN-004648,PASSENGER,C08,2026-09-23,18:57,19:13,HIGH,TIMETABLE
TRN-004649,EXPRESS,C01,2026-09-14,01:40,01:52,HIGH,TIMETABLE
TRN-004650,GOODS,C11,2026-09-15,20:17,20:51,MEDIUM,GOODS_FORECAST
TRN-004651,PASSENGER,C13,2026-09-16,02:34,02:52,HIGH,TIMETABLE
TRN-004652,SUPERFAST,C18,2026-09-11,17:04,17:17,HIGH,TIMETABLE
TRN-004653,SUPERFAST,C15,2026-09-01,03:15,03:36,HIGH,TIMETABLE
TRN-004654,PASSENGER,C04,2026-09-19,14:45,15:10,HIGH,TIMETABLE
TRN-004655,SUPERFAST,C16,2026-09-22,04:30,04:40,HIGH,TIMETABLE
TRN-004656,SUPERFAST,C12,2026-09-03,19:30,19:44,HIGH,TIMETABLE
TRN-004657,PASSENGER,C18,2026-09-05,18:45,19:06,HIGH,TIMETABLE
TRN-004658,PASSENGER,C08,2026-09-23,05:05,05:29,HIGH,TIMETABLE
TRN-004659,GOODS,C09,2026-09-19,22:05,22:42,MEDIUM,GOODS_FORECAST
TRN-004660,SUPERFAST,C19,2026-09-11,17:15,17:30,HIGH,TIMETABLE
TRN-004661,EXPRESS,C04,2026-09-11,18:16,18:46,HIGH,TIMETABLE
TRN-004662,GOODS,C11,2026-09-26,04:15,04:44,MEDIUM,GOODS_FORECAST
TRN-004663,EXPRESS,C07,2026-09-26,20:37,21:07,HIGH,TIMETABLE
TRN-004664,EXPRESS,C10,2026-09-20,05:37,05:47,HIGH,TIMETABLE
TRN-004665,GOODS,C15,2026-09-11,15:41,16:25,MEDIUM,GOODS_FORECAST
TRN-004666,SUPERFAST,C04,2026-09-26,10:34,10:49,HIGH,TIMETABLE
TRN-004667,PASSENGER,C15,2026-09-27,08:07,08:30,HIGH,TIMETABLE
TRN-004668,PASSENGER,C05,2026-09-12,20:31,20:43,HIGH,TIMETABLE
TRN-004669,EXPRESS,C18,2026-09-08,23:39,23:51,HIGH,TIMETABLE
TRN-004670,PASSENGER,C19,2026-09-26,16:02,16:26,HIGH,TIMETABLE
TRN-004671,PASSENGER,C14,2026-09-23,15:44,16:09,HIGH,TIMETABLE
TRN-004672,PASSENGER,C09,2026-09-10,06:31,06:50,HIGH,TIMETABLE
TRN-004673,PASSENGER,C11,2026-09-28,10:23,10:47,HIGH,TIMETABLE
TRN-004674,EXPRESS,C06,2026-09-20,12:50,13:11,HIGH,TIMETABLE
TRN-004675,EXPRESS,C11,2026-09-29,13:51,14:10,HIGH,TIMETABLE
TRN-004676,PASSENGER,C17,2026-09-28,23:05,23:16,HIGH,TIMETABLE
TRN-004677,GOODS,C20,2026-09-30,19:30,19:58,MEDIUM,GOODS_FORECAST
TRN-004678,SUPERFAST,C08,2026-09-09,18:13,18:43,HIGH,TIMETABLE
TRN-004679,PASSENGER,C10,2026-09-05,10:00,10:25,HIGH,TIMETABLE
TRN-004680,EXPRESS,C14,2026-09-02,21:23,21:33,HIGH,TIMETABLE
TRN-004681,SUPERFAST,C19,2026-09-10,00:19,00:48,HIGH,TIMETABLE
TRN-004682,PASSENGER,C12,2026-09-16,07:47,08:12,HIGH,TIMETABLE
TRN-004683,EXPRESS,C10,2026-09-29,05:43,06:05,HIGH,TIMETABLE
TRN-004684,EXPRESS,C05,2026-09-05,12:29,12:47,HIGH,TIMETABLE
TRN-004685,EXPRESS,C02,2026-09-08,14:04,14:33,HIGH,TIMETABLE
TRN-004686,PASSENGER,C20,2026-09-25,02:53,03:11,HIGH,TIMETABLE
TRN-004687,GOODS,C02,2026-09-30,03:25,04:11,MEDIUM,GOODS_FORECAST
TRN-004688,PASSENGER,C08,2026-09-04,03:52,04:16,HIGH,TIMETABLE
TRN-004689,PASSENGER,C06,2026-09-13,10:36,10:48,HIGH,TIMETABLE
TRN-004690,PASSENGER,C11,2026-09-14,19:30,19:40,HIGH,TIMETABLE
TRN-004691,GOODS,C03,2026-09-17,09:04,09:37,MEDIUM,GOODS_FORECAST
TRN-004692,GOODS,C08,2026-09-07,11:15,12:13,MEDIUM,GOODS_FORECAST
TRN-004693,GOODS,C09,2026-09-15,10:27,11:02,MEDIUM,GOODS_FORECAST
TRN-004694,PASSENGER,C18,2026-09-21,08:16,08:36,HIGH,TIMETABLE
TRN-004695,SUPERFAST,C14,2026-09-30,23:40,00:05,HIGH,TIMETABLE
TRN-004696,SUPERFAST,C03,2026-09-12,08:30,08:59,HIGH,TIMETABLE
TRN-004697,PASSENGER,C06,2026-09-06,14:43,14:58,HIGH,TIMETABLE
TRN-004698,SUPERFAST,C15,2026-09-24,08:03,08:25,HIGH,TIMETABLE
TRN-004699,PASSENGER,C02,2026-09-24,06:55,07:09,HIGH,TIMETABLE
TRN-004700,SUPERFAST,C01,2026-09-19,01:17,01:47,HIGH,TIMETABLE
TRN-004701,PASSENGER,C10,2026-09-27,15:28,15:51,HIGH,TIMETABLE
TRN-004702,PASSENGER,C10,2026-09-10,04:58,05:22,HIGH,TIMETABLE
TRN-004703,EXPRESS,C08,2026-09-27,11:05,11:25,HIGH,TIMETABLE
TRN-004704,PASSENGER,C02,2026-09-23,09:41,09:56,HIGH,TIMETABLE
TRN-004705,SUPERFAST,C04,2026-09-13,21:08,21:33,HIGH,TIMETABLE
TRN-004706,EXPRESS,C02,2026-09-24,14:46,15:10,HIGH,TIMETABLE
TRN-004707,GOODS,C09,2026-09-19,07:40,08:17,MEDIUM,GOODS_FORECAST
TRN-004708,PASSENGER,C08,2026-09-22,19:36,19:58,HIGH,TIMETABLE
TRN-004709,EXPRESS,C09,2026-09-11,07:14,07:42,HIGH,TIMETABLE
TRN-004710,GOODS,C12,2026-09-06,17:31,18:26,MEDIUM,GOODS_FORECAST
TRN-004711,EXPRESS,C08,2026-09-11,15:35,15:51,HIGH,TIMETABLE
TRN-004712,PASSENGER,C17,2026-09-04,07:33,07:50,HIGH,TIMETABLE
TRN-004713,PASSENGER,C16,2026-09-08,09:27,09:47,HIGH,TIMETABLE
TRN-004714,PASSENGER,C07,2026-09-02,06:10,06:27,HIGH,TIMETABLE
TRN-004715,EXPRESS,C04,2026-09-28,06:06,06:20,HIGH,TIMETABLE
TRN-004716,PASSENGER,C16,2026-09-30,08:39,08:49,HIGH,TIMETABLE
TRN-004717,SUPERFAST,C18,2026-09-12,06:30,06:54,HIGH,TIMETABLE
TRN-004718,PASSENGER,C08,2026-09-08,11:50,12:01,HIGH,TIMETABLE
TRN-004719,PASSENGER,C03,2026-09-13,01:38,01:52,HIGH,TIMETABLE
TRN-004720,PASSENGER,C05,2026-09-11,03:16,03:26,HIGH,TIMETABLE
TRN-004721,EXPRESS,C03,2026-09-12,12:10,12:30,HIGH,TIMETABLE
TRN-004722,EXPRESS,C16,2026-09-02,20:03,20:21,HIGH,TIMETABLE
TRN-004723,SUPERFAST,C02,2026-09-09,05:11,05:25,HIGH,TIMETABLE
TRN-004724,GOODS,C10,2026-09-11,13:25,14:09,MEDIUM,GOODS_FORECAST
TRN-004725,PASSENGER,C19,2026-09-20,05:20,05:41,HIGH,TIMETABLE
TRN-004726,GOODS,C03,2026-09-05,10:56,11:35,MEDIUM,GOODS_FORECAST
TRN-004727,EXPRESS,C02,2026-09-16,17:38,17:50,HIGH,TIMETABLE
TRN-004728,EXPRESS,C08,2026-09-27,11:47,11:57,HIGH,TIMETABLE
TRN-004729,PASSENGER,C08,2026-09-24,23:30,23:49,HIGH,TIMETABLE
TRN-004730,SUPERFAST,C09,2026-09-30,02:20,02:49,HIGH,TIMETABLE
TRN-004731,SUPERFAST,C16,2026-09-04,11:22,11:47,HIGH,TIMETABLE
TRN-004732,GOODS,C11,2026-09-12,16:56,17:28,MEDIUM,GOODS_FORECAST
TRN-004733,GOODS,C13,2026-09-14,07:52,08:28,MEDIUM,GOODS_FORECAST
TRN-004734,GOODS,C05,2026-09-09,13:58,14:38,MEDIUM,GOODS_FORECAST
TRN-004735,PASSENGER,C14,2026-09-04,14:00,14:14,HIGH,TIMETABLE
TRN-004736,GOODS,C03,2026-09-22,22:51,23:50,MEDIUM,GOODS_FORECAST
TRN-004737,SUPERFAST,C14,2026-09-08,10:47,11:01,HIGH,TIMETABLE
TRN-004738,PASSENGER,C01,2026-09-15,14:52,15:04,HIGH,TIMETABLE
TRN-004739,PASSENGER,C10,2026-09-05,01:52,02:12,HIGH,TIMETABLE
TRN-004740,SUPERFAST,C13,2026-09-17,12:14,12:44,HIGH,TIMETABLE
TRN-004741,EXPRESS,C15,2026-09-15,02:38,02:57,HIGH,TIMETABLE
TRN-004742,PASSENGER,C07,2026-09-23,14:25,14:35,HIGH,TIMETABLE
TRN-004743,GOODS,C17,2026-09-02,20:14,20:41,MEDIUM,GOODS_FORECAST
TRN-004744,PASSENGER,C03,2026-09-30,09:42,10:05,HIGH,TIMETABLE
TRN-004745,SUPERFAST,C02,2026-09-24,07:23,07:52,HIGH,TIMETABLE
TRN-004746,PASSENGER,C17,2026-09-17,17:05,17:18,HIGH,TIMETABLE
TRN-004747,EXPRESS,C07,2026-09-02,09:35,09:57,HIGH,TIMETABLE
TRN-004748,SUPERFAST,C13,2026-09-08,18:56,19:22,HIGH,TIMETABLE
TRN-004749,PASSENGER,C17,2026-09-16,18:17,18:38,HIGH,TIMETABLE
TRN-004750,PASSENGER,C12,2026-09-30,14:21,14:32,HIGH,TIMETABLE
TRN-004751,GOODS,C02,2026-09-22,20:10,20:59,MEDIUM,GOODS_FORECAST
TRN-004752,PASSENGER,C13,2026-09-25,19:00,19:15,HIGH,TIMETABLE
TRN-004753,EXPRESS,C06,2026-09-17,01:10,01:20,HIGH,TIMETABLE
TRN-004754,EXPRESS,C05,2026-09-23,16:39,16:54,HIGH,TIMETABLE
TRN-004755,GOODS,C18,2026-09-04,22:58,23:41,MEDIUM,GOODS_FORECAST
TRN-004756,EXPRESS,C07,2026-09-15,07:11,07:32,HIGH,TIMETABLE
TRN-004757,EXPRESS,C01,2026-09-15,17:36,17:53,HIGH,TIMETABLE
TRN-004758,SUPERFAST,C01,2026-09-18,07:34,07:45,HIGH,TIMETABLE
TRN-004759,SUPERFAST,C20,2026-09-15,17:45,18:14,HIGH,TIMETABLE
TRN-004760,EXPRESS,C19,2026-09-12,03:31,04:01,HIGH,TIMETABLE
TRN-004761,PASSENGER,C10,2026-09-20,18:43,18:59,HIGH,TIMETABLE
TRN-004762,EXPRESS,C03,2026-09-09,13:13,13:38,HIGH,TIMETABLE
TRN-004763,PASSENGER,C02,2026-09-14,12:56,13:19,HIGH,TIMETABLE
TRN-004764,EXPRESS,C03,2026-09-28,19:09,19:29,HIGH,TIMETABLE
TRN-004765,SUPERFAST,C04,2026-09-03,14:30,14:49,HIGH,TIMETABLE
TRN-004766,EXPRESS,C02,2026-09-12,22:49,23:18,HIGH,TIMETABLE
TRN-004767,SUPERFAST,C13,2026-09-07,10:21,10:38,HIGH,TIMETABLE
TRN-004768,GOODS,C03,2026-09-17,01:39,02:32,MEDIUM,GOODS_FORECAST
TRN-004769,PASSENGER,C05,2026-09-01,01:06,01:20,HIGH,TIMETABLE
TRN-004770,PASSENGER,C12,2026-09-14,11:18,11:34,HIGH,TIMETABLE
TRN-004771,PASSENGER,C16,2026-09-23,16:16,16:41,HIGH,TIMETABLE
TRN-004772,SUPERFAST,C01,2026-09-22,06:49,07:02,HIGH,TIMETABLE
TRN-004773,EXPRESS,C18,2026-09-16,03:41,04:09,HIGH,TIMETABLE
TRN-004774,SUPERFAST,C14,2026-09-04,12:40,12:59,HIGH,TIMETABLE
TRN-004775,EXPRESS,C05,2026-09-01,03:31,03:45,HIGH,TIMETABLE
TRN-004776,PASSENGER,C02,2026-09-05,12:47,13:06,HIGH,TIMETABLE
TRN-004777,PASSENGER,C01,2026-09-22,01:58,02:18,HIGH,TIMETABLE
TRN-004778,PASSENGER,C02,2026-09-17,01:14,01:30,HIGH,TIMETABLE
TRN-004779,EXPRESS,C16,2026-09-13,21:32,21:56,HIGH,TIMETABLE
TRN-004780,PASSENGER,C17,2026-09-16,04:36,04:55,HIGH,TIMETABLE
TRN-004781,EXPRESS,C13,2026-09-07,00:27,00:43,HIGH,TIMETABLE
TRN-004782,SUPERFAST,C10,2026-09-08,17:57,18:14,HIGH,TIMETABLE
TRN-004783,SUPERFAST,C02,2026-09-01,01:01,01:29,HIGH,TIMETABLE
TRN-004784,PASSENGER,C08,2026-09-11,05:22,05:41,HIGH,TIMETABLE
TRN-004785,SUPERFAST,C08,2026-09-01,16:47,17:05,HIGH,TIMETABLE
TRN-004786,PASSENGER,C19,2026-09-19,21:58,22:21,HIGH,TIMETABLE
TRN-004787,PASSENGER,C09,2026-09-14,13:13,13:27,HIGH,TIMETABLE
TRN-004788,EXPRESS,C16,2026-09-23,06:38,06:59,HIGH,TIMETABLE
TRN-004789,PASSENGER,C20,2026-09-26,12:53,13:08,HIGH,TIMETABLE
TRN-004790,PASSENGER,C05,2026-09-15,11:10,11:32,HIGH,TIMETABLE
TRN-004791,PASSENGER,C06,2026-09-05,08:31,08:42,HIGH,TIMETABLE
TRN-004792,PASSENGER,C10,2026-09-02,12:42,13:04,HIGH,TIMETABLE
TRN-004793,SUPERFAST,C15,2026-09-28,03:29,03:44,HIGH,TIMETABLE
TRN-004794,EXPRESS,C12,2026-09-17,19:14,19:25,HIGH,TIMETABLE
TRN-004795,GOODS,C04,2026-09-30,17:37,18:12,MEDIUM,GOODS_FORECAST
TRN-004796,SUPERFAST,C17,2026-09-29,00:24,00:44,HIGH,TIMETABLE
TRN-004797,PASSENGER,C13,2026-09-14,01:28,01:41,HIGH,TIMETABLE
TRN-004798,GOODS,C07,2026-09-19,04:20,05:16,MEDIUM,GOODS_FORECAST
TRN-004799,EXPRESS,C10,2026-09-25,09:24,09:49,HIGH,TIMETABLE
TRN-004800,SUPERFAST,C02,2026-09-19,19:00,19:22,HIGH,TIMETABLE
TRN-004801,SUPERFAST,C14,2026-09-03,11:08,11:22,HIGH,TIMETABLE
TRN-004802,EXPRESS,C20,2026-09-11,18:49,19:08,HIGH,TIMETABLE
TRN-004803,PASSENGER,C05,2026-09-01,04:56,05:11,HIGH,TIMETABLE
TRN-004804,SUPERFAST,C09,2026-09-23,18:57,19:11,HIGH,TIMETABLE
TRN-004805,PASSENGER,C18,2026-09-27,13:24,13:40,HIGH,TIMETABLE
TRN-004806,SUPERFAST,C08,2026-09-28,15:45,16:02,HIGH,TIMETABLE
TRN-004807,EXPRESS,C10,2026-09-12,01:25,01:42,HIGH,TIMETABLE
TRN-004808,GOODS,C04,2026-09-30,18:11,18:38,MEDIUM,GOODS_FORECAST
TRN-004809,SUPERFAST,C13,2026-09-22,12:59,13:29,HIGH,TIMETABLE
TRN-004810,EXPRESS,C04,2026-09-30,08:59,09:12,HIGH,TIMETABLE
TRN-004811,SUPERFAST,C08,2026-09-22,19:35,19:58,HIGH,TIMETABLE
TRN-004812,PASSENGER,C03,2026-09-01,09:00,09:24,HIGH,TIMETABLE
TRN-004813,GOODS,C03,2026-09-28,17:06,17:38,MEDIUM,GOODS_FORECAST
TRN-004814,GOODS,C19,2026-09-26,21:00,21:33,MEDIUM,GOODS_FORECAST
TRN-004815,SUPERFAST,C13,2026-09-22,23:05,23:34,HIGH,TIMETABLE
TRN-004816,PASSENGER,C10,2026-09-24,16:35,16:58,HIGH,TIMETABLE
TRN-004817,EXPRESS,C07,2026-09-10,02:09,02:20,HIGH,TIMETABLE
TRN-004818,PASSENGER,C03,2026-09-09,03:10,03:26,HIGH,TIMETABLE
TRN-004819,SUPERFAST,C17,2026-09-04,03:47,04:14,HIGH,TIMETABLE
TRN-004820,SUPERFAST,C10,2026-09-01,11:40,11:52,HIGH,TIMETABLE
TRN-004821,SUPERFAST,C08,2026-09-06,10:44,11:14,HIGH,TIMETABLE
TRN-004822,PASSENGER,C19,2026-09-22,00:04,00:23,HIGH,TIMETABLE
TRN-004823,PASSENGER,C02,2026-09-17,12:19,12:42,HIGH,TIMETABLE
TRN-004824,PASSENGER,C09,2026-09-26,01:37,01:59,HIGH,TIMETABLE
TRN-004825,EXPRESS,C10,2026-09-22,17:10,17:34,HIGH,TIMETABLE
TRN-004826,EXPRESS,C03,2026-09-01,06:45,06:58,HIGH,TIMETABLE
TRN-004827,PASSENGER,C12,2026-09-25,13:18,13:36,HIGH,TIMETABLE
TRN-004828,PASSENGER,C05,2026-09-25,05:12,05:36,HIGH,TIMETABLE
TRN-004829,PASSENGER,C16,2026-09-20,09:10,09:21,HIGH,TIMETABLE
TRN-004830,EXPRESS,C09,2026-09-01,07:35,07:51,HIGH,TIMETABLE
TRN-004831,GOODS,C15,2026-09-09,08:48,09:46,MEDIUM,GOODS_FORECAST
TRN-004832,EXPRESS,C20,2026-09-08,08:25,08:54,HIGH,TIMETABLE
TRN-004833,PASSENGER,C08,2026-09-13,20:59,21:18,HIGH,TIMETABLE
TRN-004834,PASSENGER,C13,2026-09-10,02:25,02:35,HIGH,TIMETABLE
TRN-004835,GOODS,C01,2026-09-08,05:43,06:35,MEDIUM,GOODS_FORECAST
TRN-004836,SUPERFAST,C15,2026-09-12,07:58,08:10,HIGH,TIMETABLE
TRN-004837,SUPERFAST,C18,2026-09-02,11:52,12:17,HIGH,TIMETABLE
TRN-004838,GOODS,C13,2026-09-08,02:59,03:26,MEDIUM,GOODS_FORECAST
TRN-004839,PASSENGER,C18,2026-09-20,13:51,14:11,HIGH,TIMETABLE
TRN-004840,PASSENGER,C04,2026-09-06,10:59,11:16,HIGH,TIMETABLE
TRN-004841,EXPRESS,C13,2026-09-30,09:51,10:01,HIGH,TIMETABLE
TRN-004842,PASSENGER,C15,2026-09-10,17:47,18:09,HIGH,TIMETABLE
TRN-004843,EXPRESS,C10,2026-09-29,19:09,19:31,HIGH,TIMETABLE
TRN-004844,SUPERFAST,C19,2026-09-27,17:42,18:10,HIGH,TIMETABLE
TRN-004845,PASSENGER,C09,2026-09-17,02:22,02:46,HIGH,TIMETABLE
TRN-004846,PASSENGER,C08,2026-09-13,03:38,03:48,HIGH,TIMETABLE
TRN-004847,GOODS,C15,2026-09-26,15:59,16:24,MEDIUM,GOODS_FORECAST
TRN-004848,SUPERFAST,C15,2026-09-16,07:34,08:04,HIGH,TIMETABLE
TRN-004849,EXPRESS,C19,2026-09-30,10:34,11:03,HIGH,TIMETABLE
TRN-004850,PASSENGER,C07,2026-09-27,01:15,01:39,HIGH,TIMETABLE
TRN-004851,EXPRESS,C04,2026-09-30,02:31,02:55,HIGH,TIMETABLE
TRN-004852,PASSENGER,C14,2026-09-27,01:46,01:57,HIGH,TIMETABLE
TRN-004853,PASSENGER,C01,2026-09-06,03:10,03:28,HIGH,TIMETABLE
TRN-004854,PASSENGER,C03,2026-09-26,12:10,12:30,HIGH,TIMETABLE
TRN-004855,GOODS,C14,2026-09-15,09:32,10:11,MEDIUM,GOODS_FORECAST
TRN-004856,PASSENGER,C17,2026-09-10,22:39,23:02,HIGH,TIMETABLE
TRN-004857,GOODS,C11,2026-09-12,05:31,06:10,MEDIUM,GOODS_FORECAST
TRN-004858,EXPRESS,C04,2026-09-16,23:12,23:22,HIGH,TIMETABLE
TRN-004859,GOODS,C08,2026-09-12,08:19,08:44,MEDIUM,GOODS_FORECAST
TRN-004860,GOODS,C02,2026-09-10,21:04,21:40,MEDIUM,GOODS_FORECAST
TRN-004861,EXPRESS,C13,2026-09-12,07:19,07:41,HIGH,TIMETABLE
TRN-004862,SUPERFAST,C20,2026-09-16,22:06,22:30,HIGH,TIMETABLE
TRN-004863,PASSENGER,C15,2026-09-07,19:23,19:42,HIGH,TIMETABLE
TRN-004864,SUPERFAST,C05,2026-09-09,17:17,17:42,HIGH,TIMETABLE
TRN-004865,SUPERFAST,C05,2026-09-30,06:41,07:08,HIGH,TIMETABLE
TRN-004866,GOODS,C17,2026-09-13,11:14,11:54,MEDIUM,GOODS_FORECAST
TRN-004867,GOODS,C05,2026-09-28,16:21,17:10,MEDIUM,GOODS_FORECAST
TRN-004868,EXPRESS,C03,2026-09-09,23:56,00:08,HIGH,TIMETABLE
TRN-004869,GOODS,C08,2026-09-09,19:40,20:17,MEDIUM,GOODS_FORECAST
TRN-004870,SUPERFAST,C16,2026-09-30,20:47,21:09,HIGH,TIMETABLE
TRN-004871,EXPRESS,C02,2026-09-14,00:12,00:33,HIGH,TIMETABLE
TRN-004872,EXPRESS,C04,2026-09-16,07:48,08:08,HIGH,TIMETABLE
TRN-004873,EXPRESS,C05,2026-09-04,04:08,04:30,HIGH,TIMETABLE
TRN-004874,PASSENGER,C01,2026-09-13,23:48,00:04,HIGH,TIMETABLE
TRN-004875,GOODS,C12,2026-09-25,08:58,09:48,MEDIUM,GOODS_FORECAST
TRN-004876,PASSENGER,C07,2026-09-27,20:13,20:37,HIGH,TIMETABLE
TRN-004877,PASSENGER,C10,2026-09-22,21:26,21:46,HIGH,TIMETABLE
TRN-004878,EXPRESS,C01,2026-09-28,07:52,08:21,HIGH,TIMETABLE
TRN-004879,SUPERFAST,C09,2026-09-22,04:30,04:55,HIGH,TIMETABLE
TRN-004880,SUPERFAST,C04,2026-09-24,18:27,18:49,HIGH,TIMETABLE
TRN-004881,EXPRESS,C19,2026-09-05,12:21,12:41,HIGH,TIMETABLE
TRN-004882,PASSENGER,C02,2026-09-11,00:48,01:03,HIGH,TIMETABLE
TRN-004883,EXPRESS,C02,2026-09-01,01:38,01:50,HIGH,TIMETABLE
TRN-004884,SUPERFAST,C04,2026-09-22,01:53,02:05,HIGH,TIMETABLE
TRN-004885,GOODS,C14,2026-09-03,14:10,14:39,MEDIUM,GOODS_FORECAST
TRN-004886,GOODS,C15,2026-09-07,19:10,19:51,MEDIUM,GOODS_FORECAST
TRN-004887,SUPERFAST,C20,2026-09-21,17:33,17:45,HIGH,TIMETABLE
TRN-004888,PASSENGER,C03,2026-09-28,07:53,08:03,HIGH,TIMETABLE
TRN-004889,PASSENGER,C18,2026-09-17,04:46,05:02,HIGH,TIMETABLE
TRN-004890,EXPRESS,C10,2026-09-22,12:48,13:16,HIGH,TIMETABLE
TRN-004891,SUPERFAST,C18,2026-09-28,13:49,14:14,HIGH,TIMETABLE
TRN-004892,PASSENGER,C07,2026-09-03,02:05,02:23,HIGH,TIMETABLE
TRN-004893,SUPERFAST,C17,2026-09-04,16:51,17:15,HIGH,TIMETABLE
TRN-004894,GOODS,C08,2026-09-21,14:05,14:53,MEDIUM,GOODS_FORECAST
TRN-004895,GOODS,C14,2026-09-03,20:40,21:13,MEDIUM,GOODS_FORECAST
TRN-004896,PASSENGER,C03,2026-09-25,18:06,18:20,HIGH,TIMETABLE
TRN-004897,GOODS,C01,2026-09-14,07:16,07:46,MEDIUM,GOODS_FORECAST
TRN-004898,EXPRESS,C13,2026-09-27,09:48,10:01,HIGH,TIMETABLE
TRN-004899,EXPRESS,C03,2026-09-21,21:29,21:59,HIGH,TIMETABLE
TRN-004900,GOODS,C08,2026-09-27,00:59,01:33,MEDIUM,GOODS_FORECAST
TRN-004901,PASSENGER,C09,2026-09-25,03:58,04:21,HIGH,TIMETABLE
TRN-004902,SUPERFAST,C14,2026-09-17,06:27,06:47,HIGH,TIMETABLE
TRN-004903,GOODS,C20,2026-09-19,02:15,03:06,MEDIUM,GOODS_FORECAST
TRN-004904,GOODS,C14,2026-09-09,00:30,01:10,MEDIUM,GOODS_FORECAST
TRN-004905,PASSENGER,C19,2026-09-22,02:18,02:35,HIGH,TIMETABLE
TRN-004906,SUPERFAST,C11,2026-09-05,18:12,18:26,HIGH,TIMETABLE
TRN-004907,GOODS,C13,2026-09-26,15:30,16:01,MEDIUM,GOODS_FORECAST
TRN-004908,PASSENGER,C20,2026-09-08,15:44,16:02,HIGH,TIMETABLE
TRN-004909,SUPERFAST,C20,2026-09-19,10:57,11:12,HIGH,TIMETABLE
TRN-004910,GOODS,C11,2026-09-06,20:59,21:50,MEDIUM,GOODS_FORECAST
TRN-004911,SUPERFAST,C09,2026-09-10,23:20,23:46,HIGH,TIMETABLE
TRN-004912,PASSENGER,C08,2026-09-26,21:29,21:52,HIGH,TIMETABLE
TRN-004913,SUPERFAST,C18,2026-09-14,17:18,17:31,HIGH,TIMETABLE
TRN-004914,GOODS,C04,2026-09-03,10:33,11:12,MEDIUM,GOODS_FORECAST
TRN-004915,PASSENGER,C14,2026-09-09,00:49,00:59,HIGH,TIMETABLE
TRN-004916,PASSENGER,C16,2026-09-16,02:54,03:14,HIGH,TIMETABLE
TRN-004917,PASSENGER,C12,2026-09-20,23:02,23:13,HIGH,TIMETABLE
TRN-004918,SUPERFAST,C13,2026-09-23,05:41,06:06,HIGH,TIMETABLE
TRN-004919,EXPRESS,C20,2026-09-02,05:51,06:12,HIGH,TIMETABLE
TRN-004920,EXPRESS,C05,2026-09-01,09:05,09:27,HIGH,TIMETABLE
TRN-004921,GOODS,C15,2026-09-06,03:58,04:49,MEDIUM,GOODS_FORECAST
TRN-004922,PASSENGER,C13,2026-09-13,00:46,01:02,HIGH,TIMETABLE
TRN-004923,PASSENGER,C11,2026-09-17,10:08,10:20,HIGH,TIMETABLE
TRN-004924,EXPRESS,C01,2026-09-06,21:14,21:34,HIGH,TIMETABLE
TRN-004925,PASSENGER,C20,2026-09-19,19:22,19:47,HIGH,TIMETABLE
TRN-004926,EXPRESS,C08,2026-09-24,15:32,16:00,HIGH,TIMETABLE
TRN-004927,PASSENGER,C12,2026-09-16,19:45,20:05,HIGH,TIMETABLE
TRN-004928,SUPERFAST,C03,2026-09-19,21:57,22:11,HIGH,TIMETABLE
TRN-004929,PASSENGER,C15,2026-09-09,23:17,23:29,HIGH,TIMETABLE
TRN-004930,PASSENGER,C16,2026-09-22,07:23,07:45,HIGH,TIMETABLE
TRN-004931,GOODS,C15,2026-09-01,07:27,08:25,MEDIUM,GOODS_FORECAST
TRN-004932,EXPRESS,C12,2026-09-13,22:17,22:41,HIGH,TIMETABLE
TRN-004933,GOODS,C04,2026-09-04,05:28,06:16,MEDIUM,GOODS_FORECAST
TRN-004934,GOODS,C10,2026-09-24,05:28,06:06,MEDIUM,GOODS_FORECAST
TRN-004935,PASSENGER,C01,2026-09-18,01:27,01:48,HIGH,TIMETABLE
TRN-004936,EXPRESS,C08,2026-09-02,17:20,17:34,HIGH,TIMETABLE
TRN-004937,EXPRESS,C06,2026-09-21,08:37,09:07,HIGH,TIMETABLE
TRN-004938,EXPRESS,C17,2026-09-15,07:37,07:52,HIGH,TIMETABLE
TRN-004939,SUPERFAST,C02,2026-09-29,16:06,16:32,HIGH,TIMETABLE
TRN-004940,EXPRESS,C03,2026-09-06,21:43,22:07,HIGH,TIMETABLE
TRN-004941,PASSENGER,C14,2026-09-12,09:55,10:16,HIGH,TIMETABLE
TRN-004942,PASSENGER,C01,2026-09-16,04:33,04:43,HIGH,TIMETABLE
TRN-004943,PASSENGER,C15,2026-09-28,00:46,01:05,HIGH,TIMETABLE
TRN-004944,PASSENGER,C16,2026-09-09,22:59,23:11,HIGH,TIMETABLE
TRN-004945,EXPRESS,C06,2026-09-16,20:55,21:18,HIGH,TIMETABLE
TRN-004946,SUPERFAST,C07,2026-09-21,13:30,13:50,HIGH,TIMETABLE
TRN-004947,PASSENGER,C20,2026-09-24,11:10,11:31,HIGH,TIMETABLE
TRN-004948,PASSENGER,C01,2026-09-01,12:24,12:36,HIGH,TIMETABLE
TRN-004949,PASSENGER,C04,2026-09-20,10:21,10:39,HIGH,TIMETABLE
TRN-004950,SUPERFAST,C05,2026-09-14,05:54,06:10,HIGH,TIMETABLE
TRN-004951,SUPERFAST,C01,2026-09-07,14:16,14:26,HIGH,TIMETABLE
TRN-004952,GOODS,C05,2026-09-05,08:12,08:57,MEDIUM,GOODS_FORECAST
TRN-004953,PASSENGER,C17,2026-09-08,00:05,00:21,HIGH,TIMETABLE
TRN-004954,SUPERFAST,C05,2026-09-29,21:50,22:08,HIGH,TIMETABLE
TRN-004955,PASSENGER,C15,2026-09-11,06:59,07:12,HIGH,TIMETABLE
TRN-004956,GOODS,C19,2026-09-05,19:07,19:33,MEDIUM,GOODS_FORECAST
TRN-004957,GOODS,C04,2026-09-28,14:11,15:01,MEDIUM,GOODS_FORECAST
TRN-004958,PASSENGER,C14,2026-09-27,14:33,14:55,HIGH,TIMETABLE
TRN-004959,GOODS,C16,2026-09-24,23:04,23:48,MEDIUM,GOODS_FORECAST
TRN-004960,PASSENGER,C07,2026-09-28,00:02,00:20,HIGH,TIMETABLE
TRN-004961,EXPRESS,C09,2026-09-03,00:38,01:00,HIGH,TIMETABLE
TRN-004962,PASSENGER,C13,2026-09-09,19:48,20:12,HIGH,TIMETABLE
TRN-004963,PASSENGER,C18,2026-09-10,09:54,10:14,HIGH,TIMETABLE
TRN-004964,EXPRESS,C04,2026-09-11,22:23,22:36,HIGH,TIMETABLE
TRN-004965,EXPRESS,C10,2026-09-05,19:48,20:11,HIGH,TIMETABLE
TRN-004966,GOODS,C06,2026-09-17,00:07,00:40,MEDIUM,GOODS_FORECAST
TRN-004967,PASSENGER,C04,2026-09-12,00:12,00:32,HIGH,TIMETABLE
TRN-004968,GOODS,C20,2026-09-26,13:55,14:46,MEDIUM,GOODS_FORECAST
TRN-004969,PASSENGER,C07,2026-09-04,11:15,11:30,HIGH,TIMETABLE
TRN-004970,SUPERFAST,C12,2026-09-06,23:49,00:06,HIGH,TIMETABLE
TRN-004971,SUPERFAST,C05,2026-09-22,18:51,19:02,HIGH,TIMETABLE
TRN-004972,PASSENGER,C18,2026-09-07,15:33,15:57,HIGH,TIMETABLE
TRN-004973,SUPERFAST,C08,2026-09-12,09:15,09:26,HIGH,TIMETABLE
TRN-004974,GOODS,C10,2026-09-16,13:48,14:24,MEDIUM,GOODS_FORECAST
TRN-004975,GOODS,C07,2026-09-20,12:25,12:52,MEDIUM,GOODS_FORECAST
TRN-004976,SUPERFAST,C03,2026-09-04,11:15,11:30,HIGH,TIMETABLE
TRN-004977,GOODS,C11,2026-09-17,23:24,00:16,MEDIUM,GOODS_FORECAST
TRN-004978,GOODS,C15,2026-09-15,18:32,19:32,MEDIUM,GOODS_FORECAST
TRN-004979,EXPRESS,C13,2026-09-02,07:32,07:44,HIGH,TIMETABLE
TRN-004980,GOODS,C09,2026-09-18,20:03,20:29,MEDIUM,GOODS_FORECAST
TRN-004981,GOODS,C01,2026-09-09,12:14,13:13,MEDIUM,GOODS_FORECAST
TRN-004982,GOODS,C17,2026-09-01,20:14,21:09,MEDIUM,GOODS_FORECAST
TRN-004983,PASSENGER,C18,2026-09-14,02:18,02:37,HIGH,TIMETABLE
TRN-004984,GOODS,C05,2026-09-06,20:47,21:26,MEDIUM,GOODS_FORECAST
TRN-004985,EXPRESS,C11,2026-09-23,10:04,10:25,HIGH,TIMETABLE
TRN-004986,EXPRESS,C06,2026-09-02,11:07,11:28,HIGH,TIMETABLE
TRN-004987,EXPRESS,C15,2026-09-11,15:11,15:36,HIGH,TIMETABLE
TRN-004988,EXPRESS,C03,2026-09-04,23:13,23:29,HIGH,TIMETABLE
TRN-004989,SUPERFAST,C19,2026-09-26,18:42,18:59,HIGH,TIMETABLE
TRN-004990,PASSENGER,C10,2026-09-25,11:18,11:42,HIGH,TIMETABLE
TRN-004991,EXPRESS,C05,2026-09-15,08:32,08:52,HIGH,TIMETABLE
TRN-004992,SUPERFAST,C04,2026-09-03,13:16,13:26,HIGH,TIMETABLE
TRN-004993,EXPRESS,C12,2026-09-17,19:28,19:52,HIGH,TIMETABLE
TRN-004994,GOODS,C02,2026-09-26,03:43,04:30,MEDIUM,GOODS_FORECAST
TRN-004995,SUPERFAST,C06,2026-09-06,03:58,04:14,HIGH,TIMETABLE
TRN-004996,PASSENGER,C17,2026-09-20,12:49,13:00,HIGH,TIMETABLE
TRN-004997,PASSENGER,C17,2026-09-07,09:17,09:41,HIGH,TIMETABLE
TRN-004998,EXPRESS,C03,2026-09-05,22:55,23:21,HIGH,TIMETABLE
TRN-004999,SUPERFAST,C17,2026-09-19,21:04,21:21,HIGH,TIMETABLE
TRN-005000,PASSENGER,C16,2026-09-09,13:19,13:32,HIGH,TIMETABLE
TRN-005001,SUPERFAST,C08,2026-09-24,19:31,20:00,HIGH,TIMETABLE
TRN-005002,SUPERFAST,C16,2026-09-19,20:17,20:31,HIGH,TIMETABLE
TRN-005003,EXPRESS,C11,2026-09-23,13:26,13:37,HIGH,TIMETABLE
TRN-005004,GOODS,C08,2026-09-07,17:46,18:42,MEDIUM,GOODS_FORECAST
TRN-005005,SUPERFAST,C17,2026-09-22,12:02,12:16,HIGH,TIMETABLE
TRN-005006,EXPRESS,C18,2026-09-28,20:59,21:25,HIGH,TIMETABLE
TRN-005007,EXPRESS,C04,2026-09-18,08:48,09:05,HIGH,TIMETABLE
TRN-005008,GOODS,C15,2026-09-13,23:46,00:26,MEDIUM,GOODS_FORECAST
TRN-005009,PASSENGER,C19,2026-09-01,22:01,22:11,HIGH,TIMETABLE
TRN-005010,EXPRESS,C16,2026-09-19,09:42,10:11,HIGH,TIMETABLE
TRN-005011,EXPRESS,C20,2026-09-28,22:18,22:37,HIGH,TIMETABLE
TRN-005012,SUPERFAST,C11,2026-09-15,23:20,23:50,HIGH,TIMETABLE
TRN-005013,SUPERFAST,C10,2026-09-09,03:45,03:56,HIGH,TIMETABLE
TRN-005014,EXPRESS,C19,2026-09-29,05:48,06:11,HIGH,TIMETABLE
TRN-005015,PASSENGER,C11,2026-09-10,22:19,22:36,HIGH,TIMETABLE
TRN-005016,PASSENGER,C15,2026-09-27,12:06,12:19,HIGH,TIMETABLE
TRN-005017,SUPERFAST,C01,2026-09-30,08:50,09:07,HIGH,TIMETABLE
TRN-005018,PASSENGER,C17,2026-09-07,20:51,21:11,HIGH,TIMETABLE
TRN-005019,GOODS,C19,2026-09-24,01:50,02:44,MEDIUM,GOODS_FORECAST
TRN-005020,GOODS,C19,2026-09-14,12:25,13:22,MEDIUM,GOODS_FORECAST
TRN-005021,GOODS,C15,2026-09-17,07:36,08:32,MEDIUM,GOODS_FORECAST
TRN-005022,PASSENGER,C18,2026-09-03,12:54,13:19,HIGH,TIMETABLE
TRN-005023,EXPRESS,C07,2026-09-10,23:06,23:17,HIGH,TIMETABLE
TRN-005024,EXPRESS,C07,2026-09-02,15:06,15:36,HIGH,TIMETABLE
TRN-005025,SUPERFAST,C15,2026-09-15,13:14,13:27,HIGH,TIMETABLE
TRN-005026,GOODS,C07,2026-09-11,22:26,22:52,MEDIUM,GOODS_FORECAST
TRN-005027,SUPERFAST,C01,2026-09-16,17:20,17:47,HIGH,TIMETABLE
TRN-005028,PASSENGER,C19,2026-09-06,05:04,05:20,HIGH,TIMETABLE
TRN-005029,PASSENGER,C17,2026-09-11,09:38,09:48,HIGH,TIMETABLE
TRN-005030,PASSENGER,C07,2026-09-14,19:51,20:11,HIGH,TIMETABLE
TRN-005031,PASSENGER,C18,2026-09-11,23:16,23:27,HIGH,TIMETABLE
TRN-005032,SUPERFAST,C08,2026-09-03,04:43,05:05,HIGH,TIMETABLE
TRN-005033,PASSENGER,C06,2026-09-15,08:07,08:27,HIGH,TIMETABLE
TRN-005034,SUPERFAST,C11,2026-09-26,04:03,04:22,HIGH,TIMETABLE
TRN-005035,SUPERFAST,C05,2026-09-09,20:16,20:27,HIGH,TIMETABLE
TRN-005036,PASSENGER,C05,2026-09-08,09:08,09:33,HIGH,TIMETABLE
TRN-005037,EXPRESS,C10,2026-09-14,20:54,21:14,HIGH,TIMETABLE
TRN-005038,GOODS,C19,2026-09-08,12:11,12:56,MEDIUM,GOODS_FORECAST
TRN-005039,EXPRESS,C15,2026-09-02,05:04,05:15,HIGH,TIMETABLE
TRN-005040,PASSENGER,C04,2026-09-16,08:35,08:47,HIGH,TIMETABLE
TRN-005041,PASSENGER,C10,2026-09-09,12:18,12:36,HIGH,TIMETABLE
TRN-005042,SUPERFAST,C13,2026-09-04,05:27,05:40,HIGH,TIMETABLE
TRN-005043,EXPRESS,C08,2026-09-30,22:37,23:06,HIGH,TIMETABLE
TRN-005044,PASSENGER,C05,2026-09-16,23:06,23:16,HIGH,TIMETABLE
TRN-005045,GOODS,C11,2026-09-01,14:56,15:46,MEDIUM,GOODS_FORECAST
TRN-005046,PASSENGER,C05,2026-09-06,05:06,05:23,HIGH,TIMETABLE
TRN-005047,SUPERFAST,C01,2026-09-12,13:10,13:29,HIGH,TIMETABLE
TRN-005048,PASSENGER,C18,2026-09-23,12:02,12:19,HIGH,TIMETABLE
TRN-005049,SUPERFAST,C09,2026-09-12,12:37,12:57,HIGH,TIMETABLE
TRN-005050,GOODS,C11,2026-09-19,11:21,11:49,MEDIUM,GOODS_FORECAST
TRN-005051,PASSENGER,C14,2026-09-07,11:21,11:44,HIGH,TIMETABLE
TRN-005052,PASSENGER,C16,2026-09-16,18:23,18:42,HIGH,TIMETABLE
TRN-005053,GOODS,C07,2026-09-08,22:03,22:36,MEDIUM,GOODS_FORECAST
TRN-005054,EXPRESS,C07,2026-09-19,20:30,20:41,HIGH,TIMETABLE
TRN-005055,PASSENGER,C14,2026-09-02,00:59,01:14,HIGH,TIMETABLE
TRN-005056,SUPERFAST,C08,2026-09-13,19:18,19:40,HIGH,TIMETABLE
TRN-005057,SUPERFAST,C05,2026-09-14,19:12,19:22,HIGH,TIMETABLE
TRN-005058,PASSENGER,C06,2026-09-05,02:07,02:31,HIGH,TIMETABLE
TRN-005059,EXPRESS,C11,2026-09-22,00:47,01:09,HIGH,TIMETABLE
TRN-005060,PASSENGER,C20,2026-09-02,14:44,15:08,HIGH,TIMETABLE
TRN-005061,PASSENGER,C03,2026-09-11,23:08,23:21,HIGH,TIMETABLE
TRN-005062,PASSENGER,C02,2026-09-07,19:56,20:12,HIGH,TIMETABLE
TRN-005063,PASSENGER,C20,2026-09-02,15:36,15:59,HIGH,TIMETABLE
TRN-005064,EXPRESS,C06,2026-09-30,03:54,04:16,HIGH,TIMETABLE
TRN-005065,PASSENGER,C03,2026-09-18,22:09,22:25,HIGH,TIMETABLE
TRN-005066,SUPERFAST,C08,2026-09-19,21:40,21:52,HIGH,TIMETABLE
TRN-005067,SUPERFAST,C06,2026-09-19,12:53,13:23,HIGH,TIMETABLE
TRN-005068,SUPERFAST,C04,2026-09-01,11:30,11:47,HIGH,TIMETABLE
TRN-005069,PASSENGER,C03,2026-09-06,05:54,06:17,HIGH,TIMETABLE
TRN-005070,PASSENGER,C02,2026-09-29,19:05,19:19,HIGH,TIMETABLE
TRN-005071,GOODS,C17,2026-09-08,22:16,23:10,MEDIUM,GOODS_FORECAST
TRN-005072,EXPRESS,C09,2026-09-06,15:29,15:40,HIGH,TIMETABLE
TRN-005073,PASSENGER,C20,2026-09-18,11:03,11:28,HIGH,TIMETABLE
TRN-005074,SUPERFAST,C18,2026-09-29,15:11,15:26,HIGH,TIMETABLE
TRN-005075,GOODS,C05,2026-09-02,13:39,14:16,MEDIUM,GOODS_FORECAST
TRN-005076,PASSENGER,C17,2026-09-27,23:40,23:50,HIGH,TIMETABLE
TRN-005077,GOODS,C06,2026-09-14,19:41,20:41,MEDIUM,GOODS_FORECAST
TRN-005078,PASSENGER,C10,2026-09-09,14:11,14:34,HIGH,TIMETABLE
TRN-005079,EXPRESS,C19,2026-09-11,04:41,04:59,HIGH,TIMETABLE
TRN-005080,EXPRESS,C01,2026-09-28,19:22,19:45,HIGH,TIMETABLE
TRN-005081,GOODS,C01,2026-09-21,14:33,15:14,MEDIUM,GOODS_FORECAST
TRN-005082,EXPRESS,C09,2026-09-30,11:41,11:56,HIGH,TIMETABLE
TRN-005083,EXPRESS,C07,2026-09-15,18:46,19:10,HIGH,TIMETABLE
TRN-005084,SUPERFAST,C16,2026-09-16,18:41,19:08,HIGH,TIMETABLE
TRN-005085,PASSENGER,C15,2026-09-01,23:47,00:05,HIGH,TIMETABLE
TRN-005086,EXPRESS,C16,2026-09-15,15:38,15:49,HIGH,TIMETABLE
TRN-005087,GOODS,C03,2026-09-05,20:59,21:56,MEDIUM,GOODS_FORECAST
TRN-005088,EXPRESS,C15,2026-09-30,05:13,05:40,HIGH,TIMETABLE
TRN-005089,PASSENGER,C13,2026-09-17,02:05,02:19,HIGH,TIMETABLE
TRN-005090,EXPRESS,C05,2026-09-29,13:41,13:53,HIGH,TIMETABLE
TRN-005091,SUPERFAST,C13,2026-09-09,04:04,04:28,HIGH,TIMETABLE
TRN-005092,PASSENGER,C11,2026-09-07,16:49,17:01,HIGH,TIMETABLE
TRN-005093,SUPERFAST,C14,2026-09-02,11:25,11:47,HIGH,TIMETABLE
TRN-005094,SUPERFAST,C13,2026-09-18,17:35,17:45,HIGH,TIMETABLE
TRN-005095,SUPERFAST,C03,2026-09-23,21:53,22:15,HIGH,TIMETABLE
TRN-005096,EXPRESS,C16,2026-09-28,19:42,20:03,HIGH,TIMETABLE
TRN-005097,SUPERFAST,C05,2026-09-15,19:53,20:19,HIGH,TIMETABLE
TRN-005098,PASSENGER,C04,2026-09-29,05:56,06:14,HIGH,TIMETABLE
TRN-005099,PASSENGER,C12,2026-09-08,12:44,13:02,HIGH,TIMETABLE
TRN-005100,PASSENGER,C13,2026-09-26,00:36,00:48,HIGH,TIMETABLE
TRN-005101,EXPRESS,C03,2026-09-20,18:59,19:17,HIGH,TIMETABLE
TRN-005102,EXPRESS,C17,2026-09-15,00:05,00:18,HIGH,TIMETABLE
TRN-005103,EXPRESS,C17,2026-09-25,23:23,23:45,HIGH,TIMETABLE
TRN-005104,EXPRESS,C04,2026-09-12,05:49,06:00,HIGH,TIMETABLE
TRN-005105,EXPRESS,C04,2026-09-24,01:52,02:17,HIGH,TIMETABLE
TRN-005106,GOODS,C02,2026-09-10,07:43,08:22,MEDIUM,GOODS_FORECAST
TRN-005107,EXPRESS,C18,2026-09-19,12:43,13:07,HIGH,TIMETABLE
TRN-005108,EXPRESS,C15,2026-09-23,05:10,05:40,HIGH,TIMETABLE
TRN-005109,GOODS,C14,2026-09-03,22:51,23:19,MEDIUM,GOODS_FORECAST
TRN-005110,PASSENGER,C03,2026-09-03,01:11,01:21,HIGH,TIMETABLE
TRN-005111,PASSENGER,C16,2026-09-02,03:37,04:02,HIGH,TIMETABLE
TRN-005112,EXPRESS,C12,2026-09-01,06:01,06:11,HIGH,TIMETABLE
TRN-005113,EXPRESS,C05,2026-09-12,22:42,23:01,HIGH,TIMETABLE
TRN-005114,EXPRESS,C06,2026-09-22,21:23,21:40,HIGH,TIMETABLE
TRN-005115,SUPERFAST,C20,2026-09-06,01:07,01:19,HIGH,TIMETABLE
TRN-005116,PASSENGER,C06,2026-09-20,16:03,16:24,HIGH,TIMETABLE
TRN-005117,GOODS,C20,2026-09-16,09:10,10:04,MEDIUM,GOODS_FORECAST
TRN-005118,SUPERFAST,C11,2026-09-21,07:51,08:20,HIGH,TIMETABLE
TRN-005119,EXPRESS,C20,2026-09-28,15:24,15:43,HIGH,TIMETABLE
TRN-005120,PASSENGER,C06,2026-09-12,05:09,05:31,HIGH,TIMETABLE
TRN-005121,SUPERFAST,C20,2026-09-25,08:48,09:18,HIGH,TIMETABLE
TRN-005122,PASSENGER,C10,2026-09-03,13:48,14:07,HIGH,TIMETABLE
TRN-005123,PASSENGER,C07,2026-09-15,09:57,10:08,HIGH,TIMETABLE
TRN-005124,GOODS,C12,2026-09-03,06:24,07:04,MEDIUM,GOODS_FORECAST
TRN-005125,EXPRESS,C20,2026-09-25,07:50,08:14,HIGH,TIMETABLE
TRN-005126,SUPERFAST,C13,2026-09-24,19:34,20:03,HIGH,TIMETABLE
TRN-005127,EXPRESS,C18,2026-09-04,23:04,23:26,HIGH,TIMETABLE
TRN-005128,SUPERFAST,C01,2026-09-27,18:05,18:25,HIGH,TIMETABLE
TRN-005129,PASSENGER,C03,2026-09-26,15:37,15:56,HIGH,TIMETABLE
TRN-005130,EXPRESS,C02,2026-09-26,12:23,12:49,HIGH,TIMETABLE
TRN-005131,PASSENGER,C13,2026-09-17,17:22,17:34,HIGH,TIMETABLE
TRN-005132,PASSENGER,C19,2026-09-20,01:11,01:22,HIGH,TIMETABLE
TRN-005133,PASSENGER,C11,2026-09-17,13:40,13:55,HIGH,TIMETABLE
TRN-005134,PASSENGER,C02,2026-09-22,12:08,12:32,HIGH,TIMETABLE
TRN-005135,PASSENGER,C11,2026-09-01,19:16,19:39,HIGH,TIMETABLE
TRN-005136,PASSENGER,C09,2026-09-12,08:18,08:38,HIGH,TIMETABLE
TRN-005137,PASSENGER,C15,2026-09-24,20:10,20:23,HIGH,TIMETABLE
TRN-005138,PASSENGER,C04,2026-09-03,23:36,23:47,HIGH,TIMETABLE
TRN-005139,GOODS,C17,2026-09-12,23:39,00:08,MEDIUM,GOODS_FORECAST
TRN-005140,GOODS,C09,2026-09-14,23:07,23:59,MEDIUM,GOODS_FORECAST
TRN-005141,GOODS,C20,2026-09-18,22:48,23:33,MEDIUM,GOODS_FORECAST
TRN-005142,EXPRESS,C06,2026-09-03,08:17,08:38,HIGH,TIMETABLE
TRN-005143,GOODS,C14,2026-09-04,17:04,17:42,MEDIUM,GOODS_FORECAST
TRN-005144,PASSENGER,C15,2026-09-24,23:42,23:58,HIGH,TIMETABLE
TRN-005145,SUPERFAST,C18,2026-09-01,01:21,01:35,HIGH,TIMETABLE
TRN-005146,PASSENGER,C14,2026-09-09,05:17,05:38,HIGH,TIMETABLE
TRN-005147,SUPERFAST,C16,2026-09-22,04:34,04:44,HIGH,TIMETABLE
TRN-005148,PASSENGER,C11,2026-09-10,18:39,18:54,HIGH,TIMETABLE
TRN-005149,GOODS,C17,2026-09-28,16:31,17:31,MEDIUM,GOODS_FORECAST
TRN-005150,GOODS,C20,2026-09-05,02:11,02:54,MEDIUM,GOODS_FORECAST
TRN-005151,EXPRESS,C09,2026-09-20,18:25,18:43,HIGH,TIMETABLE
TRN-005152,EXPRESS,C13,2026-09-01,10:03,10:18,HIGH,TIMETABLE
TRN-005153,EXPRESS,C15,2026-09-04,16:26,16:53,HIGH,TIMETABLE
TRN-005154,GOODS,C16,2026-09-26,06:09,06:39,MEDIUM,GOODS_FORECAST
TRN-005155,PASSENGER,C03,2026-09-15,06:15,06:40,HIGH,TIMETABLE
TRN-005156,PASSENGER,C02,2026-09-26,09:15,09:36,HIGH,TIMETABLE
TRN-005157,GOODS,C20,2026-09-27,06:10,07:02,MEDIUM,GOODS_FORECAST
TRN-005158,EXPRESS,C14,2026-09-20,17:11,17:37,HIGH,TIMETABLE
TRN-005159,SUPERFAST,C15,2026-09-19,18:29,18:55,HIGH,TIMETABLE
TRN-005160,EXPRESS,C16,2026-09-11,10:00,10:18,HIGH,TIMETABLE
TRN-005161,PASSENGER,C09,2026-09-29,15:25,15:44,HIGH,TIMETABLE
TRN-005162,GOODS,C08,2026-09-09,00:08,00:40,MEDIUM,GOODS_FORECAST
TRN-005163,GOODS,C05,2026-09-24,19:50,20:28,MEDIUM,GOODS_FORECAST
TRN-005164,EXPRESS,C01,2026-09-23,11:12,11:41,HIGH,TIMETABLE
TRN-005165,EXPRESS,C15,2026-09-11,22:38,22:50,HIGH,TIMETABLE
TRN-005166,GOODS,C19,2026-09-07,08:34,09:23,MEDIUM,GOODS_FORECAST
TRN-005167,GOODS,C17,2026-09-20,00:55,01:27,MEDIUM,GOODS_FORECAST
TRN-005168,PASSENGER,C09,2026-09-27,18:01,18:20,HIGH,TIMETABLE
TRN-005169,SUPERFAST,C16,2026-09-20,08:16,08:39,HIGH,TIMETABLE
TRN-005170,SUPERFAST,C12,2026-09-14,04:03,04:15,HIGH,TIMETABLE
TRN-005171,GOODS,C14,2026-09-18,13:43,14:16,MEDIUM,GOODS_FORECAST
TRN-005172,SUPERFAST,C08,2026-09-28,02:07,02:31,HIGH,TIMETABLE
TRN-005173,PASSENGER,C14,2026-09-11,20:56,21:14,HIGH,TIMETABLE
TRN-005174,EXPRESS,C11,2026-09-08,03:29,03:51,HIGH,TIMETABLE
TRN-005175,PASSENGER,C05,2026-09-15,21:41,22:00,HIGH,TIMETABLE
TRN-005176,PASSENGER,C02,2026-09-07,15:01,15:16,HIGH,TIMETABLE
TRN-005177,GOODS,C16,2026-09-03,18:19,19:10,MEDIUM,GOODS_FORECAST
TRN-005178,SUPERFAST,C06,2026-09-10,10:10,10:34,HIGH,TIMETABLE
TRN-005179,GOODS,C12,2026-09-14,06:25,06:54,MEDIUM,GOODS_FORECAST
TRN-005180,SUPERFAST,C04,2026-09-05,21:21,21:33,HIGH,TIMETABLE
TRN-005181,PASSENGER,C01,2026-09-16,18:35,18:50,HIGH,TIMETABLE
TRN-005182,EXPRESS,C16,2026-09-18,01:37,01:59,HIGH,TIMETABLE
TRN-005183,EXPRESS,C11,2026-09-23,10:11,10:32,HIGH,TIMETABLE
TRN-005184,SUPERFAST,C17,2026-09-11,17:31,17:53,HIGH,TIMETABLE
TRN-005185,EXPRESS,C12,2026-09-14,11:07,11:26,HIGH,TIMETABLE
TRN-005186,PASSENGER,C01,2026-09-06,21:27,21:42,HIGH,TIMETABLE
TRN-005187,PASSENGER,C03,2026-09-06,22:37,22:59,HIGH,TIMETABLE
TRN-005188,EXPRESS,C02,2026-09-30,10:47,11:16,HIGH,TIMETABLE
TRN-005189,PASSENGER,C19,2026-09-30,20:40,20:59,HIGH,TIMETABLE
TRN-005190,PASSENGER,C17,2026-09-29,05:20,05:39,HIGH,TIMETABLE
TRN-005191,EXPRESS,C02,2026-09-11,05:15,05:26,HIGH,TIMETABLE
TRN-005192,PASSENGER,C08,2026-09-27,23:01,23:16,HIGH,TIMETABLE
TRN-005193,GOODS,C18,2026-09-18,15:42,16:12,MEDIUM,GOODS_FORECAST
TRN-005194,SUPERFAST,C06,2026-09-07,05:26,05:36,HIGH,TIMETABLE
TRN-005195,PASSENGER,C14,2026-09-13,17:51,18:14,HIGH,TIMETABLE
TRN-005196,GOODS,C05,2026-09-26,15:06,16:01,MEDIUM,GOODS_FORECAST
TRN-005197,EXPRESS,C05,2026-09-14,18:29,18:49,HIGH,TIMETABLE
TRN-005198,PASSENGER,C05,2026-09-17,15:47,16:09,HIGH,TIMETABLE
TRN-005199,GOODS,C08,2026-09-05,00:12,01:09,MEDIUM,GOODS_FORECAST
TRN-005200,GOODS,C16,2026-09-15,19:09,19:48,MEDIUM,GOODS_FORECAST
TRN-005201,GOODS,C15,2026-09-03,00:14,01:05,MEDIUM,GOODS_FORECAST
TRN-005202,PASSENGER,C18,2026-09-08,07:34,07:52,HIGH,TIMETABLE
TRN-005203,SUPERFAST,C12,2026-09-27,21:43,22:04,HIGH,TIMETABLE
TRN-005204,EXPRESS,C11,2026-09-29,14:30,14:45,HIGH,TIMETABLE
TRN-005205,PASSENGER,C05,2026-09-28,15:27,15:52,HIGH,TIMETABLE
TRN-005206,SUPERFAST,C02,2026-09-02,08:41,09:01,HIGH,TIMETABLE
TRN-005207,PASSENGER,C17,2026-09-12,19:56,20:21,HIGH,TIMETABLE
TRN-005208,PASSENGER,C05,2026-09-25,15:46,16:03,HIGH,TIMETABLE
TRN-005209,SUPERFAST,C05,2026-09-06,18:47,19:08,HIGH,TIMETABLE
TRN-005210,GOODS,C15,2026-09-30,00:46,01:30,MEDIUM,GOODS_FORECAST
TRN-005211,SUPERFAST,C09,2026-09-02,05:12,05:32,HIGH,TIMETABLE
TRN-005212,PASSENGER,C10,2026-09-30,14:00,14:17,HIGH,TIMETABLE
TRN-005213,GOODS,C15,2026-09-29,15:38,16:05,MEDIUM,GOODS_FORECAST
TRN-005214,PASSENGER,C04,2026-09-14,16:16,16:28,HIGH,TIMETABLE
TRN-005215,EXPRESS,C19,2026-09-14,21:45,22:04,HIGH,TIMETABLE
TRN-005216,EXPRESS,C15,2026-09-08,18:00,18:22,HIGH,TIMETABLE
TRN-005217,GOODS,C11,2026-09-13,20:46,21:11,MEDIUM,GOODS_FORECAST
TRN-005218,PASSENGER,C09,2026-09-17,22:54,23:12,HIGH,TIMETABLE
TRN-005219,SUPERFAST,C14,2026-09-16,07:47,08:03,HIGH,TIMETABLE
TRN-005220,PASSENGER,C06,2026-09-20,02:24,02:39,HIGH,TIMETABLE
TRN-005221,PASSENGER,C20,2026-09-11,12:01,12:25,HIGH,TIMETABLE
TRN-005222,GOODS,C15,2026-09-01,00:21,01:13,MEDIUM,GOODS_FORECAST
TRN-005223,GOODS,C08,2026-09-22,20:59,21:40,MEDIUM,GOODS_FORECAST
TRN-005224,GOODS,C19,2026-09-27,20:14,20:56,MEDIUM,GOODS_FORECAST
TRN-005225,GOODS,C14,2026-09-09,01:05,02:01,MEDIUM,GOODS_FORECAST
TRN-005226,EXPRESS,C18,2026-09-20,11:01,11:17,HIGH,TIMETABLE
TRN-005227,PASSENGER,C05,2026-09-23,01:36,01:53,HIGH,TIMETABLE
TRN-005228,GOODS,C08,2026-09-19,17:27,17:53,MEDIUM,GOODS_FORECAST
TRN-005229,SUPERFAST,C08,2026-09-24,17:13,17:38,HIGH,TIMETABLE
TRN-005230,PASSENGER,C13,2026-09-05,18:34,18:51,HIGH,TIMETABLE
TRN-005231,PASSENGER,C14,2026-09-18,21:19,21:30,HIGH,TIMETABLE
TRN-005232,PASSENGER,C18,2026-09-25,02:35,02:46,HIGH,TIMETABLE
TRN-005233,EXPRESS,C01,2026-09-04,12:29,12:45,HIGH,TIMETABLE
TRN-005234,PASSENGER,C09,2026-09-27,06:44,07:04,HIGH,TIMETABLE
TRN-005235,EXPRESS,C01,2026-09-05,21:42,22:12,HIGH,TIMETABLE
TRN-005236,EXPRESS,C06,2026-09-17,15:43,15:55,HIGH,TIMETABLE
TRN-005237,GOODS,C13,2026-09-12,20:45,21:37,MEDIUM,GOODS_FORECAST
TRN-005238,SUPERFAST,C12,2026-09-15,23:47,00:15,HIGH,TIMETABLE
TRN-005239,SUPERFAST,C10,2026-09-12,16:53,17:13,HIGH,TIMETABLE
TRN-005240,EXPRESS,C20,2026-09-19,12:39,13:00,HIGH,TIMETABLE
TRN-005241,PASSENGER,C11,2026-09-11,22:08,22:25,HIGH,TIMETABLE
TRN-005242,SUPERFAST,C13,2026-09-05,19:13,19:43,HIGH,TIMETABLE
TRN-005243,PASSENGER,C04,2026-09-10,17:32,17:53,HIGH,TIMETABLE
TRN-005244,GOODS,C10,2026-09-29,02:32,03:32,MEDIUM,GOODS_FORECAST
TRN-005245,PASSENGER,C12,2026-09-06,23:32,23:52,HIGH,TIMETABLE
TRN-005246,PASSENGER,C12,2026-09-05,02:06,02:30,HIGH,TIMETABLE
TRN-005247,GOODS,C17,2026-09-21,17:05,17:40,MEDIUM,GOODS_FORECAST
TRN-005248,SUPERFAST,C03,2026-09-13,22:11,22:31,HIGH,TIMETABLE
TRN-005249,PASSENGER,C03,2026-09-20,21:28,21:43,HIGH,TIMETABLE
TRN-005250,PASSENGER,C12,2026-09-16,10:04,10:23,HIGH,TIMETABLE
TRN-005251,PASSENGER,C02,2026-09-26,06:58,07:09,HIGH,TIMETABLE
TRN-005252,SUPERFAST,C05,2026-09-16,21:31,21:53,HIGH,TIMETABLE
TRN-005253,SUPERFAST,C09,2026-09-15,06:54,07:04,HIGH,TIMETABLE
TRN-005254,EXPRESS,C18,2026-09-05,10:14,10:25,HIGH,TIMETABLE
TRN-005255,PASSENGER,C12,2026-09-22,08:15,08:30,HIGH,TIMETABLE
TRN-005256,SUPERFAST,C03,2026-09-26,05:45,06:04,HIGH,TIMETABLE
TRN-005257,GOODS,C10,2026-09-01,23:58,00:34,MEDIUM,GOODS_FORECAST
TRN-005258,EXPRESS,C14,2026-09-08,09:53,10:23,HIGH,TIMETABLE
TRN-005259,GOODS,C01,2026-09-19,08:33,09:03,MEDIUM,GOODS_FORECAST
TRN-005260,PASSENGER,C03,2026-09-27,18:49,19:00,HIGH,TIMETABLE
TRN-005261,EXPRESS,C06,2026-09-12,16:19,16:47,HIGH,TIMETABLE
TRN-005262,PASSENGER,C19,2026-09-02,00:55,01:14,HIGH,TIMETABLE
TRN-005263,GOODS,C16,2026-09-20,08:37,09:07,MEDIUM,GOODS_FORECAST
TRN-005264,PASSENGER,C08,2026-09-29,05:15,05:35,HIGH,TIMETABLE
TRN-005265,PASSENGER,C01,2026-09-03,18:53,19:05,HIGH,TIMETABLE
TRN-005266,GOODS,C04,2026-09-07,10:19,10:58,MEDIUM,GOODS_FORECAST
TRN-005267,PASSENGER,C17,2026-09-23,12:31,12:56,HIGH,TIMETABLE
TRN-005268,PASSENGER,C07,2026-09-20,23:24,23:47,HIGH,TIMETABLE
TRN-005269,SUPERFAST,C15,2026-09-14,18:39,19:02,HIGH,TIMETABLE
TRN-005270,PASSENGER,C16,2026-09-08,09:54,10:08,HIGH,TIMETABLE
TRN-005271,PASSENGER,C04,2026-09-05,00:53,01:08,HIGH,TIMETABLE
TRN-005272,SUPERFAST,C07,2026-09-17,02:51,03:08,HIGH,TIMETABLE
TRN-005273,PASSENGER,C10,2026-09-19,10:25,10:36,HIGH,TIMETABLE
TRN-005274,PASSENGER,C17,2026-09-20,01:43,01:55,HIGH,TIMETABLE
TRN-005275,EXPRESS,C14,2026-09-10,12:18,12:33,HIGH,TIMETABLE
TRN-005276,PASSENGER,C19,2026-09-04,23:04,23:15,HIGH,TIMETABLE
TRN-005277,EXPRESS,C03,2026-09-22,07:24,07:40,HIGH,TIMETABLE
TRN-005278,PASSENGER,C18,2026-09-24,23:45,00:01,HIGH,TIMETABLE
TRN-005279,PASSENGER,C05,2026-09-08,14:42,15:04,HIGH,TIMETABLE
TRN-005280,EXPRESS,C10,2026-09-30,23:44,23:56,HIGH,TIMETABLE
TRN-005281,GOODS,C03,2026-09-01,22:21,22:59,MEDIUM,GOODS_FORECAST
TRN-005282,SUPERFAST,C19,2026-09-03,21:06,21:19,HIGH,TIMETABLE
TRN-005283,GOODS,C16,2026-09-10,01:13,01:58,MEDIUM,GOODS_FORECAST
TRN-005284,GOODS,C01,2026-09-04,08:09,08:47,MEDIUM,GOODS_FORECAST
TRN-005285,SUPERFAST,C01,2026-09-25,08:29,08:47,HIGH,TIMETABLE
TRN-005286,GOODS,C09,2026-09-19,12:33,13:25,MEDIUM,GOODS_FORECAST
TRN-005287,PASSENGER,C16,2026-09-03,08:44,09:09,HIGH,TIMETABLE
TRN-005288,SUPERFAST,C12,2026-09-02,16:55,17:19,HIGH,TIMETABLE
TRN-005289,PASSENGER,C05,2026-09-12,22:17,22:41,HIGH,TIMETABLE
TRN-005290,PASSENGER,C03,2026-09-27,12:52,13:08,HIGH,TIMETABLE
TRN-005291,PASSENGER,C01,2026-09-27,06:41,07:06,HIGH,TIMETABLE
TRN-005292,GOODS,C17,2026-09-24,02:37,03:07,MEDIUM,GOODS_FORECAST
TRN-005293,SUPERFAST,C02,2026-09-11,23:33,23:57,HIGH,TIMETABLE
TRN-005294,GOODS,C01,2026-09-07,19:34,20:23,MEDIUM,GOODS_FORECAST
TRN-005295,GOODS,C07,2026-09-02,14:29,15:19,MEDIUM,GOODS_FORECAST
TRN-005296,GOODS,C01,2026-09-01,11:47,12:29,MEDIUM,GOODS_FORECAST
TRN-005297,EXPRESS,C20,2026-09-28,13:32,13:54,HIGH,TIMETABLE
TRN-005298,SUPERFAST,C08,2026-09-28,04:40,04:57,HIGH,TIMETABLE
TRN-005299,PASSENGER,C15,2026-09-02,00:59,01:24,HIGH,TIMETABLE
TRN-005300,PASSENGER,C11,2026-09-17,00:18,00:28,HIGH,TIMETABLE
TRN-005301,EXPRESS,C03,2026-09-09,22:23,22:34,HIGH,TIMETABLE
TRN-005302,EXPRESS,C07,2026-09-08,06:13,06:29,HIGH,TIMETABLE
TRN-005303,PASSENGER,C01,2026-09-26,13:51,14:11,HIGH,TIMETABLE
TRN-005304,GOODS,C16,2026-09-10,09:44,10:43,MEDIUM,GOODS_FORECAST
TRN-005305,SUPERFAST,C18,2026-09-07,21:16,21:46,HIGH,TIMETABLE
TRN-005306,PASSENGER,C15,2026-09-11,20:28,20:38,HIGH,TIMETABLE
TRN-005307,GOODS,C16,2026-09-06,04:51,05:49,MEDIUM,GOODS_FORECAST
TRN-005308,GOODS,C11,2026-09-30,18:29,19:03,MEDIUM,GOODS_FORECAST
TRN-005309,SUPERFAST,C18,2026-09-11,09:21,09:42,HIGH,TIMETABLE
TRN-005310,PASSENGER,C04,2026-09-07,21:10,21:23,HIGH,TIMETABLE
TRN-005311,GOODS,C14,2026-09-26,00:49,01:27,MEDIUM,GOODS_FORECAST
TRN-005312,GOODS,C17,2026-09-28,05:38,06:18,MEDIUM,GOODS_FORECAST
TRN-005313,EXPRESS,C18,2026-09-18,07:02,07:29,HIGH,TIMETABLE
TRN-005314,SUPERFAST,C07,2026-09-13,19:12,19:42,HIGH,TIMETABLE
TRN-005315,PASSENGER,C08,2026-09-18,00:34,00:45,HIGH,TIMETABLE
TRN-005316,PASSENGER,C08,2026-09-14,08:42,09:06,HIGH,TIMETABLE
TRN-005317,EXPRESS,C10,2026-09-14,14:22,14:40,HIGH,TIMETABLE
TRN-005318,EXPRESS,C16,2026-09-23,09:04,09:17,HIGH,TIMETABLE
TRN-005319,EXPRESS,C16,2026-09-25,03:00,03:14,HIGH,TIMETABLE
TRN-005320,PASSENGER,C08,2026-09-04,15:36,15:56,HIGH,TIMETABLE
TRN-005321,PASSENGER,C06,2026-09-19,15:05,15:30,HIGH,TIMETABLE
TRN-005322,EXPRESS,C04,2026-09-09,12:13,12:39,HIGH,TIMETABLE
TRN-005323,PASSENGER,C17,2026-09-04,03:47,04:05,HIGH,TIMETABLE
TRN-005324,PASSENGER,C03,2026-09-12,14:59,15:14,HIGH,TIMETABLE
TRN-005325,EXPRESS,C10,2026-09-23,07:18,07:40,HIGH,TIMETABLE
TRN-005326,GOODS,C03,2026-09-14,18:23,19:12,MEDIUM,GOODS_FORECAST
TRN-005327,PASSENGER,C10,2026-09-13,01:03,01:19,HIGH,TIMETABLE
TRN-005328,GOODS,C03,2026-09-03,17:37,18:12,MEDIUM,GOODS_FORECAST
TRN-005329,EXPRESS,C01,2026-09-26,11:21,11:41,HIGH,TIMETABLE
TRN-005330,PASSENGER,C09,2026-09-13,11:58,12:16,HIGH,TIMETABLE
TRN-005331,PASSENGER,C13,2026-09-17,08:25,08:47,HIGH,TIMETABLE
TRN-005332,EXPRESS,C09,2026-09-30,07:54,08:19,HIGH,TIMETABLE
TRN-005333,EXPRESS,C09,2026-09-26,00:55,01:11,HIGH,TIMETABLE
TRN-005334,PASSENGER,C09,2026-09-21,23:24,23:44,HIGH,TIMETABLE
TRN-005335,PASSENGER,C11,2026-09-28,19:20,19:41,HIGH,TIMETABLE
TRN-005336,SUPERFAST,C14,2026-09-01,00:18,00:35,HIGH,TIMETABLE
TRN-005337,GOODS,C03,2026-09-03,20:30,21:21,MEDIUM,GOODS_FORECAST
TRN-005338,SUPERFAST,C05,2026-09-05,16:56,17:10,HIGH,TIMETABLE
TRN-005339,GOODS,C17,2026-09-13,20:02,20:57,MEDIUM,GOODS_FORECAST
TRN-005340,GOODS,C05,2026-09-23,03:22,04:15,MEDIUM,GOODS_FORECAST
TRN-005341,SUPERFAST,C07,2026-09-13,18:06,18:23,HIGH,TIMETABLE
TRN-005342,EXPRESS,C02,2026-09-19,11:05,11:35,HIGH,TIMETABLE
TRN-005343,EXPRESS,C19,2026-09-07,08:49,08:59,HIGH,TIMETABLE
TRN-005344,SUPERFAST,C20,2026-09-19,02:54,03:17,HIGH,TIMETABLE
TRN-005345,SUPERFAST,C12,2026-09-02,18:33,18:46,HIGH,TIMETABLE
TRN-005346,PASSENGER,C14,2026-09-26,23:39,23:57,HIGH,TIMETABLE
TRN-005347,GOODS,C01,2026-09-08,09:23,10:21,MEDIUM,GOODS_FORECAST
TRN-005348,SUPERFAST,C18,2026-09-09,06:26,06:51,HIGH,TIMETABLE
TRN-005349,GOODS,C02,2026-09-01,23:35,00:26,MEDIUM,GOODS_FORECAST
TRN-005350,PASSENGER,C16,2026-09-30,19:28,19:48,HIGH,TIMETABLE
TRN-005351,SUPERFAST,C19,2026-09-11,04:14,04:33,HIGH,TIMETABLE
TRN-005352,GOODS,C20,2026-09-12,08:42,09:25,MEDIUM,GOODS_FORECAST
TRN-005353,SUPERFAST,C13,2026-09-14,19:39,19:59,HIGH,TIMETABLE
TRN-005354,PASSENGER,C03,2026-09-24,23:46,00:11,HIGH,TIMETABLE
TRN-005355,GOODS,C12,2026-09-28,14:51,15:24,MEDIUM,GOODS_FORECAST
TRN-005356,EXPRESS,C06,2026-09-17,00:15,00:25,HIGH,TIMETABLE
TRN-005357,PASSENGER,C03,2026-09-21,15:15,15:31,HIGH,TIMETABLE
TRN-005358,PASSENGER,C15,2026-09-19,22:36,22:55,HIGH,TIMETABLE
TRN-005359,SUPERFAST,C11,2026-09-19,06:17,06:34,HIGH,TIMETABLE
TRN-005360,PASSENGER,C04,2026-09-27,13:58,14:14,HIGH,TIMETABLE
TRN-005361,EXPRESS,C06,2026-09-14,09:30,09:56,HIGH,TIMETABLE
TRN-005362,SUPERFAST,C03,2026-09-22,23:19,23:30,HIGH,TIMETABLE
TRN-005363,PASSENGER,C15,2026-09-01,15:52,16:05,HIGH,TIMETABLE
TRN-005364,PASSENGER,C20,2026-09-10,21:43,22:03,HIGH,TIMETABLE
TRN-005365,EXPRESS,C03,2026-09-24,08:10,08:21,HIGH,TIMETABLE
TRN-005366,GOODS,C19,2026-09-10,19:05,19:48,MEDIUM,GOODS_FORECAST
TRN-005367,PASSENGER,C10,2026-09-06,21:21,21:38,HIGH,TIMETABLE
TRN-005368,PASSENGER,C12,2026-09-25,05:06,05:22,HIGH,TIMETABLE
TRN-005369,SUPERFAST,C16,2026-09-06,23:01,23:28,HIGH,TIMETABLE
TRN-005370,GOODS,C12,2026-09-28,13:50,14:46,MEDIUM,GOODS_FORECAST
TRN-005371,EXPRESS,C18,2026-09-04,22:30,22:46,HIGH,TIMETABLE
TRN-005372,PASSENGER,C05,2026-09-14,11:07,11:29,HIGH,TIMETABLE
TRN-005373,PASSENGER,C15,2026-09-23,16:07,16:20,HIGH,TIMETABLE
TRN-005374,GOODS,C11,2026-09-17,19:07,19:40,MEDIUM,GOODS_FORECAST
TRN-005375,GOODS,C03,2026-09-27,17:54,18:48,MEDIUM,GOODS_FORECAST
TRN-005376,GOODS,C17,2026-09-26,20:17,20:59,MEDIUM,GOODS_FORECAST
TRN-005377,PASSENGER,C01,2026-09-16,19:41,19:54,HIGH,TIMETABLE
TRN-005378,PASSENGER,C14,2026-09-04,02:35,02:54,HIGH,TIMETABLE
TRN-005379,GOODS,C09,2026-09-09,13:01,13:31,MEDIUM,GOODS_FORECAST
TRN-005380,GOODS,C19,2026-09-28,17:13,17:53,MEDIUM,GOODS_FORECAST
TRN-005381,PASSENGER,C19,2026-09-15,12:23,12:42,HIGH,TIMETABLE
TRN-005382,PASSENGER,C10,2026-09-28,16:42,16:58,HIGH,TIMETABLE
TRN-005383,GOODS,C17,2026-09-30,18:39,19:25,MEDIUM,GOODS_FORECAST
TRN-005384,GOODS,C06,2026-09-08,16:57,17:52,MEDIUM,GOODS_FORECAST
TRN-005385,GOODS,C18,2026-09-22,16:54,17:48,MEDIUM,GOODS_FORECAST
TRN-005386,PASSENGER,C16,2026-09-18,19:07,19:20,HIGH,TIMETABLE
TRN-005387,SUPERFAST,C11,2026-09-08,05:53,06:13,HIGH,TIMETABLE
TRN-005388,GOODS,C06,2026-09-03,22:10,23:10,MEDIUM,GOODS_FORECAST
TRN-005389,GOODS,C18,2026-09-06,05:39,06:29,MEDIUM,GOODS_FORECAST
TRN-005390,EXPRESS,C19,2026-09-02,20:58,21:21,HIGH,TIMETABLE
TRN-005391,SUPERFAST,C14,2026-09-24,00:39,00:53,HIGH,TIMETABLE
TRN-005392,EXPRESS,C12,2026-09-30,06:56,07:23,HIGH,TIMETABLE
TRN-005393,GOODS,C19,2026-09-21,12:19,13:13,MEDIUM,GOODS_FORECAST
TRN-005394,PASSENGER,C10,2026-09-13,22:49,23:03,HIGH,TIMETABLE
TRN-005395,GOODS,C01,2026-09-27,00:28,01:05,MEDIUM,GOODS_FORECAST
TRN-005396,SUPERFAST,C16,2026-09-01,20:15,20:25,HIGH,TIMETABLE
TRN-005397,EXPRESS,C08,2026-09-16,17:45,17:56,HIGH,TIMETABLE
TRN-005398,EXPRESS,C17,2026-09-25,14:13,14:36,HIGH,TIMETABLE
TRN-005399,SUPERFAST,C19,2026-09-08,05:36,05:47,HIGH,TIMETABLE
TRN-005400,EXPRESS,C02,2026-09-19,17:34,17:51,HIGH,TIMETABLE
TRN-005401,PASSENGER,C09,2026-09-20,05:16,05:39,HIGH,TIMETABLE
TRN-005402,EXPRESS,C10,2026-09-18,15:01,15:24,HIGH,TIMETABLE
TRN-005403,GOODS,C06,2026-09-20,13:59,14:46,MEDIUM,GOODS_FORECAST
TRN-005404,PASSENGER,C16,2026-09-26,09:46,10:04,HIGH,TIMETABLE
TRN-005405,GOODS,C13,2026-09-11,15:04,15:37,MEDIUM,GOODS_FORECAST
TRN-005406,EXPRESS,C13,2026-09-12,23:06,23:24,HIGH,TIMETABLE
TRN-005407,PASSENGER,C20,2026-09-17,05:28,05:41,HIGH,TIMETABLE
TRN-005408,EXPRESS,C19,2026-09-09,17:00,17:25,HIGH,TIMETABLE
TRN-005409,EXPRESS,C01,2026-09-28,01:22,01:38,HIGH,TIMETABLE
TRN-005410,PASSENGER,C05,2026-09-25,05:05,05:16,HIGH,TIMETABLE
TRN-005411,PASSENGER,C06,2026-09-13,20:52,21:09,HIGH,TIMETABLE
TRN-005412,PASSENGER,C05,2026-09-28,13:16,13:34,HIGH,TIMETABLE
TRN-005413,PASSENGER,C12,2026-09-15,07:36,07:53,HIGH,TIMETABLE
TRN-005414,PASSENGER,C02,2026-09-15,08:48,08:59,HIGH,TIMETABLE
TRN-005415,SUPERFAST,C08,2026-09-11,02:57,03:20,HIGH,TIMETABLE
TRN-005416,EXPRESS,C05,2026-09-21,05:04,05:22,HIGH,TIMETABLE
TRN-005417,EXPRESS,C16,2026-09-12,04:10,04:24,HIGH,TIMETABLE
TRN-005418,PASSENGER,C18,2026-09-07,16:27,16:37,HIGH,TIMETABLE
TRN-005419,PASSENGER,C12,2026-09-27,07:09,07:31,HIGH,TIMETABLE
TRN-005420,SUPERFAST,C14,2026-09-20,07:07,07:23,HIGH,TIMETABLE
TRN-005421,PASSENGER,C14,2026-09-08,07:24,07:42,HIGH,TIMETABLE
TRN-005422,PASSENGER,C18,2026-09-12,23:47,00:09,HIGH,TIMETABLE
TRN-005423,PASSENGER,C17,2026-09-08,15:53,16:07,HIGH,TIMETABLE
TRN-005424,GOODS,C08,2026-09-16,23:00,23:36,MEDIUM,GOODS_FORECAST
TRN-005425,PASSENGER,C19,2026-09-07,03:28,03:39,HIGH,TIMETABLE
TRN-005426,PASSENGER,C08,2026-09-23,16:05,16:16,HIGH,TIMETABLE
TRN-005427,PASSENGER,C19,2026-09-10,04:51,05:07,HIGH,TIMETABLE
TRN-005428,PASSENGER,C02,2026-09-07,15:12,15:22,HIGH,TIMETABLE
TRN-005429,PASSENGER,C07,2026-09-08,06:42,06:55,HIGH,TIMETABLE
TRN-005430,SUPERFAST,C18,2026-09-29,17:33,17:49,HIGH,TIMETABLE
TRN-005431,EXPRESS,C12,2026-09-13,21:39,21:51,HIGH,TIMETABLE
TRN-005432,PASSENGER,C16,2026-09-29,18:41,18:51,HIGH,TIMETABLE
TRN-005433,PASSENGER,C08,2026-09-15,03:26,03:47,HIGH,TIMETABLE
TRN-005434,SUPERFAST,C04,2026-09-16,14:22,14:50,HIGH,TIMETABLE
TRN-005435,SUPERFAST,C18,2026-09-01,22:16,22:46,HIGH,TIMETABLE
TRN-005436,EXPRESS,C12,2026-09-28,12:10,12:29,HIGH,TIMETABLE
TRN-005437,PASSENGER,C05,2026-09-04,12:32,12:57,HIGH,TIMETABLE
TRN-005438,SUPERFAST,C18,2026-09-26,07:35,07:59,HIGH,TIMETABLE
TRN-005439,SUPERFAST,C06,2026-09-14,09:52,10:02,HIGH,TIMETABLE
TRN-005440,PASSENGER,C05,2026-09-21,15:22,15:38,HIGH,TIMETABLE
TRN-005441,SUPERFAST,C20,2026-09-14,17:49,18:15,HIGH,TIMETABLE
TRN-005442,EXPRESS,C07,2026-09-09,04:31,04:57,HIGH,TIMETABLE
TRN-005443,GOODS,C07,2026-09-21,19:31,19:58,MEDIUM,GOODS_FORECAST
TRN-005444,PASSENGER,C15,2026-09-20,20:43,21:07,HIGH,TIMETABLE
TRN-005445,GOODS,C17,2026-09-28,07:25,08:03,MEDIUM,GOODS_FORECAST
TRN-005446,PASSENGER,C12,2026-09-01,08:07,08:22,HIGH,TIMETABLE
TRN-005447,PASSENGER,C17,2026-09-12,19:51,20:14,HIGH,TIMETABLE
TRN-005448,GOODS,C12,2026-09-25,02:45,03:11,MEDIUM,GOODS_FORECAST
TRN-005449,PASSENGER,C01,2026-09-13,14:52,15:15,HIGH,TIMETABLE
TRN-005450,GOODS,C17,2026-09-13,21:46,22:13,MEDIUM,GOODS_FORECAST
TRN-005451,EXPRESS,C15,2026-09-08,10:09,10:34,HIGH,TIMETABLE
TRN-005452,EXPRESS,C03,2026-09-28,10:09,10:37,HIGH,TIMETABLE
TRN-005453,EXPRESS,C18,2026-09-14,08:25,08:39,HIGH,TIMETABLE
TRN-005454,EXPRESS,C12,2026-09-24,21:00,21:12,HIGH,TIMETABLE
TRN-005455,GOODS,C01,2026-09-08,18:00,18:46,MEDIUM,GOODS_FORECAST
TRN-005456,PASSENGER,C05,2026-09-28,16:01,16:23,HIGH,TIMETABLE
TRN-005457,PASSENGER,C04,2026-09-11,12:01,12:23,HIGH,TIMETABLE
TRN-005458,PASSENGER,C15,2026-09-10,07:01,07:24,HIGH,TIMETABLE
TRN-005459,PASSENGER,C20,2026-09-09,20:59,21:19,HIGH,TIMETABLE
TRN-005460,GOODS,C10,2026-09-01,06:51,07:51,MEDIUM,GOODS_FORECAST
TRN-005461,EXPRESS,C11,2026-09-26,09:45,10:08,HIGH,TIMETABLE
TRN-005462,EXPRESS,C12,2026-09-07,02:32,02:57,HIGH,TIMETABLE
TRN-005463,PASSENGER,C16,2026-09-07,01:04,01:15,HIGH,TIMETABLE
TRN-005464,PASSENGER,C03,2026-09-01,22:36,22:50,HIGH,TIMETABLE
TRN-005465,SUPERFAST,C15,2026-09-07,12:58,13:20,HIGH,TIMETABLE
TRN-005466,PASSENGER,C06,2026-09-12,13:19,13:43,HIGH,TIMETABLE
TRN-005467,PASSENGER,C06,2026-09-06,06:58,07:17,HIGH,TIMETABLE
TRN-005468,GOODS,C15,2026-09-09,19:15,19:53,MEDIUM,GOODS_FORECAST
TRN-005469,EXPRESS,C03,2026-09-14,22:47,23:09,HIGH,TIMETABLE
TRN-005470,PASSENGER,C04,2026-09-19,04:13,04:24,HIGH,TIMETABLE
TRN-005471,SUPERFAST,C10,2026-09-18,17:43,18:06,HIGH,TIMETABLE
TRN-005472,EXPRESS,C01,2026-09-24,15:05,15:21,HIGH,TIMETABLE
TRN-005473,GOODS,C05,2026-09-14,10:33,11:17,MEDIUM,GOODS_FORECAST
TRN-005474,GOODS,C15,2026-09-25,19:02,19:39,MEDIUM,GOODS_FORECAST
TRN-005475,SUPERFAST,C17,2026-09-12,20:57,21:18,HIGH,TIMETABLE
TRN-005476,SUPERFAST,C09,2026-09-03,16:31,16:54,HIGH,TIMETABLE
TRN-005477,SUPERFAST,C20,2026-09-22,00:47,01:16,HIGH,TIMETABLE
TRN-005478,PASSENGER,C04,2026-09-30,14:09,14:28,HIGH,TIMETABLE
TRN-005479,GOODS,C12,2026-09-21,19:05,19:36,MEDIUM,GOODS_FORECAST
TRN-005480,PASSENGER,C12,2026-09-25,16:45,17:02,HIGH,TIMETABLE
TRN-005481,SUPERFAST,C14,2026-09-14,19:36,19:55,HIGH,TIMETABLE
TRN-005482,PASSENGER,C16,2026-09-26,07:17,07:34,HIGH,TIMETABLE
TRN-005483,EXPRESS,C18,2026-09-29,01:56,02:16,HIGH,TIMETABLE
TRN-005484,PASSENGER,C19,2026-09-01,22:30,22:50,HIGH,TIMETABLE
TRN-005485,EXPRESS,C12,2026-09-30,02:59,03:26,HIGH,TIMETABLE
TRN-005486,PASSENGER,C18,2026-09-26,10:20,10:44,HIGH,TIMETABLE
TRN-005487,EXPRESS,C19,2026-09-17,18:25,18:51,HIGH,TIMETABLE
TRN-005488,PASSENGER,C15,2026-09-09,08:22,08:40,HIGH,TIMETABLE
TRN-005489,EXPRESS,C20,2026-09-27,13:45,14:11,HIGH,TIMETABLE
TRN-005490,PASSENGER,C07,2026-09-17,01:23,01:45,HIGH,TIMETABLE
TRN-005491,PASSENGER,C11,2026-09-02,05:06,05:23,HIGH,TIMETABLE
TRN-005492,PASSENGER,C19,2026-09-21,20:11,20:33,HIGH,TIMETABLE
TRN-005493,PASSENGER,C20,2026-09-21,05:38,05:56,HIGH,TIMETABLE
TRN-005494,GOODS,C10,2026-09-25,07:55,08:42,MEDIUM,GOODS_FORECAST
TRN-005495,PASSENGER,C13,2026-09-20,11:15,11:30,HIGH,TIMETABLE
TRN-005496,GOODS,C06,2026-09-27,03:29,04:16,MEDIUM,GOODS_FORECAST
TRN-005497,EXPRESS,C08,2026-09-17,15:25,15:37,HIGH,TIMETABLE
TRN-005498,PASSENGER,C18,2026-09-02,07:09,07:29,HIGH,TIMETABLE
TRN-005499,GOODS,C14,2026-09-20,09:55,10:44,MEDIUM,GOODS_FORECAST
TRN-005500,EXPRESS,C10,2026-09-19,02:00,02:16,HIGH,TIMETABLE
TRN-005501,EXPRESS,C09,2026-09-15,09:25,09:49,HIGH,TIMETABLE
TRN-005502,EXPRESS,C19,2026-09-04,22:25,22:37,HIGH,TIMETABLE
TRN-005503,EXPRESS,C06,2026-09-06,03:57,04:17,HIGH,TIMETABLE
TRN-005504,PASSENGER,C08,2026-09-24,19:36,19:58,HIGH,TIMETABLE
TRN-005505,SUPERFAST,C12,2026-09-18,13:57,14:23,HIGH,TIMETABLE
TRN-005506,SUPERFAST,C03,2026-09-21,19:13,19:43,HIGH,TIMETABLE
TRN-005507,PASSENGER,C10,2026-09-04,10:42,10:59,HIGH,TIMETABLE
TRN-005508,PASSENGER,C12,2026-09-05,18:33,18:56,HIGH,TIMETABLE
TRN-005509,SUPERFAST,C13,2026-09-01,03:25,03:42,HIGH,TIMETABLE
TRN-005510,EXPRESS,C11,2026-09-24,00:00,00:10,HIGH,TIMETABLE
TRN-005511,PASSENGER,C11,2026-09-26,16:26,16:42,HIGH,TIMETABLE
TRN-005512,SUPERFAST,C01,2026-09-04,01:03,01:15,HIGH,TIMETABLE
TRN-005513,PASSENGER,C10,2026-09-26,12:04,12:28,HIGH,TIMETABLE
TRN-005514,PASSENGER,C18,2026-09-03,12:47,12:58,HIGH,TIMETABLE
TRN-005515,EXPRESS,C03,2026-09-20,10:04,10:33,HIGH,TIMETABLE
TRN-005516,EXPRESS,C19,2026-09-04,06:28,06:50,HIGH,TIMETABLE
TRN-005517,SUPERFAST,C12,2026-09-02,12:09,12:29,HIGH,TIMETABLE
TRN-005518,PASSENGER,C04,2026-09-22,20:14,20:31,HIGH,TIMETABLE
TRN-005519,GOODS,C19,2026-09-14,18:10,19:03,MEDIUM,GOODS_FORECAST
TRN-005520,PASSENGER,C14,2026-09-26,22:32,22:57,HIGH,TIMETABLE
TRN-005521,PASSENGER,C01,2026-09-18,00:23,00:42,HIGH,TIMETABLE
TRN-005522,SUPERFAST,C05,2026-09-20,06:57,07:12,HIGH,TIMETABLE
TRN-005523,SUPERFAST,C18,2026-09-30,12:28,12:38,HIGH,TIMETABLE
TRN-005524,EXPRESS,C04,2026-09-20,14:25,14:37,HIGH,TIMETABLE
TRN-005525,PASSENGER,C19,2026-09-08,07:05,07:19,HIGH,TIMETABLE
TRN-005526,PASSENGER,C07,2026-09-09,19:40,20:01,HIGH,TIMETABLE
TRN-005527,PASSENGER,C05,2026-09-02,19:12,19:30,HIGH,TIMETABLE
TRN-005528,PASSENGER,C02,2026-09-27,07:16,07:41,HIGH,TIMETABLE
TRN-005529,GOODS,C03,2026-09-30,16:04,17:00,MEDIUM,GOODS_FORECAST
TRN-005530,EXPRESS,C18,2026-09-12,13:09,13:23,HIGH,TIMETABLE
TRN-005531,SUPERFAST,C09,2026-09-18,00:14,00:36,HIGH,TIMETABLE
TRN-005532,EXPRESS,C03,2026-09-23,06:11,06:34,HIGH,TIMETABLE
TRN-005533,SUPERFAST,C05,2026-09-24,01:07,01:37,HIGH,TIMETABLE
TRN-005534,PASSENGER,C02,2026-09-13,20:12,20:33,HIGH,TIMETABLE
TRN-005535,GOODS,C14,2026-09-11,16:44,17:14,MEDIUM,GOODS_FORECAST
TRN-005536,PASSENGER,C04,2026-09-18,14:43,14:54,HIGH,TIMETABLE
TRN-005537,GOODS,C03,2026-09-18,02:47,03:19,MEDIUM,GOODS_FORECAST
TRN-005538,SUPERFAST,C05,2026-09-28,22:48,23:18,HIGH,TIMETABLE
TRN-005539,SUPERFAST,C20,2026-09-28,20:46,21:03,HIGH,TIMETABLE
TRN-005540,PASSENGER,C06,2026-09-11,12:11,12:36,HIGH,TIMETABLE
TRN-005541,EXPRESS,C05,2026-09-02,14:38,14:52,HIGH,TIMETABLE
TRN-005542,PASSENGER,C10,2026-09-27,22:37,22:57,HIGH,TIMETABLE
TRN-005543,SUPERFAST,C18,2026-09-22,23:28,23:54,HIGH,TIMETABLE
TRN-005544,SUPERFAST,C04,2026-09-28,00:41,01:09,HIGH,TIMETABLE
TRN-005545,SUPERFAST,C04,2026-09-19,13:48,14:15,HIGH,TIMETABLE
TRN-005546,PASSENGER,C10,2026-09-12,01:03,01:24,HIGH,TIMETABLE
TRN-005547,PASSENGER,C03,2026-09-05,01:40,01:56,HIGH,TIMETABLE
TRN-005548,SUPERFAST,C01,2026-09-17,04:10,04:32,HIGH,TIMETABLE
TRN-005549,SUPERFAST,C04,2026-09-23,19:00,19:10,HIGH,TIMETABLE
TRN-005550,PASSENGER,C14,2026-09-27,01:27,01:39,HIGH,TIMETABLE
TRN-005551,SUPERFAST,C16,2026-09-30,03:29,03:47,HIGH,TIMETABLE
TRN-005552,PASSENGER,C18,2026-09-27,08:03,08:21,HIGH,TIMETABLE
TRN-005553,EXPRESS,C11,2026-09-09,09:34,10:02,HIGH,TIMETABLE
TRN-005554,GOODS,C01,2026-09-27,13:47,14:12,MEDIUM,GOODS_FORECAST
TRN-005555,EXPRESS,C11,2026-09-27,17:07,17:18,HIGH,TIMETABLE
TRN-005556,EXPRESS,C05,2026-09-23,15:35,15:53,HIGH,TIMETABLE
TRN-005557,PASSENGER,C14,2026-09-20,19:01,19:18,HIGH,TIMETABLE
TRN-005558,SUPERFAST,C18,2026-09-30,11:53,12:21,HIGH,TIMETABLE
TRN-005559,SUPERFAST,C16,2026-09-09,04:50,05:19,HIGH,TIMETABLE
TRN-005560,GOODS,C03,2026-09-10,04:53,05:19,MEDIUM,GOODS_FORECAST
TRN-005561,PASSENGER,C12,2026-09-15,22:12,22:36,HIGH,TIMETABLE
TRN-005562,GOODS,C06,2026-09-11,06:30,07:29,MEDIUM,GOODS_FORECAST
TRN-005563,PASSENGER,C13,2026-09-25,13:19,13:31,HIGH,TIMETABLE
TRN-005564,GOODS,C12,2026-09-07,01:31,02:02,MEDIUM,GOODS_FORECAST
TRN-005565,EXPRESS,C10,2026-09-16,04:44,05:10,HIGH,TIMETABLE
TRN-005566,GOODS,C13,2026-09-04,16:01,16:44,MEDIUM,GOODS_FORECAST
TRN-005567,SUPERFAST,C13,2026-09-29,17:42,18:02,HIGH,TIMETABLE
TRN-005568,EXPRESS,C01,2026-09-05,23:25,23:47,HIGH,TIMETABLE
TRN-005569,PASSENGER,C15,2026-09-13,02:53,03:06,HIGH,TIMETABLE
TRN-005570,SUPERFAST,C13,2026-09-05,18:26,18:48,HIGH,TIMETABLE
TRN-005571,EXPRESS,C07,2026-09-10,20:22,20:48,HIGH,TIMETABLE
TRN-005572,PASSENGER,C13,2026-09-29,18:43,19:06,HIGH,TIMETABLE
TRN-005573,EXPRESS,C02,2026-09-04,13:30,13:51,HIGH,TIMETABLE
TRN-005574,EXPRESS,C16,2026-09-24,16:45,17:04,HIGH,TIMETABLE
TRN-005575,PASSENGER,C03,2026-09-29,12:25,12:50,HIGH,TIMETABLE
TRN-005576,GOODS,C07,2026-09-03,05:02,05:47,MEDIUM,GOODS_FORECAST
TRN-005577,PASSENGER,C06,2026-09-07,11:36,11:50,HIGH,TIMETABLE
TRN-005578,PASSENGER,C13,2026-09-27,01:09,01:19,HIGH,TIMETABLE
TRN-005579,EXPRESS,C17,2026-09-27,21:08,21:27,HIGH,TIMETABLE
TRN-005580,SUPERFAST,C03,2026-09-15,06:08,06:21,HIGH,TIMETABLE
TRN-005581,EXPRESS,C02,2026-09-11,05:07,05:17,HIGH,TIMETABLE
TRN-005582,SUPERFAST,C08,2026-09-11,06:47,06:59,HIGH,TIMETABLE
TRN-005583,PASSENGER,C04,2026-09-17,09:17,09:38,HIGH,TIMETABLE
TRN-005584,GOODS,C01,2026-09-11,20:54,21:33,MEDIUM,GOODS_FORECAST
TRN-005585,PASSENGER,C05,2026-09-08,05:06,05:20,HIGH,TIMETABLE
TRN-005586,SUPERFAST,C04,2026-09-01,20:38,20:50,HIGH,TIMETABLE
TRN-005587,GOODS,C19,2026-09-09,08:48,09:27,MEDIUM,GOODS_FORECAST
TRN-005588,SUPERFAST,C09,2026-09-30,23:50,00:20,HIGH,TIMETABLE
TRN-005589,SUPERFAST,C09,2026-09-28,01:03,01:30,HIGH,TIMETABLE
TRN-005590,GOODS,C16,2026-09-17,07:35,08:16,MEDIUM,GOODS_FORECAST
TRN-005591,SUPERFAST,C07,2026-09-22,21:40,22:04,HIGH,TIMETABLE
TRN-005592,GOODS,C16,2026-09-19,18:34,19:08,MEDIUM,GOODS_FORECAST
TRN-005593,SUPERFAST,C10,2026-09-02,05:04,05:17,HIGH,TIMETABLE
TRN-005594,GOODS,C14,2026-09-30,18:07,18:41,MEDIUM,GOODS_FORECAST
TRN-005595,PASSENGER,C07,2026-09-16,21:15,21:27,HIGH,TIMETABLE
TRN-005596,EXPRESS,C01,2026-09-02,23:14,23:42,HIGH,TIMETABLE
TRN-005597,EXPRESS,C10,2026-09-06,13:56,14:17,HIGH,TIMETABLE
TRN-005598,GOODS,C17,2026-09-25,21:02,21:54,MEDIUM,GOODS_FORECAST
TRN-005599,GOODS,C11,2026-09-12,17:12,18:07,MEDIUM,GOODS_FORECAST
TRN-005600,EXPRESS,C10,2026-09-25,11:50,12:04,HIGH,TIMETABLE
TRN-005601,EXPRESS,C10,2026-09-17,17:50,18:17,HIGH,TIMETABLE
TRN-005602,PASSENGER,C16,2026-09-27,21:23,21:37,HIGH,TIMETABLE
TRN-005603,PASSENGER,C10,2026-09-24,06:20,06:34,HIGH,TIMETABLE
TRN-005604,SUPERFAST,C07,2026-09-11,03:59,04:11,HIGH,TIMETABLE
TRN-005605,GOODS,C17,2026-09-22,19:00,19:36,MEDIUM,GOODS_FORECAST
TRN-005606,EXPRESS,C11,2026-09-02,08:31,08:49,HIGH,TIMETABLE
TRN-005607,PASSENGER,C08,2026-09-18,17:59,18:14,HIGH,TIMETABLE
TRN-005608,EXPRESS,C16,2026-09-06,00:14,00:32,HIGH,TIMETABLE
TRN-005609,EXPRESS,C16,2026-09-14,12:57,13:19,HIGH,TIMETABLE
TRN-005610,SUPERFAST,C18,2026-09-05,18:26,18:53,HIGH,TIMETABLE
TRN-005611,GOODS,C10,2026-09-11,23:46,00:43,MEDIUM,GOODS_FORECAST
TRN-005612,EXPRESS,C05,2026-09-02,21:21,21:46,HIGH,TIMETABLE
TRN-005613,PASSENGER,C03,2026-09-22,07:20,07:42,HIGH,TIMETABLE
TRN-005614,EXPRESS,C20,2026-09-07,03:30,03:51,HIGH,TIMETABLE
TRN-005615,SUPERFAST,C05,2026-09-13,04:22,04:35,HIGH,TIMETABLE
TRN-005616,SUPERFAST,C02,2026-09-16,10:05,10:17,HIGH,TIMETABLE
TRN-005617,PASSENGER,C09,2026-09-08,00:07,00:20,HIGH,TIMETABLE
TRN-005618,PASSENGER,C13,2026-09-03,09:28,09:47,HIGH,TIMETABLE
TRN-005619,EXPRESS,C19,2026-09-26,20:23,20:45,HIGH,TIMETABLE
TRN-005620,GOODS,C12,2026-09-23,15:44,16:28,MEDIUM,GOODS_FORECAST
TRN-005621,PASSENGER,C07,2026-09-07,02:21,02:46,HIGH,TIMETABLE
TRN-005622,PASSENGER,C04,2026-09-22,12:22,12:39,HIGH,TIMETABLE
TRN-005623,PASSENGER,C08,2026-09-29,09:26,09:50,HIGH,TIMETABLE
TRN-005624,PASSENGER,C14,2026-09-27,21:00,21:24,HIGH,TIMETABLE
TRN-005625,PASSENGER,C01,2026-09-25,01:33,01:49,HIGH,TIMETABLE
TRN-005626,SUPERFAST,C10,2026-09-08,10:03,10:22,HIGH,TIMETABLE
TRN-005627,EXPRESS,C16,2026-09-12,18:31,18:52,HIGH,TIMETABLE
TRN-005628,GOODS,C14,2026-09-21,02:20,03:18,MEDIUM,GOODS_FORECAST
TRN-005629,EXPRESS,C03,2026-09-27,16:15,16:41,HIGH,TIMETABLE
TRN-005630,EXPRESS,C05,2026-09-04,12:30,12:58,HIGH,TIMETABLE
TRN-005631,EXPRESS,C16,2026-09-20,08:42,08:58,HIGH,TIMETABLE
TRN-005632,EXPRESS,C08,2026-09-17,04:21,04:46,HIGH,TIMETABLE
TRN-005633,GOODS,C19,2026-09-28,01:32,02:10,MEDIUM,GOODS_FORECAST
TRN-005634,PASSENGER,C06,2026-09-06,06:21,06:38,HIGH,TIMETABLE
TRN-005635,GOODS,C11,2026-09-09,19:00,19:27,MEDIUM,GOODS_FORECAST
TRN-005636,GOODS,C15,2026-09-01,09:53,10:46,MEDIUM,GOODS_FORECAST
TRN-005637,PASSENGER,C04,2026-09-10,17:55,18:11,HIGH,TIMETABLE
TRN-005638,SUPERFAST,C18,2026-09-15,10:34,10:58,HIGH,TIMETABLE
TRN-005639,EXPRESS,C16,2026-09-09,00:13,00:37,HIGH,TIMETABLE
TRN-005640,PASSENGER,C13,2026-09-13,14:01,14:22,HIGH,TIMETABLE
TRN-005641,EXPRESS,C01,2026-09-22,15:20,15:42,HIGH,TIMETABLE
TRN-005642,GOODS,C05,2026-09-06,18:45,19:19,MEDIUM,GOODS_FORECAST
TRN-005643,PASSENGER,C06,2026-09-26,23:27,23:41,HIGH,TIMETABLE
TRN-005644,PASSENGER,C07,2026-09-28,17:11,17:34,HIGH,TIMETABLE
TRN-005645,GOODS,C18,2026-09-06,16:24,17:24,MEDIUM,GOODS_FORECAST
TRN-005646,SUPERFAST,C15,2026-09-05,14:33,14:51,HIGH,TIMETABLE
TRN-005647,SUPERFAST,C07,2026-09-20,07:01,07:17,HIGH,TIMETABLE
TRN-005648,GOODS,C10,2026-09-24,12:17,13:09,MEDIUM,GOODS_FORECAST
TRN-005649,EXPRESS,C02,2026-09-29,13:43,14:05,HIGH,TIMETABLE
TRN-005650,SUPERFAST,C13,2026-09-02,09:19,09:46,HIGH,TIMETABLE
TRN-005651,EXPRESS,C08,2026-09-04,06:12,06:28,HIGH,TIMETABLE
TRN-005652,PASSENGER,C09,2026-09-07,11:36,11:54,HIGH,TIMETABLE
TRN-005653,EXPRESS,C18,2026-09-03,03:50,04:16,HIGH,TIMETABLE
TRN-005654,SUPERFAST,C14,2026-09-12,03:20,03:34,HIGH,TIMETABLE
TRN-005655,GOODS,C06,2026-09-04,00:59,01:48,MEDIUM,GOODS_FORECAST
TRN-005656,SUPERFAST,C15,2026-09-18,23:17,23:29,HIGH,TIMETABLE
TRN-005657,EXPRESS,C01,2026-09-10,19:05,19:22,HIGH,TIMETABLE
TRN-005658,SUPERFAST,C09,2026-09-21,18:03,18:16,HIGH,TIMETABLE
TRN-005659,PASSENGER,C14,2026-09-24,11:32,11:53,HIGH,TIMETABLE
TRN-005660,GOODS,C18,2026-09-26,21:20,22:08,MEDIUM,GOODS_FORECAST
TRN-005661,EXPRESS,C09,2026-09-06,02:30,02:59,HIGH,TIMETABLE
TRN-005662,PASSENGER,C19,2026-09-25,06:44,06:57,HIGH,TIMETABLE
TRN-005663,PASSENGER,C14,2026-09-07,23:31,23:53,HIGH,TIMETABLE
TRN-005664,PASSENGER,C16,2026-09-06,16:41,17:03,HIGH,TIMETABLE
TRN-005665,EXPRESS,C17,2026-09-16,16:15,16:40,HIGH,TIMETABLE
TRN-005666,EXPRESS,C07,2026-09-12,19:04,19:27,HIGH,TIMETABLE
TRN-005667,PASSENGER,C10,2026-09-03,16:34,16:52,HIGH,TIMETABLE
TRN-005668,GOODS,C03,2026-09-19,11:48,12:27,MEDIUM,GOODS_FORECAST
TRN-005669,SUPERFAST,C18,2026-09-01,18:41,19:11,HIGH,TIMETABLE
TRN-005670,EXPRESS,C10,2026-09-06,14:45,15:10,HIGH,TIMETABLE
TRN-005671,GOODS,C07,2026-09-07,20:44,21:09,MEDIUM,GOODS_FORECAST
TRN-005672,SUPERFAST,C16,2026-09-28,13:51,14:04,HIGH,TIMETABLE
TRN-005673,EXPRESS,C01,2026-09-02,03:12,03:24,HIGH,TIMETABLE
TRN-005674,PASSENGER,C20,2026-09-04,11:24,11:43,HIGH,TIMETABLE
TRN-005675,EXPRESS,C01,2026-09-10,09:39,09:54,HIGH,TIMETABLE
TRN-005676,SUPERFAST,C14,2026-09-09,17:02,17:31,HIGH,TIMETABLE
TRN-005677,PASSENGER,C03,2026-09-09,19:58,20:08,HIGH,TIMETABLE
TRN-005678,PASSENGER,C17,2026-09-13,03:19,03:41,HIGH,TIMETABLE
TRN-005679,SUPERFAST,C09,2026-09-27,15:42,16:11,HIGH,TIMETABLE
TRN-005680,PASSENGER,C20,2026-09-19,03:03,03:23,HIGH,TIMETABLE
TRN-005681,GOODS,C16,2026-09-08,18:06,18:32,MEDIUM,GOODS_FORECAST
TRN-005682,EXPRESS,C20,2026-09-19,13:00,13:24,HIGH,TIMETABLE
TRN-005683,SUPERFAST,C13,2026-09-15,06:11,06:22,HIGH,TIMETABLE
TRN-005684,EXPRESS,C13,2026-09-04,01:32,01:47,HIGH,TIMETABLE
TRN-005685,SUPERFAST,C15,2026-09-06,14:45,15:04,HIGH,TIMETABLE
TRN-005686,PASSENGER,C06,2026-09-02,12:25,12:47,HIGH,TIMETABLE
TRN-005687,EXPRESS,C15,2026-09-06,09:06,09:27,HIGH,TIMETABLE
TRN-005688,SUPERFAST,C16,2026-09-04,22:41,23:11,HIGH,TIMETABLE
TRN-005689,EXPRESS,C15,2026-09-20,06:40,06:55,HIGH,TIMETABLE
TRN-005690,SUPERFAST,C16,2026-09-15,00:14,00:27,HIGH,TIMETABLE
TRN-005691,PASSENGER,C11,2026-09-10,23:08,23:21,HIGH,TIMETABLE
TRN-005692,GOODS,C15,2026-09-22,17:02,17:40,MEDIUM,GOODS_FORECAST
TRN-005693,SUPERFAST,C06,2026-09-24,14:07,14:17,HIGH,TIMETABLE
TRN-005694,GOODS,C19,2026-09-14,17:20,18:06,MEDIUM,GOODS_FORECAST
TRN-005695,EXPRESS,C18,2026-09-23,18:17,18:47,HIGH,TIMETABLE
TRN-005696,SUPERFAST,C14,2026-09-25,02:08,02:19,HIGH,TIMETABLE
TRN-005697,GOODS,C17,2026-09-11,22:59,23:54,MEDIUM,GOODS_FORECAST
TRN-005698,PASSENGER,C12,2026-09-17,12:55,13:20,HIGH,TIMETABLE
TRN-005699,GOODS,C19,2026-09-10,07:15,07:52,MEDIUM,GOODS_FORECAST
TRN-005700,GOODS,C14,2026-09-09,09:16,10:12,MEDIUM,GOODS_FORECAST
TRN-005701,PASSENGER,C13,2026-09-07,05:07,05:32,HIGH,TIMETABLE
TRN-005702,EXPRESS,C16,2026-09-22,14:28,14:49,HIGH,TIMETABLE
TRN-005703,EXPRESS,C09,2026-09-24,11:25,11:51,HIGH,TIMETABLE
TRN-005704,EXPRESS,C13,2026-09-13,21:07,21:25,HIGH,TIMETABLE
TRN-005705,GOODS,C09,2026-09-15,02:40,03:27,MEDIUM,GOODS_FORECAST
TRN-005706,EXPRESS,C08,2026-09-09,15:07,15:25,HIGH,TIMETABLE
TRN-005707,GOODS,C02,2026-09-23,21:47,22:20,MEDIUM,GOODS_FORECAST
TRN-005708,PASSENGER,C12,2026-09-08,15:06,15:31,HIGH,TIMETABLE
TRN-005709,PASSENGER,C01,2026-09-18,09:18,09:40,HIGH,TIMETABLE
TRN-005710,PASSENGER,C08,2026-09-21,21:17,21:35,HIGH,TIMETABLE
TRN-005711,PASSENGER,C01,2026-09-08,15:03,15:24,HIGH,TIMETABLE
TRN-005712,PASSENGER,C02,2026-09-25,16:27,16:37,HIGH,TIMETABLE
TRN-005713,EXPRESS,C18,2026-09-07,06:46,07:13,HIGH,TIMETABLE
TRN-005714,EXPRESS,C13,2026-09-19,06:26,06:41,HIGH,TIMETABLE
TRN-005715,SUPERFAST,C04,2026-09-08,13:53,14:22,HIGH,TIMETABLE
TRN-005716,EXPRESS,C17,2026-09-02,23:46,00:04,HIGH,TIMETABLE
TRN-005717,GOODS,C01,2026-09-16,07:33,08:27,MEDIUM,GOODS_FORECAST
TRN-005718,PASSENGER,C09,2026-09-03,12:00,12:10,HIGH,TIMETABLE
TRN-005719,SUPERFAST,C13,2026-09-07,06:01,06:19,HIGH,TIMETABLE
TRN-005720,GOODS,C11,2026-09-04,01:33,02:07,MEDIUM,GOODS_FORECAST
TRN-005721,EXPRESS,C17,2026-09-08,18:11,18:35,HIGH,TIMETABLE
TRN-005722,SUPERFAST,C14,2026-09-07,06:53,07:12,HIGH,TIMETABLE
TRN-005723,GOODS,C15,2026-09-09,22:06,22:58,MEDIUM,GOODS_FORECAST
TRN-005724,PASSENGER,C13,2026-09-28,14:44,14:55,HIGH,TIMETABLE
TRN-005725,PASSENGER,C05,2026-09-29,16:34,16:50,HIGH,TIMETABLE
TRN-005726,GOODS,C19,2026-09-20,16:11,16:52,MEDIUM,GOODS_FORECAST
TRN-005727,PASSENGER,C20,2026-09-05,01:49,02:08,HIGH,TIMETABLE
TRN-005728,GOODS,C03,2026-09-02,03:01,03:27,MEDIUM,GOODS_FORECAST
TRN-005729,PASSENGER,C16,2026-09-14,01:31,01:56,HIGH,TIMETABLE
TRN-005730,GOODS,C04,2026-09-22,20:21,21:06,MEDIUM,GOODS_FORECAST
TRN-005731,PASSENGER,C10,2026-09-17,08:57,09:21,HIGH,TIMETABLE
TRN-005732,EXPRESS,C16,2026-09-07,17:41,17:57,HIGH,TIMETABLE
TRN-005733,GOODS,C01,2026-09-14,02:58,03:39,MEDIUM,GOODS_FORECAST
TRN-005734,PASSENGER,C11,2026-09-15,22:22,22:43,HIGH,TIMETABLE
TRN-005735,PASSENGER,C16,2026-09-17,20:08,20:24,HIGH,TIMETABLE
TRN-005736,GOODS,C01,2026-09-26,11:44,12:20,MEDIUM,GOODS_FORECAST
TRN-005737,EXPRESS,C06,2026-09-25,15:57,16:07,HIGH,TIMETABLE
TRN-005738,SUPERFAST,C17,2026-09-16,11:24,11:47,HIGH,TIMETABLE
TRN-005739,SUPERFAST,C02,2026-09-16,02:54,03:24,HIGH,TIMETABLE
TRN-005740,GOODS,C18,2026-09-22,04:05,04:40,MEDIUM,GOODS_FORECAST
TRN-005741,EXPRESS,C08,2026-09-29,13:37,13:50,HIGH,TIMETABLE
TRN-005742,GOODS,C19,2026-09-04,04:20,04:57,MEDIUM,GOODS_FORECAST
TRN-005743,EXPRESS,C09,2026-09-12,20:25,20:55,HIGH,TIMETABLE
TRN-005744,EXPRESS,C10,2026-09-22,03:29,03:45,HIGH,TIMETABLE
TRN-005745,GOODS,C08,2026-09-16,14:02,14:59,MEDIUM,GOODS_FORECAST
TRN-005746,EXPRESS,C11,2026-09-30,23:40,00:06,HIGH,TIMETABLE
TRN-005747,SUPERFAST,C01,2026-09-16,19:45,19:57,HIGH,TIMETABLE
TRN-005748,SUPERFAST,C13,2026-09-28,21:53,22:14,HIGH,TIMETABLE
TRN-005749,PASSENGER,C01,2026-09-27,14:35,14:53,HIGH,TIMETABLE
TRN-005750,PASSENGER,C02,2026-09-15,18:00,18:16,HIGH,TIMETABLE
TRN-005751,SUPERFAST,C10,2026-09-15,18:07,18:25,HIGH,TIMETABLE
TRN-005752,EXPRESS,C07,2026-09-26,00:21,00:38,HIGH,TIMETABLE
TRN-005753,PASSENGER,C12,2026-09-15,07:16,07:39,HIGH,TIMETABLE
TRN-005754,GOODS,C11,2026-09-22,09:43,10:08,MEDIUM,GOODS_FORECAST
TRN-005755,GOODS,C09,2026-09-20,04:24,05:19,MEDIUM,GOODS_FORECAST
TRN-005756,PASSENGER,C02,2026-09-20,00:20,00:36,HIGH,TIMETABLE
TRN-005757,PASSENGER,C15,2026-09-18,17:16,17:33,HIGH,TIMETABLE
TRN-005758,SUPERFAST,C13,2026-09-26,08:44,09:01,HIGH,TIMETABLE
TRN-005759,SUPERFAST,C03,2026-09-14,16:48,17:14,HIGH,TIMETABLE
TRN-005760,PASSENGER,C20,2026-09-17,09:06,09:24,HIGH,TIMETABLE
TRN-005761,GOODS,C02,2026-09-18,19:10,19:55,MEDIUM,GOODS_FORECAST
TRN-005762,GOODS,C19,2026-09-07,00:49,01:26,MEDIUM,GOODS_FORECAST
TRN-005763,GOODS,C02,2026-09-15,21:22,22:10,MEDIUM,GOODS_FORECAST
TRN-005764,EXPRESS,C11,2026-09-05,14:26,14:55,HIGH,TIMETABLE
TRN-005765,SUPERFAST,C02,2026-09-04,12:20,12:35,HIGH,TIMETABLE
TRN-005766,PASSENGER,C02,2026-09-29,04:26,04:48,HIGH,TIMETABLE
TRN-005767,EXPRESS,C08,2026-09-01,20:29,20:44,HIGH,TIMETABLE
TRN-005768,GOODS,C12,2026-09-28,13:38,14:25,MEDIUM,GOODS_FORECAST
TRN-005769,PASSENGER,C01,2026-09-08,01:00,01:24,HIGH,TIMETABLE
TRN-005770,EXPRESS,C19,2026-09-04,12:03,12:21,HIGH,TIMETABLE
TRN-005771,GOODS,C02,2026-09-26,06:08,07:02,MEDIUM,GOODS_FORECAST
TRN-005772,PASSENGER,C06,2026-09-01,04:00,04:14,HIGH,TIMETABLE
TRN-005773,GOODS,C20,2026-09-12,07:20,07:50,MEDIUM,GOODS_FORECAST
TRN-005774,EXPRESS,C11,2026-09-01,00:45,01:04,HIGH,TIMETABLE
TRN-005775,PASSENGER,C03,2026-09-22,18:08,18:22,HIGH,TIMETABLE
TRN-005776,SUPERFAST,C13,2026-09-30,17:39,17:53,HIGH,TIMETABLE
TRN-005777,GOODS,C02,2026-09-10,18:02,18:34,MEDIUM,GOODS_FORECAST
TRN-005778,SUPERFAST,C02,2026-09-19,08:06,08:17,HIGH,TIMETABLE
TRN-005779,GOODS,C12,2026-09-10,18:06,18:49,MEDIUM,GOODS_FORECAST
TRN-005780,SUPERFAST,C07,2026-09-30,17:37,17:58,HIGH,TIMETABLE
TRN-005781,EXPRESS,C16,2026-09-20,15:15,15:31,HIGH,TIMETABLE
TRN-005782,EXPRESS,C17,2026-09-24,05:07,05:25,HIGH,TIMETABLE
TRN-005783,GOODS,C11,2026-09-21,23:12,23:57,MEDIUM,GOODS_FORECAST
TRN-005784,PASSENGER,C04,2026-09-12,02:53,03:08,HIGH,TIMETABLE
TRN-005785,EXPRESS,C07,2026-09-25,17:35,17:49,HIGH,TIMETABLE
TRN-005786,EXPRESS,C09,2026-09-28,04:29,04:57,HIGH,TIMETABLE
TRN-005787,EXPRESS,C04,2026-09-17,11:43,11:58,HIGH,TIMETABLE
TRN-005788,GOODS,C12,2026-09-21,15:56,16:47,MEDIUM,GOODS_FORECAST
TRN-005789,SUPERFAST,C17,2026-09-22,02:42,03:02,HIGH,TIMETABLE
TRN-005790,GOODS,C19,2026-09-02,08:19,08:47,MEDIUM,GOODS_FORECAST
TRN-005791,GOODS,C04,2026-09-19,14:26,15:12,MEDIUM,GOODS_FORECAST
TRN-005792,GOODS,C09,2026-09-24,17:07,18:01,MEDIUM,GOODS_FORECAST
TRN-005793,EXPRESS,C11,2026-09-01,10:02,10:28,HIGH,TIMETABLE
TRN-005794,EXPRESS,C19,2026-09-24,03:55,04:15,HIGH,TIMETABLE
TRN-005795,SUPERFAST,C17,2026-09-19,04:38,05:08,HIGH,TIMETABLE
TRN-005796,PASSENGER,C14,2026-09-23,09:54,10:05,HIGH,TIMETABLE
TRN-005797,PASSENGER,C11,2026-09-01,15:08,15:31,HIGH,TIMETABLE
TRN-005798,EXPRESS,C12,2026-09-12,12:01,12:30,HIGH,TIMETABLE
TRN-005799,SUPERFAST,C07,2026-09-12,11:21,11:47,HIGH,TIMETABLE
TRN-005800,EXPRESS,C02,2026-09-17,04:34,04:48,HIGH,TIMETABLE
TRN-005801,EXPRESS,C11,2026-09-10,15:15,15:39,HIGH,TIMETABLE
TRN-005802,SUPERFAST,C16,2026-09-09,12:42,13:10,HIGH,TIMETABLE
TRN-005803,GOODS,C12,2026-09-10,04:00,04:33,MEDIUM,GOODS_FORECAST
TRN-005804,PASSENGER,C15,2026-09-05,09:50,10:07,HIGH,TIMETABLE
TRN-005805,EXPRESS,C16,2026-09-20,01:18,01:28,HIGH,TIMETABLE
TRN-005806,EXPRESS,C10,2026-09-28,11:17,11:38,HIGH,TIMETABLE
TRN-005807,EXPRESS,C10,2026-09-18,10:35,11:03,HIGH,TIMETABLE
TRN-005808,SUPERFAST,C14,2026-09-15,09:03,09:16,HIGH,TIMETABLE
TRN-005809,EXPRESS,C05,2026-09-07,23:08,23:36,HIGH,TIMETABLE
TRN-005810,PASSENGER,C14,2026-09-22,16:40,16:53,HIGH,TIMETABLE
TRN-005811,PASSENGER,C12,2026-09-19,07:32,07:52,HIGH,TIMETABLE
TRN-005812,GOODS,C06,2026-09-25,15:22,16:14,MEDIUM,GOODS_FORECAST
TRN-005813,EXPRESS,C20,2026-09-24,00:42,01:04,HIGH,TIMETABLE
TRN-005814,PASSENGER,C05,2026-09-30,05:13,05:38,HIGH,TIMETABLE
TRN-005815,PASSENGER,C16,2026-09-13,12:18,12:34,HIGH,TIMETABLE
TRN-005816,GOODS,C10,2026-09-27,12:33,13:05,MEDIUM,GOODS_FORECAST
TRN-005817,SUPERFAST,C07,2026-09-09,03:31,03:56,HIGH,TIMETABLE
TRN-005818,GOODS,C02,2026-09-02,11:34,12:17,MEDIUM,GOODS_FORECAST
TRN-005819,GOODS,C11,2026-09-18,08:12,08:55,MEDIUM,GOODS_FORECAST
TRN-005820,EXPRESS,C20,2026-09-11,12:24,12:47,HIGH,TIMETABLE
TRN-005821,GOODS,C04,2026-09-14,19:03,19:41,MEDIUM,GOODS_FORECAST
TRN-005822,PASSENGER,C16,2026-09-23,14:09,14:32,HIGH,TIMETABLE
TRN-005823,EXPRESS,C18,2026-09-27,20:54,21:15,HIGH,TIMETABLE
TRN-005824,SUPERFAST,C10,2026-09-26,19:48,20:00,HIGH,TIMETABLE
TRN-005825,PASSENGER,C14,2026-09-25,01:44,02:03,HIGH,TIMETABLE
TRN-005826,PASSENGER,C16,2026-09-03,12:38,12:58,HIGH,TIMETABLE
TRN-005827,SUPERFAST,C18,2026-09-11,05:24,05:36,HIGH,TIMETABLE
TRN-005828,SUPERFAST,C19,2026-09-15,19:54,20:11,HIGH,TIMETABLE
TRN-005829,PASSENGER,C18,2026-09-13,01:34,01:51,HIGH,TIMETABLE
TRN-005830,GOODS,C14,2026-09-02,17:52,18:50,MEDIUM,GOODS_FORECAST
TRN-005831,GOODS,C18,2026-09-12,22:03,22:29,MEDIUM,GOODS_FORECAST
TRN-005832,GOODS,C02,2026-09-12,12:41,13:41,MEDIUM,GOODS_FORECAST
TRN-005833,PASSENGER,C03,2026-09-03,03:41,04:02,HIGH,TIMETABLE
TRN-005834,GOODS,C06,2026-09-02,05:31,06:21,MEDIUM,GOODS_FORECAST
TRN-005835,PASSENGER,C02,2026-09-20,06:28,06:45,HIGH,TIMETABLE
TRN-005836,SUPERFAST,C19,2026-09-14,08:17,08:42,HIGH,TIMETABLE
TRN-005837,EXPRESS,C06,2026-09-30,00:04,00:21,HIGH,TIMETABLE
TRN-005838,EXPRESS,C15,2026-09-17,05:47,06:17,HIGH,TIMETABLE
TRN-005839,GOODS,C03,2026-09-18,18:10,18:48,MEDIUM,GOODS_FORECAST
TRN-005840,EXPRESS,C10,2026-09-15,17:44,17:57,HIGH,TIMETABLE
TRN-005841,SUPERFAST,C14,2026-09-25,15:27,15:50,HIGH,TIMETABLE
TRN-005842,EXPRESS,C09,2026-09-29,04:36,04:46,HIGH,TIMETABLE
TRN-005843,EXPRESS,C10,2026-09-17,23:52,00:04,HIGH,TIMETABLE
TRN-005844,PASSENGER,C06,2026-09-24,13:48,14:11,HIGH,TIMETABLE
TRN-005845,PASSENGER,C09,2026-09-05,14:05,14:24,HIGH,TIMETABLE
TRN-005846,PASSENGER,C01,2026-09-09,15:48,16:04,HIGH,TIMETABLE
TRN-005847,SUPERFAST,C06,2026-09-25,16:53,17:22,HIGH,TIMETABLE
TRN-005848,GOODS,C14,2026-09-08,15:05,15:50,MEDIUM,GOODS_FORECAST
TRN-005849,EXPRESS,C18,2026-09-16,15:08,15:27,HIGH,TIMETABLE
TRN-005850,PASSENGER,C19,2026-09-06,10:37,10:59,HIGH,TIMETABLE
TRN-005851,EXPRESS,C03,2026-09-10,08:46,09:08,HIGH,TIMETABLE
TRN-005852,GOODS,C07,2026-09-26,19:25,20:11,MEDIUM,GOODS_FORECAST
TRN-005853,PASSENGER,C11,2026-09-11,14:55,15:17,HIGH,TIMETABLE
TRN-005854,PASSENGER,C05,2026-09-07,20:59,21:17,HIGH,TIMETABLE
TRN-005855,PASSENGER,C05,2026-09-21,12:55,13:05,HIGH,TIMETABLE
TRN-005856,GOODS,C19,2026-09-26,12:48,13:30,MEDIUM,GOODS_FORECAST
TRN-005857,SUPERFAST,C19,2026-09-13,13:19,13:42,HIGH,TIMETABLE
TRN-005858,SUPERFAST,C17,2026-09-03,04:09,04:36,HIGH,TIMETABLE
TRN-005859,PASSENGER,C05,2026-09-19,04:58,05:15,HIGH,TIMETABLE
TRN-005860,SUPERFAST,C05,2026-09-09,13:05,13:32,HIGH,TIMETABLE
TRN-005861,EXPRESS,C06,2026-09-29,01:47,02:04,HIGH,TIMETABLE
TRN-005862,EXPRESS,C08,2026-09-16,19:02,19:20,HIGH,TIMETABLE
TRN-005863,PASSENGER,C13,2026-09-22,02:11,02:27,HIGH,TIMETABLE
TRN-005864,EXPRESS,C16,2026-09-30,10:16,10:42,HIGH,TIMETABLE
TRN-005865,GOODS,C16,2026-09-17,08:20,08:48,MEDIUM,GOODS_FORECAST
TRN-005866,GOODS,C11,2026-09-11,19:56,20:45,MEDIUM,GOODS_FORECAST
TRN-005867,SUPERFAST,C11,2026-09-22,15:20,15:42,HIGH,TIMETABLE
TRN-005868,SUPERFAST,C12,2026-09-27,15:42,16:08,HIGH,TIMETABLE
TRN-005869,EXPRESS,C01,2026-09-02,12:02,12:22,HIGH,TIMETABLE
TRN-005870,PASSENGER,C05,2026-09-30,13:30,13:55,HIGH,TIMETABLE
TRN-005871,SUPERFAST,C09,2026-09-21,08:43,09:12,HIGH,TIMETABLE
TRN-005872,PASSENGER,C14,2026-09-30,07:39,07:54,HIGH,TIMETABLE
TRN-005873,EXPRESS,C12,2026-09-14,03:39,03:57,HIGH,TIMETABLE
TRN-005874,GOODS,C12,2026-09-07,08:34,09:15,MEDIUM,GOODS_FORECAST
TRN-005875,PASSENGER,C02,2026-09-10,05:09,05:21,HIGH,TIMETABLE
TRN-005876,GOODS,C17,2026-09-14,15:07,15:48,MEDIUM,GOODS_FORECAST
TRN-005877,EXPRESS,C04,2026-09-28,12:35,12:49,HIGH,TIMETABLE
TRN-005878,PASSENGER,C11,2026-09-03,21:33,21:45,HIGH,TIMETABLE
TRN-005879,EXPRESS,C17,2026-09-12,22:53,23:03,HIGH,TIMETABLE
TRN-005880,GOODS,C14,2026-09-12,21:24,21:55,MEDIUM,GOODS_FORECAST
TRN-005881,PASSENGER,C11,2026-09-29,18:40,19:00,HIGH,TIMETABLE
TRN-005882,PASSENGER,C03,2026-09-21,08:58,09:14,HIGH,TIMETABLE
TRN-005883,GOODS,C06,2026-09-23,19:12,20:09,MEDIUM,GOODS_FORECAST
TRN-005884,GOODS,C16,2026-09-29,14:26,15:17,MEDIUM,GOODS_FORECAST
TRN-005885,SUPERFAST,C07,2026-09-06,16:43,17:11,HIGH,TIMETABLE
TRN-005886,SUPERFAST,C02,2026-09-25,09:31,09:45,HIGH,TIMETABLE
TRN-005887,PASSENGER,C18,2026-09-04,00:03,00:25,HIGH,TIMETABLE
TRN-005888,PASSENGER,C17,2026-09-20,02:38,03:03,HIGH,TIMETABLE
TRN-005889,PASSENGER,C12,2026-09-05,04:19,04:31,HIGH,TIMETABLE
TRN-005890,EXPRESS,C12,2026-09-15,22:20,22:39,HIGH,TIMETABLE
TRN-005891,EXPRESS,C14,2026-09-12,21:05,21:34,HIGH,TIMETABLE
TRN-005892,PASSENGER,C05,2026-09-16,00:38,00:53,HIGH,TIMETABLE
TRN-005893,EXPRESS,C20,2026-09-14,03:15,03:28,HIGH,TIMETABLE
TRN-005894,GOODS,C07,2026-09-11,17:11,17:48,MEDIUM,GOODS_FORECAST
TRN-005895,PASSENGER,C01,2026-09-21,16:31,16:56,HIGH,TIMETABLE
TRN-005896,SUPERFAST,C12,2026-09-04,07:32,07:43,HIGH,TIMETABLE
TRN-005897,EXPRESS,C01,2026-09-20,05:13,05:27,HIGH,TIMETABLE
TRN-005898,PASSENGER,C18,2026-09-19,15:33,15:52,HIGH,TIMETABLE
TRN-005899,PASSENGER,C07,2026-09-27,15:41,15:54,HIGH,TIMETABLE
TRN-005900,PASSENGER,C15,2026-09-08,05:17,05:28,HIGH,TIMETABLE
TRN-005901,PASSENGER,C03,2026-09-20,04:18,04:42,HIGH,TIMETABLE
TRN-005902,PASSENGER,C03,2026-09-06,14:07,14:30,HIGH,TIMETABLE
TRN-005903,EXPRESS,C13,2026-09-28,01:28,01:43,HIGH,TIMETABLE
TRN-005904,PASSENGER,C13,2026-09-03,14:07,14:28,HIGH,TIMETABLE
TRN-005905,PASSENGER,C01,2026-09-14,04:58,05:16,HIGH,TIMETABLE
TRN-005906,EXPRESS,C11,2026-09-11,05:06,05:29,HIGH,TIMETABLE
TRN-005907,EXPRESS,C05,2026-09-29,01:50,02:07,HIGH,TIMETABLE
TRN-005908,EXPRESS,C16,2026-09-24,01:57,02:11,HIGH,TIMETABLE
TRN-005909,EXPRESS,C11,2026-09-04,00:15,00:25,HIGH,TIMETABLE
TRN-005910,GOODS,C12,2026-09-29,23:23,00:15,MEDIUM,GOODS_FORECAST
TRN-005911,EXPRESS,C02,2026-09-14,19:45,19:55,HIGH,TIMETABLE
TRN-005912,PASSENGER,C03,2026-09-25,02:25,02:40,HIGH,TIMETABLE
TRN-005913,PASSENGER,C17,2026-09-03,13:04,13:28,HIGH,TIMETABLE
TRN-005914,GOODS,C20,2026-09-07,06:09,06:49,MEDIUM,GOODS_FORECAST
TRN-005915,EXPRESS,C07,2026-09-19,07:50,08:07,HIGH,TIMETABLE
TRN-005916,PASSENGER,C12,2026-09-09,18:04,18:23,HIGH,TIMETABLE
TRN-005917,SUPERFAST,C11,2026-09-03,14:17,14:37,HIGH,TIMETABLE
TRN-005918,EXPRESS,C02,2026-09-29,15:05,15:33,HIGH,TIMETABLE
TRN-005919,PASSENGER,C05,2026-09-28,03:41,03:58,HIGH,TIMETABLE
TRN-005920,PASSENGER,C09,2026-09-06,13:30,13:48,HIGH,TIMETABLE
TRN-005921,EXPRESS,C17,2026-09-26,11:24,11:54,HIGH,TIMETABLE
TRN-005922,GOODS,C11,2026-09-24,03:46,04:12,MEDIUM,GOODS_FORECAST
TRN-005923,PASSENGER,C02,2026-09-10,02:20,02:32,HIGH,TIMETABLE
TRN-005924,PASSENGER,C10,2026-09-18,17:13,17:24,HIGH,TIMETABLE
TRN-005925,SUPERFAST,C04,2026-09-02,20:42,20:59,HIGH,TIMETABLE
TRN-005926,PASSENGER,C13,2026-09-25,12:27,12:44,HIGH,TIMETABLE
TRN-005927,PASSENGER,C14,2026-09-07,08:07,08:17,HIGH,TIMETABLE
TRN-005928,PASSENGER,C12,2026-09-23,10:19,10:35,HIGH,TIMETABLE
TRN-005929,EXPRESS,C02,2026-09-01,19:43,20:10,HIGH,TIMETABLE
TRN-005930,GOODS,C04,2026-09-13,08:59,09:38,MEDIUM,GOODS_FORECAST
TRN-005931,EXPRESS,C15,2026-09-02,21:50,22:20,HIGH,TIMETABLE
TRN-005932,PASSENGER,C15,2026-09-01,09:12,09:36,HIGH,TIMETABLE
TRN-005933,PASSENGER,C06,2026-09-11,23:53,00:08,HIGH,TIMETABLE
TRN-005934,EXPRESS,C08,2026-09-28,07:14,07:44,HIGH,TIMETABLE
TRN-005935,GOODS,C16,2026-09-03,15:19,16:18,MEDIUM,GOODS_FORECAST
TRN-005936,EXPRESS,C17,2026-09-04,15:29,15:51,HIGH,TIMETABLE
TRN-005937,SUPERFAST,C12,2026-09-02,12:06,12:35,HIGH,TIMETABLE
TRN-005938,PASSENGER,C08,2026-09-23,19:12,19:29,HIGH,TIMETABLE
TRN-005939,PASSENGER,C03,2026-09-02,23:24,23:45,HIGH,TIMETABLE
TRN-005940,SUPERFAST,C19,2026-09-03,12:55,13:24,HIGH,TIMETABLE
TRN-005941,SUPERFAST,C07,2026-09-08,22:12,22:24,HIGH,TIMETABLE
TRN-005942,EXPRESS,C07,2026-09-29,12:49,13:08,HIGH,TIMETABLE
TRN-005943,SUPERFAST,C01,2026-09-17,20:33,20:51,HIGH,TIMETABLE
TRN-005944,SUPERFAST,C02,2026-09-13,11:57,12:27,HIGH,TIMETABLE
TRN-005945,PASSENGER,C12,2026-09-27,05:05,05:25,HIGH,TIMETABLE
TRN-005946,EXPRESS,C12,2026-09-15,00:43,01:08,HIGH,TIMETABLE
TRN-005947,GOODS,C13,2026-09-28,12:35,13:00,MEDIUM,GOODS_FORECAST
TRN-005948,EXPRESS,C13,2026-09-06,00:25,00:50,HIGH,TIMETABLE
TRN-005949,EXPRESS,C11,2026-09-14,05:01,05:31,HIGH,TIMETABLE
TRN-005950,GOODS,C06,2026-09-15,03:46,04:21,MEDIUM,GOODS_FORECAST
TRN-005951,EXPRESS,C05,2026-09-30,21:33,21:55,HIGH,TIMETABLE
TRN-005952,SUPERFAST,C03,2026-09-04,19:09,19:32,HIGH,TIMETABLE
TRN-005953,EXPRESS,C01,2026-09-24,04:00,04:10,HIGH,TIMETABLE
TRN-005954,GOODS,C08,2026-09-14,00:06,00:35,MEDIUM,GOODS_FORECAST
TRN-005955,EXPRESS,C19,2026-09-01,18:58,19:10,HIGH,TIMETABLE
TRN-005956,SUPERFAST,C02,2026-09-02,06:42,06:56,HIGH,TIMETABLE
TRN-005957,EXPRESS,C13,2026-09-22,05:44,06:10,HIGH,TIMETABLE
TRN-005958,PASSENGER,C17,2026-09-15,15:52,16:17,HIGH,TIMETABLE
TRN-005959,GOODS,C02,2026-09-03,09:28,10:22,MEDIUM,GOODS_FORECAST
TRN-005960,PASSENGER,C13,2026-09-17,04:25,04:38,HIGH,TIMETABLE
TRN-005961,PASSENGER,C11,2026-09-14,22:06,22:28,HIGH,TIMETABLE
TRN-005962,PASSENGER,C01,2026-09-16,15:20,15:36,HIGH,TIMETABLE
TRN-005963,SUPERFAST,C20,2026-09-12,13:19,13:47,HIGH,TIMETABLE
TRN-005964,SUPERFAST,C19,2026-09-27,05:42,05:56,HIGH,TIMETABLE
TRN-005965,PASSENGER,C04,2026-09-07,12:34,12:56,HIGH,TIMETABLE
TRN-005966,PASSENGER,C19,2026-09-30,22:37,23:01,HIGH,TIMETABLE
TRN-005967,SUPERFAST,C17,2026-09-26,22:52,23:21,HIGH,TIMETABLE
TRN-005968,PASSENGER,C02,2026-09-02,16:55,17:16,HIGH,TIMETABLE
TRN-005969,PASSENGER,C15,2026-09-24,09:04,09:27,HIGH,TIMETABLE
TRN-005970,SUPERFAST,C07,2026-09-12,18:28,18:41,HIGH,TIMETABLE
TRN-005971,EXPRESS,C04,2026-09-16,16:57,17:15,HIGH,TIMETABLE
TRN-005972,EXPRESS,C10,2026-09-16,15:23,15:52,HIGH,TIMETABLE
TRN-005973,PASSENGER,C20,2026-09-30,21:15,21:35,HIGH,TIMETABLE
TRN-005974,SUPERFAST,C10,2026-09-07,18:19,18:36,HIGH,TIMETABLE
TRN-005975,EXPRESS,C20,2026-09-19,20:08,20:33,HIGH,TIMETABLE
TRN-005976,SUPERFAST,C06,2026-09-12,04:56,05:07,HIGH,TIMETABLE
TRN-005977,GOODS,C20,2026-09-07,02:06,02:55,MEDIUM,GOODS_FORECAST
TRN-005978,GOODS,C14,2026-09-21,19:43,20:15,MEDIUM,GOODS_FORECAST
TRN-005979,PASSENGER,C16,2026-09-04,19:42,19:54,HIGH,TIMETABLE
TRN-005980,EXPRESS,C19,2026-09-19,06:27,06:43,HIGH,TIMETABLE
TRN-005981,EXPRESS,C02,2026-09-07,21:24,21:36,HIGH,TIMETABLE
TRN-005982,PASSENGER,C18,2026-09-16,19:00,19:16,HIGH,TIMETABLE
TRN-005983,PASSENGER,C13,2026-09-17,04:31,04:56,HIGH,TIMETABLE
TRN-005984,EXPRESS,C08,2026-09-11,11:18,11:33,HIGH,TIMETABLE
TRN-005985,EXPRESS,C06,2026-09-02,04:38,05:07,HIGH,TIMETABLE
TRN-005986,SUPERFAST,C18,2026-09-16,08:39,09:04,HIGH,TIMETABLE
TRN-005987,EXPRESS,C04,2026-09-06,19:03,19:18,HIGH,TIMETABLE
TRN-005988,EXPRESS,C19,2026-09-07,09:54,10:15,HIGH,TIMETABLE
TRN-005989,PASSENGER,C08,2026-09-19,05:38,05:52,HIGH,TIMETABLE
TRN-005990,PASSENGER,C08,2026-09-03,15:02,15:26,HIGH,TIMETABLE
TRN-005991,EXPRESS,C11,2026-09-29,00:16,00:33,HIGH,TIMETABLE
TRN-005992,EXPRESS,C09,2026-09-22,14:59,15:20,HIGH,TIMETABLE
TRN-005993,GOODS,C02,2026-09-11,11:06,12:01,MEDIUM,GOODS_FORECAST
TRN-005994,SUPERFAST,C16,2026-09-24,16:28,16:56,HIGH,TIMETABLE
TRN-005995,PASSENGER,C10,2026-09-07,02:31,02:45,HIGH,TIMETABLE
TRN-005996,SUPERFAST,C07,2026-09-10,21:52,22:12,HIGH,TIMETABLE
TRN-005997,PASSENGER,C08,2026-09-17,23:44,23:56,HIGH,TIMETABLE
TRN-005998,PASSENGER,C11,2026-09-16,12:00,12:11,HIGH,TIMETABLE
TRN-005999,GOODS,C05,2026-09-29,15:40,16:15,MEDIUM,GOODS_FORECAST
TRN-006000,PASSENGER,C09,2026-09-17,01:10,01:26,HIGH,TIMETABLE
TRN-006001,EXPRESS,C12,2026-09-15,21:58,22:19,HIGH,TIMETABLE
TRN-006002,GOODS,C06,2026-09-29,20:52,21:33,MEDIUM,GOODS_FORECAST
TRN-006003,PASSENGER,C19,2026-09-04,13:53,14:15,HIGH,TIMETABLE
TRN-006004,GOODS,C15,2026-09-01,17:46,18:45,MEDIUM,GOODS_FORECAST
TRN-006005,PASSENGER,C01,2026-09-13,19:32,19:50,HIGH,TIMETABLE
TRN-006006,PASSENGER,C19,2026-09-21,09:18,09:36,HIGH,TIMETABLE
TRN-006007,GOODS,C02,2026-09-26,02:18,02:44,MEDIUM,GOODS_FORECAST
TRN-006008,PASSENGER,C16,2026-09-25,20:14,20:39,HIGH,TIMETABLE
TRN-006009,PASSENGER,C07,2026-09-12,09:30,09:44,HIGH,TIMETABLE
TRN-006010,PASSENGER,C01,2026-09-04,17:54,18:06,HIGH,TIMETABLE
TRN-006011,EXPRESS,C20,2026-09-14,20:51,21:20,HIGH,TIMETABLE
TRN-006012,SUPERFAST,C07,2026-09-05,21:25,21:53,HIGH,TIMETABLE
TRN-006013,PASSENGER,C15,2026-09-11,07:10,07:29,HIGH,TIMETABLE
TRN-006014,SUPERFAST,C03,2026-09-04,03:02,03:22,HIGH,TIMETABLE
TRN-006015,SUPERFAST,C02,2026-09-28,06:26,06:45,HIGH,TIMETABLE
TRN-006016,EXPRESS,C13,2026-09-02,21:56,22:08,HIGH,TIMETABLE
TRN-006017,GOODS,C14,2026-09-10,23:27,00:02,MEDIUM,GOODS_FORECAST
TRN-006018,EXPRESS,C10,2026-09-27,11:24,11:44,HIGH,TIMETABLE
TRN-006019,PASSENGER,C06,2026-09-01,06:04,06:17,HIGH,TIMETABLE
TRN-006020,GOODS,C11,2026-09-23,08:33,09:22,MEDIUM,GOODS_FORECAST
TRN-006021,SUPERFAST,C06,2026-09-05,22:39,22:56,HIGH,TIMETABLE
TRN-006022,EXPRESS,C01,2026-09-16,02:50,03:14,HIGH,TIMETABLE
TRN-006023,PASSENGER,C10,2026-09-08,09:25,09:47,HIGH,TIMETABLE
TRN-006024,EXPRESS,C02,2026-09-30,21:18,21:38,HIGH,TIMETABLE
TRN-006025,GOODS,C09,2026-09-16,23:23,23:51,MEDIUM,GOODS_FORECAST
TRN-006026,SUPERFAST,C02,2026-09-14,01:43,02:00,HIGH,TIMETABLE
TRN-006027,GOODS,C17,2026-09-28,02:37,03:05,MEDIUM,GOODS_FORECAST
TRN-006028,EXPRESS,C12,2026-09-04,13:21,13:37,HIGH,TIMETABLE
TRN-006029,PASSENGER,C03,2026-09-09,21:35,21:47,HIGH,TIMETABLE
TRN-006030,SUPERFAST,C01,2026-09-30,05:49,06:04,HIGH,TIMETABLE
TRN-006031,PASSENGER,C04,2026-09-16,11:32,11:54,HIGH,TIMETABLE
TRN-006032,PASSENGER,C17,2026-09-02,20:43,21:03,HIGH,TIMETABLE
TRN-006033,EXPRESS,C03,2026-09-17,11:27,11:45,HIGH,TIMETABLE
TRN-006034,PASSENGER,C07,2026-09-22,06:43,07:06,HIGH,TIMETABLE
TRN-006035,EXPRESS,C01,2026-09-05,17:40,18:00,HIGH,TIMETABLE
TRN-006036,GOODS,C20,2026-09-26,02:17,03:03,MEDIUM,GOODS_FORECAST
TRN-006037,GOODS,C11,2026-09-18,03:58,04:51,MEDIUM,GOODS_FORECAST
TRN-006038,SUPERFAST,C04,2026-09-22,12:44,13:09,HIGH,TIMETABLE
TRN-006039,EXPRESS,C19,2026-09-02,11:14,11:29,HIGH,TIMETABLE
TRN-006040,SUPERFAST,C10,2026-09-19,06:05,06:20,HIGH,TIMETABLE
TRN-006041,PASSENGER,C19,2026-09-28,03:57,04:10,HIGH,TIMETABLE
TRN-006042,SUPERFAST,C06,2026-09-19,19:53,20:22,HIGH,TIMETABLE
TRN-006043,PASSENGER,C04,2026-09-10,03:45,04:04,HIGH,TIMETABLE
TRN-006044,PASSENGER,C03,2026-09-07,17:31,17:52,HIGH,TIMETABLE
TRN-006045,SUPERFAST,C13,2026-09-29,19:42,20:10,HIGH,TIMETABLE
TRN-006046,PASSENGER,C04,2026-09-10,05:44,06:07,HIGH,TIMETABLE
TRN-006047,PASSENGER,C01,2026-09-29,04:07,04:22,HIGH,TIMETABLE
TRN-006048,GOODS,C01,2026-09-04,15:22,16:06,MEDIUM,GOODS_FORECAST
TRN-006049,GOODS,C05,2026-09-02,21:08,22:05,MEDIUM,GOODS_FORECAST
TRN-006050,SUPERFAST,C10,2026-09-14,21:06,21:32,HIGH,TIMETABLE
TRN-006051,EXPRESS,C17,2026-09-13,13:45,14:06,HIGH,TIMETABLE
TRN-006052,SUPERFAST,C18,2026-09-03,23:35,00:02,HIGH,TIMETABLE
TRN-006053,PASSENGER,C06,2026-09-26,20:28,20:41,HIGH,TIMETABLE
TRN-006054,PASSENGER,C13,2026-09-15,22:48,23:08,HIGH,TIMETABLE
TRN-006055,GOODS,C04,2026-09-30,14:12,14:56,MEDIUM,GOODS_FORECAST
TRN-006056,GOODS,C19,2026-09-04,10:41,11:18,MEDIUM,GOODS_FORECAST
TRN-006057,SUPERFAST,C04,2026-09-18,22:20,22:30,HIGH,TIMETABLE
TRN-006058,GOODS,C04,2026-09-07,02:06,03:04,MEDIUM,GOODS_FORECAST
TRN-006059,PASSENGER,C05,2026-09-07,03:29,03:50,HIGH,TIMETABLE
TRN-006060,EXPRESS,C18,2026-09-25,05:49,06:06,HIGH,TIMETABLE
TRN-006061,PASSENGER,C18,2026-09-09,00:25,00:39,HIGH,TIMETABLE
TRN-006062,PASSENGER,C09,2026-09-13,05:56,06:18,HIGH,TIMETABLE
TRN-006063,EXPRESS,C03,2026-09-21,08:17,08:32,HIGH,TIMETABLE
TRN-006064,PASSENGER,C05,2026-09-11,08:25,08:43,HIGH,TIMETABLE
TRN-006065,PASSENGER,C18,2026-09-14,15:03,15:14,HIGH,TIMETABLE
TRN-006066,GOODS,C16,2026-09-13,01:00,01:44,MEDIUM,GOODS_FORECAST
TRN-006067,SUPERFAST,C20,2026-09-30,06:45,07:15,HIGH,TIMETABLE
TRN-006068,GOODS,C19,2026-09-25,18:16,19:12,MEDIUM,GOODS_FORECAST
TRN-006069,SUPERFAST,C14,2026-09-23,13:29,13:54,HIGH,TIMETABLE
TRN-006070,PASSENGER,C18,2026-09-23,17:02,17:27,HIGH,TIMETABLE
TRN-006071,GOODS,C03,2026-09-02,15:19,16:05,MEDIUM,GOODS_FORECAST
TRN-006072,PASSENGER,C10,2026-09-27,23:29,23:40,HIGH,TIMETABLE
TRN-006073,PASSENGER,C07,2026-09-23,01:13,01:34,HIGH,TIMETABLE
TRN-006074,GOODS,C01,2026-09-23,22:58,23:54,MEDIUM,GOODS_FORECAST
TRN-006075,GOODS,C05,2026-09-10,15:46,16:19,MEDIUM,GOODS_FORECAST
TRN-006076,PASSENGER,C06,2026-09-14,11:49,12:08,HIGH,TIMETABLE
TRN-006077,GOODS,C14,2026-09-24,22:44,23:43,MEDIUM,GOODS_FORECAST
TRN-006078,EXPRESS,C07,2026-09-19,06:04,06:29,HIGH,TIMETABLE
TRN-006079,GOODS,C14,2026-09-25,07:59,08:59,MEDIUM,GOODS_FORECAST
TRN-006080,PASSENGER,C06,2026-09-08,18:57,19:10,HIGH,TIMETABLE
TRN-006081,GOODS,C06,2026-09-26,17:27,18:04,MEDIUM,GOODS_FORECAST
TRN-006082,GOODS,C07,2026-09-22,21:23,21:58,MEDIUM,GOODS_FORECAST
TRN-006083,SUPERFAST,C15,2026-09-18,22:13,22:36,HIGH,TIMETABLE
TRN-006084,EXPRESS,C16,2026-09-29,01:21,01:39,HIGH,TIMETABLE
TRN-006085,PASSENGER,C08,2026-09-12,15:35,15:52,HIGH,TIMETABLE
TRN-006086,PASSENGER,C20,2026-09-20,12:32,12:49,HIGH,TIMETABLE
TRN-006087,PASSENGER,C03,2026-09-24,14:33,14:48,HIGH,TIMETABLE
TRN-006088,SUPERFAST,C07,2026-09-11,08:30,08:49,HIGH,TIMETABLE
TRN-006089,SUPERFAST,C02,2026-09-12,00:14,00:39,HIGH,TIMETABLE
TRN-006090,GOODS,C01,2026-09-16,16:21,17:09,MEDIUM,GOODS_FORECAST
TRN-006091,PASSENGER,C18,2026-09-18,10:09,10:28,HIGH,TIMETABLE
TRN-006092,SUPERFAST,C20,2026-09-20,13:38,13:54,HIGH,TIMETABLE
TRN-006093,SUPERFAST,C15,2026-09-13,17:13,17:36,HIGH,TIMETABLE
TRN-006094,SUPERFAST,C14,2026-09-05,02:24,02:41,HIGH,TIMETABLE
TRN-006095,EXPRESS,C01,2026-09-26,11:06,11:34,HIGH,TIMETABLE
TRN-006096,EXPRESS,C20,2026-09-25,08:46,09:13,HIGH,TIMETABLE
TRN-006097,PASSENGER,C12,2026-09-09,05:50,06:05,HIGH,TIMETABLE
TRN-006098,GOODS,C19,2026-09-11,11:29,12:00,MEDIUM,GOODS_FORECAST
TRN-006099,PASSENGER,C07,2026-09-23,01:10,01:30,HIGH,TIMETABLE
TRN-006100,SUPERFAST,C12,2026-09-10,03:17,03:45,HIGH,TIMETABLE
TRN-006101,EXPRESS,C12,2026-09-04,03:23,03:33,HIGH,TIMETABLE
TRN-006102,EXPRESS,C16,2026-09-10,11:41,11:54,HIGH,TIMETABLE
TRN-006103,SUPERFAST,C14,2026-09-08,13:43,14:04,HIGH,TIMETABLE
TRN-006104,SUPERFAST,C01,2026-09-28,11:26,11:36,HIGH,TIMETABLE
TRN-006105,PASSENGER,C16,2026-09-08,16:57,17:11,HIGH,TIMETABLE
TRN-006106,PASSENGER,C09,2026-09-05,14:19,14:44,HIGH,TIMETABLE
TRN-006107,GOODS,C15,2026-09-28,01:20,01:57,MEDIUM,GOODS_FORECAST
TRN-006108,GOODS,C06,2026-09-07,21:37,22:36,MEDIUM,GOODS_FORECAST
TRN-006109,PASSENGER,C17,2026-09-03,15:03,15:15,HIGH,TIMETABLE
TRN-006110,GOODS,C17,2026-09-27,21:14,21:53,MEDIUM,GOODS_FORECAST
TRN-006111,EXPRESS,C10,2026-09-22,15:07,15:27,HIGH,TIMETABLE
TRN-006112,GOODS,C04,2026-09-03,05:30,06:23,MEDIUM,GOODS_FORECAST
TRN-006113,SUPERFAST,C19,2026-09-14,08:20,08:45,HIGH,TIMETABLE
TRN-006114,GOODS,C07,2026-09-03,02:59,03:43,MEDIUM,GOODS_FORECAST
TRN-006115,SUPERFAST,C07,2026-09-08,03:35,03:45,HIGH,TIMETABLE
TRN-006116,GOODS,C17,2026-09-13,05:31,06:11,MEDIUM,GOODS_FORECAST
TRN-006117,PASSENGER,C14,2026-09-24,11:24,11:42,HIGH,TIMETABLE
TRN-006118,SUPERFAST,C01,2026-09-01,08:01,08:28,HIGH,TIMETABLE
TRN-006119,PASSENGER,C01,2026-09-08,14:15,14:34,HIGH,TIMETABLE
TRN-006120,EXPRESS,C12,2026-09-23,03:09,03:20,HIGH,TIMETABLE
TRN-006121,GOODS,C05,2026-09-03,17:05,17:39,MEDIUM,GOODS_FORECAST
TRN-006122,PASSENGER,C09,2026-09-01,18:34,18:46,HIGH,TIMETABLE
TRN-006123,EXPRESS,C05,2026-09-17,08:56,09:19,HIGH,TIMETABLE
TRN-006124,PASSENGER,C18,2026-09-16,18:11,18:35,HIGH,TIMETABLE
TRN-006125,SUPERFAST,C07,2026-09-06,02:11,02:30,HIGH,TIMETABLE
TRN-006126,EXPRESS,C19,2026-09-16,00:22,00:38,HIGH,TIMETABLE
TRN-006127,SUPERFAST,C01,2026-09-09,06:24,06:54,HIGH,TIMETABLE
TRN-006128,PASSENGER,C16,2026-09-09,07:16,07:32,HIGH,TIMETABLE
TRN-006129,PASSENGER,C05,2026-09-04,01:28,01:51,HIGH,TIMETABLE
TRN-006130,EXPRESS,C02,2026-09-26,00:42,01:01,HIGH,TIMETABLE
TRN-006131,GOODS,C01,2026-09-03,00:24,01:07,MEDIUM,GOODS_FORECAST
TRN-006132,PASSENGER,C04,2026-09-08,11:28,11:49,HIGH,TIMETABLE
TRN-006133,PASSENGER,C15,2026-09-19,10:21,10:35,HIGH,TIMETABLE
TRN-006134,PASSENGER,C16,2026-09-25,05:00,05:14,HIGH,TIMETABLE
TRN-006135,SUPERFAST,C20,2026-09-12,14:26,14:50,HIGH,TIMETABLE
TRN-006136,PASSENGER,C03,2026-09-16,12:53,13:05,HIGH,TIMETABLE
TRN-006137,SUPERFAST,C20,2026-09-29,19:05,19:33,HIGH,TIMETABLE
TRN-006138,EXPRESS,C18,2026-09-29,15:29,15:54,HIGH,TIMETABLE
TRN-006139,EXPRESS,C15,2026-09-30,12:39,12:51,HIGH,TIMETABLE
TRN-006140,PASSENGER,C16,2026-09-15,22:24,22:36,HIGH,TIMETABLE
TRN-006141,PASSENGER,C07,2026-09-20,18:19,18:31,HIGH,TIMETABLE
TRN-006142,EXPRESS,C19,2026-09-08,20:58,21:22,HIGH,TIMETABLE
TRN-006143,SUPERFAST,C06,2026-09-02,09:28,09:54,HIGH,TIMETABLE
TRN-006144,EXPRESS,C02,2026-09-09,12:19,12:32,HIGH,TIMETABLE
TRN-006145,EXPRESS,C11,2026-09-11,17:06,17:29,HIGH,TIMETABLE
TRN-006146,GOODS,C03,2026-09-21,15:34,16:13,MEDIUM,GOODS_FORECAST
TRN-006147,PASSENGER,C18,2026-09-18,23:24,23:34,HIGH,TIMETABLE
TRN-006148,EXPRESS,C19,2026-09-22,13:44,14:03,HIGH,TIMETABLE
TRN-006149,SUPERFAST,C02,2026-09-08,21:22,21:52,HIGH,TIMETABLE
TRN-006150,SUPERFAST,C12,2026-09-29,16:32,16:52,HIGH,TIMETABLE
TRN-006151,EXPRESS,C20,2026-09-07,19:24,19:37,HIGH,TIMETABLE
TRN-006152,SUPERFAST,C18,2026-09-21,11:06,11:23,HIGH,TIMETABLE
TRN-006153,SUPERFAST,C05,2026-09-02,12:20,12:38,HIGH,TIMETABLE
TRN-006154,GOODS,C20,2026-09-07,08:02,08:38,MEDIUM,GOODS_FORECAST
TRN-006155,EXPRESS,C19,2026-09-11,08:35,08:45,HIGH,TIMETABLE
TRN-006156,GOODS,C08,2026-09-17,10:43,11:34,MEDIUM,GOODS_FORECAST
TRN-006157,GOODS,C01,2026-09-05,01:51,02:45,MEDIUM,GOODS_FORECAST
TRN-006158,GOODS,C03,2026-09-25,12:07,12:44,MEDIUM,GOODS_FORECAST
TRN-006159,EXPRESS,C09,2026-09-06,01:52,02:13,HIGH,TIMETABLE
TRN-006160,EXPRESS,C12,2026-09-24,11:29,11:46,HIGH,TIMETABLE
TRN-006161,SUPERFAST,C09,2026-09-10,01:13,01:37,HIGH,TIMETABLE
TRN-006162,SUPERFAST,C17,2026-09-23,20:15,20:38,HIGH,TIMETABLE
TRN-006163,EXPRESS,C17,2026-09-28,17:56,18:23,HIGH,TIMETABLE
TRN-006164,GOODS,C19,2026-09-30,05:37,06:10,MEDIUM,GOODS_FORECAST
TRN-006165,GOODS,C04,2026-09-25,01:04,01:31,MEDIUM,GOODS_FORECAST
TRN-006166,EXPRESS,C05,2026-09-22,22:44,22:54,HIGH,TIMETABLE
TRN-006167,GOODS,C01,2026-09-25,21:06,21:50,MEDIUM,GOODS_FORECAST
TRN-006168,EXPRESS,C03,2026-09-04,05:55,06:14,HIGH,TIMETABLE
TRN-006169,EXPRESS,C15,2026-09-12,22:49,23:14,HIGH,TIMETABLE
TRN-006170,EXPRESS,C01,2026-09-29,09:32,09:45,HIGH,TIMETABLE
TRN-006171,GOODS,C01,2026-09-23,10:36,11:36,MEDIUM,GOODS_FORECAST
TRN-006172,EXPRESS,C16,2026-09-03,17:48,18:11,HIGH,TIMETABLE
TRN-006173,PASSENGER,C09,2026-09-05,14:47,15:01,HIGH,TIMETABLE
TRN-006174,SUPERFAST,C10,2026-09-27,16:59,17:10,HIGH,TIMETABLE
TRN-006175,SUPERFAST,C19,2026-09-18,14:08,14:33,HIGH,TIMETABLE
TRN-006176,PASSENGER,C01,2026-09-04,17:08,17:32,HIGH,TIMETABLE
TRN-006177,EXPRESS,C01,2026-09-08,08:16,08:31,HIGH,TIMETABLE
TRN-006178,PASSENGER,C02,2026-09-23,09:44,10:03,HIGH,TIMETABLE
TRN-006179,PASSENGER,C01,2026-09-15,08:20,08:34,HIGH,TIMETABLE
TRN-006180,PASSENGER,C13,2026-09-22,14:26,14:51,HIGH,TIMETABLE
TRN-006181,SUPERFAST,C09,2026-09-20,23:11,23:22,HIGH,TIMETABLE
TRN-006182,SUPERFAST,C02,2026-09-09,07:46,08:12,HIGH,TIMETABLE
TRN-006183,GOODS,C15,2026-09-15,21:18,22:15,MEDIUM,GOODS_FORECAST
TRN-006184,GOODS,C19,2026-09-05,08:54,09:44,MEDIUM,GOODS_FORECAST
TRN-006185,GOODS,C06,2026-09-10,15:56,16:22,MEDIUM,GOODS_FORECAST
TRN-006186,PASSENGER,C17,2026-09-04,03:35,03:51,HIGH,TIMETABLE
TRN-006187,PASSENGER,C17,2026-09-14,09:50,10:07,HIGH,TIMETABLE
TRN-006188,PASSENGER,C03,2026-09-27,09:01,09:22,HIGH,TIMETABLE
TRN-006189,SUPERFAST,C12,2026-09-04,17:24,17:37,HIGH,TIMETABLE
TRN-006190,PASSENGER,C12,2026-09-20,02:45,03:10,HIGH,TIMETABLE
TRN-006191,PASSENGER,C08,2026-09-09,08:15,08:39,HIGH,TIMETABLE
TRN-006192,PASSENGER,C05,2026-09-12,13:00,13:25,HIGH,TIMETABLE
TRN-006193,PASSENGER,C11,2026-09-07,12:58,13:12,HIGH,TIMETABLE
TRN-006194,PASSENGER,C05,2026-09-07,04:12,04:24,HIGH,TIMETABLE
TRN-006195,GOODS,C09,2026-09-04,21:44,22:13,MEDIUM,GOODS_FORECAST
TRN-006196,PASSENGER,C01,2026-09-21,04:41,04:51,HIGH,TIMETABLE
TRN-006197,EXPRESS,C16,2026-09-04,08:27,08:49,HIGH,TIMETABLE
TRN-006198,SUPERFAST,C07,2026-09-02,01:07,01:28,HIGH,TIMETABLE
TRN-006199,GOODS,C06,2026-09-03,23:02,23:46,MEDIUM,GOODS_FORECAST
TRN-006200,PASSENGER,C14,2026-09-26,14:56,15:13,HIGH,TIMETABLE
TRN-006201,SUPERFAST,C12,2026-09-27,06:49,07:16,HIGH,TIMETABLE
TRN-006202,PASSENGER,C05,2026-09-11,14:29,14:42,HIGH,TIMETABLE
TRN-006203,PASSENGER,C14,2026-09-04,23:23,23:43,HIGH,TIMETABLE
TRN-006204,SUPERFAST,C20,2026-09-19,20:51,21:10,HIGH,TIMETABLE
TRN-006205,PASSENGER,C05,2026-09-14,23:57,00:09,HIGH,TIMETABLE
TRN-006206,EXPRESS,C11,2026-09-11,07:09,07:33,HIGH,TIMETABLE
TRN-006207,SUPERFAST,C11,2026-09-18,05:15,05:37,HIGH,TIMETABLE
TRN-006208,EXPRESS,C20,2026-09-12,02:02,02:29,HIGH,TIMETABLE
TRN-006209,PASSENGER,C20,2026-09-19,22:25,22:44,HIGH,TIMETABLE
TRN-006210,GOODS,C06,2026-09-26,06:32,07:05,MEDIUM,GOODS_FORECAST
TRN-006211,PASSENGER,C18,2026-09-12,20:14,20:31,HIGH,TIMETABLE
TRN-006212,GOODS,C17,2026-09-02,23:40,00:18,MEDIUM,GOODS_FORECAST
TRN-006213,GOODS,C11,2026-09-29,22:00,22:35,MEDIUM,GOODS_FORECAST
TRN-006214,EXPRESS,C01,2026-09-11,00:57,01:22,HIGH,TIMETABLE
TRN-006215,PASSENGER,C16,2026-09-23,22:43,22:55,HIGH,TIMETABLE
TRN-006216,EXPRESS,C15,2026-09-26,07:13,07:34,HIGH,TIMETABLE
TRN-006217,PASSENGER,C10,2026-09-30,04:29,04:50,HIGH,TIMETABLE
TRN-006218,PASSENGER,C16,2026-09-16,16:40,17:05,HIGH,TIMETABLE
TRN-006219,PASSENGER,C09,2026-09-19,13:19,13:37,HIGH,TIMETABLE
TRN-006220,SUPERFAST,C08,2026-09-02,10:26,10:49,HIGH,TIMETABLE
TRN-006221,PASSENGER,C02,2026-09-02,14:50,15:00,HIGH,TIMETABLE
TRN-006222,EXPRESS,C18,2026-09-28,17:26,17:40,HIGH,TIMETABLE
TRN-006223,EXPRESS,C18,2026-09-14,04:17,04:41,HIGH,TIMETABLE
TRN-006224,EXPRESS,C12,2026-09-26,07:05,07:30,HIGH,TIMETABLE
TRN-006225,EXPRESS,C08,2026-09-26,19:11,19:32,HIGH,TIMETABLE
TRN-006226,GOODS,C10,2026-09-21,12:57,13:23,MEDIUM,GOODS_FORECAST
TRN-006227,EXPRESS,C05,2026-09-04,00:45,01:03,HIGH,TIMETABLE
TRN-006228,PASSENGER,C06,2026-09-28,12:18,12:36,HIGH,TIMETABLE
TRN-006229,GOODS,C12,2026-09-24,06:45,07:37,MEDIUM,GOODS_FORECAST
TRN-006230,PASSENGER,C14,2026-09-02,19:34,19:51,HIGH,TIMETABLE
TRN-006231,PASSENGER,C09,2026-09-15,01:03,01:27,HIGH,TIMETABLE
TRN-006232,EXPRESS,C13,2026-09-05,12:18,12:31,HIGH,TIMETABLE
TRN-006233,SUPERFAST,C10,2026-09-07,04:14,04:36,HIGH,TIMETABLE
TRN-006234,SUPERFAST,C07,2026-09-05,12:41,12:52,HIGH,TIMETABLE
TRN-006235,SUPERFAST,C08,2026-09-24,23:13,23:41,HIGH,TIMETABLE
TRN-006236,PASSENGER,C20,2026-09-17,18:07,18:25,HIGH,TIMETABLE
TRN-006237,GOODS,C05,2026-09-15,19:00,19:47,MEDIUM,GOODS_FORECAST
TRN-006238,PASSENGER,C08,2026-09-14,03:05,03:30,HIGH,TIMETABLE
TRN-006239,EXPRESS,C09,2026-09-19,14:08,14:26,HIGH,TIMETABLE
TRN-006240,PASSENGER,C10,2026-09-20,23:50,00:11,HIGH,TIMETABLE
TRN-006241,SUPERFAST,C12,2026-09-27,15:34,16:00,HIGH,TIMETABLE
TRN-006242,GOODS,C06,2026-09-15,06:35,07:06,MEDIUM,GOODS_FORECAST
TRN-006243,EXPRESS,C10,2026-09-22,22:29,22:43,HIGH,TIMETABLE
TRN-006244,EXPRESS,C04,2026-09-17,07:48,08:02,HIGH,TIMETABLE
TRN-006245,GOODS,C09,2026-09-29,00:48,01:23,MEDIUM,GOODS_FORECAST
TRN-006246,PASSENGER,C07,2026-09-13,22:43,22:57,HIGH,TIMETABLE
TRN-006247,EXPRESS,C04,2026-09-15,13:56,14:14,HIGH,TIMETABLE
TRN-006248,SUPERFAST,C09,2026-09-02,09:29,09:51,HIGH,TIMETABLE
TRN-006249,PASSENGER,C12,2026-09-04,02:45,03:00,HIGH,TIMETABLE
TRN-006250,EXPRESS,C08,2026-09-17,02:42,02:55,HIGH,TIMETABLE
TRN-006251,GOODS,C12,2026-09-01,04:38,05:11,MEDIUM,GOODS_FORECAST
TRN-006252,EXPRESS,C20,2026-09-06,01:17,01:42,HIGH,TIMETABLE
TRN-006253,SUPERFAST,C10,2026-09-22,21:43,22:03,HIGH,TIMETABLE
TRN-006254,EXPRESS,C06,2026-09-26,17:57,18:11,HIGH,TIMETABLE
TRN-006255,EXPRESS,C14,2026-09-16,16:26,16:44,HIGH,TIMETABLE
TRN-006256,PASSENGER,C20,2026-09-07,10:51,11:09,HIGH,TIMETABLE
TRN-006257,PASSENGER,C08,2026-09-27,21:48,22:12,HIGH,TIMETABLE
TRN-006258,PASSENGER,C05,2026-09-23,15:02,15:18,HIGH,TIMETABLE
TRN-006259,SUPERFAST,C19,2026-09-06,02:43,03:04,HIGH,TIMETABLE
TRN-006260,PASSENGER,C01,2026-09-05,12:56,13:06,HIGH,TIMETABLE
TRN-006261,EXPRESS,C06,2026-09-03,08:47,09:03,HIGH,TIMETABLE
TRN-006262,GOODS,C09,2026-09-23,17:48,18:37,MEDIUM,GOODS_FORECAST
TRN-006263,GOODS,C19,2026-09-22,13:03,13:49,MEDIUM,GOODS_FORECAST
TRN-006264,PASSENGER,C16,2026-09-03,12:19,12:40,HIGH,TIMETABLE
TRN-006265,EXPRESS,C04,2026-09-01,12:09,12:24,HIGH,TIMETABLE
TRN-006266,PASSENGER,C19,2026-09-18,06:38,06:50,HIGH,TIMETABLE
TRN-006267,EXPRESS,C08,2026-09-01,22:42,23:10,HIGH,TIMETABLE
TRN-006268,GOODS,C02,2026-09-16,21:15,21:53,MEDIUM,GOODS_FORECAST
TRN-006269,GOODS,C15,2026-09-15,07:46,08:17,MEDIUM,GOODS_FORECAST
TRN-006270,GOODS,C20,2026-09-16,06:34,07:16,MEDIUM,GOODS_FORECAST
TRN-006271,GOODS,C10,2026-09-17,11:36,12:04,MEDIUM,GOODS_FORECAST
TRN-006272,GOODS,C06,2026-09-22,23:33,00:27,MEDIUM,GOODS_FORECAST
TRN-006273,SUPERFAST,C12,2026-09-20,21:48,21:58,HIGH,TIMETABLE
TRN-006274,EXPRESS,C14,2026-09-18,00:37,00:47,HIGH,TIMETABLE
TRN-006275,SUPERFAST,C16,2026-09-05,05:53,06:03,HIGH,TIMETABLE
TRN-006276,EXPRESS,C16,2026-09-03,05:20,05:33,HIGH,TIMETABLE
TRN-006277,EXPRESS,C09,2026-09-12,06:08,06:25,HIGH,TIMETABLE
TRN-006278,EXPRESS,C11,2026-09-19,14:06,14:17,HIGH,TIMETABLE
TRN-006279,PASSENGER,C07,2026-09-03,11:11,11:35,HIGH,TIMETABLE
TRN-006280,GOODS,C04,2026-09-15,12:18,13:11,MEDIUM,GOODS_FORECAST
TRN-006281,SUPERFAST,C01,2026-09-07,05:42,05:58,HIGH,TIMETABLE
TRN-006282,PASSENGER,C18,2026-09-17,18:22,18:33,HIGH,TIMETABLE
TRN-006283,SUPERFAST,C01,2026-09-29,20:39,20:58,HIGH,TIMETABLE
TRN-006284,GOODS,C15,2026-09-11,00:24,00:59,MEDIUM,GOODS_FORECAST
TRN-006285,GOODS,C09,2026-09-04,07:32,07:58,MEDIUM,GOODS_FORECAST
TRN-006286,PASSENGER,C17,2026-09-21,18:38,19:01,HIGH,TIMETABLE
TRN-006287,EXPRESS,C12,2026-09-17,23:54,00:19,HIGH,TIMETABLE
TRN-006288,PASSENGER,C18,2026-09-11,00:10,00:30,HIGH,TIMETABLE
TRN-006289,EXPRESS,C04,2026-09-10,11:26,11:37,HIGH,TIMETABLE
TRN-006290,PASSENGER,C15,2026-09-06,08:28,08:50,HIGH,TIMETABLE
TRN-006291,EXPRESS,C10,2026-09-22,13:25,13:39,HIGH,TIMETABLE
TRN-006292,EXPRESS,C17,2026-09-14,11:34,11:47,HIGH,TIMETABLE
TRN-006293,EXPRESS,C04,2026-09-10,23:32,23:46,HIGH,TIMETABLE
TRN-006294,PASSENGER,C08,2026-09-21,18:53,19:11,HIGH,TIMETABLE
TRN-006295,SUPERFAST,C11,2026-09-30,01:34,01:52,HIGH,TIMETABLE
TRN-006296,GOODS,C05,2026-09-04,16:37,17:26,MEDIUM,GOODS_FORECAST
TRN-006297,PASSENGER,C07,2026-09-30,10:05,10:21,HIGH,TIMETABLE
TRN-006298,GOODS,C10,2026-09-04,14:31,15:20,MEDIUM,GOODS_FORECAST
TRN-006299,EXPRESS,C02,2026-09-15,18:58,19:25,HIGH,TIMETABLE
TRN-006300,SUPERFAST,C14,2026-09-19,17:26,17:47,HIGH,TIMETABLE
TRN-006301,EXPRESS,C15,2026-09-09,21:10,21:22,HIGH,TIMETABLE
TRN-006302,GOODS,C03,2026-09-02,13:29,14:21,MEDIUM,GOODS_FORECAST
TRN-006303,EXPRESS,C05,2026-09-14,09:53,10:05,HIGH,TIMETABLE
TRN-006304,EXPRESS,C20,2026-09-08,22:17,22:45,HIGH,TIMETABLE
TRN-006305,EXPRESS,C20,2026-09-29,10:49,11:05,HIGH,TIMETABLE
TRN-006306,EXPRESS,C02,2026-09-03,05:27,05:45,HIGH,TIMETABLE
TRN-006307,EXPRESS,C04,2026-09-14,09:04,09:25,HIGH,TIMETABLE
TRN-006308,SUPERFAST,C20,2026-09-17,05:01,05:19,HIGH,TIMETABLE
TRN-006309,GOODS,C15,2026-09-18,00:29,01:11,MEDIUM,GOODS_FORECAST
TRN-006310,EXPRESS,C10,2026-09-02,16:28,16:58,HIGH,TIMETABLE
TRN-006311,EXPRESS,C13,2026-09-12,02:19,02:45,HIGH,TIMETABLE
TRN-006312,GOODS,C12,2026-09-13,19:47,20:23,MEDIUM,GOODS_FORECAST
TRN-006313,GOODS,C19,2026-09-05,01:42,02:21,MEDIUM,GOODS_FORECAST
TRN-006314,SUPERFAST,C06,2026-09-16,07:06,07:26,HIGH,TIMETABLE
TRN-006315,SUPERFAST,C04,2026-09-05,12:25,12:47,HIGH,TIMETABLE
TRN-006316,GOODS,C06,2026-09-03,05:16,05:56,MEDIUM,GOODS_FORECAST
TRN-006317,PASSENGER,C18,2026-09-25,11:39,12:03,HIGH,TIMETABLE
TRN-006318,SUPERFAST,C19,2026-09-12,20:02,20:15,HIGH,TIMETABLE
TRN-006319,EXPRESS,C05,2026-09-23,10:24,10:39,HIGH,TIMETABLE
TRN-006320,PASSENGER,C13,2026-09-13,00:40,00:50,HIGH,TIMETABLE
TRN-006321,EXPRESS,C01,2026-09-29,11:23,11:48,HIGH,TIMETABLE
TRN-006322,GOODS,C07,2026-09-14,22:18,22:45,MEDIUM,GOODS_FORECAST
TRN-006323,SUPERFAST,C07,2026-09-01,06:54,07:12,HIGH,TIMETABLE
TRN-006324,PASSENGER,C08,2026-09-27,21:44,22:06,HIGH,TIMETABLE
TRN-006325,PASSENGER,C07,2026-09-05,20:04,20:24,HIGH,TIMETABLE
TRN-006326,EXPRESS,C18,2026-09-09,21:02,21:31,HIGH,TIMETABLE
TRN-006327,GOODS,C15,2026-09-28,15:03,15:29,MEDIUM,GOODS_FORECAST
TRN-006328,SUPERFAST,C02,2026-09-14,01:30,01:40,HIGH,TIMETABLE
TRN-006329,EXPRESS,C13,2026-09-04,09:29,09:46,HIGH,TIMETABLE
TRN-006330,PASSENGER,C15,2026-09-02,01:44,02:02,HIGH,TIMETABLE
TRN-006331,SUPERFAST,C03,2026-09-24,22:32,22:57,HIGH,TIMETABLE
TRN-006332,GOODS,C10,2026-09-07,13:13,14:13,MEDIUM,GOODS_FORECAST
TRN-006333,EXPRESS,C13,2026-09-08,17:11,17:35,HIGH,TIMETABLE
TRN-006334,EXPRESS,C03,2026-09-30,12:12,12:37,HIGH,TIMETABLE
TRN-006335,SUPERFAST,C10,2026-09-27,00:12,00:32,HIGH,TIMETABLE
TRN-006336,PASSENGER,C12,2026-09-27,17:07,17:30,HIGH,TIMETABLE
TRN-006337,EXPRESS,C17,2026-09-05,09:54,10:21,HIGH,TIMETABLE
TRN-006338,SUPERFAST,C10,2026-09-03,09:21,09:36,HIGH,TIMETABLE
TRN-006339,EXPRESS,C12,2026-09-29,07:58,08:28,HIGH,TIMETABLE
TRN-006340,PASSENGER,C04,2026-09-24,20:37,21:02,HIGH,TIMETABLE
TRN-006341,PASSENGER,C07,2026-09-23,08:48,09:03,HIGH,TIMETABLE
TRN-006342,PASSENGER,C06,2026-09-05,06:59,07:16,HIGH,TIMETABLE
TRN-006343,EXPRESS,C19,2026-09-27,17:53,18:08,HIGH,TIMETABLE
TRN-006344,PASSENGER,C19,2026-09-26,00:48,00:58,HIGH,TIMETABLE
TRN-006345,EXPRESS,C04,2026-09-07,04:43,04:53,HIGH,TIMETABLE
TRN-006346,PASSENGER,C09,2026-09-17,08:49,09:10,HIGH,TIMETABLE
TRN-006347,EXPRESS,C16,2026-09-03,12:24,12:42,HIGH,TIMETABLE
TRN-006348,PASSENGER,C15,2026-09-21,23:44,00:06,HIGH,TIMETABLE
TRN-006349,EXPRESS,C10,2026-09-11,14:15,14:42,HIGH,TIMETABLE
TRN-006350,EXPRESS,C08,2026-09-19,02:53,03:06,HIGH,TIMETABLE
TRN-006351,EXPRESS,C10,2026-09-12,15:01,15:31,HIGH,TIMETABLE
TRN-006352,EXPRESS,C15,2026-09-25,13:38,13:59,HIGH,TIMETABLE
TRN-006353,GOODS,C14,2026-09-13,13:40,14:21,MEDIUM,GOODS_FORECAST
TRN-006354,EXPRESS,C13,2026-09-02,19:11,19:32,HIGH,TIMETABLE
TRN-006355,PASSENGER,C17,2026-09-22,11:40,11:54,HIGH,TIMETABLE
TRN-006356,EXPRESS,C10,2026-09-11,10:56,11:11,HIGH,TIMETABLE
TRN-006357,PASSENGER,C12,2026-09-02,09:48,10:13,HIGH,TIMETABLE
TRN-006358,EXPRESS,C19,2026-09-18,17:06,17:31,HIGH,TIMETABLE
TRN-006359,GOODS,C15,2026-09-12,10:12,10:54,MEDIUM,GOODS_FORECAST
TRN-006360,PASSENGER,C01,2026-09-14,02:37,02:58,HIGH,TIMETABLE
TRN-006361,SUPERFAST,C14,2026-09-29,20:43,20:58,HIGH,TIMETABLE
TRN-006362,EXPRESS,C18,2026-09-15,23:11,23:28,HIGH,TIMETABLE
TRN-006363,SUPERFAST,C14,2026-09-26,23:24,23:42,HIGH,TIMETABLE
TRN-006364,PASSENGER,C13,2026-09-26,16:20,16:34,HIGH,TIMETABLE
TRN-006365,PASSENGER,C14,2026-09-07,19:56,20:07,HIGH,TIMETABLE
TRN-006366,PASSENGER,C03,2026-09-09,08:26,08:37,HIGH,TIMETABLE
TRN-006367,PASSENGER,C18,2026-09-23,06:28,06:45,HIGH,TIMETABLE
TRN-006368,PASSENGER,C01,2026-09-29,02:41,02:54,HIGH,TIMETABLE
TRN-006369,GOODS,C17,2026-09-09,22:49,23:15,MEDIUM,GOODS_FORECAST
TRN-006370,EXPRESS,C09,2026-09-17,18:09,18:29,HIGH,TIMETABLE
TRN-006371,PASSENGER,C16,2026-09-11,12:40,12:54,HIGH,TIMETABLE
TRN-006372,SUPERFAST,C12,2026-09-05,19:26,19:48,HIGH,TIMETABLE
TRN-006373,PASSENGER,C03,2026-09-09,06:34,06:57,HIGH,TIMETABLE
TRN-006374,SUPERFAST,C09,2026-09-12,15:31,15:57,HIGH,TIMETABLE
TRN-006375,PASSENGER,C03,2026-09-30,15:27,15:43,HIGH,TIMETABLE
TRN-006376,SUPERFAST,C15,2026-09-23,03:02,03:19,HIGH,TIMETABLE
TRN-006377,PASSENGER,C13,2026-09-14,21:04,21:27,HIGH,TIMETABLE
TRN-006378,GOODS,C08,2026-09-22,06:56,07:55,MEDIUM,GOODS_FORECAST
TRN-006379,SUPERFAST,C19,2026-09-12,18:20,18:43,HIGH,TIMETABLE
TRN-006380,SUPERFAST,C03,2026-09-15,22:18,22:45,HIGH,TIMETABLE
TRN-006381,GOODS,C11,2026-09-22,13:12,13:39,MEDIUM,GOODS_FORECAST
TRN-006382,SUPERFAST,C20,2026-09-20,19:54,20:07,HIGH,TIMETABLE
TRN-006383,SUPERFAST,C14,2026-09-05,09:00,09:23,HIGH,TIMETABLE
TRN-006384,GOODS,C10,2026-09-21,16:03,16:54,MEDIUM,GOODS_FORECAST
TRN-006385,SUPERFAST,C06,2026-09-19,06:41,07:03,HIGH,TIMETABLE
TRN-006386,GOODS,C18,2026-09-10,04:41,05:33,MEDIUM,GOODS_FORECAST
TRN-006387,EXPRESS,C12,2026-09-27,03:59,04:24,HIGH,TIMETABLE
TRN-006388,GOODS,C15,2026-09-07,14:49,15:44,MEDIUM,GOODS_FORECAST
TRN-006389,EXPRESS,C20,2026-09-29,01:39,01:51,HIGH,TIMETABLE
TRN-006390,GOODS,C01,2026-09-05,22:21,23:17,MEDIUM,GOODS_FORECAST
TRN-006391,GOODS,C20,2026-09-25,01:59,02:44,MEDIUM,GOODS_FORECAST
TRN-006392,GOODS,C05,2026-09-27,00:18,00:55,MEDIUM,GOODS_FORECAST
TRN-006393,EXPRESS,C15,2026-09-06,03:26,03:40,HIGH,TIMETABLE
TRN-006394,PASSENGER,C12,2026-09-21,02:34,02:45,HIGH,TIMETABLE
TRN-006395,SUPERFAST,C12,2026-09-24,13:03,13:18,HIGH,TIMETABLE
TRN-006396,GOODS,C09,2026-09-14,23:30,00:06,MEDIUM,GOODS_FORECAST
TRN-006397,PASSENGER,C04,2026-09-13,11:29,11:52,HIGH,TIMETABLE
TRN-006398,EXPRESS,C08,2026-09-20,07:14,07:35,HIGH,TIMETABLE
TRN-006399,PASSENGER,C05,2026-09-10,06:26,06:40,HIGH,TIMETABLE
TRN-006400,EXPRESS,C11,2026-09-08,22:59,23:26,HIGH,TIMETABLE
TRN-006401,PASSENGER,C09,2026-09-01,08:01,08:12,HIGH,TIMETABLE
TRN-006402,SUPERFAST,C11,2026-09-11,20:19,20:45,HIGH,TIMETABLE
TRN-006403,GOODS,C03,2026-09-22,09:20,09:55,MEDIUM,GOODS_FORECAST
TRN-006404,PASSENGER,C10,2026-09-17,10:09,10:25,HIGH,TIMETABLE
TRN-006405,SUPERFAST,C12,2026-09-02,16:39,16:57,HIGH,TIMETABLE
TRN-006406,EXPRESS,C20,2026-09-07,08:25,08:40,HIGH,TIMETABLE
TRN-006407,EXPRESS,C19,2026-09-21,19:17,19:46,HIGH,TIMETABLE
TRN-006408,SUPERFAST,C01,2026-09-05,09:02,09:20,HIGH,TIMETABLE
TRN-006409,PASSENGER,C07,2026-09-03,00:49,00:59,HIGH,TIMETABLE
TRN-006410,EXPRESS,C04,2026-09-22,19:01,19:16,HIGH,TIMETABLE
TRN-006411,PASSENGER,C11,2026-09-23,23:32,23:49,HIGH,TIMETABLE
TRN-006412,GOODS,C05,2026-09-25,16:41,17:36,MEDIUM,GOODS_FORECAST
TRN-006413,SUPERFAST,C08,2026-09-16,14:53,15:14,HIGH,TIMETABLE
TRN-006414,PASSENGER,C15,2026-09-13,02:12,02:36,HIGH,TIMETABLE
TRN-006415,PASSENGER,C12,2026-09-16,07:41,08:01,HIGH,TIMETABLE
TRN-006416,PASSENGER,C18,2026-09-30,03:38,03:57,HIGH,TIMETABLE
TRN-006417,EXPRESS,C04,2026-09-06,13:17,13:40,HIGH,TIMETABLE
TRN-006418,EXPRESS,C11,2026-09-29,23:19,23:36,HIGH,TIMETABLE
TRN-006419,EXPRESS,C19,2026-09-24,04:21,04:50,HIGH,TIMETABLE
TRN-006420,PASSENGER,C15,2026-09-23,01:44,01:58,HIGH,TIMETABLE
TRN-006421,GOODS,C12,2026-09-02,21:54,22:25,MEDIUM,GOODS_FORECAST
TRN-006422,PASSENGER,C09,2026-09-27,07:35,07:52,HIGH,TIMETABLE
TRN-006423,EXPRESS,C14,2026-09-06,16:07,16:36,HIGH,TIMETABLE
TRN-006424,GOODS,C18,2026-09-20,21:58,22:44,MEDIUM,GOODS_FORECAST
TRN-006425,EXPRESS,C10,2026-09-26,15:14,15:39,HIGH,TIMETABLE
TRN-006426,PASSENGER,C19,2026-09-03,04:29,04:40,HIGH,TIMETABLE
TRN-006427,PASSENGER,C04,2026-09-23,20:29,20:42,HIGH,TIMETABLE
TRN-006428,PASSENGER,C15,2026-09-12,20:27,20:44,HIGH,TIMETABLE
TRN-006429,EXPRESS,C12,2026-09-11,15:46,15:58,HIGH,TIMETABLE
TRN-006430,GOODS,C06,2026-09-03,03:03,03:54,MEDIUM,GOODS_FORECAST
TRN-006431,GOODS,C06,2026-09-06,01:08,01:58,MEDIUM,GOODS_FORECAST
TRN-006432,GOODS,C11,2026-09-20,03:01,03:28,MEDIUM,GOODS_FORECAST
TRN-006433,PASSENGER,C09,2026-09-27,08:34,08:50,HIGH,TIMETABLE
TRN-006434,EXPRESS,C07,2026-09-13,09:06,09:25,HIGH,TIMETABLE
TRN-006435,PASSENGER,C06,2026-09-24,19:13,19:36,HIGH,TIMETABLE
TRN-006436,EXPRESS,C09,2026-09-05,05:20,05:30,HIGH,TIMETABLE
TRN-006437,SUPERFAST,C15,2026-09-21,05:07,05:22,HIGH,TIMETABLE
TRN-006438,GOODS,C15,2026-09-13,17:04,17:44,MEDIUM,GOODS_FORECAST
TRN-006439,PASSENGER,C15,2026-09-17,01:36,02:00,HIGH,TIMETABLE
TRN-006440,GOODS,C11,2026-09-22,16:27,16:58,MEDIUM,GOODS_FORECAST
TRN-006441,PASSENGER,C07,2026-09-07,18:26,18:47,HIGH,TIMETABLE
TRN-006442,PASSENGER,C01,2026-09-02,20:04,20:15,HIGH,TIMETABLE
TRN-006443,GOODS,C14,2026-09-07,21:38,22:11,MEDIUM,GOODS_FORECAST
TRN-006444,PASSENGER,C14,2026-09-21,16:14,16:38,HIGH,TIMETABLE
TRN-006445,GOODS,C10,2026-09-13,12:37,13:37,MEDIUM,GOODS_FORECAST
TRN-006446,EXPRESS,C16,2026-09-06,18:52,19:11,HIGH,TIMETABLE
TRN-006447,GOODS,C01,2026-09-08,09:52,10:34,MEDIUM,GOODS_FORECAST
TRN-006448,GOODS,C07,2026-09-08,06:16,06:59,MEDIUM,GOODS_FORECAST
TRN-006449,GOODS,C12,2026-09-21,22:52,23:43,MEDIUM,GOODS_FORECAST
TRN-006450,GOODS,C17,2026-09-10,02:13,02:59,MEDIUM,GOODS_FORECAST
TRN-006451,PASSENGER,C14,2026-09-24,06:51,07:11,HIGH,TIMETABLE
TRN-006452,PASSENGER,C11,2026-09-16,06:57,07:17,HIGH,TIMETABLE
TRN-006453,GOODS,C03,2026-09-27,17:34,18:22,MEDIUM,GOODS_FORECAST
TRN-006454,PASSENGER,C16,2026-09-13,19:25,19:47,HIGH,TIMETABLE
TRN-006455,EXPRESS,C19,2026-09-12,19:47,20:10,HIGH,TIMETABLE
TRN-006456,PASSENGER,C14,2026-09-01,01:25,01:42,HIGH,TIMETABLE
TRN-006457,SUPERFAST,C15,2026-09-24,10:44,10:58,HIGH,TIMETABLE
TRN-006458,PASSENGER,C13,2026-09-24,09:17,09:35,HIGH,TIMETABLE
TRN-006459,SUPERFAST,C03,2026-09-01,19:14,19:29,HIGH,TIMETABLE
TRN-006460,PASSENGER,C05,2026-09-11,03:09,03:27,HIGH,TIMETABLE
TRN-006461,PASSENGER,C16,2026-09-30,20:03,20:24,HIGH,TIMETABLE
TRN-006462,GOODS,C07,2026-09-15,21:53,22:26,MEDIUM,GOODS_FORECAST
TRN-006463,PASSENGER,C13,2026-09-14,01:32,01:50,HIGH,TIMETABLE
TRN-006464,PASSENGER,C05,2026-09-30,14:39,14:58,HIGH,TIMETABLE
TRN-006465,PASSENGER,C06,2026-09-20,16:06,16:17,HIGH,TIMETABLE
TRN-006466,EXPRESS,C08,2026-09-26,16:36,16:50,HIGH,TIMETABLE
TRN-006467,PASSENGER,C18,2026-09-05,04:09,04:19,HIGH,TIMETABLE
TRN-006468,SUPERFAST,C07,2026-09-12,21:47,22:01,HIGH,TIMETABLE
TRN-006469,PASSENGER,C07,2026-09-20,05:12,05:27,HIGH,TIMETABLE
TRN-006470,SUPERFAST,C12,2026-09-02,02:58,03:17,HIGH,TIMETABLE
TRN-006471,EXPRESS,C05,2026-09-18,08:53,09:03,HIGH,TIMETABLE
TRN-006472,EXPRESS,C14,2026-09-22,22:03,22:31,HIGH,TIMETABLE
TRN-006473,GOODS,C07,2026-09-20,01:51,02:50,MEDIUM,GOODS_FORECAST
TRN-006474,EXPRESS,C07,2026-09-22,22:24,22:43,HIGH,TIMETABLE
TRN-006475,SUPERFAST,C13,2026-09-15,23:27,23:56,HIGH,TIMETABLE
TRN-006476,PASSENGER,C15,2026-09-17,05:19,05:38,HIGH,TIMETABLE
TRN-006477,PASSENGER,C14,2026-09-13,12:52,13:11,HIGH,TIMETABLE
TRN-006478,SUPERFAST,C08,2026-09-14,23:21,23:31,HIGH,TIMETABLE
TRN-006479,SUPERFAST,C19,2026-09-21,10:33,10:49,HIGH,TIMETABLE
TRN-006480,EXPRESS,C17,2026-09-06,23:17,23:38,HIGH,TIMETABLE
TRN-006481,GOODS,C01,2026-09-17,11:09,11:55,MEDIUM,GOODS_FORECAST
TRN-006482,EXPRESS,C11,2026-09-26,21:36,21:59,HIGH,TIMETABLE
TRN-006483,PASSENGER,C16,2026-09-26,06:17,06:39,HIGH,TIMETABLE
TRN-006484,EXPRESS,C05,2026-09-07,04:52,05:12,HIGH,TIMETABLE
TRN-006485,EXPRESS,C06,2026-09-16,08:21,08:51,HIGH,TIMETABLE
TRN-006486,GOODS,C14,2026-09-30,18:26,19:01,MEDIUM,GOODS_FORECAST
TRN-006487,EXPRESS,C02,2026-09-24,23:16,23:34,HIGH,TIMETABLE
TRN-006488,EXPRESS,C07,2026-09-25,22:56,23:13,HIGH,TIMETABLE
TRN-006489,PASSENGER,C09,2026-09-29,14:41,15:04,HIGH,TIMETABLE
TRN-006490,EXPRESS,C02,2026-09-12,03:25,03:44,HIGH,TIMETABLE
TRN-006491,EXPRESS,C13,2026-09-03,18:39,18:50,HIGH,TIMETABLE
TRN-006492,GOODS,C17,2026-09-13,05:45,06:42,MEDIUM,GOODS_FORECAST
TRN-006493,GOODS,C13,2026-09-25,17:44,18:42,MEDIUM,GOODS_FORECAST
TRN-006494,GOODS,C20,2026-09-06,09:16,09:57,MEDIUM,GOODS_FORECAST
TRN-006495,SUPERFAST,C09,2026-09-29,00:38,00:55,HIGH,TIMETABLE
TRN-006496,SUPERFAST,C20,2026-09-12,02:50,03:16,HIGH,TIMETABLE
TRN-006497,GOODS,C20,2026-09-23,11:03,11:54,MEDIUM,GOODS_FORECAST
TRN-006498,GOODS,C08,2026-09-22,10:13,10:55,MEDIUM,GOODS_FORECAST
TRN-006499,PASSENGER,C18,2026-09-18,07:46,08:03,HIGH,TIMETABLE
TRN-006500,GOODS,C18,2026-09-08,18:35,19:01,MEDIUM,GOODS_FORECAST
TRN-006501,PASSENGER,C19,2026-09-24,06:30,06:48,HIGH,TIMETABLE
TRN-006502,EXPRESS,C19,2026-09-03,04:36,05:06,HIGH,TIMETABLE
TRN-006503,GOODS,C07,2026-09-16,16:51,17:31,MEDIUM,GOODS_FORECAST
TRN-006504,SUPERFAST,C20,2026-09-18,00:04,00:16,HIGH,TIMETABLE
TRN-006505,SUPERFAST,C06,2026-09-06,00:56,01:08,HIGH,TIMETABLE
TRN-006506,EXPRESS,C04,2026-09-17,12:31,12:46,HIGH,TIMETABLE
TRN-006507,PASSENGER,C05,2026-09-08,19:47,20:00,HIGH,TIMETABLE
TRN-006508,EXPRESS,C07,2026-09-03,06:39,06:56,HIGH,TIMETABLE
TRN-006509,GOODS,C13,2026-09-21,23:24,00:02,MEDIUM,GOODS_FORECAST
TRN-006510,SUPERFAST,C10,2026-09-25,00:09,00:37,HIGH,TIMETABLE
TRN-006511,EXPRESS,C03,2026-09-06,16:33,16:44,HIGH,TIMETABLE
TRN-006512,PASSENGER,C04,2026-09-18,20:18,20:41,HIGH,TIMETABLE
TRN-006513,EXPRESS,C02,2026-09-27,03:50,04:05,HIGH,TIMETABLE
TRN-006514,SUPERFAST,C20,2026-09-01,08:21,08:34,HIGH,TIMETABLE
TRN-006515,SUPERFAST,C15,2026-09-16,21:41,22:01,HIGH,TIMETABLE
TRN-006516,EXPRESS,C19,2026-09-23,23:31,23:41,HIGH,TIMETABLE
TRN-006517,PASSENGER,C01,2026-09-23,03:35,03:47,HIGH,TIMETABLE
TRN-006518,GOODS,C13,2026-09-28,11:41,12:19,MEDIUM,GOODS_FORECAST
TRN-006519,GOODS,C06,2026-09-10,10:32,11:30,MEDIUM,GOODS_FORECAST
TRN-006520,PASSENGER,C07,2026-09-26,17:25,17:50,HIGH,TIMETABLE
TRN-006521,PASSENGER,C03,2026-09-11,09:43,10:08,HIGH,TIMETABLE
TRN-006522,PASSENGER,C20,2026-09-04,03:52,04:16,HIGH,TIMETABLE
TRN-006523,GOODS,C02,2026-09-29,23:33,00:33,MEDIUM,GOODS_FORECAST
TRN-006524,EXPRESS,C05,2026-09-16,04:48,05:15,HIGH,TIMETABLE
TRN-006525,GOODS,C02,2026-09-28,08:41,09:09,MEDIUM,GOODS_FORECAST
TRN-006526,PASSENGER,C08,2026-09-22,17:44,17:54,HIGH,TIMETABLE
TRN-006527,GOODS,C18,2026-09-30,06:53,07:36,MEDIUM,GOODS_FORECAST
TRN-006528,SUPERFAST,C19,2026-09-21,03:53,04:08,HIGH,TIMETABLE
TRN-006529,GOODS,C06,2026-09-04,12:59,13:24,MEDIUM,GOODS_FORECAST
TRN-006530,PASSENGER,C20,2026-09-28,07:19,07:34,HIGH,TIMETABLE
TRN-006531,PASSENGER,C03,2026-09-18,07:58,08:12,HIGH,TIMETABLE
TRN-006532,SUPERFAST,C12,2026-09-06,15:23,15:45,HIGH,TIMETABLE
TRN-006533,PASSENGER,C05,2026-09-21,01:27,01:42,HIGH,TIMETABLE
TRN-006534,PASSENGER,C04,2026-09-04,14:54,15:18,HIGH,TIMETABLE
TRN-006535,EXPRESS,C10,2026-09-06,18:03,18:19,HIGH,TIMETABLE
TRN-006536,PASSENGER,C13,2026-09-16,23:11,23:21,HIGH,TIMETABLE
TRN-006537,PASSENGER,C03,2026-09-13,15:13,15:26,HIGH,TIMETABLE
TRN-006538,PASSENGER,C14,2026-09-30,15:59,16:22,HIGH,TIMETABLE
TRN-006539,SUPERFAST,C20,2026-09-01,06:07,06:27,HIGH,TIMETABLE
TRN-006540,PASSENGER,C07,2026-09-17,13:33,13:51,HIGH,TIMETABLE
TRN-006541,SUPERFAST,C14,2026-09-15,07:58,08:08,HIGH,TIMETABLE
TRN-006542,PASSENGER,C02,2026-09-20,19:34,19:53,HIGH,TIMETABLE
TRN-006543,PASSENGER,C11,2026-09-07,21:52,22:02,HIGH,TIMETABLE
TRN-006544,PASSENGER,C01,2026-09-12,06:44,06:56,HIGH,TIMETABLE
TRN-006545,SUPERFAST,C09,2026-09-25,02:32,02:43,HIGH,TIMETABLE
TRN-006546,SUPERFAST,C01,2026-09-15,11:00,11:20,HIGH,TIMETABLE
TRN-006547,PASSENGER,C09,2026-09-17,10:55,11:10,HIGH,TIMETABLE
TRN-006548,EXPRESS,C14,2026-09-30,16:42,17:06,HIGH,TIMETABLE
TRN-006549,PASSENGER,C16,2026-09-17,08:33,08:56,HIGH,TIMETABLE
TRN-006550,EXPRESS,C16,2026-09-02,00:14,00:41,HIGH,TIMETABLE
TRN-006551,SUPERFAST,C08,2026-09-01,22:12,22:36,HIGH,TIMETABLE
TRN-006552,EXPRESS,C10,2026-09-27,01:22,01:42,HIGH,TIMETABLE
TRN-006553,GOODS,C08,2026-09-11,11:11,11:36,MEDIUM,GOODS_FORECAST
TRN-006554,PASSENGER,C06,2026-09-15,05:42,06:06,HIGH,TIMETABLE
TRN-006555,SUPERFAST,C15,2026-09-08,04:41,05:08,HIGH,TIMETABLE
TRN-006556,PASSENGER,C01,2026-09-04,23:32,23:49,HIGH,TIMETABLE
TRN-006557,PASSENGER,C12,2026-09-04,03:04,03:19,HIGH,TIMETABLE
TRN-006558,PASSENGER,C07,2026-09-09,00:56,01:19,HIGH,TIMETABLE
TRN-006559,GOODS,C13,2026-09-18,01:03,01:32,MEDIUM,GOODS_FORECAST
TRN-006560,GOODS,C20,2026-09-02,12:25,12:51,MEDIUM,GOODS_FORECAST
TRN-006561,PASSENGER,C02,2026-09-13,10:44,10:56,HIGH,TIMETABLE
TRN-006562,PASSENGER,C16,2026-09-21,09:19,09:44,HIGH,TIMETABLE
TRN-006563,GOODS,C03,2026-09-15,01:40,02:30,MEDIUM,GOODS_FORECAST
TRN-006564,PASSENGER,C12,2026-09-26,15:00,15:23,HIGH,TIMETABLE
TRN-006565,GOODS,C18,2026-09-13,06:39,07:09,MEDIUM,GOODS_FORECAST
TRN-006566,PASSENGER,C09,2026-09-27,01:54,02:18,HIGH,TIMETABLE
TRN-006567,SUPERFAST,C20,2026-09-01,10:30,11:00,HIGH,TIMETABLE
TRN-006568,PASSENGER,C03,2026-09-08,18:30,18:43,HIGH,TIMETABLE
TRN-006569,EXPRESS,C04,2026-09-04,09:21,09:41,HIGH,TIMETABLE
TRN-006570,SUPERFAST,C16,2026-09-26,23:43,00:05,HIGH,TIMETABLE
TRN-006571,EXPRESS,C14,2026-09-29,02:25,02:53,HIGH,TIMETABLE
TRN-006572,GOODS,C05,2026-09-09,19:16,20:06,MEDIUM,GOODS_FORECAST
TRN-006573,SUPERFAST,C04,2026-09-16,01:19,01:47,HIGH,TIMETABLE
TRN-006574,PASSENGER,C04,2026-09-15,14:24,14:43,HIGH,TIMETABLE
TRN-006575,PASSENGER,C16,2026-09-28,15:55,16:06,HIGH,TIMETABLE
TRN-006576,PASSENGER,C05,2026-09-22,07:01,07:11,HIGH,TIMETABLE
TRN-006577,PASSENGER,C12,2026-09-08,10:25,10:49,HIGH,TIMETABLE
TRN-006578,EXPRESS,C06,2026-09-15,15:42,15:56,HIGH,TIMETABLE
TRN-006579,PASSENGER,C07,2026-09-24,05:04,05:15,HIGH,TIMETABLE
TRN-006580,SUPERFAST,C12,2026-09-21,20:04,20:34,HIGH,TIMETABLE
TRN-006581,SUPERFAST,C18,2026-09-09,17:53,18:21,HIGH,TIMETABLE
TRN-006582,EXPRESS,C08,2026-09-12,17:08,17:33,HIGH,TIMETABLE
TRN-006583,PASSENGER,C15,2026-09-06,21:08,21:24,HIGH,TIMETABLE
TRN-006584,PASSENGER,C11,2026-09-23,16:07,16:17,HIGH,TIMETABLE
TRN-006585,PASSENGER,C09,2026-09-01,20:54,21:11,HIGH,TIMETABLE
TRN-006586,EXPRESS,C13,2026-09-22,14:27,14:43,HIGH,TIMETABLE
TRN-006587,SUPERFAST,C17,2026-09-10,13:06,13:25,HIGH,TIMETABLE
TRN-006588,EXPRESS,C09,2026-09-05,23:07,23:31,HIGH,TIMETABLE
TRN-006589,PASSENGER,C18,2026-09-08,10:53,11:15,HIGH,TIMETABLE
TRN-006590,SUPERFAST,C12,2026-09-05,08:11,08:40,HIGH,TIMETABLE
TRN-006591,PASSENGER,C18,2026-09-14,22:34,22:58,HIGH,TIMETABLE
TRN-006592,EXPRESS,C05,2026-09-16,08:29,08:49,HIGH,TIMETABLE
TRN-006593,GOODS,C08,2026-09-27,08:00,08:44,MEDIUM,GOODS_FORECAST
TRN-006594,GOODS,C13,2026-09-21,05:23,05:51,MEDIUM,GOODS_FORECAST
TRN-006595,GOODS,C14,2026-09-14,06:38,07:18,MEDIUM,GOODS_FORECAST
TRN-006596,PASSENGER,C02,2026-09-04,08:56,09:10,HIGH,TIMETABLE
TRN-006597,PASSENGER,C13,2026-09-23,06:41,06:59,HIGH,TIMETABLE
TRN-006598,GOODS,C11,2026-09-06,14:11,14:49,MEDIUM,GOODS_FORECAST
TRN-006599,EXPRESS,C17,2026-09-18,14:19,14:34,HIGH,TIMETABLE
TRN-006600,GOODS,C07,2026-09-12,15:40,16:07,MEDIUM,GOODS_FORECAST
TRN-006601,PASSENGER,C09,2026-09-12,12:23,12:36,HIGH,TIMETABLE
TRN-006602,SUPERFAST,C10,2026-09-07,09:14,09:33,HIGH,TIMETABLE
TRN-006603,GOODS,C03,2026-09-03,03:35,04:29,MEDIUM,GOODS_FORECAST
TRN-006604,PASSENGER,C19,2026-09-09,10:00,10:20,HIGH,TIMETABLE
TRN-006605,EXPRESS,C10,2026-09-06,02:45,03:15,HIGH,TIMETABLE
TRN-006606,EXPRESS,C10,2026-09-06,21:20,21:39,HIGH,TIMETABLE
TRN-006607,EXPRESS,C17,2026-09-04,12:31,12:43,HIGH,TIMETABLE
TRN-006608,PASSENGER,C04,2026-09-04,13:55,14:13,HIGH,TIMETABLE
TRN-006609,SUPERFAST,C20,2026-09-06,08:35,08:57,HIGH,TIMETABLE
TRN-006610,PASSENGER,C19,2026-09-20,17:06,17:30,HIGH,TIMETABLE
TRN-006611,PASSENGER,C15,2026-09-24,06:58,07:18,HIGH,TIMETABLE
TRN-006612,PASSENGER,C20,2026-09-20,18:01,18:26,HIGH,TIMETABLE
TRN-006613,EXPRESS,C19,2026-09-26,04:02,04:23,HIGH,TIMETABLE
TRN-006614,PASSENGER,C01,2026-09-02,15:51,16:11,HIGH,TIMETABLE
TRN-006615,GOODS,C09,2026-09-12,22:13,22:42,MEDIUM,GOODS_FORECAST
TRN-006616,SUPERFAST,C08,2026-09-28,09:29,09:54,HIGH,TIMETABLE
TRN-006617,GOODS,C06,2026-09-30,23:27,00:07,MEDIUM,GOODS_FORECAST
TRN-006618,PASSENGER,C15,2026-09-27,19:02,19:17,HIGH,TIMETABLE
TRN-006619,PASSENGER,C07,2026-09-03,00:52,01:04,HIGH,TIMETABLE
TRN-006620,PASSENGER,C13,2026-09-10,08:08,08:33,HIGH,TIMETABLE
TRN-006621,EXPRESS,C13,2026-09-06,10:31,10:47,HIGH,TIMETABLE
TRN-006622,SUPERFAST,C03,2026-09-30,09:10,09:40,HIGH,TIMETABLE
TRN-006623,EXPRESS,C14,2026-09-14,20:09,20:31,HIGH,TIMETABLE
TRN-006624,PASSENGER,C01,2026-09-13,20:18,20:41,HIGH,TIMETABLE
TRN-006625,PASSENGER,C15,2026-09-30,10:33,10:46,HIGH,TIMETABLE
TRN-006626,GOODS,C05,2026-09-26,02:10,03:08,MEDIUM,GOODS_FORECAST
TRN-006627,GOODS,C20,2026-09-23,21:27,21:54,MEDIUM,GOODS_FORECAST
TRN-006628,EXPRESS,C01,2026-09-14,02:38,02:56,HIGH,TIMETABLE
TRN-006629,EXPRESS,C12,2026-09-19,00:18,00:31,HIGH,TIMETABLE
TRN-006630,PASSENGER,C06,2026-09-11,00:04,00:18,HIGH,TIMETABLE
TRN-006631,SUPERFAST,C07,2026-09-03,14:10,14:21,HIGH,TIMETABLE
TRN-006632,PASSENGER,C09,2026-09-25,01:47,02:02,HIGH,TIMETABLE
TRN-006633,GOODS,C16,2026-09-06,19:02,20:01,MEDIUM,GOODS_FORECAST
TRN-006634,EXPRESS,C17,2026-09-08,21:48,22:02,HIGH,TIMETABLE
TRN-006635,PASSENGER,C06,2026-09-02,18:54,19:16,HIGH,TIMETABLE
TRN-006636,GOODS,C09,2026-09-24,23:57,00:57,MEDIUM,GOODS_FORECAST
TRN-006637,PASSENGER,C12,2026-09-02,15:46,16:08,HIGH,TIMETABLE
TRN-006638,SUPERFAST,C20,2026-09-20,21:43,22:07,HIGH,TIMETABLE
TRN-006639,EXPRESS,C09,2026-09-06,01:06,01:17,HIGH,TIMETABLE
TRN-006640,SUPERFAST,C10,2026-09-03,09:29,09:47,HIGH,TIMETABLE
TRN-006641,PASSENGER,C13,2026-09-01,21:54,22:19,HIGH,TIMETABLE
TRN-006642,PASSENGER,C16,2026-09-06,08:25,08:48,HIGH,TIMETABLE
TRN-006643,PASSENGER,C12,2026-09-19,12:34,12:49,HIGH,TIMETABLE
TRN-006644,EXPRESS,C11,2026-09-24,20:26,20:55,HIGH,TIMETABLE
TRN-006645,PASSENGER,C11,2026-09-22,16:03,16:26,HIGH,TIMETABLE
TRN-006646,PASSENGER,C16,2026-09-23,20:46,21:01,HIGH,TIMETABLE
TRN-006647,EXPRESS,C01,2026-09-11,10:43,11:08,HIGH,TIMETABLE
TRN-006648,EXPRESS,C16,2026-09-22,20:30,21:00,HIGH,TIMETABLE
TRN-006649,EXPRESS,C07,2026-09-13,15:08,15:31,HIGH,TIMETABLE
TRN-006650,PASSENGER,C10,2026-09-24,21:21,21:34,HIGH,TIMETABLE
TRN-006651,PASSENGER,C19,2026-09-07,20:39,20:57,HIGH,TIMETABLE
TRN-006652,SUPERFAST,C18,2026-09-04,10:48,10:58,HIGH,TIMETABLE
TRN-006653,SUPERFAST,C08,2026-09-19,01:54,02:11,HIGH,TIMETABLE
TRN-006654,PASSENGER,C14,2026-09-24,00:52,01:06,HIGH,TIMETABLE
TRN-006655,EXPRESS,C18,2026-09-21,13:59,14:28,HIGH,TIMETABLE
TRN-006656,SUPERFAST,C13,2026-09-14,00:30,00:59,HIGH,TIMETABLE
TRN-006657,EXPRESS,C12,2026-09-10,23:05,23:29,HIGH,TIMETABLE
TRN-006658,GOODS,C13,2026-09-01,16:35,17:20,MEDIUM,GOODS_FORECAST
TRN-006659,GOODS,C06,2026-09-03,01:56,02:26,MEDIUM,GOODS_FORECAST
TRN-006660,EXPRESS,C05,2026-09-13,05:38,05:52,HIGH,TIMETABLE
TRN-006661,EXPRESS,C10,2026-09-30,03:32,03:58,HIGH,TIMETABLE
TRN-006662,PASSENGER,C05,2026-09-28,09:28,09:49,HIGH,TIMETABLE
TRN-006663,EXPRESS,C02,2026-09-17,11:54,12:23,HIGH,TIMETABLE
TRN-006664,SUPERFAST,C11,2026-09-13,12:44,13:01,HIGH,TIMETABLE
TRN-006665,PASSENGER,C09,2026-09-21,08:20,08:45,HIGH,TIMETABLE
TRN-006666,SUPERFAST,C19,2026-09-11,01:17,01:41,HIGH,TIMETABLE
TRN-006667,SUPERFAST,C14,2026-09-30,23:16,23:37,HIGH,TIMETABLE
TRN-006668,SUPERFAST,C11,2026-09-15,07:37,08:02,HIGH,TIMETABLE
TRN-006669,GOODS,C09,2026-09-18,12:02,12:36,MEDIUM,GOODS_FORECAST
TRN-006670,PASSENGER,C06,2026-09-06,11:17,11:36,HIGH,TIMETABLE
TRN-006671,EXPRESS,C19,2026-09-28,21:51,22:02,HIGH,TIMETABLE
TRN-006672,PASSENGER,C16,2026-09-26,11:04,11:19,HIGH,TIMETABLE
TRN-006673,GOODS,C16,2026-09-19,21:39,22:15,MEDIUM,GOODS_FORECAST
TRN-006674,SUPERFAST,C19,2026-09-22,14:36,14:56,HIGH,TIMETABLE
TRN-006675,GOODS,C07,2026-09-26,21:18,22:08,MEDIUM,GOODS_FORECAST
TRN-006676,EXPRESS,C19,2026-09-30,19:14,19:43,HIGH,TIMETABLE
TRN-006677,PASSENGER,C02,2026-09-27,07:38,07:58,HIGH,TIMETABLE
TRN-006678,PASSENGER,C15,2026-09-01,02:00,02:18,HIGH,TIMETABLE
TRN-006679,SUPERFAST,C11,2026-09-19,02:48,03:02,HIGH,TIMETABLE
TRN-006680,PASSENGER,C14,2026-09-19,10:55,11:20,HIGH,TIMETABLE
TRN-006681,GOODS,C08,2026-09-27,23:42,00:41,MEDIUM,GOODS_FORECAST
TRN-006682,PASSENGER,C07,2026-09-22,20:45,21:10,HIGH,TIMETABLE
TRN-006683,EXPRESS,C08,2026-09-11,05:29,05:58,HIGH,TIMETABLE
TRN-006684,PASSENGER,C03,2026-09-10,04:27,04:50,HIGH,TIMETABLE
TRN-006685,SUPERFAST,C01,2026-09-09,02:01,02:27,HIGH,TIMETABLE
TRN-006686,EXPRESS,C01,2026-09-13,08:23,08:39,HIGH,TIMETABLE
TRN-006687,PASSENGER,C14,2026-09-03,02:21,02:46,HIGH,TIMETABLE
TRN-006688,EXPRESS,C07,2026-09-15,04:54,05:20,HIGH,TIMETABLE
TRN-006689,PASSENGER,C13,2026-09-29,11:55,12:11,HIGH,TIMETABLE
TRN-006690,SUPERFAST,C17,2026-09-02,09:47,10:00,HIGH,TIMETABLE
TRN-006691,SUPERFAST,C20,2026-09-03,16:25,16:37,HIGH,TIMETABLE
TRN-006692,GOODS,C13,2026-09-02,08:22,08:59,MEDIUM,GOODS_FORECAST
TRN-006693,GOODS,C08,2026-09-02,17:13,18:01,MEDIUM,GOODS_FORECAST
TRN-006694,PASSENGER,C03,2026-09-17,22:11,22:30,HIGH,TIMETABLE
TRN-006695,PASSENGER,C14,2026-09-02,22:41,22:56,HIGH,TIMETABLE
TRN-006696,SUPERFAST,C20,2026-09-30,06:47,06:59,HIGH,TIMETABLE
TRN-006697,PASSENGER,C18,2026-09-18,01:38,01:53,HIGH,TIMETABLE
TRN-006698,SUPERFAST,C03,2026-09-02,19:48,20:05,HIGH,TIMETABLE
TRN-006699,GOODS,C16,2026-09-24,14:06,15:02,MEDIUM,GOODS_FORECAST
TRN-006700,GOODS,C15,2026-09-15,08:11,09:02,MEDIUM,GOODS_FORECAST
TRN-006701,PASSENGER,C15,2026-09-13,10:37,10:58,HIGH,TIMETABLE
TRN-006702,PASSENGER,C11,2026-09-20,01:59,02:15,HIGH,TIMETABLE
TRN-006703,PASSENGER,C17,2026-09-04,20:56,21:16,HIGH,TIMETABLE
TRN-006704,GOODS,C09,2026-09-07,12:13,12:45,MEDIUM,GOODS_FORECAST
TRN-006705,PASSENGER,C02,2026-09-05,13:01,13:17,HIGH,TIMETABLE
TRN-006706,EXPRESS,C12,2026-09-07,08:01,08:12,HIGH,TIMETABLE
TRN-006707,EXPRESS,C05,2026-09-07,23:35,23:52,HIGH,TIMETABLE
TRN-006708,PASSENGER,C03,2026-09-07,12:27,12:39,HIGH,TIMETABLE
TRN-006709,PASSENGER,C17,2026-09-11,11:28,11:38,HIGH,TIMETABLE
TRN-006710,EXPRESS,C05,2026-09-13,08:32,08:42,HIGH,TIMETABLE
TRN-006711,EXPRESS,C14,2026-09-01,13:09,13:33,HIGH,TIMETABLE
TRN-006712,PASSENGER,C04,2026-09-11,21:34,21:47,HIGH,TIMETABLE
TRN-006713,SUPERFAST,C10,2026-09-10,17:18,17:43,HIGH,TIMETABLE
TRN-006714,EXPRESS,C04,2026-09-30,14:20,14:39,HIGH,TIMETABLE
TRN-006715,EXPRESS,C08,2026-09-24,08:42,08:56,HIGH,TIMETABLE
TRN-006716,EXPRESS,C19,2026-09-15,08:30,08:41,HIGH,TIMETABLE
TRN-006717,PASSENGER,C10,2026-09-02,14:54,15:14,HIGH,TIMETABLE
TRN-006718,GOODS,C06,2026-09-12,05:43,06:10,MEDIUM,GOODS_FORECAST
TRN-006719,PASSENGER,C12,2026-09-17,21:09,21:25,HIGH,TIMETABLE
TRN-006720,EXPRESS,C04,2026-09-06,12:46,13:13,HIGH,TIMETABLE
TRN-006721,PASSENGER,C09,2026-09-17,19:05,19:17,HIGH,TIMETABLE
TRN-006722,EXPRESS,C19,2026-09-10,20:35,20:56,HIGH,TIMETABLE
TRN-006723,GOODS,C13,2026-09-22,11:23,11:52,MEDIUM,GOODS_FORECAST
TRN-006724,SUPERFAST,C19,2026-09-09,10:42,11:04,HIGH,TIMETABLE
TRN-006725,SUPERFAST,C10,2026-09-10,14:45,15:03,HIGH,TIMETABLE
TRN-006726,SUPERFAST,C05,2026-09-08,19:56,20:06,HIGH,TIMETABLE
TRN-006727,PASSENGER,C03,2026-09-12,05:47,06:06,HIGH,TIMETABLE
TRN-006728,GOODS,C17,2026-09-13,16:54,17:53,MEDIUM,GOODS_FORECAST
TRN-006729,EXPRESS,C09,2026-09-16,00:19,00:31,HIGH,TIMETABLE
TRN-006730,EXPRESS,C16,2026-09-25,16:39,17:08,HIGH,TIMETABLE
TRN-006731,SUPERFAST,C02,2026-09-04,23:22,23:41,HIGH,TIMETABLE
TRN-006732,EXPRESS,C02,2026-09-24,21:01,21:18,HIGH,TIMETABLE
TRN-006733,EXPRESS,C05,2026-09-25,21:54,22:14,HIGH,TIMETABLE
TRN-006734,GOODS,C05,2026-09-30,17:11,17:37,MEDIUM,GOODS_FORECAST
TRN-006735,PASSENGER,C10,2026-09-22,02:37,03:01,HIGH,TIMETABLE
TRN-006736,EXPRESS,C02,2026-09-27,21:40,22:05,HIGH,TIMETABLE
TRN-006737,PASSENGER,C14,2026-09-02,22:58,23:15,HIGH,TIMETABLE
TRN-006738,PASSENGER,C04,2026-09-08,22:39,22:58,HIGH,TIMETABLE
TRN-006739,PASSENGER,C16,2026-09-19,21:05,21:19,HIGH,TIMETABLE
TRN-006740,GOODS,C03,2026-09-13,09:09,09:56,MEDIUM,GOODS_FORECAST
TRN-006741,EXPRESS,C06,2026-09-16,11:47,12:06,HIGH,TIMETABLE
TRN-006742,SUPERFAST,C17,2026-09-23,22:45,23:01,HIGH,TIMETABLE
TRN-006743,GOODS,C18,2026-09-25,13:38,14:34,MEDIUM,GOODS_FORECAST
TRN-006744,SUPERFAST,C17,2026-09-11,03:04,03:25,HIGH,TIMETABLE
TRN-006745,SUPERFAST,C14,2026-09-30,13:21,13:47,HIGH,TIMETABLE
TRN-006746,GOODS,C03,2026-09-12,12:14,13:08,MEDIUM,GOODS_FORECAST
TRN-006747,PASSENGER,C11,2026-09-12,14:11,14:34,HIGH,TIMETABLE
TRN-006748,PASSENGER,C14,2026-09-14,19:06,19:25,HIGH,TIMETABLE
TRN-006749,GOODS,C19,2026-09-08,14:21,15:01,MEDIUM,GOODS_FORECAST
TRN-006750,EXPRESS,C14,2026-09-21,00:28,00:48,HIGH,TIMETABLE
TRN-006751,EXPRESS,C12,2026-09-11,04:04,04:27,HIGH,TIMETABLE
TRN-006752,PASSENGER,C03,2026-09-08,07:04,07:24,HIGH,TIMETABLE
TRN-006753,EXPRESS,C07,2026-09-06,04:29,04:47,HIGH,TIMETABLE
TRN-006754,GOODS,C03,2026-09-17,05:04,05:52,MEDIUM,GOODS_FORECAST
TRN-006755,EXPRESS,C13,2026-09-03,20:15,20:29,HIGH,TIMETABLE
TRN-006756,PASSENGER,C05,2026-09-21,14:39,15:03,HIGH,TIMETABLE
TRN-006757,GOODS,C10,2026-09-18,23:53,00:42,MEDIUM,GOODS_FORECAST
TRN-006758,EXPRESS,C18,2026-09-10,17:56,18:21,HIGH,TIMETABLE
TRN-006759,EXPRESS,C17,2026-09-21,20:42,21:05,HIGH,TIMETABLE
TRN-006760,SUPERFAST,C03,2026-09-19,14:30,14:47,HIGH,TIMETABLE
TRN-006761,PASSENGER,C06,2026-09-16,21:24,21:35,HIGH,TIMETABLE
TRN-006762,PASSENGER,C07,2026-09-13,19:28,19:43,HIGH,TIMETABLE
TRN-006763,PASSENGER,C12,2026-09-27,19:13,19:25,HIGH,TIMETABLE
TRN-006764,EXPRESS,C05,2026-09-08,00:08,00:21,HIGH,TIMETABLE
TRN-006765,PASSENGER,C10,2026-09-13,20:00,20:10,HIGH,TIMETABLE
TRN-006766,PASSENGER,C13,2026-09-07,03:41,03:53,HIGH,TIMETABLE
TRN-006767,EXPRESS,C17,2026-09-28,14:30,14:47,HIGH,TIMETABLE
TRN-006768,EXPRESS,C01,2026-09-27,17:53,18:14,HIGH,TIMETABLE
TRN-006769,SUPERFAST,C08,2026-09-26,13:15,13:25,HIGH,TIMETABLE
TRN-006770,EXPRESS,C05,2026-09-06,06:34,06:44,HIGH,TIMETABLE
TRN-006771,EXPRESS,C12,2026-09-14,16:03,16:19,HIGH,TIMETABLE
TRN-006772,SUPERFAST,C12,2026-09-16,15:31,15:52,HIGH,TIMETABLE
TRN-006773,EXPRESS,C10,2026-09-06,20:45,21:11,HIGH,TIMETABLE
TRN-006774,PASSENGER,C03,2026-09-01,10:10,10:20,HIGH,TIMETABLE
TRN-006775,GOODS,C02,2026-09-07,05:26,06:21,MEDIUM,GOODS_FORECAST
TRN-006776,PASSENGER,C07,2026-09-25,04:21,04:40,HIGH,TIMETABLE
TRN-006777,SUPERFAST,C06,2026-09-23,15:10,15:29,HIGH,TIMETABLE
TRN-006778,GOODS,C13,2026-09-07,11:05,11:38,MEDIUM,GOODS_FORECAST
TRN-006779,SUPERFAST,C08,2026-09-26,11:39,12:02,HIGH,TIMETABLE
TRN-006780,PASSENGER,C18,2026-09-17,23:34,23:48,HIGH,TIMETABLE
TRN-006781,PASSENGER,C08,2026-09-27,18:26,18:36,HIGH,TIMETABLE
TRN-006782,SUPERFAST,C14,2026-09-28,22:57,23:25,HIGH,TIMETABLE
TRN-006783,PASSENGER,C14,2026-09-05,22:34,22:46,HIGH,TIMETABLE
TRN-006784,EXPRESS,C07,2026-09-30,22:10,22:22,HIGH,TIMETABLE
TRN-006785,SUPERFAST,C04,2026-09-21,05:35,06:01,HIGH,TIMETABLE
TRN-006786,SUPERFAST,C15,2026-09-16,20:34,20:44,HIGH,TIMETABLE
TRN-006787,GOODS,C07,2026-09-21,13:21,14:13,MEDIUM,GOODS_FORECAST
TRN-006788,EXPRESS,C08,2026-09-13,22:13,22:42,HIGH,TIMETABLE
TRN-006789,PASSENGER,C06,2026-09-17,02:30,02:47,HIGH,TIMETABLE
TRN-006790,PASSENGER,C11,2026-09-19,17:35,17:53,HIGH,TIMETABLE
TRN-006791,PASSENGER,C07,2026-09-07,23:20,23:45,HIGH,TIMETABLE
TRN-006792,SUPERFAST,C06,2026-09-22,22:39,23:08,HIGH,TIMETABLE
TRN-006793,PASSENGER,C01,2026-09-27,07:40,08:05,HIGH,TIMETABLE
TRN-006794,EXPRESS,C12,2026-09-21,23:30,23:46,HIGH,TIMETABLE
TRN-006795,SUPERFAST,C04,2026-09-22,06:51,07:05,HIGH,TIMETABLE
TRN-006796,SUPERFAST,C11,2026-09-05,23:31,23:55,HIGH,TIMETABLE
TRN-006797,GOODS,C11,2026-09-14,15:24,15:55,MEDIUM,GOODS_FORECAST
TRN-006798,EXPRESS,C11,2026-09-02,08:31,08:42,HIGH,TIMETABLE
TRN-006799,EXPRESS,C17,2026-09-15,18:57,19:08,HIGH,TIMETABLE
TRN-006800,EXPRESS,C03,2026-09-05,23:55,00:17,HIGH,TIMETABLE
TRN-006801,PASSENGER,C10,2026-09-28,21:15,21:34,HIGH,TIMETABLE
TRN-006802,SUPERFAST,C20,2026-09-03,17:05,17:26,HIGH,TIMETABLE
TRN-006803,PASSENGER,C20,2026-09-17,08:07,08:22,HIGH,TIMETABLE
TRN-006804,GOODS,C03,2026-09-11,04:07,04:49,MEDIUM,GOODS_FORECAST
TRN-006805,EXPRESS,C15,2026-09-16,14:07,14:25,HIGH,TIMETABLE
TRN-006806,EXPRESS,C08,2026-09-13,02:53,03:16,HIGH,TIMETABLE
TRN-006807,GOODS,C15,2026-09-14,11:49,12:22,MEDIUM,GOODS_FORECAST
TRN-006808,EXPRESS,C06,2026-09-05,13:12,13:25,HIGH,TIMETABLE
TRN-006809,GOODS,C11,2026-09-22,09:10,09:36,MEDIUM,GOODS_FORECAST
TRN-006810,GOODS,C05,2026-09-19,10:24,11:24,MEDIUM,GOODS_FORECAST
TRN-006811,GOODS,C19,2026-09-25,10:07,10:44,MEDIUM,GOODS_FORECAST
TRN-006812,SUPERFAST,C09,2026-09-24,10:55,11:19,HIGH,TIMETABLE
TRN-006813,EXPRESS,C14,2026-09-28,13:29,13:41,HIGH,TIMETABLE
TRN-006814,SUPERFAST,C08,2026-09-30,18:30,18:57,HIGH,TIMETABLE
TRN-006815,GOODS,C11,2026-09-21,11:36,12:02,MEDIUM,GOODS_FORECAST
TRN-006816,SUPERFAST,C02,2026-09-23,19:53,20:05,HIGH,TIMETABLE
TRN-006817,SUPERFAST,C20,2026-09-12,13:39,14:03,HIGH,TIMETABLE
TRN-006818,EXPRESS,C05,2026-09-07,19:15,19:45,HIGH,TIMETABLE
TRN-006819,GOODS,C12,2026-09-30,20:10,20:47,MEDIUM,GOODS_FORECAST
TRN-006820,EXPRESS,C01,2026-09-30,03:59,04:27,HIGH,TIMETABLE
TRN-006821,SUPERFAST,C03,2026-09-05,21:44,22:08,HIGH,TIMETABLE
TRN-006822,PASSENGER,C13,2026-09-04,19:10,19:30,HIGH,TIMETABLE
TRN-006823,SUPERFAST,C14,2026-09-02,18:07,18:32,HIGH,TIMETABLE
TRN-006824,EXPRESS,C15,2026-09-05,00:01,00:15,HIGH,TIMETABLE
TRN-006825,PASSENGER,C08,2026-09-30,21:38,21:54,HIGH,TIMETABLE
TRN-006826,EXPRESS,C18,2026-09-04,02:16,02:31,HIGH,TIMETABLE
TRN-006827,PASSENGER,C19,2026-09-20,14:34,14:56,HIGH,TIMETABLE
TRN-006828,GOODS,C14,2026-09-08,15:07,15:42,MEDIUM,GOODS_FORECAST
TRN-006829,GOODS,C07,2026-09-21,15:08,15:47,MEDIUM,GOODS_FORECAST
TRN-006830,PASSENGER,C09,2026-09-17,07:38,08:00,HIGH,TIMETABLE
TRN-006831,EXPRESS,C16,2026-09-01,15:42,16:12,HIGH,TIMETABLE
TRN-006832,PASSENGER,C01,2026-09-12,13:50,14:10,HIGH,TIMETABLE
TRN-006833,EXPRESS,C10,2026-09-27,06:36,07:04,HIGH,TIMETABLE
TRN-006834,EXPRESS,C16,2026-09-02,10:50,11:08,HIGH,TIMETABLE
TRN-006835,EXPRESS,C15,2026-09-07,20:30,20:47,HIGH,TIMETABLE
TRN-006836,PASSENGER,C09,2026-09-24,20:22,20:32,HIGH,TIMETABLE
TRN-006837,EXPRESS,C11,2026-09-09,14:31,14:58,HIGH,TIMETABLE
TRN-006838,SUPERFAST,C16,2026-09-24,08:13,08:24,HIGH,TIMETABLE
TRN-006839,SUPERFAST,C17,2026-09-17,14:38,15:05,HIGH,TIMETABLE
TRN-006840,PASSENGER,C06,2026-09-11,07:14,07:27,HIGH,TIMETABLE
TRN-006841,PASSENGER,C19,2026-09-26,06:00,06:23,HIGH,TIMETABLE
TRN-006842,GOODS,C14,2026-09-05,10:47,11:29,MEDIUM,GOODS_FORECAST
TRN-006843,GOODS,C17,2026-09-29,01:39,02:06,MEDIUM,GOODS_FORECAST
TRN-006844,EXPRESS,C17,2026-09-02,10:26,10:36,HIGH,TIMETABLE
TRN-006845,GOODS,C10,2026-09-13,04:10,04:55,MEDIUM,GOODS_FORECAST
TRN-006846,SUPERFAST,C15,2026-09-25,00:26,00:37,HIGH,TIMETABLE
TRN-006847,PASSENGER,C19,2026-09-22,01:53,02:04,HIGH,TIMETABLE
TRN-006848,EXPRESS,C17,2026-09-17,10:55,11:13,HIGH,TIMETABLE
TRN-006849,EXPRESS,C08,2026-09-21,10:32,10:57,HIGH,TIMETABLE
TRN-006850,PASSENGER,C13,2026-09-25,19:32,19:49,HIGH,TIMETABLE
TRN-006851,GOODS,C02,2026-09-18,20:37,21:19,MEDIUM,GOODS_FORECAST
TRN-006852,PASSENGER,C04,2026-09-19,18:07,18:27,HIGH,TIMETABLE
TRN-006853,GOODS,C13,2026-09-16,02:18,03:16,MEDIUM,GOODS_FORECAST
TRN-006854,PASSENGER,C04,2026-09-07,00:27,00:48,HIGH,TIMETABLE
TRN-006855,PASSENGER,C18,2026-09-21,08:38,08:53,HIGH,TIMETABLE
TRN-006856,EXPRESS,C03,2026-09-04,02:57,03:25,HIGH,TIMETABLE
TRN-006857,SUPERFAST,C07,2026-09-25,12:03,12:32,HIGH,TIMETABLE
TRN-006858,PASSENGER,C01,2026-09-19,10:01,10:16,HIGH,TIMETABLE
TRN-006859,SUPERFAST,C10,2026-09-03,06:11,06:31,HIGH,TIMETABLE
TRN-006860,EXPRESS,C20,2026-09-20,20:07,20:18,HIGH,TIMETABLE
TRN-006861,SUPERFAST,C08,2026-09-25,04:45,05:02,HIGH,TIMETABLE
TRN-006862,EXPRESS,C15,2026-09-22,14:17,14:41,HIGH,TIMETABLE
TRN-006863,EXPRESS,C14,2026-09-02,21:35,21:57,HIGH,TIMETABLE
TRN-006864,GOODS,C17,2026-09-19,10:55,11:24,MEDIUM,GOODS_FORECAST
TRN-006865,GOODS,C10,2026-09-01,22:06,22:44,MEDIUM,GOODS_FORECAST
TRN-006866,EXPRESS,C16,2026-09-18,07:26,07:53,HIGH,TIMETABLE
TRN-006867,EXPRESS,C10,2026-09-22,23:53,00:23,HIGH,TIMETABLE
TRN-006868,PASSENGER,C17,2026-09-04,17:25,17:41,HIGH,TIMETABLE
TRN-006869,EXPRESS,C06,2026-09-23,19:24,19:40,HIGH,TIMETABLE
TRN-006870,SUPERFAST,C15,2026-09-23,00:17,00:32,HIGH,TIMETABLE
TRN-006871,EXPRESS,C13,2026-09-08,17:24,17:39,HIGH,TIMETABLE
TRN-006872,GOODS,C16,2026-09-04,11:53,12:37,MEDIUM,GOODS_FORECAST
TRN-006873,EXPRESS,C18,2026-09-11,04:00,04:17,HIGH,TIMETABLE
TRN-006874,PASSENGER,C04,2026-09-03,16:02,16:25,HIGH,TIMETABLE
TRN-006875,PASSENGER,C15,2026-09-27,15:19,15:41,HIGH,TIMETABLE
TRN-006876,GOODS,C16,2026-09-03,20:14,20:47,MEDIUM,GOODS_FORECAST
TRN-006877,GOODS,C18,2026-09-18,20:42,21:15,MEDIUM,GOODS_FORECAST
TRN-006878,SUPERFAST,C08,2026-09-02,05:19,05:45,HIGH,TIMETABLE
TRN-006879,GOODS,C15,2026-09-11,14:56,15:38,MEDIUM,GOODS_FORECAST
TRN-006880,PASSENGER,C17,2026-09-20,06:20,06:37,HIGH,TIMETABLE
TRN-006881,SUPERFAST,C01,2026-09-07,14:15,14:25,HIGH,TIMETABLE
TRN-006882,EXPRESS,C16,2026-09-17,16:27,16:40,HIGH,TIMETABLE
TRN-006883,EXPRESS,C06,2026-09-09,20:22,20:47,HIGH,TIMETABLE
TRN-006884,SUPERFAST,C06,2026-09-13,11:02,11:22,HIGH,TIMETABLE
TRN-006885,SUPERFAST,C15,2026-09-03,06:27,06:49,HIGH,TIMETABLE
TRN-006886,PASSENGER,C14,2026-09-16,08:49,09:10,HIGH,TIMETABLE
TRN-006887,PASSENGER,C10,2026-09-11,07:48,08:12,HIGH,TIMETABLE
TRN-006888,EXPRESS,C06,2026-09-12,15:08,15:27,HIGH,TIMETABLE
TRN-006889,GOODS,C10,2026-09-22,17:41,18:40,MEDIUM,GOODS_FORECAST
TRN-006890,PASSENGER,C11,2026-09-05,14:18,14:29,HIGH,TIMETABLE
TRN-006891,SUPERFAST,C17,2026-09-12,03:33,03:46,HIGH,TIMETABLE
TRN-006892,GOODS,C11,2026-09-24,14:46,15:41,MEDIUM,GOODS_FORECAST
TRN-006893,GOODS,C08,2026-09-18,11:45,12:14,MEDIUM,GOODS_FORECAST
TRN-006894,PASSENGER,C14,2026-09-10,14:21,14:46,HIGH,TIMETABLE
TRN-006895,GOODS,C12,2026-09-02,22:33,23:24,MEDIUM,GOODS_FORECAST
TRN-006896,SUPERFAST,C18,2026-09-01,20:46,21:13,HIGH,TIMETABLE
TRN-006897,PASSENGER,C07,2026-09-03,19:53,20:10,HIGH,TIMETABLE
TRN-006898,PASSENGER,C11,2026-09-23,02:03,02:18,HIGH,TIMETABLE
TRN-006899,SUPERFAST,C11,2026-09-17,14:37,14:48,HIGH,TIMETABLE
TRN-006900,PASSENGER,C10,2026-09-24,11:44,12:06,HIGH,TIMETABLE
TRN-006901,PASSENGER,C08,2026-09-28,07:03,07:17,HIGH,TIMETABLE
TRN-006902,PASSENGER,C20,2026-09-29,12:16,12:30,HIGH,TIMETABLE
TRN-006903,PASSENGER,C11,2026-09-15,01:49,02:09,HIGH,TIMETABLE
TRN-006904,PASSENGER,C11,2026-09-24,16:03,16:17,HIGH,TIMETABLE
TRN-006905,EXPRESS,C18,2026-09-18,00:15,00:45,HIGH,TIMETABLE
TRN-006906,PASSENGER,C06,2026-09-09,23:06,23:20,HIGH,TIMETABLE
TRN-006907,EXPRESS,C13,2026-09-04,22:42,23:08,HIGH,TIMETABLE
TRN-006908,SUPERFAST,C13,2026-09-25,05:29,05:55,HIGH,TIMETABLE
TRN-006909,GOODS,C13,2026-09-19,15:47,16:28,MEDIUM,GOODS_FORECAST
TRN-006910,EXPRESS,C06,2026-09-29,07:21,07:51,HIGH,TIMETABLE
TRN-006911,EXPRESS,C07,2026-09-22,18:59,19:20,HIGH,TIMETABLE
TRN-006912,SUPERFAST,C09,2026-09-16,19:07,19:31,HIGH,TIMETABLE
TRN-006913,SUPERFAST,C06,2026-09-14,17:58,18:11,HIGH,TIMETABLE
TRN-006914,EXPRESS,C07,2026-09-30,04:11,04:40,HIGH,TIMETABLE
TRN-006915,PASSENGER,C19,2026-09-09,03:04,03:19,HIGH,TIMETABLE
TRN-006916,GOODS,C08,2026-09-05,17:25,17:50,MEDIUM,GOODS_FORECAST
TRN-006917,GOODS,C13,2026-09-06,11:53,12:33,MEDIUM,GOODS_FORECAST
TRN-006918,SUPERFAST,C09,2026-09-28,03:14,03:40,HIGH,TIMETABLE
TRN-006919,EXPRESS,C11,2026-09-12,09:29,09:41,HIGH,TIMETABLE
TRN-006920,GOODS,C20,2026-09-06,10:51,11:50,MEDIUM,GOODS_FORECAST
TRN-006921,GOODS,C08,2026-09-03,08:55,09:20,MEDIUM,GOODS_FORECAST
TRN-006922,PASSENGER,C08,2026-09-12,13:43,14:00,HIGH,TIMETABLE
TRN-006923,PASSENGER,C06,2026-09-17,05:08,05:31,HIGH,TIMETABLE
TRN-006924,EXPRESS,C11,2026-09-22,10:20,10:49,HIGH,TIMETABLE
TRN-006925,PASSENGER,C15,2026-09-19,18:39,19:01,HIGH,TIMETABLE
TRN-006926,EXPRESS,C04,2026-09-14,17:11,17:39,HIGH,TIMETABLE
TRN-006927,SUPERFAST,C05,2026-09-03,06:38,06:52,HIGH,TIMETABLE
TRN-006928,SUPERFAST,C12,2026-09-02,17:54,18:17,HIGH,TIMETABLE
TRN-006929,PASSENGER,C18,2026-09-14,18:18,18:38,HIGH,TIMETABLE
TRN-006930,EXPRESS,C07,2026-09-10,14:57,15:19,HIGH,TIMETABLE
TRN-006931,PASSENGER,C17,2026-09-27,18:22,18:37,HIGH,TIMETABLE
TRN-006932,PASSENGER,C19,2026-09-06,12:20,12:44,HIGH,TIMETABLE
TRN-006933,PASSENGER,C20,2026-09-26,22:13,22:32,HIGH,TIMETABLE
TRN-006934,EXPRESS,C07,2026-09-13,07:08,07:20,HIGH,TIMETABLE
TRN-006935,EXPRESS,C08,2026-09-01,18:54,19:13,HIGH,TIMETABLE
TRN-006936,EXPRESS,C04,2026-09-16,05:22,05:44,HIGH,TIMETABLE
TRN-006937,GOODS,C05,2026-09-17,00:29,01:09,MEDIUM,GOODS_FORECAST
TRN-006938,GOODS,C13,2026-09-10,20:46,21:14,MEDIUM,GOODS_FORECAST
TRN-006939,EXPRESS,C10,2026-09-26,22:47,23:12,HIGH,TIMETABLE
TRN-006940,PASSENGER,C03,2026-09-21,03:04,03:27,HIGH,TIMETABLE
TRN-006941,GOODS,C08,2026-09-09,22:15,22:54,MEDIUM,GOODS_FORECAST
TRN-006942,GOODS,C02,2026-09-08,03:14,03:42,MEDIUM,GOODS_FORECAST
TRN-006943,SUPERFAST,C04,2026-09-13,14:03,14:20,HIGH,TIMETABLE
TRN-006944,SUPERFAST,C14,2026-09-06,04:54,05:20,HIGH,TIMETABLE
TRN-006945,PASSENGER,C11,2026-09-10,02:28,02:47,HIGH,TIMETABLE
TRN-006946,SUPERFAST,C18,2026-09-21,11:18,11:42,HIGH,TIMETABLE
TRN-006947,SUPERFAST,C13,2026-09-05,05:33,06:01,HIGH,TIMETABLE
TRN-006948,EXPRESS,C04,2026-09-21,00:03,00:29,HIGH,TIMETABLE
TRN-006949,PASSENGER,C14,2026-09-03,01:14,01:36,HIGH,TIMETABLE
TRN-006950,SUPERFAST,C14,2026-09-24,01:29,01:40,HIGH,TIMETABLE
TRN-006951,PASSENGER,C13,2026-09-29,00:12,00:31,HIGH,TIMETABLE
TRN-006952,EXPRESS,C01,2026-09-21,03:32,03:56,HIGH,TIMETABLE
TRN-006953,PASSENGER,C11,2026-09-07,17:26,17:39,HIGH,TIMETABLE
TRN-006954,GOODS,C13,2026-09-29,04:34,05:18,MEDIUM,GOODS_FORECAST
TRN-006955,PASSENGER,C01,2026-09-14,13:16,13:41,HIGH,TIMETABLE
TRN-006956,EXPRESS,C10,2026-09-11,16:03,16:20,HIGH,TIMETABLE
TRN-006957,GOODS,C05,2026-09-30,02:35,03:27,MEDIUM,GOODS_FORECAST
TRN-006958,PASSENGER,C06,2026-09-30,23:19,23:37,HIGH,TIMETABLE
TRN-006959,PASSENGER,C07,2026-09-25,17:54,18:10,HIGH,TIMETABLE
TRN-006960,PASSENGER,C09,2026-09-28,00:28,00:52,HIGH,TIMETABLE
TRN-006961,PASSENGER,C03,2026-09-21,00:31,00:55,HIGH,TIMETABLE
TRN-006962,SUPERFAST,C20,2026-09-17,12:47,12:57,HIGH,TIMETABLE
TRN-006963,PASSENGER,C01,2026-09-12,21:48,21:58,HIGH,TIMETABLE
TRN-006964,GOODS,C14,2026-09-15,03:13,03:54,MEDIUM,GOODS_FORECAST
TRN-006965,EXPRESS,C08,2026-09-30,07:35,07:51,HIGH,TIMETABLE
TRN-006966,SUPERFAST,C16,2026-09-25,02:45,03:03,HIGH,TIMETABLE
TRN-006967,EXPRESS,C11,2026-09-12,08:43,08:55,HIGH,TIMETABLE
TRN-006968,PASSENGER,C18,2026-09-23,05:39,05:58,HIGH,TIMETABLE
TRN-006969,SUPERFAST,C19,2026-09-06,05:20,05:30,HIGH,TIMETABLE
TRN-006970,GOODS,C06,2026-09-17,22:55,23:55,MEDIUM,GOODS_FORECAST
TRN-006971,PASSENGER,C06,2026-09-02,17:22,17:43,HIGH,TIMETABLE
TRN-006972,PASSENGER,C15,2026-09-28,13:23,13:33,HIGH,TIMETABLE
TRN-006973,PASSENGER,C06,2026-09-14,20:43,21:06,HIGH,TIMETABLE
TRN-006974,PASSENGER,C02,2026-09-28,11:10,11:21,HIGH,TIMETABLE
TRN-006975,EXPRESS,C08,2026-09-23,04:38,04:56,HIGH,TIMETABLE
TRN-006976,SUPERFAST,C20,2026-09-03,07:54,08:23,HIGH,TIMETABLE
TRN-006977,PASSENGER,C02,2026-09-08,23:29,23:44,HIGH,TIMETABLE
TRN-006978,EXPRESS,C06,2026-09-16,08:33,09:02,HIGH,TIMETABLE
TRN-006979,EXPRESS,C05,2026-09-26,08:10,08:37,HIGH,TIMETABLE
TRN-006980,PASSENGER,C10,2026-09-10,01:36,01:53,HIGH,TIMETABLE
TRN-006981,EXPRESS,C13,2026-09-12,08:46,09:02,HIGH,TIMETABLE
TRN-006982,EXPRESS,C19,2026-09-09,05:16,05:43,HIGH,TIMETABLE
TRN-006983,SUPERFAST,C17,2026-09-01,06:31,06:48,HIGH,TIMETABLE
TRN-006984,GOODS,C17,2026-09-14,21:51,22:32,MEDIUM,GOODS_FORECAST
TRN-006985,GOODS,C10,2026-09-18,14:02,14:42,MEDIUM,GOODS_FORECAST
TRN-006986,GOODS,C19,2026-09-21,01:35,02:32,MEDIUM,GOODS_FORECAST
TRN-006987,PASSENGER,C01,2026-09-11,01:57,02:15,HIGH,TIMETABLE
TRN-006988,GOODS,C17,2026-09-28,16:54,17:25,MEDIUM,GOODS_FORECAST
TRN-006989,PASSENGER,C01,2026-09-27,10:45,10:58,HIGH,TIMETABLE
TRN-006990,EXPRESS,C07,2026-09-15,16:39,16:54,HIGH,TIMETABLE
TRN-006991,PASSENGER,C20,2026-09-02,16:29,16:47,HIGH,TIMETABLE
TRN-006992,PASSENGER,C16,2026-09-19,23:34,23:51,HIGH,TIMETABLE
TRN-006993,EXPRESS,C03,2026-09-16,04:15,04:40,HIGH,TIMETABLE
TRN-006994,GOODS,C01,2026-09-01,06:50,07:31,MEDIUM,GOODS_FORECAST
TRN-006995,EXPRESS,C17,2026-09-22,17:12,17:30,HIGH,TIMETABLE
TRN-006996,GOODS,C17,2026-09-13,11:14,12:10,MEDIUM,GOODS_FORECAST
TRN-006997,SUPERFAST,C16,2026-09-10,09:29,09:58,HIGH,TIMETABLE
TRN-006998,EXPRESS,C13,2026-09-01,15:06,15:20,HIGH,TIMETABLE
TRN-006999,PASSENGER,C13,2026-09-24,01:58,02:17,HIGH,TIMETABLE
TRN-007000,GOODS,C16,2026-09-09,03:32,04:06,MEDIUM,GOODS_FORECAST
TRN-007001,PASSENGER,C04,2026-09-18,00:03,00:19,HIGH,TIMETABLE
TRN-007002,EXPRESS,C20,2026-09-07,17:06,17:36,HIGH,TIMETABLE
TRN-007003,PASSENGER,C05,2026-09-26,18:12,18:31,HIGH,TIMETABLE
TRN-007004,PASSENGER,C07,2026-09-19,08:25,08:46,HIGH,TIMETABLE
TRN-007005,PASSENGER,C01,2026-09-05,13:30,13:50,HIGH,TIMETABLE
TRN-007006,EXPRESS,C15,2026-09-12,04:31,04:54,HIGH,TIMETABLE
TRN-007007,EXPRESS,C10,2026-09-18,01:45,02:01,HIGH,TIMETABLE
TRN-007008,SUPERFAST,C04,2026-09-14,06:42,07:04,HIGH,TIMETABLE
TRN-007009,EXPRESS,C03,2026-09-15,10:45,10:59,HIGH,TIMETABLE
TRN-007010,PASSENGER,C18,2026-09-03,08:28,08:48,HIGH,TIMETABLE
TRN-007011,PASSENGER,C13,2026-09-29,09:08,09:23,HIGH,TIMETABLE
TRN-007012,SUPERFAST,C17,2026-09-08,20:55,21:12,HIGH,TIMETABLE
TRN-007013,PASSENGER,C20,2026-09-25,12:12,12:29,HIGH,TIMETABLE
TRN-007014,EXPRESS,C05,2026-09-24,23:49,00:11,HIGH,TIMETABLE
TRN-007015,PASSENGER,C18,2026-09-12,06:25,06:40,HIGH,TIMETABLE
TRN-007016,SUPERFAST,C18,2026-09-27,15:58,16:15,HIGH,TIMETABLE
TRN-007017,PASSENGER,C01,2026-09-03,02:52,03:10,HIGH,TIMETABLE
TRN-007018,SUPERFAST,C20,2026-09-16,10:23,10:47,HIGH,TIMETABLE
TRN-007019,GOODS,C09,2026-09-24,16:42,17:19,MEDIUM,GOODS_FORECAST
TRN-007020,SUPERFAST,C15,2026-09-28,15:48,15:59,HIGH,TIMETABLE
TRN-007021,PASSENGER,C19,2026-09-20,01:21,01:44,HIGH,TIMETABLE
TRN-007022,EXPRESS,C03,2026-09-20,10:34,10:55,HIGH,TIMETABLE
TRN-007023,GOODS,C13,2026-09-28,11:28,12:23,MEDIUM,GOODS_FORECAST
TRN-007024,GOODS,C08,2026-09-20,13:08,13:39,MEDIUM,GOODS_FORECAST
TRN-007025,SUPERFAST,C02,2026-09-22,06:50,07:08,HIGH,TIMETABLE
TRN-007026,PASSENGER,C16,2026-09-07,13:42,13:55,HIGH,TIMETABLE
TRN-007027,GOODS,C17,2026-09-28,00:41,01:24,MEDIUM,GOODS_FORECAST
TRN-007028,GOODS,C16,2026-09-29,10:42,11:34,MEDIUM,GOODS_FORECAST
TRN-007029,SUPERFAST,C09,2026-09-29,07:19,07:30,HIGH,TIMETABLE
TRN-007030,EXPRESS,C06,2026-09-26,03:33,03:59,HIGH,TIMETABLE
TRN-007031,SUPERFAST,C17,2026-09-15,22:35,22:59,HIGH,TIMETABLE
TRN-007032,GOODS,C14,2026-09-30,19:40,20:11,MEDIUM,GOODS_FORECAST
TRN-007033,EXPRESS,C17,2026-09-15,06:10,06:27,HIGH,TIMETABLE
TRN-007034,EXPRESS,C10,2026-09-25,02:23,02:36,HIGH,TIMETABLE
TRN-007035,PASSENGER,C18,2026-09-28,11:19,11:43,HIGH,TIMETABLE
TRN-007036,GOODS,C14,2026-09-15,03:46,04:20,MEDIUM,GOODS_FORECAST
TRN-007037,EXPRESS,C16,2026-09-23,05:27,05:54,HIGH,TIMETABLE
TRN-007038,GOODS,C18,2026-09-05,20:01,20:33,MEDIUM,GOODS_FORECAST
TRN-007039,PASSENGER,C16,2026-09-25,19:11,19:32,HIGH,TIMETABLE
TRN-007040,GOODS,C06,2026-09-09,19:42,20:11,MEDIUM,GOODS_FORECAST
TRN-007041,SUPERFAST,C13,2026-09-01,21:46,22:12,HIGH,TIMETABLE
TRN-007042,PASSENGER,C12,2026-09-22,19:07,19:27,HIGH,TIMETABLE
TRN-007043,GOODS,C07,2026-09-15,07:44,08:12,MEDIUM,GOODS_FORECAST
TRN-007044,SUPERFAST,C09,2026-09-07,15:33,15:56,HIGH,TIMETABLE
TRN-007045,PASSENGER,C17,2026-09-11,12:34,12:56,HIGH,TIMETABLE
TRN-007046,GOODS,C01,2026-09-16,04:12,05:04,MEDIUM,GOODS_FORECAST
TRN-007047,SUPERFAST,C09,2026-09-09,18:41,18:54,HIGH,TIMETABLE
TRN-007048,PASSENGER,C10,2026-09-01,00:09,00:20,HIGH,TIMETABLE
TRN-007049,SUPERFAST,C09,2026-09-02,15:10,15:31,HIGH,TIMETABLE
TRN-007050,EXPRESS,C05,2026-09-08,04:11,04:22,HIGH,TIMETABLE
TRN-007051,SUPERFAST,C10,2026-09-25,01:22,01:46,HIGH,TIMETABLE
TRN-007052,SUPERFAST,C20,2026-09-16,05:25,05:53,HIGH,TIMETABLE
TRN-007053,EXPRESS,C06,2026-09-06,19:10,19:36,HIGH,TIMETABLE
TRN-007054,SUPERFAST,C11,2026-09-24,10:25,10:39,HIGH,TIMETABLE
TRN-007055,EXPRESS,C07,2026-09-24,09:07,09:25,HIGH,TIMETABLE
TRN-007056,GOODS,C16,2026-09-19,20:27,21:01,MEDIUM,GOODS_FORECAST
TRN-007057,GOODS,C12,2026-09-04,21:54,22:49,MEDIUM,GOODS_FORECAST
TRN-007058,SUPERFAST,C14,2026-09-14,21:32,21:52,HIGH,TIMETABLE
TRN-007059,GOODS,C15,2026-09-24,12:30,13:27,MEDIUM,GOODS_FORECAST
TRN-007060,GOODS,C15,2026-09-27,19:07,19:47,MEDIUM,GOODS_FORECAST
TRN-007061,GOODS,C16,2026-09-30,02:17,02:45,MEDIUM,GOODS_FORECAST
TRN-007062,GOODS,C11,2026-09-07,20:02,20:36,MEDIUM,GOODS_FORECAST
TRN-007063,EXPRESS,C19,2026-09-02,14:40,15:05,HIGH,TIMETABLE
TRN-007064,EXPRESS,C18,2026-09-11,06:39,07:01,HIGH,TIMETABLE
TRN-007065,PASSENGER,C04,2026-09-16,09:52,10:09,HIGH,TIMETABLE
TRN-007066,SUPERFAST,C09,2026-09-02,05:23,05:44,HIGH,TIMETABLE
TRN-007067,EXPRESS,C02,2026-09-02,10:01,10:14,HIGH,TIMETABLE
TRN-007068,PASSENGER,C04,2026-09-14,23:16,23:38,HIGH,TIMETABLE
TRN-007069,GOODS,C15,2026-09-12,05:02,05:57,MEDIUM,GOODS_FORECAST
TRN-007070,SUPERFAST,C01,2026-09-15,03:46,04:00,HIGH,TIMETABLE
TRN-007071,GOODS,C19,2026-09-23,23:30,00:24,MEDIUM,GOODS_FORECAST
TRN-007072,PASSENGER,C14,2026-09-07,11:07,11:17,HIGH,TIMETABLE
TRN-007073,EXPRESS,C10,2026-09-06,23:46,00:10,HIGH,TIMETABLE
TRN-007074,PASSENGER,C20,2026-09-30,00:48,01:07,HIGH,TIMETABLE
TRN-007075,PASSENGER,C18,2026-09-21,03:26,03:51,HIGH,TIMETABLE
TRN-007076,GOODS,C14,2026-09-15,13:34,14:07,MEDIUM,GOODS_FORECAST
TRN-007077,GOODS,C06,2026-09-28,14:57,15:24,MEDIUM,GOODS_FORECAST
TRN-007078,PASSENGER,C12,2026-09-10,08:24,08:36,HIGH,TIMETABLE
TRN-007079,EXPRESS,C08,2026-09-19,02:16,02:36,HIGH,TIMETABLE
TRN-007080,EXPRESS,C14,2026-09-09,16:28,16:42,HIGH,TIMETABLE
TRN-007081,PASSENGER,C02,2026-09-27,09:39,10:01,HIGH,TIMETABLE
TRN-007082,GOODS,C17,2026-09-06,22:18,22:45,MEDIUM,GOODS_FORECAST
TRN-007083,SUPERFAST,C14,2026-09-20,00:43,01:05,HIGH,TIMETABLE
TRN-007084,SUPERFAST,C04,2026-09-11,23:59,00:20,HIGH,TIMETABLE
TRN-007085,PASSENGER,C06,2026-09-13,02:12,02:29,HIGH,TIMETABLE
TRN-007086,PASSENGER,C20,2026-09-28,16:05,16:22,HIGH,TIMETABLE
TRN-007087,PASSENGER,C05,2026-09-05,22:56,23:07,HIGH,TIMETABLE
TRN-007088,GOODS,C14,2026-09-13,14:59,15:51,MEDIUM,GOODS_FORECAST
TRN-007089,EXPRESS,C11,2026-09-10,22:23,22:33,HIGH,TIMETABLE
TRN-007090,PASSENGER,C06,2026-09-09,05:21,05:34,HIGH,TIMETABLE
TRN-007091,SUPERFAST,C14,2026-09-19,09:28,09:45,HIGH,TIMETABLE
TRN-007092,PASSENGER,C06,2026-09-17,14:49,15:01,HIGH,TIMETABLE
TRN-007093,EXPRESS,C01,2026-09-12,18:54,19:06,HIGH,TIMETABLE
TRN-007094,PASSENGER,C17,2026-09-02,11:21,11:45,HIGH,TIMETABLE
TRN-007095,PASSENGER,C04,2026-09-08,12:54,13:18,HIGH,TIMETABLE
TRN-007096,GOODS,C18,2026-09-13,10:07,10:54,MEDIUM,GOODS_FORECAST
TRN-007097,PASSENGER,C12,2026-09-05,13:57,14:10,HIGH,TIMETABLE
TRN-007098,PASSENGER,C01,2026-09-15,00:22,00:43,HIGH,TIMETABLE
TRN-007099,SUPERFAST,C16,2026-09-01,12:25,12:40,HIGH,TIMETABLE
TRN-007100,SUPERFAST,C12,2026-09-02,19:11,19:33,HIGH,TIMETABLE
TRN-007101,EXPRESS,C09,2026-09-10,03:09,03:23,HIGH,TIMETABLE
TRN-007102,SUPERFAST,C11,2026-09-30,22:59,23:27,HIGH,TIMETABLE
TRN-007103,EXPRESS,C18,2026-09-19,14:48,15:18,HIGH,TIMETABLE
TRN-007104,PASSENGER,C11,2026-09-18,13:33,13:47,HIGH,TIMETABLE
TRN-007105,GOODS,C08,2026-09-11,14:42,15:08,MEDIUM,GOODS_FORECAST
TRN-007106,PASSENGER,C06,2026-09-11,22:42,23:03,HIGH,TIMETABLE
TRN-007107,PASSENGER,C03,2026-09-16,20:02,20:26,HIGH,TIMETABLE
TRN-007108,SUPERFAST,C12,2026-09-03,19:58,20:14,HIGH,TIMETABLE
TRN-007109,EXPRESS,C17,2026-09-09,20:04,20:24,HIGH,TIMETABLE
TRN-007110,PASSENGER,C06,2026-09-15,06:45,07:03,HIGH,TIMETABLE
TRN-007111,SUPERFAST,C09,2026-09-26,11:24,11:50,HIGH,TIMETABLE
TRN-007112,SUPERFAST,C03,2026-09-20,16:48,17:11,HIGH,TIMETABLE
TRN-007113,SUPERFAST,C04,2026-09-07,09:10,09:33,HIGH,TIMETABLE
TRN-007114,SUPERFAST,C13,2026-09-09,23:19,23:41,HIGH,TIMETABLE
TRN-007115,PASSENGER,C05,2026-09-23,14:43,15:03,HIGH,TIMETABLE
TRN-007116,PASSENGER,C05,2026-09-05,23:02,23:20,HIGH,TIMETABLE
TRN-007117,GOODS,C15,2026-09-02,23:05,00:02,MEDIUM,GOODS_FORECAST
TRN-007118,PASSENGER,C01,2026-09-04,09:12,09:25,HIGH,TIMETABLE
TRN-007119,PASSENGER,C15,2026-09-03,21:00,21:18,HIGH,TIMETABLE
TRN-007120,PASSENGER,C18,2026-09-20,22:28,22:46,HIGH,TIMETABLE
TRN-007121,PASSENGER,C10,2026-09-18,22:44,22:57,HIGH,TIMETABLE
TRN-007122,GOODS,C13,2026-09-17,03:45,04:41,MEDIUM,GOODS_FORECAST
TRN-007123,SUPERFAST,C20,2026-09-08,00:16,00:26,HIGH,TIMETABLE
TRN-007124,EXPRESS,C01,2026-09-11,17:34,18:01,HIGH,TIMETABLE
TRN-007125,GOODS,C20,2026-09-28,00:24,01:10,MEDIUM,GOODS_FORECAST
TRN-007126,GOODS,C17,2026-09-02,18:39,19:11,MEDIUM,GOODS_FORECAST
TRN-007127,PASSENGER,C07,2026-09-07,09:38,09:48,HIGH,TIMETABLE
TRN-007128,PASSENGER,C02,2026-09-18,03:50,04:01,HIGH,TIMETABLE
TRN-007129,PASSENGER,C08,2026-09-11,21:53,22:16,HIGH,TIMETABLE
TRN-007130,GOODS,C19,2026-09-19,01:17,01:53,MEDIUM,GOODS_FORECAST
TRN-007131,GOODS,C08,2026-09-03,03:19,04:10,MEDIUM,GOODS_FORECAST
TRN-007132,SUPERFAST,C19,2026-09-10,14:16,14:26,HIGH,TIMETABLE
TRN-007133,GOODS,C03,2026-09-06,09:55,10:47,MEDIUM,GOODS_FORECAST
TRN-007134,GOODS,C14,2026-09-25,08:48,09:22,MEDIUM,GOODS_FORECAST
TRN-007135,EXPRESS,C05,2026-09-23,23:23,23:44,HIGH,TIMETABLE
TRN-007136,EXPRESS,C07,2026-09-13,05:25,05:36,HIGH,TIMETABLE
TRN-007137,EXPRESS,C09,2026-09-20,17:22,17:49,HIGH,TIMETABLE
TRN-007138,SUPERFAST,C09,2026-09-19,23:33,23:53,HIGH,TIMETABLE
TRN-007139,EXPRESS,C06,2026-09-13,00:09,00:37,HIGH,TIMETABLE
TRN-007140,PASSENGER,C08,2026-09-08,02:41,02:59,HIGH,TIMETABLE
TRN-007141,SUPERFAST,C12,2026-09-14,23:26,23:47,HIGH,TIMETABLE
TRN-007142,EXPRESS,C04,2026-09-25,14:19,14:41,HIGH,TIMETABLE
TRN-007143,EXPRESS,C17,2026-09-21,03:17,03:33,HIGH,TIMETABLE
TRN-007144,PASSENGER,C19,2026-09-20,11:47,11:58,HIGH,TIMETABLE
TRN-007145,PASSENGER,C17,2026-09-19,23:03,23:25,HIGH,TIMETABLE
TRN-007146,PASSENGER,C04,2026-09-13,09:14,09:35,HIGH,TIMETABLE
TRN-007147,PASSENGER,C13,2026-09-05,19:14,19:34,HIGH,TIMETABLE
TRN-007148,PASSENGER,C05,2026-09-25,04:20,04:37,HIGH,TIMETABLE
TRN-007149,PASSENGER,C05,2026-09-09,18:51,19:16,HIGH,TIMETABLE
TRN-007150,EXPRESS,C04,2026-09-30,06:21,06:44,HIGH,TIMETABLE
TRN-007151,PASSENGER,C07,2026-09-22,19:24,19:45,HIGH,TIMETABLE
TRN-007152,GOODS,C12,2026-09-16,08:34,09:19,MEDIUM,GOODS_FORECAST
TRN-007153,EXPRESS,C04,2026-09-17,00:27,00:47,HIGH,TIMETABLE
TRN-007154,GOODS,C07,2026-09-19,08:22,09:06,MEDIUM,GOODS_FORECAST
TRN-007155,GOODS,C02,2026-09-17,07:29,08:17,MEDIUM,GOODS_FORECAST
TRN-007156,PASSENGER,C09,2026-09-27,04:48,05:13,HIGH,TIMETABLE
TRN-007157,EXPRESS,C12,2026-09-19,18:37,19:03,HIGH,TIMETABLE
TRN-007158,PASSENGER,C06,2026-09-01,14:47,15:09,HIGH,TIMETABLE
TRN-007159,EXPRESS,C20,2026-09-07,06:04,06:25,HIGH,TIMETABLE
TRN-007160,SUPERFAST,C20,2026-09-14,04:50,05:14,HIGH,TIMETABLE
TRN-007161,EXPRESS,C06,2026-09-05,08:11,08:34,HIGH,TIMETABLE
TRN-007162,EXPRESS,C03,2026-09-26,05:56,06:21,HIGH,TIMETABLE
TRN-007163,PASSENGER,C09,2026-09-04,18:10,18:26,HIGH,TIMETABLE
TRN-007164,SUPERFAST,C20,2026-09-23,11:45,12:05,HIGH,TIMETABLE
TRN-007165,SUPERFAST,C16,2026-09-27,19:08,19:19,HIGH,TIMETABLE
TRN-007166,PASSENGER,C05,2026-09-29,17:32,17:42,HIGH,TIMETABLE
TRN-007167,PASSENGER,C15,2026-09-16,02:45,02:55,HIGH,TIMETABLE
TRN-007168,EXPRESS,C19,2026-09-10,12:23,12:33,HIGH,TIMETABLE
TRN-007169,PASSENGER,C13,2026-09-22,19:30,19:49,HIGH,TIMETABLE
TRN-007170,PASSENGER,C08,2026-09-25,12:27,12:43,HIGH,TIMETABLE
TRN-007171,PASSENGER,C10,2026-09-23,08:25,08:37,HIGH,TIMETABLE
TRN-007172,PASSENGER,C07,2026-09-06,08:08,08:21,HIGH,TIMETABLE
TRN-007173,GOODS,C14,2026-09-27,22:37,23:29,MEDIUM,GOODS_FORECAST
TRN-007174,GOODS,C19,2026-09-21,01:42,02:34,MEDIUM,GOODS_FORECAST
TRN-007175,EXPRESS,C16,2026-09-24,08:46,09:11,HIGH,TIMETABLE
TRN-007176,EXPRESS,C05,2026-09-25,01:45,01:58,HIGH,TIMETABLE
TRN-007177,PASSENGER,C02,2026-09-10,00:03,00:20,HIGH,TIMETABLE
TRN-007178,EXPRESS,C08,2026-09-24,15:59,16:26,HIGH,TIMETABLE
TRN-007179,PASSENGER,C01,2026-09-26,02:53,03:17,HIGH,TIMETABLE
TRN-007180,EXPRESS,C16,2026-09-26,21:11,21:32,HIGH,TIMETABLE
TRN-007181,SUPERFAST,C07,2026-09-28,09:38,09:52,HIGH,TIMETABLE
TRN-007182,PASSENGER,C07,2026-09-19,07:42,07:56,HIGH,TIMETABLE
TRN-007183,PASSENGER,C05,2026-09-12,16:48,17:13,HIGH,TIMETABLE
TRN-007184,EXPRESS,C06,2026-09-15,15:34,15:52,HIGH,TIMETABLE
TRN-007185,EXPRESS,C11,2026-09-02,05:37,05:50,HIGH,TIMETABLE
TRN-007186,SUPERFAST,C17,2026-09-17,11:45,12:00,HIGH,TIMETABLE
TRN-007187,PASSENGER,C10,2026-09-17,10:32,10:55,HIGH,TIMETABLE
TRN-007188,GOODS,C08,2026-09-23,12:55,13:32,MEDIUM,GOODS_FORECAST
TRN-007189,EXPRESS,C19,2026-09-27,13:31,13:58,HIGH,TIMETABLE
TRN-007190,EXPRESS,C17,2026-09-28,10:09,10:24,HIGH,TIMETABLE
TRN-007191,GOODS,C01,2026-09-25,22:46,23:29,MEDIUM,GOODS_FORECAST
TRN-007192,EXPRESS,C19,2026-09-25,19:07,19:24,HIGH,TIMETABLE
TRN-007193,EXPRESS,C17,2026-09-26,20:16,20:35,HIGH,TIMETABLE
TRN-007194,EXPRESS,C16,2026-09-02,13:05,13:33,HIGH,TIMETABLE
TRN-007195,SUPERFAST,C08,2026-09-22,20:07,20:22,HIGH,TIMETABLE
TRN-007196,EXPRESS,C08,2026-09-05,22:01,22:31,HIGH,TIMETABLE
TRN-007197,PASSENGER,C11,2026-09-10,13:54,14:06,HIGH,TIMETABLE
TRN-007198,GOODS,C16,2026-09-19,09:53,10:44,MEDIUM,GOODS_FORECAST
TRN-007199,SUPERFAST,C15,2026-09-21,15:26,15:52,HIGH,TIMETABLE
TRN-007200,SUPERFAST,C03,2026-09-17,19:26,19:52,HIGH,TIMETABLE
TRN-007201,SUPERFAST,C07,2026-09-23,14:08,14:20,HIGH,TIMETABLE
TRN-007202,GOODS,C19,2026-09-11,21:06,21:49,MEDIUM,GOODS_FORECAST
TRN-007203,SUPERFAST,C11,2026-09-26,19:59,20:13,HIGH,TIMETABLE
TRN-007204,SUPERFAST,C03,2026-09-04,19:07,19:27,HIGH,TIMETABLE
TRN-007205,SUPERFAST,C06,2026-09-08,21:35,21:55,HIGH,TIMETABLE
TRN-007206,GOODS,C02,2026-09-03,21:07,21:49,MEDIUM,GOODS_FORECAST
TRN-007207,EXPRESS,C16,2026-09-16,19:29,19:52,HIGH,TIMETABLE
TRN-007208,PASSENGER,C07,2026-09-17,19:54,20:16,HIGH,TIMETABLE
TRN-007209,GOODS,C12,2026-09-10,19:12,20:08,MEDIUM,GOODS_FORECAST
TRN-007210,SUPERFAST,C19,2026-09-03,16:20,16:47,HIGH,TIMETABLE
TRN-007211,SUPERFAST,C05,2026-09-26,04:36,04:46,HIGH,TIMETABLE
TRN-007212,PASSENGER,C04,2026-09-01,01:01,01:14,HIGH,TIMETABLE
TRN-007213,SUPERFAST,C06,2026-09-17,13:55,14:18,HIGH,TIMETABLE
TRN-007214,EXPRESS,C13,2026-09-06,10:54,11:06,HIGH,TIMETABLE
TRN-007215,PASSENGER,C11,2026-09-19,11:36,11:49,HIGH,TIMETABLE
TRN-007216,PASSENGER,C19,2026-09-25,01:27,01:49,HIGH,TIMETABLE
TRN-007217,EXPRESS,C01,2026-09-22,17:27,17:37,HIGH,TIMETABLE
TRN-007218,PASSENGER,C09,2026-09-21,12:03,12:28,HIGH,TIMETABLE
TRN-007219,GOODS,C09,2026-09-06,22:29,23:05,MEDIUM,GOODS_FORECAST
TRN-007220,EXPRESS,C10,2026-09-29,23:37,00:05,HIGH,TIMETABLE
TRN-007221,GOODS,C14,2026-09-12,22:30,23:03,MEDIUM,GOODS_FORECAST
TRN-007222,SUPERFAST,C17,2026-09-07,01:31,01:52,HIGH,TIMETABLE
TRN-007223,PASSENGER,C04,2026-09-19,15:51,16:05,HIGH,TIMETABLE
TRN-007224,SUPERFAST,C03,2026-09-06,22:16,22:32,HIGH,TIMETABLE
TRN-007225,GOODS,C09,2026-09-07,08:01,08:46,MEDIUM,GOODS_FORECAST
TRN-007226,PASSENGER,C14,2026-09-15,12:44,13:08,HIGH,TIMETABLE
TRN-007227,SUPERFAST,C16,2026-09-15,07:15,07:33,HIGH,TIMETABLE
TRN-007228,GOODS,C05,2026-09-13,11:25,12:24,MEDIUM,GOODS_FORECAST
TRN-007229,GOODS,C11,2026-09-02,07:03,07:32,MEDIUM,GOODS_FORECAST
TRN-007230,PASSENGER,C19,2026-09-15,20:27,20:39,HIGH,TIMETABLE
TRN-007231,PASSENGER,C16,2026-09-30,16:17,16:29,HIGH,TIMETABLE
TRN-007232,SUPERFAST,C06,2026-09-28,17:24,17:34,HIGH,TIMETABLE
TRN-007233,GOODS,C14,2026-09-03,22:32,22:59,MEDIUM,GOODS_FORECAST
TRN-007234,EXPRESS,C09,2026-09-13,13:24,13:47,HIGH,TIMETABLE
TRN-007235,SUPERFAST,C16,2026-09-27,22:49,23:07,HIGH,TIMETABLE
TRN-007236,EXPRESS,C03,2026-09-15,04:05,04:20,HIGH,TIMETABLE
TRN-007237,PASSENGER,C08,2026-09-12,13:18,13:41,HIGH,TIMETABLE
TRN-007238,EXPRESS,C08,2026-09-26,01:43,01:59,HIGH,TIMETABLE
TRN-007239,PASSENGER,C07,2026-09-13,19:33,19:54,HIGH,TIMETABLE
TRN-007240,SUPERFAST,C12,2026-09-11,18:09,18:33,HIGH,TIMETABLE
TRN-007241,SUPERFAST,C13,2026-09-16,07:03,07:23,HIGH,TIMETABLE
TRN-007242,SUPERFAST,C16,2026-09-18,03:11,03:22,HIGH,TIMETABLE
TRN-007243,SUPERFAST,C06,2026-09-17,23:30,23:47,HIGH,TIMETABLE
TRN-007244,SUPERFAST,C10,2026-09-26,15:44,16:06,HIGH,TIMETABLE
TRN-007245,PASSENGER,C14,2026-09-24,23:09,23:21,HIGH,TIMETABLE
TRN-007246,PASSENGER,C13,2026-09-03,08:53,09:09,HIGH,TIMETABLE
TRN-007247,SUPERFAST,C08,2026-09-04,19:33,19:55,HIGH,TIMETABLE
TRN-007248,PASSENGER,C15,2026-09-11,13:27,13:46,HIGH,TIMETABLE
TRN-007249,PASSENGER,C19,2026-09-28,01:18,01:38,HIGH,TIMETABLE
TRN-007250,PASSENGER,C20,2026-09-27,11:29,11:51,HIGH,TIMETABLE
TRN-007251,GOODS,C13,2026-09-07,00:33,01:01,MEDIUM,GOODS_FORECAST
TRN-007252,SUPERFAST,C07,2026-09-13,04:57,05:10,HIGH,TIMETABLE
TRN-007253,SUPERFAST,C02,2026-09-12,23:10,23:22,HIGH,TIMETABLE
TRN-007254,EXPRESS,C02,2026-09-15,17:25,17:49,HIGH,TIMETABLE
TRN-007255,GOODS,C02,2026-09-28,10:15,11:12,MEDIUM,GOODS_FORECAST
TRN-007256,PASSENGER,C07,2026-09-24,22:19,22:40,HIGH,TIMETABLE
TRN-007257,SUPERFAST,C07,2026-09-28,23:28,23:53,HIGH,TIMETABLE
TRN-007258,SUPERFAST,C08,2026-09-20,14:11,14:32,HIGH,TIMETABLE
TRN-007259,GOODS,C16,2026-09-30,21:27,22:02,MEDIUM,GOODS_FORECAST
TRN-007260,SUPERFAST,C20,2026-09-11,19:49,20:16,HIGH,TIMETABLE
TRN-007261,EXPRESS,C15,2026-09-16,23:47,23:58,HIGH,TIMETABLE
TRN-007262,PASSENGER,C10,2026-09-17,20:13,20:24,HIGH,TIMETABLE
TRN-007263,EXPRESS,C06,2026-09-23,20:03,20:32,HIGH,TIMETABLE
TRN-007264,EXPRESS,C20,2026-09-30,03:16,03:36,HIGH,TIMETABLE
TRN-007265,PASSENGER,C18,2026-09-06,16:19,16:29,HIGH,TIMETABLE
TRN-007266,PASSENGER,C05,2026-09-19,08:26,08:42,HIGH,TIMETABLE
TRN-007267,SUPERFAST,C04,2026-09-07,04:23,04:45,HIGH,TIMETABLE
TRN-007268,EXPRESS,C07,2026-09-16,08:56,09:19,HIGH,TIMETABLE
TRN-007269,PASSENGER,C03,2026-09-08,14:49,15:08,HIGH,TIMETABLE
TRN-007270,PASSENGER,C16,2026-09-16,02:51,03:05,HIGH,TIMETABLE
TRN-007271,SUPERFAST,C03,2026-09-17,09:04,09:19,HIGH,TIMETABLE
TRN-007272,SUPERFAST,C12,2026-09-03,20:09,20:30,HIGH,TIMETABLE
TRN-007273,SUPERFAST,C03,2026-09-16,14:52,15:13,HIGH,TIMETABLE
TRN-007274,PASSENGER,C20,2026-09-06,05:17,05:34,HIGH,TIMETABLE
TRN-007275,SUPERFAST,C12,2026-09-29,04:25,04:52,HIGH,TIMETABLE
TRN-007276,PASSENGER,C16,2026-09-22,00:52,01:15,HIGH,TIMETABLE
TRN-007277,PASSENGER,C05,2026-09-25,05:02,05:17,HIGH,TIMETABLE
TRN-007278,SUPERFAST,C08,2026-09-26,08:02,08:23,HIGH,TIMETABLE
TRN-007279,GOODS,C18,2026-09-28,14:58,15:56,MEDIUM,GOODS_FORECAST
TRN-007280,SUPERFAST,C04,2026-09-12,06:37,06:58,HIGH,TIMETABLE
TRN-007281,GOODS,C20,2026-09-21,13:59,14:43,MEDIUM,GOODS_FORECAST
TRN-007282,EXPRESS,C06,2026-09-14,17:57,18:16,HIGH,TIMETABLE
TRN-007283,GOODS,C16,2026-09-09,14:04,14:46,MEDIUM,GOODS_FORECAST
TRN-007284,SUPERFAST,C11,2026-09-02,15:31,15:45,HIGH,TIMETABLE
TRN-007285,GOODS,C08,2026-09-04,00:20,00:52,MEDIUM,GOODS_FORECAST
TRN-007286,GOODS,C12,2026-09-24,23:21,23:49,MEDIUM,GOODS_FORECAST
TRN-007287,EXPRESS,C02,2026-09-30,18:25,18:50,HIGH,TIMETABLE
TRN-007288,PASSENGER,C10,2026-09-27,11:58,12:08,HIGH,TIMETABLE
TRN-007289,SUPERFAST,C11,2026-09-18,03:47,04:17,HIGH,TIMETABLE
TRN-007290,PASSENGER,C17,2026-09-01,03:42,03:52,HIGH,TIMETABLE
TRN-007291,EXPRESS,C18,2026-09-29,23:13,23:36,HIGH,TIMETABLE
TRN-007292,EXPRESS,C16,2026-09-26,08:52,09:10,HIGH,TIMETABLE
TRN-007293,EXPRESS,C03,2026-09-19,07:14,07:38,HIGH,TIMETABLE
TRN-007294,EXPRESS,C18,2026-09-14,12:51,13:07,HIGH,TIMETABLE
TRN-007295,GOODS,C10,2026-09-13,11:16,11:56,MEDIUM,GOODS_FORECAST
TRN-007296,GOODS,C08,2026-09-10,15:09,16:02,MEDIUM,GOODS_FORECAST
TRN-007297,PASSENGER,C19,2026-09-14,07:48,08:04,HIGH,TIMETABLE
TRN-007298,GOODS,C19,2026-09-29,05:02,05:36,MEDIUM,GOODS_FORECAST
TRN-007299,SUPERFAST,C14,2026-09-30,05:48,06:14,HIGH,TIMETABLE
TRN-007300,PASSENGER,C03,2026-09-12,00:01,00:16,HIGH,TIMETABLE
TRN-007301,PASSENGER,C10,2026-09-07,18:45,19:10,HIGH,TIMETABLE
TRN-007302,PASSENGER,C11,2026-09-02,11:01,11:16,HIGH,TIMETABLE
TRN-007303,PASSENGER,C10,2026-09-01,10:54,11:04,HIGH,TIMETABLE
TRN-007304,PASSENGER,C05,2026-09-25,14:13,14:23,HIGH,TIMETABLE
TRN-007305,SUPERFAST,C19,2026-09-14,05:35,06:04,HIGH,TIMETABLE
TRN-007306,PASSENGER,C12,2026-09-19,16:36,17:00,HIGH,TIMETABLE
TRN-007307,PASSENGER,C14,2026-09-13,00:32,00:52,HIGH,TIMETABLE
TRN-007308,EXPRESS,C20,2026-09-18,03:10,03:34,HIGH,TIMETABLE
TRN-007309,SUPERFAST,C16,2026-09-24,07:54,08:16,HIGH,TIMETABLE
TRN-007310,EXPRESS,C07,2026-09-20,15:03,15:33,HIGH,TIMETABLE
TRN-007311,EXPRESS,C12,2026-09-17,15:22,15:41,HIGH,TIMETABLE
TRN-007312,EXPRESS,C20,2026-09-22,23:12,23:33,HIGH,TIMETABLE
TRN-007313,GOODS,C12,2026-09-15,03:58,04:38,MEDIUM,GOODS_FORECAST
TRN-007314,PASSENGER,C20,2026-09-18,08:38,08:56,HIGH,TIMETABLE
TRN-007315,PASSENGER,C20,2026-09-30,13:19,13:31,HIGH,TIMETABLE
TRN-007316,GOODS,C08,2026-09-28,19:16,20:01,MEDIUM,GOODS_FORECAST
TRN-007317,PASSENGER,C16,2026-09-09,16:17,16:42,HIGH,TIMETABLE
TRN-007318,EXPRESS,C08,2026-09-15,21:51,22:06,HIGH,TIMETABLE
TRN-007319,PASSENGER,C08,2026-09-17,09:21,09:45,HIGH,TIMETABLE
TRN-007320,EXPRESS,C13,2026-09-29,02:28,02:57,HIGH,TIMETABLE
TRN-007321,PASSENGER,C18,2026-09-25,19:12,19:37,HIGH,TIMETABLE
TRN-007322,PASSENGER,C16,2026-09-19,22:49,23:06,HIGH,TIMETABLE
TRN-007323,PASSENGER,C06,2026-09-27,20:17,20:28,HIGH,TIMETABLE
TRN-007324,SUPERFAST,C01,2026-09-30,02:02,02:22,HIGH,TIMETABLE
TRN-007325,EXPRESS,C11,2026-09-10,11:58,12:11,HIGH,TIMETABLE
TRN-007326,EXPRESS,C13,2026-09-11,18:47,19:08,HIGH,TIMETABLE
TRN-007327,PASSENGER,C11,2026-09-24,19:21,19:33,HIGH,TIMETABLE
TRN-007328,EXPRESS,C09,2026-09-10,06:18,06:37,HIGH,TIMETABLE
TRN-007329,EXPRESS,C16,2026-09-04,04:35,04:51,HIGH,TIMETABLE
TRN-007330,SUPERFAST,C08,2026-09-29,01:53,02:16,HIGH,TIMETABLE
TRN-007331,PASSENGER,C07,2026-09-12,06:38,06:59,HIGH,TIMETABLE
TRN-007332,SUPERFAST,C16,2026-09-11,19:58,20:25,HIGH,TIMETABLE
TRN-007333,PASSENGER,C13,2026-09-26,05:20,05:35,HIGH,TIMETABLE
TRN-007334,SUPERFAST,C04,2026-09-20,13:46,13:56,HIGH,TIMETABLE
TRN-007335,EXPRESS,C18,2026-09-16,21:28,21:48,HIGH,TIMETABLE
TRN-007336,SUPERFAST,C17,2026-09-21,18:50,19:04,HIGH,TIMETABLE
TRN-007337,SUPERFAST,C16,2026-09-07,15:52,16:15,HIGH,TIMETABLE
TRN-007338,PASSENGER,C19,2026-09-30,16:00,16:24,HIGH,TIMETABLE
TRN-007339,PASSENGER,C17,2026-09-24,08:26,08:49,HIGH,TIMETABLE
TRN-007340,GOODS,C14,2026-09-01,19:25,20:21,MEDIUM,GOODS_FORECAST
TRN-007341,SUPERFAST,C16,2026-09-17,11:07,11:27,HIGH,TIMETABLE
TRN-007342,GOODS,C02,2026-09-22,21:56,22:39,MEDIUM,GOODS_FORECAST
TRN-007343,PASSENGER,C12,2026-09-22,01:34,01:58,HIGH,TIMETABLE
TRN-007344,SUPERFAST,C20,2026-09-13,05:21,05:50,HIGH,TIMETABLE
TRN-007345,GOODS,C01,2026-09-22,02:47,03:13,MEDIUM,GOODS_FORECAST
TRN-007346,GOODS,C20,2026-09-08,06:12,06:46,MEDIUM,GOODS_FORECAST
TRN-007347,EXPRESS,C05,2026-09-15,17:38,17:53,HIGH,TIMETABLE
TRN-007348,PASSENGER,C13,2026-09-08,00:32,00:52,HIGH,TIMETABLE
TRN-007349,SUPERFAST,C03,2026-09-24,11:59,12:22,HIGH,TIMETABLE
TRN-007350,EXPRESS,C03,2026-09-15,15:05,15:25,HIGH,TIMETABLE
TRN-007351,PASSENGER,C18,2026-09-27,15:05,15:20,HIGH,TIMETABLE
TRN-007352,PASSENGER,C11,2026-09-18,03:05,03:29,HIGH,TIMETABLE
TRN-007353,SUPERFAST,C17,2026-09-22,17:05,17:24,HIGH,TIMETABLE
TRN-007354,PASSENGER,C11,2026-09-23,10:45,11:01,HIGH,TIMETABLE
TRN-007355,SUPERFAST,C01,2026-09-12,06:40,07:02,HIGH,TIMETABLE
TRN-007356,PASSENGER,C16,2026-09-05,14:55,15:11,HIGH,TIMETABLE
TRN-007357,GOODS,C12,2026-09-02,15:28,15:54,MEDIUM,GOODS_FORECAST
TRN-007358,PASSENGER,C07,2026-09-28,01:33,01:56,HIGH,TIMETABLE
TRN-007359,SUPERFAST,C15,2026-09-06,02:12,02:26,HIGH,TIMETABLE
TRN-007360,EXPRESS,C11,2026-09-13,18:41,18:58,HIGH,TIMETABLE
TRN-007361,EXPRESS,C01,2026-09-27,06:15,06:40,HIGH,TIMETABLE
TRN-007362,GOODS,C17,2026-09-30,11:23,12:02,MEDIUM,GOODS_FORECAST
TRN-007363,EXPRESS,C18,2026-09-25,05:18,05:31,HIGH,TIMETABLE
TRN-007364,PASSENGER,C19,2026-09-06,10:35,10:47,HIGH,TIMETABLE
TRN-007365,PASSENGER,C04,2026-09-16,08:14,08:24,HIGH,TIMETABLE
TRN-007366,GOODS,C14,2026-09-23,06:33,07:00,MEDIUM,GOODS_FORECAST
TRN-007367,GOODS,C17,2026-09-12,18:06,18:44,MEDIUM,GOODS_FORECAST
TRN-007368,PASSENGER,C18,2026-09-09,23:19,23:35,HIGH,TIMETABLE
TRN-007369,GOODS,C14,2026-09-25,17:36,18:08,MEDIUM,GOODS_FORECAST
TRN-007370,EXPRESS,C06,2026-09-07,18:17,18:39,HIGH,TIMETABLE
TRN-007371,EXPRESS,C14,2026-09-02,13:37,14:02,HIGH,TIMETABLE
TRN-007372,EXPRESS,C12,2026-09-19,12:08,12:32,HIGH,TIMETABLE
TRN-007373,SUPERFAST,C11,2026-09-10,03:25,03:35,HIGH,TIMETABLE
TRN-007374,PASSENGER,C15,2026-09-16,22:29,22:43,HIGH,TIMETABLE
TRN-007375,EXPRESS,C01,2026-09-10,01:20,01:35,HIGH,TIMETABLE
TRN-007376,PASSENGER,C18,2026-09-21,20:59,21:11,HIGH,TIMETABLE
TRN-007377,PASSENGER,C18,2026-09-30,10:55,11:15,HIGH,TIMETABLE
TRN-007378,EXPRESS,C05,2026-09-07,11:41,12:06,HIGH,TIMETABLE
TRN-007379,EXPRESS,C12,2026-09-26,16:07,16:37,HIGH,TIMETABLE
TRN-007380,PASSENGER,C17,2026-09-01,05:13,05:32,HIGH,TIMETABLE
TRN-007381,GOODS,C01,2026-09-26,09:46,10:16,MEDIUM,GOODS_FORECAST
TRN-007382,EXPRESS,C15,2026-09-24,10:20,10:48,HIGH,TIMETABLE
TRN-007383,PASSENGER,C13,2026-09-13,00:28,00:41,HIGH,TIMETABLE
TRN-007384,EXPRESS,C04,2026-09-03,11:43,12:13,HIGH,TIMETABLE
TRN-007385,EXPRESS,C13,2026-09-14,03:02,03:19,HIGH,TIMETABLE
TRN-007386,SUPERFAST,C01,2026-09-23,09:24,09:48,HIGH,TIMETABLE
TRN-007387,SUPERFAST,C12,2026-09-02,01:26,01:37,HIGH,TIMETABLE
TRN-007388,GOODS,C10,2026-09-11,18:50,19:34,MEDIUM,GOODS_FORECAST
TRN-007389,PASSENGER,C18,2026-09-19,04:42,04:56,HIGH,TIMETABLE
TRN-007390,SUPERFAST,C01,2026-09-13,19:28,19:57,HIGH,TIMETABLE
TRN-007391,SUPERFAST,C13,2026-09-10,20:43,21:02,HIGH,TIMETABLE
TRN-007392,SUPERFAST,C11,2026-09-14,22:09,22:30,HIGH,TIMETABLE
TRN-007393,SUPERFAST,C17,2026-09-02,23:08,23:25,HIGH,TIMETABLE
TRN-007394,SUPERFAST,C13,2026-09-07,19:11,19:27,HIGH,TIMETABLE
TRN-007395,EXPRESS,C16,2026-09-05,05:37,05:56,HIGH,TIMETABLE
TRN-007396,EXPRESS,C17,2026-09-30,03:19,03:44,HIGH,TIMETABLE
TRN-007397,PASSENGER,C08,2026-09-08,11:55,12:07,HIGH,TIMETABLE
TRN-007398,SUPERFAST,C10,2026-09-28,21:56,22:11,HIGH,TIMETABLE
TRN-007399,PASSENGER,C20,2026-09-21,13:53,14:15,HIGH,TIMETABLE
TRN-007400,SUPERFAST,C20,2026-09-02,01:23,01:34,HIGH,TIMETABLE
TRN-007401,PASSENGER,C07,2026-09-19,18:43,18:53,HIGH,TIMETABLE
TRN-007402,PASSENGER,C18,2026-09-28,18:33,18:56,HIGH,TIMETABLE
TRN-007403,EXPRESS,C06,2026-09-27,10:47,11:00,HIGH,TIMETABLE
TRN-007404,PASSENGER,C19,2026-09-13,03:44,04:08,HIGH,TIMETABLE
TRN-007405,PASSENGER,C19,2026-09-17,15:17,15:33,HIGH,TIMETABLE
TRN-007406,PASSENGER,C01,2026-09-19,17:06,17:19,HIGH,TIMETABLE
TRN-007407,GOODS,C14,2026-09-18,19:08,19:39,MEDIUM,GOODS_FORECAST
TRN-007408,PASSENGER,C01,2026-09-08,21:23,21:42,HIGH,TIMETABLE
TRN-007409,EXPRESS,C04,2026-09-22,06:09,06:36,HIGH,TIMETABLE
TRN-007410,PASSENGER,C02,2026-09-04,13:00,13:18,HIGH,TIMETABLE
TRN-007411,PASSENGER,C14,2026-09-13,05:14,05:35,HIGH,TIMETABLE
TRN-007412,EXPRESS,C04,2026-09-05,11:55,12:12,HIGH,TIMETABLE
TRN-007413,EXPRESS,C05,2026-09-15,13:44,14:12,HIGH,TIMETABLE
TRN-007414,EXPRESS,C13,2026-09-06,05:31,05:59,HIGH,TIMETABLE
TRN-007415,EXPRESS,C16,2026-09-26,21:48,22:16,HIGH,TIMETABLE
TRN-007416,GOODS,C16,2026-09-09,12:25,12:52,MEDIUM,GOODS_FORECAST
TRN-007417,EXPRESS,C19,2026-09-21,17:15,17:44,HIGH,TIMETABLE
TRN-007418,SUPERFAST,C04,2026-09-15,07:54,08:24,HIGH,TIMETABLE
TRN-007419,PASSENGER,C11,2026-09-25,16:55,17:08,HIGH,TIMETABLE
TRN-007420,GOODS,C02,2026-09-29,09:28,10:04,MEDIUM,GOODS_FORECAST
TRN-007421,EXPRESS,C03,2026-09-09,08:37,09:01,HIGH,TIMETABLE
TRN-007422,PASSENGER,C14,2026-09-11,01:15,01:33,HIGH,TIMETABLE
TRN-007423,PASSENGER,C04,2026-09-12,06:19,06:42,HIGH,TIMETABLE
TRN-007424,PASSENGER,C12,2026-09-22,22:30,22:44,HIGH,TIMETABLE
TRN-007425,EXPRESS,C14,2026-09-24,20:20,20:39,HIGH,TIMETABLE
TRN-007426,SUPERFAST,C12,2026-09-09,02:56,03:24,HIGH,TIMETABLE
TRN-007427,SUPERFAST,C04,2026-09-27,07:28,07:52,HIGH,TIMETABLE
TRN-007428,EXPRESS,C09,2026-09-20,17:16,17:41,HIGH,TIMETABLE
TRN-007429,GOODS,C05,2026-09-01,20:34,21:11,MEDIUM,GOODS_FORECAST
TRN-007430,GOODS,C07,2026-09-15,08:24,09:14,MEDIUM,GOODS_FORECAST
TRN-007431,GOODS,C06,2026-09-10,05:55,06:50,MEDIUM,GOODS_FORECAST
TRN-007432,SUPERFAST,C01,2026-09-23,16:35,16:54,HIGH,TIMETABLE
TRN-007433,SUPERFAST,C04,2026-09-10,14:54,15:12,HIGH,TIMETABLE
TRN-007434,GOODS,C09,2026-09-01,05:48,06:40,MEDIUM,GOODS_FORECAST
TRN-007435,SUPERFAST,C07,2026-09-12,06:31,06:50,HIGH,TIMETABLE
TRN-007436,PASSENGER,C12,2026-09-11,13:09,13:21,HIGH,TIMETABLE
TRN-007437,EXPRESS,C05,2026-09-27,14:41,14:55,HIGH,TIMETABLE
TRN-007438,GOODS,C07,2026-09-18,08:43,09:15,MEDIUM,GOODS_FORECAST
TRN-007439,GOODS,C12,2026-09-12,02:28,02:53,MEDIUM,GOODS_FORECAST
TRN-007440,EXPRESS,C12,2026-09-09,04:31,05:01,HIGH,TIMETABLE
TRN-007441,EXPRESS,C05,2026-09-28,16:25,16:45,HIGH,TIMETABLE
TRN-007442,PASSENGER,C13,2026-09-29,18:28,18:39,HIGH,TIMETABLE
TRN-007443,EXPRESS,C09,2026-09-21,17:56,18:11,HIGH,TIMETABLE
TRN-007444,SUPERFAST,C15,2026-09-06,16:04,16:16,HIGH,TIMETABLE
TRN-007445,PASSENGER,C07,2026-09-07,10:28,10:39,HIGH,TIMETABLE
TRN-007446,SUPERFAST,C06,2026-09-22,21:06,21:22,HIGH,TIMETABLE
TRN-007447,EXPRESS,C04,2026-09-24,08:28,08:42,HIGH,TIMETABLE
TRN-007448,EXPRESS,C06,2026-09-15,08:26,08:43,HIGH,TIMETABLE
TRN-007449,PASSENGER,C14,2026-09-05,15:19,15:43,HIGH,TIMETABLE
TRN-007450,GOODS,C14,2026-09-15,09:56,10:48,MEDIUM,GOODS_FORECAST
TRN-007451,GOODS,C11,2026-09-30,17:17,18:14,MEDIUM,GOODS_FORECAST
TRN-007452,GOODS,C19,2026-09-21,09:59,10:48,MEDIUM,GOODS_FORECAST
TRN-007453,EXPRESS,C15,2026-09-21,15:37,15:56,HIGH,TIMETABLE
TRN-007454,EXPRESS,C05,2026-09-19,09:52,10:10,HIGH,TIMETABLE
TRN-007455,SUPERFAST,C07,2026-09-26,02:29,02:45,HIGH,TIMETABLE
TRN-007456,EXPRESS,C12,2026-09-21,16:53,17:08,HIGH,TIMETABLE
TRN-007457,GOODS,C13,2026-09-14,17:13,17:54,MEDIUM,GOODS_FORECAST
TRN-007458,SUPERFAST,C20,2026-09-29,00:09,00:29,HIGH,TIMETABLE
TRN-007459,PASSENGER,C14,2026-09-29,14:59,15:15,HIGH,TIMETABLE
TRN-007460,SUPERFAST,C02,2026-09-07,02:34,02:56,HIGH,TIMETABLE
TRN-007461,PASSENGER,C07,2026-09-28,03:39,04:04,HIGH,TIMETABLE
TRN-007462,EXPRESS,C01,2026-09-11,08:18,08:37,HIGH,TIMETABLE
TRN-007463,PASSENGER,C07,2026-09-18,23:13,23:30,HIGH,TIMETABLE
TRN-007464,PASSENGER,C04,2026-09-21,10:53,11:06,HIGH,TIMETABLE
TRN-007465,EXPRESS,C04,2026-09-13,13:44,14:02,HIGH,TIMETABLE
TRN-007466,EXPRESS,C01,2026-09-06,08:31,08:54,HIGH,TIMETABLE
TRN-007467,PASSENGER,C02,2026-09-28,04:04,04:21,HIGH,TIMETABLE
TRN-007468,EXPRESS,C20,2026-09-21,12:28,12:44,HIGH,TIMETABLE
TRN-007469,PASSENGER,C12,2026-09-09,22:48,23:05,HIGH,TIMETABLE
TRN-007470,EXPRESS,C18,2026-09-30,03:13,03:34,HIGH,TIMETABLE
TRN-007471,EXPRESS,C09,2026-09-26,02:57,03:17,HIGH,TIMETABLE
TRN-007472,EXPRESS,C03,2026-09-01,22:59,23:21,HIGH,TIMETABLE
TRN-007473,SUPERFAST,C01,2026-09-17,14:20,14:35,HIGH,TIMETABLE
TRN-007474,PASSENGER,C13,2026-09-12,02:02,02:21,HIGH,TIMETABLE
TRN-007475,EXPRESS,C05,2026-09-14,22:17,22:32,HIGH,TIMETABLE
TRN-007476,GOODS,C10,2026-09-28,16:52,17:52,MEDIUM,GOODS_FORECAST
TRN-007477,SUPERFAST,C05,2026-09-05,11:29,11:42,HIGH,TIMETABLE
TRN-007478,SUPERFAST,C18,2026-09-23,04:59,05:22,HIGH,TIMETABLE
TRN-007479,GOODS,C04,2026-09-26,08:21,09:07,MEDIUM,GOODS_FORECAST
TRN-007480,PASSENGER,C14,2026-09-05,02:13,02:24,HIGH,TIMETABLE
TRN-007481,EXPRESS,C02,2026-09-03,11:01,11:26,HIGH,TIMETABLE
TRN-007482,GOODS,C19,2026-09-16,22:14,22:40,MEDIUM,GOODS_FORECAST
TRN-007483,EXPRESS,C20,2026-09-29,17:52,18:04,HIGH,TIMETABLE
TRN-007484,PASSENGER,C20,2026-09-16,21:55,22:16,HIGH,TIMETABLE
TRN-007485,PASSENGER,C14,2026-09-17,13:30,13:53,HIGH,TIMETABLE
TRN-007486,GOODS,C02,2026-09-18,07:19,08:10,MEDIUM,GOODS_FORECAST
TRN-007487,EXPRESS,C13,2026-09-18,22:59,23:14,HIGH,TIMETABLE
TRN-007488,PASSENGER,C02,2026-09-15,07:42,08:07,HIGH,TIMETABLE
TRN-007489,GOODS,C02,2026-09-17,23:24,00:18,MEDIUM,GOODS_FORECAST
TRN-007490,PASSENGER,C09,2026-09-25,06:44,06:54,HIGH,TIMETABLE
TRN-007491,PASSENGER,C01,2026-09-20,05:17,05:27,HIGH,TIMETABLE
TRN-007492,GOODS,C11,2026-09-28,22:41,23:31,MEDIUM,GOODS_FORECAST
TRN-007493,PASSENGER,C02,2026-09-16,00:14,00:29,HIGH,TIMETABLE
TRN-007494,GOODS,C10,2026-09-16,09:44,10:41,MEDIUM,GOODS_FORECAST
TRN-007495,GOODS,C15,2026-09-20,17:51,18:50,MEDIUM,GOODS_FORECAST
TRN-007496,GOODS,C20,2026-09-06,02:09,02:48,MEDIUM,GOODS_FORECAST
TRN-007497,PASSENGER,C08,2026-09-18,04:00,04:20,HIGH,TIMETABLE
TRN-007498,GOODS,C05,2026-09-20,07:04,07:40,MEDIUM,GOODS_FORECAST
TRN-007499,PASSENGER,C15,2026-09-22,23:10,23:25,HIGH,TIMETABLE
TRN-007500,GOODS,C11,2026-09-09,01:16,01:48,MEDIUM,GOODS_FORECAST
TRN-007501,PASSENGER,C08,2026-09-18,23:20,23:39,HIGH,TIMETABLE
TRN-007502,EXPRESS,C12,2026-09-10,08:00,08:30,HIGH,TIMETABLE
TRN-007503,PASSENGER,C18,2026-09-13,10:37,10:58,HIGH,TIMETABLE
TRN-007504,SUPERFAST,C15,2026-09-18,01:46,01:57,HIGH,TIMETABLE
TRN-007505,EXPRESS,C19,2026-09-06,09:12,09:35,HIGH,TIMETABLE
TRN-007506,PASSENGER,C14,2026-09-20,17:51,18:08,HIGH,TIMETABLE
TRN-007507,EXPRESS,C12,2026-09-12,21:47,22:17,HIGH,TIMETABLE
TRN-007508,EXPRESS,C01,2026-09-09,11:28,11:55,HIGH,TIMETABLE
TRN-007509,PASSENGER,C16,2026-09-12,01:19,01:29,HIGH,TIMETABLE
TRN-007510,GOODS,C16,2026-09-24,15:51,16:18,MEDIUM,GOODS_FORECAST
TRN-007511,SUPERFAST,C02,2026-09-24,06:25,06:38,HIGH,TIMETABLE
TRN-007512,EXPRESS,C05,2026-09-04,21:30,21:42,HIGH,TIMETABLE
TRN-007513,SUPERFAST,C12,2026-09-19,17:04,17:14,HIGH,TIMETABLE
TRN-007514,PASSENGER,C07,2026-09-08,03:45,04:06,HIGH,TIMETABLE
TRN-007515,SUPERFAST,C19,2026-09-14,09:01,09:11,HIGH,TIMETABLE
TRN-007516,PASSENGER,C03,2026-09-10,13:50,14:00,HIGH,TIMETABLE
TRN-007517,PASSENGER,C20,2026-09-22,06:49,07:05,HIGH,TIMETABLE
TRN-007518,PASSENGER,C01,2026-09-28,14:50,15:05,HIGH,TIMETABLE
TRN-007519,GOODS,C13,2026-09-02,23:26,00:04,MEDIUM,GOODS_FORECAST
TRN-007520,PASSENGER,C13,2026-09-24,09:25,09:39,HIGH,TIMETABLE
TRN-007521,SUPERFAST,C13,2026-09-27,07:44,08:01,HIGH,TIMETABLE
TRN-007522,PASSENGER,C04,2026-09-10,01:47,02:01,HIGH,TIMETABLE
TRN-007523,PASSENGER,C01,2026-09-03,16:13,16:25,HIGH,TIMETABLE
TRN-007524,SUPERFAST,C04,2026-09-20,19:52,20:11,HIGH,TIMETABLE
TRN-007525,PASSENGER,C09,2026-09-02,11:24,11:37,HIGH,TIMETABLE
TRN-007526,SUPERFAST,C19,2026-09-12,00:59,01:26,HIGH,TIMETABLE
TRN-007527,PASSENGER,C01,2026-09-01,11:21,11:44,HIGH,TIMETABLE
TRN-007528,SUPERFAST,C08,2026-09-21,12:13,12:28,HIGH,TIMETABLE
TRN-007529,GOODS,C08,2026-09-12,20:24,21:12,MEDIUM,GOODS_FORECAST
TRN-007530,PASSENGER,C14,2026-09-08,12:20,12:35,HIGH,TIMETABLE
TRN-007531,PASSENGER,C08,2026-09-21,00:57,01:11,HIGH,TIMETABLE
TRN-007532,SUPERFAST,C17,2026-09-26,12:50,13:15,HIGH,TIMETABLE
TRN-007533,GOODS,C02,2026-09-13,14:08,14:53,MEDIUM,GOODS_FORECAST
TRN-007534,SUPERFAST,C01,2026-09-06,10:03,10:31,HIGH,TIMETABLE
TRN-007535,PASSENGER,C07,2026-09-12,15:12,15:36,HIGH,TIMETABLE
TRN-007536,EXPRESS,C03,2026-09-22,10:16,10:44,HIGH,TIMETABLE
TRN-007537,PASSENGER,C16,2026-09-03,17:00,17:20,HIGH,TIMETABLE
TRN-007538,PASSENGER,C05,2026-09-23,16:55,17:20,HIGH,TIMETABLE
TRN-007539,SUPERFAST,C12,2026-09-06,13:26,13:39,HIGH,TIMETABLE
TRN-007540,PASSENGER,C15,2026-09-30,17:50,18:03,HIGH,TIMETABLE
TRN-007541,EXPRESS,C18,2026-09-28,08:30,08:43,HIGH,TIMETABLE
TRN-007542,EXPRESS,C04,2026-09-11,03:52,04:04,HIGH,TIMETABLE
TRN-007543,PASSENGER,C06,2026-09-24,08:58,09:11,HIGH,TIMETABLE
TRN-007544,PASSENGER,C17,2026-09-10,12:26,12:45,HIGH,TIMETABLE
TRN-007545,GOODS,C15,2026-09-07,02:32,03:10,MEDIUM,GOODS_FORECAST
TRN-007546,EXPRESS,C16,2026-09-29,09:00,09:12,HIGH,TIMETABLE
TRN-007547,EXPRESS,C01,2026-09-22,13:59,14:21,HIGH,TIMETABLE
TRN-007548,EXPRESS,C10,2026-09-29,10:50,11:20,HIGH,TIMETABLE
TRN-007549,PASSENGER,C12,2026-09-16,00:10,00:26,HIGH,TIMETABLE
TRN-007550,PASSENGER,C04,2026-09-21,03:05,03:30,HIGH,TIMETABLE
TRN-007551,EXPRESS,C03,2026-09-15,00:59,01:21,HIGH,TIMETABLE
TRN-007552,PASSENGER,C02,2026-09-04,03:32,03:46,HIGH,TIMETABLE
TRN-007553,EXPRESS,C18,2026-09-08,03:05,03:31,HIGH,TIMETABLE
TRN-007554,SUPERFAST,C03,2026-09-15,05:32,05:42,HIGH,TIMETABLE
TRN-007555,GOODS,C11,2026-09-16,20:02,20:51,MEDIUM,GOODS_FORECAST
TRN-007556,EXPRESS,C14,2026-09-09,00:25,00:35,HIGH,TIMETABLE
TRN-007557,PASSENGER,C03,2026-09-22,22:11,22:31,HIGH,TIMETABLE
TRN-007558,PASSENGER,C05,2026-09-25,13:36,13:47,HIGH,TIMETABLE
TRN-007559,SUPERFAST,C15,2026-09-18,05:04,05:23,HIGH,TIMETABLE
TRN-007560,PASSENGER,C14,2026-09-28,09:33,09:49,HIGH,TIMETABLE
TRN-007561,PASSENGER,C06,2026-09-10,22:33,22:45,HIGH,TIMETABLE
TRN-007562,GOODS,C09,2026-09-29,16:08,16:53,MEDIUM,GOODS_FORECAST
TRN-007563,GOODS,C13,2026-09-14,04:55,05:37,MEDIUM,GOODS_FORECAST
TRN-007564,GOODS,C17,2026-09-05,04:19,04:58,MEDIUM,GOODS_FORECAST
TRN-007565,GOODS,C02,2026-09-21,14:31,15:14,MEDIUM,GOODS_FORECAST
TRN-007566,PASSENGER,C03,2026-09-26,02:42,03:05,HIGH,TIMETABLE
TRN-007567,GOODS,C09,2026-09-13,01:52,02:31,MEDIUM,GOODS_FORECAST
TRN-007568,EXPRESS,C20,2026-09-26,11:52,12:05,HIGH,TIMETABLE
TRN-007569,SUPERFAST,C11,2026-09-20,05:04,05:21,HIGH,TIMETABLE
TRN-007570,PASSENGER,C14,2026-09-13,10:52,11:06,HIGH,TIMETABLE
TRN-007571,PASSENGER,C16,2026-09-10,14:29,14:47,HIGH,TIMETABLE
TRN-007572,PASSENGER,C08,2026-09-04,14:47,15:05,HIGH,TIMETABLE
TRN-007573,EXPRESS,C11,2026-09-01,14:40,14:51,HIGH,TIMETABLE
TRN-007574,SUPERFAST,C10,2026-09-04,03:16,03:32,HIGH,TIMETABLE
TRN-007575,EXPRESS,C04,2026-09-30,07:38,08:08,HIGH,TIMETABLE
TRN-007576,SUPERFAST,C14,2026-09-24,08:15,08:45,HIGH,TIMETABLE
TRN-007577,PASSENGER,C01,2026-09-16,18:32,18:43,HIGH,TIMETABLE
TRN-007578,SUPERFAST,C18,2026-09-14,19:40,20:00,HIGH,TIMETABLE
TRN-007579,EXPRESS,C13,2026-09-02,03:48,04:15,HIGH,TIMETABLE
TRN-007580,GOODS,C17,2026-09-08,00:28,01:10,MEDIUM,GOODS_FORECAST
TRN-007581,PASSENGER,C11,2026-09-21,09:29,09:48,HIGH,TIMETABLE
TRN-007582,EXPRESS,C16,2026-09-08,08:07,08:25,HIGH,TIMETABLE
TRN-007583,SUPERFAST,C12,2026-09-21,22:17,22:46,HIGH,TIMETABLE
TRN-007584,EXPRESS,C14,2026-09-25,20:34,20:59,HIGH,TIMETABLE
TRN-007585,PASSENGER,C14,2026-09-17,12:17,12:31,HIGH,TIMETABLE
TRN-007586,GOODS,C12,2026-09-27,08:14,08:43,MEDIUM,GOODS_FORECAST
TRN-007587,SUPERFAST,C16,2026-09-26,10:54,11:05,HIGH,TIMETABLE
TRN-007588,PASSENGER,C01,2026-09-26,19:14,19:30,HIGH,TIMETABLE
TRN-007589,EXPRESS,C03,2026-09-30,03:56,04:22,HIGH,TIMETABLE
TRN-007590,PASSENGER,C13,2026-09-18,19:32,19:56,HIGH,TIMETABLE
TRN-007591,PASSENGER,C01,2026-09-24,21:10,21:31,HIGH,TIMETABLE
TRN-007592,PASSENGER,C01,2026-09-11,22:25,22:46,HIGH,TIMETABLE
TRN-007593,PASSENGER,C12,2026-09-16,19:28,19:42,HIGH,TIMETABLE
TRN-007594,EXPRESS,C17,2026-09-09,15:15,15:29,HIGH,TIMETABLE
TRN-007595,EXPRESS,C17,2026-09-02,13:32,13:48,HIGH,TIMETABLE
TRN-007596,SUPERFAST,C20,2026-09-20,21:40,21:55,HIGH,TIMETABLE
TRN-007597,PASSENGER,C14,2026-09-21,03:14,03:26,HIGH,TIMETABLE
TRN-007598,EXPRESS,C09,2026-09-02,23:33,00:03,HIGH,TIMETABLE
TRN-007599,GOODS,C13,2026-09-06,16:39,17:36,MEDIUM,GOODS_FORECAST
TRN-007600,SUPERFAST,C20,2026-09-01,17:25,17:52,HIGH,TIMETABLE
TRN-007601,GOODS,C02,2026-09-13,17:08,17:45,MEDIUM,GOODS_FORECAST
TRN-007602,PASSENGER,C04,2026-09-05,22:47,23:00,HIGH,TIMETABLE
TRN-007603,EXPRESS,C19,2026-09-11,20:34,20:48,HIGH,TIMETABLE
TRN-007604,GOODS,C05,2026-09-25,05:28,06:06,MEDIUM,GOODS_FORECAST
TRN-007605,PASSENGER,C03,2026-09-06,11:14,11:36,HIGH,TIMETABLE
TRN-007606,EXPRESS,C05,2026-09-12,00:04,00:20,HIGH,TIMETABLE
TRN-007607,EXPRESS,C12,2026-09-25,14:38,14:51,HIGH,TIMETABLE
TRN-007608,EXPRESS,C15,2026-09-23,03:57,04:15,HIGH,TIMETABLE
TRN-007609,PASSENGER,C09,2026-09-26,05:57,06:22,HIGH,TIMETABLE
TRN-007610,SUPERFAST,C16,2026-09-07,04:54,05:10,HIGH,TIMETABLE
TRN-007611,PASSENGER,C16,2026-09-08,23:52,00:17,HIGH,TIMETABLE
TRN-007612,GOODS,C06,2026-09-30,03:27,04:11,MEDIUM,GOODS_FORECAST
TRN-007613,SUPERFAST,C01,2026-09-20,08:37,08:52,HIGH,TIMETABLE
TRN-007614,PASSENGER,C20,2026-09-08,16:25,16:43,HIGH,TIMETABLE
TRN-007615,PASSENGER,C17,2026-09-15,02:14,02:33,HIGH,TIMETABLE
TRN-007616,PASSENGER,C02,2026-09-28,22:36,22:56,HIGH,TIMETABLE
TRN-007617,GOODS,C05,2026-09-22,11:15,11:54,MEDIUM,GOODS_FORECAST
TRN-007618,GOODS,C01,2026-09-28,19:36,20:24,MEDIUM,GOODS_FORECAST
TRN-007619,EXPRESS,C18,2026-09-16,16:52,17:21,HIGH,TIMETABLE
TRN-007620,GOODS,C20,2026-09-08,13:29,14:12,MEDIUM,GOODS_FORECAST
TRN-007621,SUPERFAST,C06,2026-09-16,07:11,07:35,HIGH,TIMETABLE
TRN-007622,EXPRESS,C15,2026-09-05,07:35,08:01,HIGH,TIMETABLE
TRN-007623,SUPERFAST,C04,2026-09-14,23:14,23:26,HIGH,TIMETABLE
TRN-007624,PASSENGER,C05,2026-09-03,08:10,08:30,HIGH,TIMETABLE
TRN-007625,PASSENGER,C03,2026-09-08,22:22,22:38,HIGH,TIMETABLE
TRN-007626,PASSENGER,C01,2026-09-16,11:12,11:28,HIGH,TIMETABLE
TRN-007627,EXPRESS,C02,2026-09-06,08:52,09:14,HIGH,TIMETABLE
TRN-007628,GOODS,C09,2026-09-17,09:50,10:21,MEDIUM,GOODS_FORECAST
TRN-007629,PASSENGER,C05,2026-09-27,04:18,04:33,HIGH,TIMETABLE
TRN-007630,PASSENGER,C06,2026-09-30,01:08,01:33,HIGH,TIMETABLE
TRN-007631,SUPERFAST,C17,2026-09-25,10:58,11:23,HIGH,TIMETABLE
TRN-007632,PASSENGER,C19,2026-09-10,07:04,07:17,HIGH,TIMETABLE
TRN-007633,PASSENGER,C01,2026-09-17,12:03,12:27,HIGH,TIMETABLE
TRN-007634,GOODS,C07,2026-09-16,21:05,21:40,MEDIUM,GOODS_FORECAST
TRN-007635,PASSENGER,C04,2026-09-14,18:54,19:09,HIGH,TIMETABLE
TRN-007636,PASSENGER,C02,2026-09-17,00:13,00:29,HIGH,TIMETABLE
TRN-007637,EXPRESS,C12,2026-09-04,21:19,21:36,HIGH,TIMETABLE
TRN-007638,PASSENGER,C15,2026-09-27,18:32,18:51,HIGH,TIMETABLE
TRN-007639,PASSENGER,C20,2026-09-18,19:05,19:22,HIGH,TIMETABLE
TRN-007640,EXPRESS,C07,2026-09-15,21:46,22:04,HIGH,TIMETABLE
TRN-007641,GOODS,C15,2026-09-29,07:53,08:52,MEDIUM,GOODS_FORECAST
TRN-007642,PASSENGER,C08,2026-09-26,07:07,07:31,HIGH,TIMETABLE
TRN-007643,PASSENGER,C09,2026-09-19,09:05,09:27,HIGH,TIMETABLE
TRN-007644,PASSENGER,C12,2026-09-11,10:31,10:41,HIGH,TIMETABLE
TRN-007645,EXPRESS,C16,2026-09-29,00:31,00:41,HIGH,TIMETABLE
TRN-007646,PASSENGER,C08,2026-09-30,12:09,12:29,HIGH,TIMETABLE
TRN-007647,SUPERFAST,C17,2026-09-17,04:26,04:42,HIGH,TIMETABLE
TRN-007648,GOODS,C18,2026-09-24,03:27,03:59,MEDIUM,GOODS_FORECAST
TRN-007649,SUPERFAST,C01,2026-09-22,18:57,19:12,HIGH,TIMETABLE
TRN-007650,EXPRESS,C08,2026-09-17,10:59,11:10,HIGH,TIMETABLE
TRN-007651,GOODS,C05,2026-09-24,18:15,18:57,MEDIUM,GOODS_FORECAST
TRN-007652,EXPRESS,C19,2026-09-18,05:39,05:59,HIGH,TIMETABLE
TRN-007653,EXPRESS,C12,2026-09-08,15:51,16:03,HIGH,TIMETABLE
TRN-007654,GOODS,C14,2026-09-25,10:03,10:34,MEDIUM,GOODS_FORECAST
TRN-007655,PASSENGER,C08,2026-09-07,01:08,01:32,HIGH,TIMETABLE
TRN-007656,SUPERFAST,C13,2026-09-14,14:12,14:37,HIGH,TIMETABLE
TRN-007657,PASSENGER,C13,2026-09-07,07:57,08:09,HIGH,TIMETABLE
TRN-007658,PASSENGER,C03,2026-09-23,14:42,14:54,HIGH,TIMETABLE
TRN-007659,GOODS,C19,2026-09-11,11:30,12:09,MEDIUM,GOODS_FORECAST
TRN-007660,PASSENGER,C08,2026-09-16,07:00,07:13,HIGH,TIMETABLE
TRN-007661,GOODS,C09,2026-09-22,01:56,02:35,MEDIUM,GOODS_FORECAST
TRN-007662,EXPRESS,C20,2026-09-03,15:55,16:05,HIGH,TIMETABLE
TRN-007663,SUPERFAST,C07,2026-09-16,19:31,20:01,HIGH,TIMETABLE
TRN-007664,SUPERFAST,C01,2026-09-14,03:19,03:46,HIGH,TIMETABLE
TRN-007665,EXPRESS,C02,2026-09-29,00:29,00:48,HIGH,TIMETABLE
TRN-007666,GOODS,C12,2026-09-17,04:25,04:52,MEDIUM,GOODS_FORECAST
TRN-007667,EXPRESS,C04,2026-09-13,06:13,06:31,HIGH,TIMETABLE
TRN-007668,EXPRESS,C10,2026-09-05,10:11,10:34,HIGH,TIMETABLE
TRN-007669,EXPRESS,C16,2026-09-08,05:01,05:22,HIGH,TIMETABLE
TRN-007670,GOODS,C11,2026-09-02,14:29,15:15,MEDIUM,GOODS_FORECAST
TRN-007671,GOODS,C19,2026-09-22,20:40,21:06,MEDIUM,GOODS_FORECAST
TRN-007672,PASSENGER,C08,2026-09-13,15:03,15:16,HIGH,TIMETABLE
TRN-007673,PASSENGER,C15,2026-09-06,01:10,01:31,HIGH,TIMETABLE
TRN-007674,EXPRESS,C20,2026-09-01,07:59,08:19,HIGH,TIMETABLE
TRN-007675,SUPERFAST,C11,2026-09-01,18:20,18:33,HIGH,TIMETABLE
TRN-007676,EXPRESS,C14,2026-09-18,08:58,09:16,HIGH,TIMETABLE
TRN-007677,PASSENGER,C11,2026-09-23,15:14,15:26,HIGH,TIMETABLE
TRN-007678,GOODS,C15,2026-09-09,10:02,10:38,MEDIUM,GOODS_FORECAST
TRN-007679,PASSENGER,C11,2026-09-09,01:53,02:14,HIGH,TIMETABLE
TRN-007680,GOODS,C12,2026-09-30,23:34,00:19,MEDIUM,GOODS_FORECAST
TRN-007681,EXPRESS,C09,2026-09-01,19:15,19:30,HIGH,TIMETABLE
TRN-007682,PASSENGER,C13,2026-09-21,17:00,17:20,HIGH,TIMETABLE
TRN-007683,SUPERFAST,C20,2026-09-22,08:17,08:28,HIGH,TIMETABLE
TRN-007684,GOODS,C01,2026-09-03,07:38,08:19,MEDIUM,GOODS_FORECAST
TRN-007685,GOODS,C03,2026-09-10,01:08,01:55,MEDIUM,GOODS_FORECAST
TRN-007686,SUPERFAST,C18,2026-09-02,13:13,13:43,HIGH,TIMETABLE
TRN-007687,EXPRESS,C19,2026-09-03,08:41,08:59,HIGH,TIMETABLE
TRN-007688,GOODS,C12,2026-09-10,17:43,18:24,MEDIUM,GOODS_FORECAST
TRN-007689,PASSENGER,C02,2026-09-01,01:22,01:41,HIGH,TIMETABLE
TRN-007690,PASSENGER,C10,2026-09-23,14:04,14:22,HIGH,TIMETABLE
TRN-007691,GOODS,C09,2026-09-20,15:46,16:35,MEDIUM,GOODS_FORECAST
TRN-007692,EXPRESS,C07,2026-09-10,18:16,18:40,HIGH,TIMETABLE
TRN-007693,EXPRESS,C12,2026-09-14,00:38,00:57,HIGH,TIMETABLE
TRN-007694,GOODS,C18,2026-09-19,20:39,21:13,MEDIUM,GOODS_FORECAST
TRN-007695,GOODS,C13,2026-09-14,04:35,05:20,MEDIUM,GOODS_FORECAST
TRN-007696,EXPRESS,C02,2026-09-03,06:34,07:00,HIGH,TIMETABLE
TRN-007697,PASSENGER,C16,2026-09-20,11:18,11:30,HIGH,TIMETABLE
TRN-007698,PASSENGER,C17,2026-09-04,05:49,06:02,HIGH,TIMETABLE
TRN-007699,SUPERFAST,C13,2026-09-12,06:02,06:23,HIGH,TIMETABLE
TRN-007700,PASSENGER,C04,2026-09-12,19:19,19:39,HIGH,TIMETABLE
TRN-007701,SUPERFAST,C10,2026-09-08,03:42,04:02,HIGH,TIMETABLE
TRN-007702,GOODS,C15,2026-09-28,02:24,03:20,MEDIUM,GOODS_FORECAST
TRN-007703,PASSENGER,C14,2026-09-22,09:22,09:47,HIGH,TIMETABLE
TRN-007704,GOODS,C16,2026-09-28,22:34,23:23,MEDIUM,GOODS_FORECAST
TRN-007705,GOODS,C04,2026-09-21,01:21,02:00,MEDIUM,GOODS_FORECAST
TRN-007706,SUPERFAST,C06,2026-09-23,08:26,08:39,HIGH,TIMETABLE
TRN-007707,EXPRESS,C13,2026-09-16,01:58,02:13,HIGH,TIMETABLE
TRN-007708,EXPRESS,C13,2026-09-04,14:06,14:32,HIGH,TIMETABLE
TRN-007709,PASSENGER,C10,2026-09-09,12:57,13:20,HIGH,TIMETABLE
TRN-007710,PASSENGER,C17,2026-09-20,06:08,06:26,HIGH,TIMETABLE
TRN-007711,SUPERFAST,C03,2026-09-22,18:30,18:47,HIGH,TIMETABLE
TRN-007712,PASSENGER,C03,2026-09-28,03:00,03:17,HIGH,TIMETABLE
TRN-007713,GOODS,C05,2026-09-09,23:18,00:00,MEDIUM,GOODS_FORECAST
TRN-007714,SUPERFAST,C20,2026-09-27,05:21,05:49,HIGH,TIMETABLE
TRN-007715,EXPRESS,C11,2026-09-19,03:09,03:27,HIGH,TIMETABLE
TRN-007716,GOODS,C10,2026-09-17,19:38,20:22,MEDIUM,GOODS_FORECAST
TRN-007717,PASSENGER,C01,2026-09-19,22:32,22:51,HIGH,TIMETABLE
TRN-007718,EXPRESS,C18,2026-09-09,13:49,14:06,HIGH,TIMETABLE
TRN-007719,GOODS,C19,2026-09-05,21:59,22:42,MEDIUM,GOODS_FORECAST
TRN-007720,EXPRESS,C17,2026-09-16,19:07,19:17,HIGH,TIMETABLE
TRN-007721,SUPERFAST,C16,2026-09-25,08:19,08:44,HIGH,TIMETABLE
TRN-007722,EXPRESS,C16,2026-09-14,08:41,09:09,HIGH,TIMETABLE
TRN-007723,EXPRESS,C07,2026-09-15,18:07,18:18,HIGH,TIMETABLE
TRN-007724,PASSENGER,C09,2026-09-28,05:03,05:24,HIGH,TIMETABLE
TRN-007725,PASSENGER,C04,2026-09-28,18:21,18:45,HIGH,TIMETABLE
TRN-007726,PASSENGER,C05,2026-09-28,18:22,18:46,HIGH,TIMETABLE
TRN-007727,PASSENGER,C14,2026-09-26,15:37,16:00,HIGH,TIMETABLE
TRN-007728,EXPRESS,C13,2026-09-25,01:57,02:26,HIGH,TIMETABLE
TRN-007729,PASSENGER,C04,2026-09-20,06:28,06:49,HIGH,TIMETABLE
TRN-007730,PASSENGER,C09,2026-09-05,11:41,11:57,HIGH,TIMETABLE
TRN-007731,PASSENGER,C14,2026-09-28,19:46,20:11,HIGH,TIMETABLE
TRN-007732,GOODS,C01,2026-09-17,12:07,12:58,MEDIUM,GOODS_FORECAST
TRN-007733,SUPERFAST,C15,2026-09-11,19:37,19:50,HIGH,TIMETABLE
TRN-007734,PASSENGER,C12,2026-09-28,22:16,22:39,HIGH,TIMETABLE
TRN-007735,SUPERFAST,C07,2026-09-26,20:10,20:40,HIGH,TIMETABLE
TRN-007736,SUPERFAST,C14,2026-09-16,01:35,01:54,HIGH,TIMETABLE
TRN-007737,GOODS,C15,2026-09-16,16:25,16:57,MEDIUM,GOODS_FORECAST
TRN-007738,PASSENGER,C12,2026-09-26,15:22,15:46,HIGH,TIMETABLE
TRN-007739,GOODS,C02,2026-09-05,12:27,12:53,MEDIUM,GOODS_FORECAST
TRN-007740,SUPERFAST,C12,2026-09-12,09:37,09:55,HIGH,TIMETABLE
TRN-007741,SUPERFAST,C02,2026-09-21,21:11,21:40,HIGH,TIMETABLE
TRN-007742,GOODS,C11,2026-09-15,11:03,11:36,MEDIUM,GOODS_FORECAST
TRN-007743,EXPRESS,C07,2026-09-16,08:49,09:07,HIGH,TIMETABLE
TRN-007744,GOODS,C18,2026-09-09,12:11,12:57,MEDIUM,GOODS_FORECAST
TRN-007745,SUPERFAST,C16,2026-09-13,22:58,23:21,HIGH,TIMETABLE
TRN-007746,PASSENGER,C11,2026-09-23,09:16,09:31,HIGH,TIMETABLE
TRN-007747,PASSENGER,C11,2026-09-01,19:17,19:37,HIGH,TIMETABLE
TRN-007748,GOODS,C01,2026-09-22,15:20,15:55,MEDIUM,GOODS_FORECAST
TRN-007749,EXPRESS,C16,2026-09-05,18:01,18:31,HIGH,TIMETABLE
TRN-007750,SUPERFAST,C05,2026-09-16,13:16,13:44,HIGH,TIMETABLE
TRN-007751,PASSENGER,C17,2026-09-29,18:59,19:24,HIGH,TIMETABLE
TRN-007752,PASSENGER,C18,2026-09-19,09:18,09:33,HIGH,TIMETABLE
TRN-007753,SUPERFAST,C14,2026-09-27,13:45,13:55,HIGH,TIMETABLE
TRN-007754,PASSENGER,C14,2026-09-26,20:49,20:59,HIGH,TIMETABLE
TRN-007755,SUPERFAST,C06,2026-09-25,15:51,16:14,HIGH,TIMETABLE
TRN-007756,SUPERFAST,C10,2026-09-09,18:27,18:42,HIGH,TIMETABLE
TRN-007757,SUPERFAST,C20,2026-09-27,09:44,10:00,HIGH,TIMETABLE
TRN-007758,SUPERFAST,C02,2026-09-02,16:27,16:56,HIGH,TIMETABLE
TRN-007759,GOODS,C04,2026-09-14,12:06,12:45,MEDIUM,GOODS_FORECAST
TRN-007760,EXPRESS,C15,2026-09-22,17:56,18:14,HIGH,TIMETABLE
TRN-007761,PASSENGER,C16,2026-09-04,14:20,14:39,HIGH,TIMETABLE
TRN-007762,EXPRESS,C03,2026-09-19,03:48,04:10,HIGH,TIMETABLE
TRN-007763,PASSENGER,C14,2026-09-19,11:23,11:33,HIGH,TIMETABLE
TRN-007764,GOODS,C16,2026-09-26,05:55,06:41,MEDIUM,GOODS_FORECAST
TRN-007765,SUPERFAST,C12,2026-09-02,03:22,03:44,HIGH,TIMETABLE
TRN-007766,SUPERFAST,C12,2026-09-14,20:55,21:20,HIGH,TIMETABLE
TRN-007767,EXPRESS,C16,2026-09-20,17:23,17:37,HIGH,TIMETABLE
TRN-007768,PASSENGER,C16,2026-09-22,01:34,01:44,HIGH,TIMETABLE
TRN-007769,EXPRESS,C07,2026-09-07,10:30,10:58,HIGH,TIMETABLE
TRN-007770,PASSENGER,C07,2026-09-25,16:23,16:42,HIGH,TIMETABLE
TRN-007771,PASSENGER,C14,2026-09-19,05:59,06:17,HIGH,TIMETABLE
TRN-007772,SUPERFAST,C04,2026-09-18,00:07,00:19,HIGH,TIMETABLE
TRN-007773,SUPERFAST,C19,2026-09-21,12:01,12:30,HIGH,TIMETABLE
TRN-007774,SUPERFAST,C04,2026-09-21,23:41,23:56,HIGH,TIMETABLE
TRN-007775,EXPRESS,C10,2026-09-14,08:58,09:09,HIGH,TIMETABLE
TRN-007776,PASSENGER,C04,2026-09-18,05:18,05:42,HIGH,TIMETABLE
TRN-007777,GOODS,C04,2026-09-09,14:50,15:37,MEDIUM,GOODS_FORECAST
TRN-007778,EXPRESS,C04,2026-09-03,22:18,22:32,HIGH,TIMETABLE
TRN-007779,PASSENGER,C07,2026-09-27,07:52,08:03,HIGH,TIMETABLE
TRN-007780,GOODS,C20,2026-09-13,14:45,15:37,MEDIUM,GOODS_FORECAST
TRN-007781,SUPERFAST,C09,2026-09-05,07:24,07:52,HIGH,TIMETABLE
TRN-007782,GOODS,C10,2026-09-27,06:26,07:26,MEDIUM,GOODS_FORECAST
TRN-007783,SUPERFAST,C16,2026-09-12,23:04,23:23,HIGH,TIMETABLE
TRN-007784,GOODS,C17,2026-09-17,10:14,11:03,MEDIUM,GOODS_FORECAST
TRN-007785,PASSENGER,C16,2026-09-08,10:27,10:47,HIGH,TIMETABLE
TRN-007786,PASSENGER,C08,2026-09-01,06:07,06:31,HIGH,TIMETABLE
TRN-007787,EXPRESS,C05,2026-09-22,02:42,03:06,HIGH,TIMETABLE
TRN-007788,EXPRESS,C03,2026-09-13,05:24,05:45,HIGH,TIMETABLE
TRN-007789,PASSENGER,C11,2026-09-12,06:45,07:00,HIGH,TIMETABLE
TRN-007790,EXPRESS,C20,2026-09-20,04:58,05:16,HIGH,TIMETABLE
TRN-007791,GOODS,C10,2026-09-22,23:59,00:56,MEDIUM,GOODS_FORECAST
TRN-007792,PASSENGER,C15,2026-09-05,13:28,13:52,HIGH,TIMETABLE
TRN-007793,SUPERFAST,C16,2026-09-19,08:12,08:38,HIGH,TIMETABLE
TRN-007794,GOODS,C17,2026-09-19,09:09,09:39,MEDIUM,GOODS_FORECAST
TRN-007795,GOODS,C17,2026-09-14,15:06,15:41,MEDIUM,GOODS_FORECAST
TRN-007796,EXPRESS,C16,2026-09-09,16:59,17:26,HIGH,TIMETABLE
TRN-007797,EXPRESS,C20,2026-09-03,01:46,02:05,HIGH,TIMETABLE
TRN-007798,PASSENGER,C13,2026-09-23,05:38,06:00,HIGH,TIMETABLE
TRN-007799,GOODS,C13,2026-09-11,06:14,06:57,MEDIUM,GOODS_FORECAST
TRN-007800,PASSENGER,C11,2026-09-16,07:31,07:43,HIGH,TIMETABLE
TRN-007801,SUPERFAST,C02,2026-09-05,00:37,00:56,HIGH,TIMETABLE
TRN-007802,PASSENGER,C03,2026-09-23,00:16,00:40,HIGH,TIMETABLE
TRN-007803,GOODS,C19,2026-09-03,04:35,05:17,MEDIUM,GOODS_FORECAST
TRN-007804,PASSENGER,C08,2026-09-15,01:55,02:10,HIGH,TIMETABLE
TRN-007805,EXPRESS,C15,2026-09-17,03:24,03:43,HIGH,TIMETABLE
TRN-007806,SUPERFAST,C08,2026-09-26,12:12,12:32,HIGH,TIMETABLE
TRN-007807,PASSENGER,C19,2026-09-07,12:37,12:53,HIGH,TIMETABLE
TRN-007808,GOODS,C03,2026-09-01,03:53,04:38,MEDIUM,GOODS_FORECAST
TRN-007809,EXPRESS,C12,2026-09-13,15:07,15:24,HIGH,TIMETABLE
TRN-007810,GOODS,C03,2026-09-27,07:28,08:23,MEDIUM,GOODS_FORECAST
TRN-007811,PASSENGER,C02,2026-09-24,23:48,00:00,HIGH,TIMETABLE
TRN-007812,GOODS,C15,2026-09-09,19:21,19:58,MEDIUM,GOODS_FORECAST
TRN-007813,PASSENGER,C15,2026-09-12,14:09,14:19,HIGH,TIMETABLE
TRN-007814,GOODS,C08,2026-09-01,06:18,06:49,MEDIUM,GOODS_FORECAST
TRN-007815,SUPERFAST,C15,2026-09-07,15:28,15:44,HIGH,TIMETABLE
TRN-007816,PASSENGER,C20,2026-09-16,21:37,21:48,HIGH,TIMETABLE
TRN-007817,PASSENGER,C01,2026-09-04,22:32,22:51,HIGH,TIMETABLE
TRN-007818,EXPRESS,C14,2026-09-06,02:37,03:04,HIGH,TIMETABLE
TRN-007819,SUPERFAST,C06,2026-09-30,05:26,05:44,HIGH,TIMETABLE
TRN-007820,PASSENGER,C01,2026-09-14,02:38,02:54,HIGH,TIMETABLE
TRN-007821,EXPRESS,C11,2026-09-09,23:38,00:06,HIGH,TIMETABLE
TRN-007822,EXPRESS,C13,2026-09-02,05:50,06:20,HIGH,TIMETABLE
TRN-007823,PASSENGER,C03,2026-09-09,08:31,08:51,HIGH,TIMETABLE
TRN-007824,EXPRESS,C02,2026-09-27,09:26,09:51,HIGH,TIMETABLE
TRN-007825,PASSENGER,C18,2026-09-23,01:03,01:14,HIGH,TIMETABLE
TRN-007826,GOODS,C11,2026-09-02,02:49,03:34,MEDIUM,GOODS_FORECAST
TRN-007827,SUPERFAST,C03,2026-09-23,03:50,04:18,HIGH,TIMETABLE
TRN-007828,GOODS,C20,2026-09-30,21:24,22:15,MEDIUM,GOODS_FORECAST
TRN-007829,PASSENGER,C05,2026-09-16,13:51,14:07,HIGH,TIMETABLE
TRN-007830,SUPERFAST,C09,2026-09-26,16:52,17:17,HIGH,TIMETABLE
TRN-007831,SUPERFAST,C14,2026-09-02,11:10,11:28,HIGH,TIMETABLE
TRN-007832,GOODS,C11,2026-09-13,05:06,05:51,MEDIUM,GOODS_FORECAST
TRN-007833,EXPRESS,C01,2026-09-27,09:19,09:34,HIGH,TIMETABLE
TRN-007834,PASSENGER,C13,2026-09-28,08:54,09:05,HIGH,TIMETABLE
TRN-007835,EXPRESS,C09,2026-09-22,23:37,00:03,HIGH,TIMETABLE
TRN-007836,EXPRESS,C04,2026-09-25,16:47,17:07,HIGH,TIMETABLE
TRN-007837,GOODS,C04,2026-09-24,17:41,18:16,MEDIUM,GOODS_FORECAST
TRN-007838,EXPRESS,C16,2026-09-04,03:57,04:16,HIGH,TIMETABLE
TRN-007839,EXPRESS,C04,2026-09-13,01:53,02:14,HIGH,TIMETABLE
TRN-007840,GOODS,C01,2026-09-03,19:22,20:18,MEDIUM,GOODS_FORECAST
TRN-007841,SUPERFAST,C11,2026-09-12,16:43,16:54,HIGH,TIMETABLE
TRN-007842,EXPRESS,C13,2026-09-16,18:43,19:05,HIGH,TIMETABLE
TRN-007843,GOODS,C11,2026-09-29,01:35,02:16,MEDIUM,GOODS_FORECAST
TRN-007844,PASSENGER,C10,2026-09-03,10:12,10:30,HIGH,TIMETABLE
TRN-007845,SUPERFAST,C20,2026-09-30,08:53,09:07,HIGH,TIMETABLE
TRN-007846,SUPERFAST,C16,2026-09-26,21:28,21:38,HIGH,TIMETABLE
TRN-007847,EXPRESS,C02,2026-09-23,11:49,12:00,HIGH,TIMETABLE
TRN-007848,PASSENGER,C04,2026-09-08,14:57,15:20,HIGH,TIMETABLE
TRN-007849,GOODS,C06,2026-09-14,17:24,18:05,MEDIUM,GOODS_FORECAST
TRN-007850,GOODS,C15,2026-09-02,10:00,10:34,MEDIUM,GOODS_FORECAST
TRN-007851,PASSENGER,C14,2026-09-24,19:13,19:26,HIGH,TIMETABLE
TRN-007852,PASSENGER,C01,2026-09-15,13:02,13:14,HIGH,TIMETABLE
TRN-007853,EXPRESS,C01,2026-09-02,14:38,15:05,HIGH,TIMETABLE
TRN-007854,PASSENGER,C09,2026-09-08,14:32,14:53,HIGH,TIMETABLE
TRN-007855,EXPRESS,C05,2026-09-22,07:42,08:11,HIGH,TIMETABLE
TRN-007856,SUPERFAST,C15,2026-09-13,14:01,14:14,HIGH,TIMETABLE
TRN-007857,SUPERFAST,C11,2026-09-09,04:08,04:32,HIGH,TIMETABLE
TRN-007858,SUPERFAST,C11,2026-09-02,00:59,01:24,HIGH,TIMETABLE
TRN-007859,EXPRESS,C03,2026-09-23,15:36,15:57,HIGH,TIMETABLE
TRN-007860,SUPERFAST,C04,2026-09-23,18:19,18:29,HIGH,TIMETABLE
TRN-007861,PASSENGER,C15,2026-09-30,16:09,16:27,HIGH,TIMETABLE
TRN-007862,PASSENGER,C10,2026-09-12,12:22,12:46,HIGH,TIMETABLE
TRN-007863,EXPRESS,C17,2026-09-21,14:36,15:01,HIGH,TIMETABLE
TRN-007864,EXPRESS,C02,2026-09-14,14:36,15:01,HIGH,TIMETABLE
TRN-007865,PASSENGER,C03,2026-09-20,05:26,05:41,HIGH,TIMETABLE
TRN-007866,EXPRESS,C08,2026-09-10,20:00,20:13,HIGH,TIMETABLE
TRN-007867,PASSENGER,C01,2026-09-21,20:12,20:26,HIGH,TIMETABLE
TRN-007868,PASSENGER,C06,2026-09-15,06:01,06:22,HIGH,TIMETABLE
TRN-007869,SUPERFAST,C18,2026-09-08,06:41,07:04,HIGH,TIMETABLE
TRN-007870,GOODS,C15,2026-09-30,09:34,10:02,MEDIUM,GOODS_FORECAST
TRN-007871,GOODS,C19,2026-09-04,05:49,06:16,MEDIUM,GOODS_FORECAST
TRN-007872,PASSENGER,C19,2026-09-26,09:08,09:27,HIGH,TIMETABLE
TRN-007873,SUPERFAST,C13,2026-09-19,18:12,18:39,HIGH,TIMETABLE
TRN-007874,PASSENGER,C06,2026-09-22,05:38,05:58,HIGH,TIMETABLE
TRN-007875,SUPERFAST,C05,2026-09-02,18:09,18:25,HIGH,TIMETABLE
TRN-007876,EXPRESS,C01,2026-09-28,19:05,19:32,HIGH,TIMETABLE
TRN-007877,PASSENGER,C12,2026-09-16,22:27,22:38,HIGH,TIMETABLE
TRN-007878,SUPERFAST,C13,2026-09-28,22:09,22:24,HIGH,TIMETABLE
TRN-007879,SUPERFAST,C13,2026-09-23,08:13,08:37,HIGH,TIMETABLE
TRN-007880,PASSENGER,C12,2026-09-30,11:30,11:51,HIGH,TIMETABLE
TRN-007881,GOODS,C20,2026-09-04,10:51,11:23,MEDIUM,GOODS_FORECAST
TRN-007882,EXPRESS,C13,2026-09-25,02:37,03:00,HIGH,TIMETABLE
TRN-007883,SUPERFAST,C05,2026-09-19,13:51,14:12,HIGH,TIMETABLE
TRN-007884,EXPRESS,C13,2026-09-30,06:34,06:56,HIGH,TIMETABLE
TRN-007885,GOODS,C02,2026-09-05,12:16,12:56,MEDIUM,GOODS_FORECAST
TRN-007886,GOODS,C13,2026-09-17,16:39,17:16,MEDIUM,GOODS_FORECAST
TRN-007887,GOODS,C02,2026-09-20,05:03,05:39,MEDIUM,GOODS_FORECAST
TRN-007888,PASSENGER,C09,2026-09-12,01:34,01:44,HIGH,TIMETABLE
TRN-007889,EXPRESS,C09,2026-09-01,20:54,21:18,HIGH,TIMETABLE
TRN-007890,EXPRESS,C15,2026-09-27,06:58,07:28,HIGH,TIMETABLE
TRN-007891,GOODS,C16,2026-09-30,03:18,04:17,MEDIUM,GOODS_FORECAST
TRN-007892,GOODS,C10,2026-09-29,04:00,04:28,MEDIUM,GOODS_FORECAST
TRN-007893,GOODS,C01,2026-09-14,13:17,14:02,MEDIUM,GOODS_FORECAST
TRN-007894,EXPRESS,C17,2026-09-10,08:13,08:41,HIGH,TIMETABLE
TRN-007895,PASSENGER,C01,2026-09-25,00:11,00:29,HIGH,TIMETABLE
TRN-007896,EXPRESS,C08,2026-09-23,10:41,11:11,HIGH,TIMETABLE
TRN-007897,SUPERFAST,C01,2026-09-23,18:12,18:41,HIGH,TIMETABLE
TRN-007898,SUPERFAST,C16,2026-09-29,01:18,01:40,HIGH,TIMETABLE
TRN-007899,PASSENGER,C08,2026-09-16,12:43,12:53,HIGH,TIMETABLE
TRN-007900,PASSENGER,C15,2026-09-29,20:50,21:01,HIGH,TIMETABLE
TRN-007901,SUPERFAST,C11,2026-09-24,18:55,19:12,HIGH,TIMETABLE
TRN-007902,PASSENGER,C16,2026-09-01,04:19,04:44,HIGH,TIMETABLE
TRN-007903,SUPERFAST,C19,2026-09-01,05:27,05:51,HIGH,TIMETABLE
TRN-007904,EXPRESS,C12,2026-09-04,06:25,06:35,HIGH,TIMETABLE
TRN-007905,SUPERFAST,C02,2026-09-11,21:31,21:42,HIGH,TIMETABLE
TRN-007906,GOODS,C04,2026-09-29,21:16,22:15,MEDIUM,GOODS_FORECAST
TRN-007907,GOODS,C11,2026-09-30,16:45,17:31,MEDIUM,GOODS_FORECAST
TRN-007908,PASSENGER,C07,2026-09-29,18:30,18:40,HIGH,TIMETABLE
TRN-007909,EXPRESS,C06,2026-09-16,10:29,10:39,HIGH,TIMETABLE
TRN-007910,EXPRESS,C17,2026-09-06,17:06,17:26,HIGH,TIMETABLE
TRN-007911,SUPERFAST,C15,2026-09-06,11:45,12:05,HIGH,TIMETABLE
TRN-007912,PASSENGER,C01,2026-09-12,23:40,23:54,HIGH,TIMETABLE
TRN-007913,GOODS,C12,2026-09-03,10:54,11:42,MEDIUM,GOODS_FORECAST
TRN-007914,GOODS,C04,2026-09-07,11:14,11:49,MEDIUM,GOODS_FORECAST
TRN-007915,PASSENGER,C03,2026-09-03,14:56,15:21,HIGH,TIMETABLE
TRN-007916,SUPERFAST,C12,2026-09-01,12:20,12:33,HIGH,TIMETABLE
TRN-007917,PASSENGER,C20,2026-09-24,23:36,23:49,HIGH,TIMETABLE
TRN-007918,GOODS,C09,2026-09-03,17:30,17:56,MEDIUM,GOODS_FORECAST
TRN-007919,EXPRESS,C03,2026-09-27,09:52,10:05,HIGH,TIMETABLE
TRN-007920,PASSENGER,C01,2026-09-16,08:48,08:59,HIGH,TIMETABLE
TRN-007921,GOODS,C12,2026-09-03,11:18,12:10,MEDIUM,GOODS_FORECAST
TRN-007922,EXPRESS,C07,2026-09-07,05:15,05:40,HIGH,TIMETABLE
TRN-007923,EXPRESS,C20,2026-09-05,13:03,13:30,HIGH,TIMETABLE
TRN-007924,EXPRESS,C19,2026-09-09,15:17,15:34,HIGH,TIMETABLE
TRN-007925,EXPRESS,C20,2026-09-07,01:26,01:54,HIGH,TIMETABLE
TRN-007926,GOODS,C12,2026-09-06,06:57,07:25,MEDIUM,GOODS_FORECAST
TRN-007927,EXPRESS,C02,2026-09-12,14:05,14:21,HIGH,TIMETABLE
TRN-007928,EXPRESS,C02,2026-09-15,02:45,02:59,HIGH,TIMETABLE
TRN-007929,PASSENGER,C04,2026-09-07,16:17,16:33,HIGH,TIMETABLE
TRN-007930,SUPERFAST,C10,2026-09-20,02:57,03:11,HIGH,TIMETABLE
TRN-007931,SUPERFAST,C18,2026-09-27,02:22,02:50,HIGH,TIMETABLE
TRN-007932,PASSENGER,C14,2026-09-13,19:44,20:03,HIGH,TIMETABLE
TRN-007933,GOODS,C14,2026-09-10,07:05,07:57,MEDIUM,GOODS_FORECAST
TRN-007934,PASSENGER,C07,2026-09-03,22:27,22:46,HIGH,TIMETABLE
TRN-007935,GOODS,C11,2026-09-23,20:20,21:02,MEDIUM,GOODS_FORECAST
TRN-007936,EXPRESS,C14,2026-09-18,04:00,04:21,HIGH,TIMETABLE
TRN-007937,PASSENGER,C18,2026-09-19,10:54,11:07,HIGH,TIMETABLE
TRN-007938,GOODS,C13,2026-09-23,07:56,08:27,MEDIUM,GOODS_FORECAST
TRN-007939,EXPRESS,C20,2026-09-18,19:45,20:10,HIGH,TIMETABLE
TRN-007940,GOODS,C08,2026-09-08,22:59,23:26,MEDIUM,GOODS_FORECAST
TRN-007941,PASSENGER,C01,2026-09-09,05:18,05:34,HIGH,TIMETABLE
TRN-007942,PASSENGER,C08,2026-09-23,17:41,17:58,HIGH,TIMETABLE
TRN-007943,PASSENGER,C19,2026-09-13,00:08,00:22,HIGH,TIMETABLE
TRN-007944,PASSENGER,C20,2026-09-24,22:29,22:43,HIGH,TIMETABLE
TRN-007945,EXPRESS,C09,2026-09-01,00:49,01:08,HIGH,TIMETABLE
TRN-007946,PASSENGER,C18,2026-09-30,14:51,15:13,HIGH,TIMETABLE
TRN-007947,EXPRESS,C10,2026-09-15,01:22,01:47,HIGH,TIMETABLE
TRN-007948,SUPERFAST,C13,2026-09-02,05:28,05:52,HIGH,TIMETABLE
TRN-007949,PASSENGER,C17,2026-09-20,14:17,14:40,HIGH,TIMETABLE
TRN-007950,PASSENGER,C17,2026-09-01,12:10,12:26,HIGH,TIMETABLE
TRN-007951,GOODS,C16,2026-09-07,18:05,18:33,MEDIUM,GOODS_FORECAST
TRN-007952,GOODS,C17,2026-09-05,06:52,07:29,MEDIUM,GOODS_FORECAST
TRN-007953,GOODS,C02,2026-09-19,15:42,16:08,MEDIUM,GOODS_FORECAST
TRN-007954,PASSENGER,C19,2026-09-18,05:47,06:06,HIGH,TIMETABLE
TRN-007955,EXPRESS,C02,2026-09-21,23:27,23:51,HIGH,TIMETABLE
TRN-007956,EXPRESS,C17,2026-09-23,13:31,13:45,HIGH,TIMETABLE
TRN-007957,PASSENGER,C19,2026-09-17,22:32,22:55,HIGH,TIMETABLE
TRN-007958,GOODS,C13,2026-09-15,18:00,18:36,MEDIUM,GOODS_FORECAST
TRN-007959,EXPRESS,C03,2026-09-29,14:27,14:54,HIGH,TIMETABLE
TRN-007960,GOODS,C13,2026-09-01,00:28,01:17,MEDIUM,GOODS_FORECAST
TRN-007961,SUPERFAST,C13,2026-09-28,17:12,17:38,HIGH,TIMETABLE
TRN-007962,PASSENGER,C06,2026-09-16,20:04,20:15,HIGH,TIMETABLE
TRN-007963,PASSENGER,C06,2026-09-12,05:51,06:09,HIGH,TIMETABLE
TRN-007964,EXPRESS,C17,2026-09-30,00:47,01:10,HIGH,TIMETABLE
TRN-007965,EXPRESS,C03,2026-09-22,15:20,15:49,HIGH,TIMETABLE
TRN-007966,PASSENGER,C10,2026-09-04,22:43,23:07,HIGH,TIMETABLE
TRN-007967,GOODS,C15,2026-09-01,07:24,07:56,MEDIUM,GOODS_FORECAST
TRN-007968,PASSENGER,C02,2026-09-17,07:14,07:32,HIGH,TIMETABLE
TRN-007969,EXPRESS,C01,2026-09-20,18:38,18:59,HIGH,TIMETABLE
TRN-007970,GOODS,C09,2026-09-09,18:06,19:00,MEDIUM,GOODS_FORECAST
TRN-007971,EXPRESS,C02,2026-09-27,09:16,09:43,HIGH,TIMETABLE
TRN-007972,PASSENGER,C09,2026-09-14,10:51,11:13,HIGH,TIMETABLE
TRN-007973,GOODS,C15,2026-09-30,21:39,22:12,MEDIUM,GOODS_FORECAST
TRN-007974,EXPRESS,C06,2026-09-04,07:23,07:35,HIGH,TIMETABLE
TRN-007975,SUPERFAST,C17,2026-09-23,01:00,01:23,HIGH,TIMETABLE
TRN-007976,SUPERFAST,C14,2026-09-10,01:54,02:14,HIGH,TIMETABLE
TRN-007977,GOODS,C20,2026-09-29,19:43,20:38,MEDIUM,GOODS_FORECAST
TRN-007978,SUPERFAST,C10,2026-09-08,21:51,22:01,HIGH,TIMETABLE
TRN-007979,EXPRESS,C18,2026-09-01,23:59,00:15,HIGH,TIMETABLE
TRN-007980,EXPRESS,C06,2026-09-30,21:55,22:15,HIGH,TIMETABLE
TRN-007981,SUPERFAST,C08,2026-09-15,03:38,03:52,HIGH,TIMETABLE
TRN-007982,EXPRESS,C17,2026-09-17,16:56,17:06,HIGH,TIMETABLE
TRN-007983,PASSENGER,C03,2026-09-11,10:55,11:20,HIGH,TIMETABLE
TRN-007984,EXPRESS,C04,2026-09-08,21:33,21:57,HIGH,TIMETABLE
TRN-007985,PASSENGER,C03,2026-09-10,05:42,05:55,HIGH,TIMETABLE
TRN-007986,GOODS,C11,2026-09-13,04:41,05:23,MEDIUM,GOODS_FORECAST
TRN-007987,EXPRESS,C20,2026-09-09,08:36,08:53,HIGH,TIMETABLE
TRN-007988,PASSENGER,C04,2026-09-16,18:35,18:50,HIGH,TIMETABLE
TRN-007989,EXPRESS,C02,2026-09-12,22:09,22:38,HIGH,TIMETABLE
TRN-007990,EXPRESS,C14,2026-09-05,01:05,01:31,HIGH,TIMETABLE
TRN-007991,PASSENGER,C01,2026-09-30,15:02,15:20,HIGH,TIMETABLE
TRN-007992,SUPERFAST,C13,2026-09-09,00:27,00:40,HIGH,TIMETABLE
TRN-007993,PASSENGER,C15,2026-09-10,13:52,14:14,HIGH,TIMETABLE
TRN-007994,PASSENGER,C20,2026-09-20,23:49,00:14,HIGH,TIMETABLE
TRN-007995,EXPRESS,C11,2026-09-27,14:35,14:55,HIGH,TIMETABLE
TRN-007996,SUPERFAST,C11,2026-09-29,11:43,12:02,HIGH,TIMETABLE
TRN-007997,PASSENGER,C11,2026-09-18,14:24,14:46,HIGH,TIMETABLE
TRN-007998,EXPRESS,C20,2026-09-06,19:32,20:01,HIGH,TIMETABLE
TRN-007999,PASSENGER,C15,2026-09-06,04:37,05:00,HIGH,TIMETABLE
TRN-008000,EXPRESS,C09,2026-09-02,14:47,14:57,HIGH,TIMETABLE
TRN-008001,PASSENGER,C09,2026-09-04,07:46,08:01,HIGH,TIMETABLE
TRN-008002,EXPRESS,C08,2026-09-18,13:53,14:20,HIGH,TIMETABLE
TRN-008003,EXPRESS,C08,2026-09-20,04:36,04:52,HIGH,TIMETABLE
TRN-008004,GOODS,C20,2026-09-17,13:19,13:52,MEDIUM,GOODS_FORECAST
TRN-008005,PASSENGER,C09,2026-09-14,22:09,22:32,HIGH,TIMETABLE
TRN-008006,PASSENGER,C14,2026-09-29,14:42,14:54,HIGH,TIMETABLE
TRN-008007,PASSENGER,C12,2026-09-13,12:43,13:08,HIGH,TIMETABLE
TRN-008008,PASSENGER,C18,2026-09-02,19:05,19:24,HIGH,TIMETABLE
TRN-008009,PASSENGER,C03,2026-09-23,10:25,10:40,HIGH,TIMETABLE
TRN-008010,EXPRESS,C16,2026-09-08,21:23,21:44,HIGH,TIMETABLE
TRN-008011,PASSENGER,C13,2026-09-02,01:47,01:59,HIGH,TIMETABLE
TRN-008012,PASSENGER,C14,2026-09-14,09:44,10:06,HIGH,TIMETABLE
TRN-008013,SUPERFAST,C02,2026-09-19,14:48,15:00,HIGH,TIMETABLE
TRN-008014,PASSENGER,C02,2026-09-19,02:51,03:01,HIGH,TIMETABLE
TRN-008015,PASSENGER,C04,2026-09-14,13:23,13:44,HIGH,TIMETABLE
TRN-008016,GOODS,C19,2026-09-28,11:01,11:45,MEDIUM,GOODS_FORECAST
TRN-008017,PASSENGER,C10,2026-09-30,08:29,08:40,HIGH,TIMETABLE
TRN-008018,PASSENGER,C16,2026-09-29,17:42,18:00,HIGH,TIMETABLE
TRN-008019,GOODS,C05,2026-09-21,16:45,17:29,MEDIUM,GOODS_FORECAST
TRN-008020,GOODS,C06,2026-09-26,00:08,00:53,MEDIUM,GOODS_FORECAST
TRN-008021,PASSENGER,C05,2026-09-11,22:42,23:06,HIGH,TIMETABLE
TRN-008022,SUPERFAST,C07,2026-09-02,17:02,17:18,HIGH,TIMETABLE
TRN-008023,PASSENGER,C14,2026-09-13,12:44,13:06,HIGH,TIMETABLE
TRN-008024,EXPRESS,C04,2026-09-02,15:16,15:27,HIGH,TIMETABLE
TRN-008025,SUPERFAST,C13,2026-09-25,02:14,02:27,HIGH,TIMETABLE
TRN-008026,GOODS,C03,2026-09-07,22:50,23:31,MEDIUM,GOODS_FORECAST
TRN-008027,PASSENGER,C05,2026-09-12,01:08,01:18,HIGH,TIMETABLE
TRN-008028,EXPRESS,C06,2026-09-05,15:38,16:01,HIGH,TIMETABLE
TRN-008029,GOODS,C09,2026-09-08,10:35,11:19,MEDIUM,GOODS_FORECAST
TRN-008030,SUPERFAST,C14,2026-09-11,04:47,05:10,HIGH,TIMETABLE
TRN-008031,SUPERFAST,C12,2026-09-02,10:55,11:11,HIGH,TIMETABLE
TRN-008032,PASSENGER,C16,2026-09-22,08:59,09:11,HIGH,TIMETABLE
TRN-008033,PASSENGER,C14,2026-09-01,05:21,05:42,HIGH,TIMETABLE
TRN-008034,SUPERFAST,C12,2026-09-07,18:45,19:12,HIGH,TIMETABLE
TRN-008035,SUPERFAST,C11,2026-09-12,20:27,20:57,HIGH,TIMETABLE
TRN-008036,GOODS,C16,2026-09-30,10:48,11:24,MEDIUM,GOODS_FORECAST
TRN-008037,PASSENGER,C03,2026-09-22,11:45,12:05,HIGH,TIMETABLE
TRN-008038,PASSENGER,C17,2026-09-24,05:37,05:54,HIGH,TIMETABLE
TRN-008039,PASSENGER,C04,2026-09-13,09:20,09:37,HIGH,TIMETABLE
TRN-008040,PASSENGER,C08,2026-09-21,04:34,04:59,HIGH,TIMETABLE
TRN-008041,EXPRESS,C09,2026-09-10,21:57,22:16,HIGH,TIMETABLE
TRN-008042,PASSENGER,C05,2026-09-19,23:58,00:17,HIGH,TIMETABLE
TRN-008043,PASSENGER,C15,2026-09-17,14:37,15:02,HIGH,TIMETABLE
TRN-008044,SUPERFAST,C10,2026-09-29,01:50,02:09,HIGH,TIMETABLE
TRN-008045,GOODS,C16,2026-09-15,04:25,05:06,MEDIUM,GOODS_FORECAST
TRN-008046,SUPERFAST,C13,2026-09-24,09:21,09:50,HIGH,TIMETABLE
TRN-008047,EXPRESS,C17,2026-09-07,22:34,22:53,HIGH,TIMETABLE
TRN-008048,PASSENGER,C01,2026-09-14,15:22,15:34,HIGH,TIMETABLE
TRN-008049,PASSENGER,C20,2026-09-19,15:05,15:24,HIGH,TIMETABLE
TRN-008050,PASSENGER,C06,2026-09-20,17:20,17:35,HIGH,TIMETABLE
TRN-008051,EXPRESS,C08,2026-09-03,12:56,13:26,HIGH,TIMETABLE
TRN-008052,PASSENGER,C04,2026-09-05,17:09,17:23,HIGH,TIMETABLE
TRN-008053,EXPRESS,C17,2026-09-12,20:37,21:02,HIGH,TIMETABLE
TRN-008054,GOODS,C02,2026-09-30,06:08,06:51,MEDIUM,GOODS_FORECAST
TRN-008055,EXPRESS,C03,2026-09-01,11:41,12:11,HIGH,TIMETABLE
TRN-008056,EXPRESS,C19,2026-09-19,19:23,19:35,HIGH,TIMETABLE
TRN-008057,EXPRESS,C17,2026-09-24,08:54,09:11,HIGH,TIMETABLE
TRN-008058,PASSENGER,C12,2026-09-29,12:55,13:16,HIGH,TIMETABLE
TRN-008059,GOODS,C05,2026-09-25,07:36,08:19,MEDIUM,GOODS_FORECAST
TRN-008060,PASSENGER,C09,2026-09-09,01:54,02:18,HIGH,TIMETABLE
TRN-008061,SUPERFAST,C17,2026-09-25,00:41,01:04,HIGH,TIMETABLE
TRN-008062,GOODS,C07,2026-09-03,08:10,08:56,MEDIUM,GOODS_FORECAST
TRN-008063,SUPERFAST,C10,2026-09-08,11:00,11:24,HIGH,TIMETABLE
TRN-008064,EXPRESS,C09,2026-09-28,11:07,11:36,HIGH,TIMETABLE
TRN-008065,PASSENGER,C16,2026-09-07,23:35,23:48,HIGH,TIMETABLE
TRN-008066,PASSENGER,C06,2026-09-03,21:44,21:57,HIGH,TIMETABLE
TRN-008067,SUPERFAST,C06,2026-09-13,10:31,11:01,HIGH,TIMETABLE
TRN-008068,PASSENGER,C17,2026-09-03,10:54,11:12,HIGH,TIMETABLE
TRN-008069,PASSENGER,C16,2026-09-18,17:14,17:30,HIGH,TIMETABLE
TRN-008070,SUPERFAST,C15,2026-09-02,16:38,16:49,HIGH,TIMETABLE
TRN-008071,EXPRESS,C01,2026-09-15,00:51,01:20,HIGH,TIMETABLE
TRN-008072,EXPRESS,C01,2026-09-21,13:43,13:57,HIGH,TIMETABLE
TRN-008073,EXPRESS,C07,2026-09-06,15:08,15:30,HIGH,TIMETABLE
TRN-008074,PASSENGER,C09,2026-09-23,22:25,22:41,HIGH,TIMETABLE
TRN-008075,PASSENGER,C11,2026-09-15,05:13,05:23,HIGH,TIMETABLE
TRN-008076,GOODS,C16,2026-09-20,17:55,18:23,MEDIUM,GOODS_FORECAST
TRN-008077,PASSENGER,C16,2026-09-02,16:25,16:42,HIGH,TIMETABLE
TRN-008078,EXPRESS,C17,2026-09-16,16:53,17:13,HIGH,TIMETABLE
TRN-008079,PASSENGER,C07,2026-09-20,20:06,20:29,HIGH,TIMETABLE
TRN-008080,GOODS,C07,2026-09-13,19:18,19:49,MEDIUM,GOODS_FORECAST
TRN-008081,GOODS,C10,2026-09-12,09:27,10:09,MEDIUM,GOODS_FORECAST
TRN-008082,PASSENGER,C19,2026-09-18,22:59,23:16,HIGH,TIMETABLE
TRN-008083,GOODS,C12,2026-09-15,19:24,19:58,MEDIUM,GOODS_FORECAST
TRN-008084,EXPRESS,C13,2026-09-26,05:00,05:29,HIGH,TIMETABLE
TRN-008085,PASSENGER,C14,2026-09-26,12:00,12:13,HIGH,TIMETABLE
TRN-008086,PASSENGER,C19,2026-09-11,05:39,06:04,HIGH,TIMETABLE
TRN-008087,GOODS,C15,2026-09-28,18:32,19:28,MEDIUM,GOODS_FORECAST
TRN-008088,GOODS,C12,2026-09-21,11:18,11:57,MEDIUM,GOODS_FORECAST
TRN-008089,PASSENGER,C07,2026-09-03,22:06,22:30,HIGH,TIMETABLE
TRN-008090,EXPRESS,C08,2026-09-03,22:42,22:58,HIGH,TIMETABLE
TRN-008091,SUPERFAST,C16,2026-09-11,13:04,13:16,HIGH,TIMETABLE
TRN-008092,SUPERFAST,C14,2026-09-24,03:14,03:38,HIGH,TIMETABLE
TRN-008093,EXPRESS,C02,2026-09-05,03:50,04:00,HIGH,TIMETABLE
TRN-008094,GOODS,C02,2026-09-06,17:01,17:59,MEDIUM,GOODS_FORECAST
TRN-008095,EXPRESS,C20,2026-09-25,19:13,19:34,HIGH,TIMETABLE
TRN-008096,GOODS,C17,2026-09-22,15:50,16:18,MEDIUM,GOODS_FORECAST
TRN-008097,SUPERFAST,C12,2026-09-04,21:43,21:57,HIGH,TIMETABLE
TRN-008098,GOODS,C08,2026-09-17,22:14,22:42,MEDIUM,GOODS_FORECAST
TRN-008099,GOODS,C14,2026-09-07,03:15,03:40,MEDIUM,GOODS_FORECAST
TRN-008100,PASSENGER,C07,2026-09-29,16:55,17:17,HIGH,TIMETABLE
TRN-008101,GOODS,C07,2026-09-06,18:59,19:53,MEDIUM,GOODS_FORECAST
TRN-008102,SUPERFAST,C06,2026-09-23,16:59,17:18,HIGH,TIMETABLE
TRN-008103,SUPERFAST,C13,2026-09-25,06:23,06:38,HIGH,TIMETABLE
TRN-008104,EXPRESS,C17,2026-09-22,20:51,21:16,HIGH,TIMETABLE
TRN-008105,PASSENGER,C03,2026-09-03,11:52,12:07,HIGH,TIMETABLE
TRN-008106,SUPERFAST,C07,2026-09-18,16:47,17:01,HIGH,TIMETABLE
TRN-008107,GOODS,C01,2026-09-15,11:05,11:58,MEDIUM,GOODS_FORECAST
TRN-008108,SUPERFAST,C04,2026-09-10,22:13,22:32,HIGH,TIMETABLE
TRN-008109,PASSENGER,C20,2026-09-09,03:55,04:17,HIGH,TIMETABLE
TRN-008110,SUPERFAST,C11,2026-09-22,19:36,20:06,HIGH,TIMETABLE
TRN-008111,EXPRESS,C09,2026-09-22,06:54,07:21,HIGH,TIMETABLE
TRN-008112,PASSENGER,C19,2026-09-30,04:48,05:13,HIGH,TIMETABLE
TRN-008113,EXPRESS,C03,2026-09-28,12:06,12:30,HIGH,TIMETABLE
TRN-008114,GOODS,C08,2026-09-22,21:42,22:33,MEDIUM,GOODS_FORECAST
TRN-008115,EXPRESS,C01,2026-09-21,15:10,15:21,HIGH,TIMETABLE
TRN-008116,PASSENGER,C04,2026-09-29,18:29,18:43,HIGH,TIMETABLE
TRN-008117,PASSENGER,C04,2026-09-26,01:02,01:18,HIGH,TIMETABLE
TRN-008118,PASSENGER,C18,2026-09-14,15:27,15:41,HIGH,TIMETABLE
TRN-008119,GOODS,C16,2026-09-12,19:45,20:16,MEDIUM,GOODS_FORECAST
TRN-008120,PASSENGER,C12,2026-09-14,14:39,14:51,HIGH,TIMETABLE
TRN-008121,SUPERFAST,C13,2026-09-24,15:40,16:02,HIGH,TIMETABLE
TRN-008122,SUPERFAST,C03,2026-09-24,11:21,11:32,HIGH,TIMETABLE
TRN-008123,SUPERFAST,C08,2026-09-09,00:03,00:15,HIGH,TIMETABLE
TRN-008124,PASSENGER,C06,2026-09-13,22:19,22:40,HIGH,TIMETABLE
TRN-008125,PASSENGER,C13,2026-09-23,10:22,10:46,HIGH,TIMETABLE
TRN-008126,EXPRESS,C13,2026-09-12,15:37,15:53,HIGH,TIMETABLE
TRN-008127,SUPERFAST,C19,2026-09-21,16:16,16:41,HIGH,TIMETABLE
TRN-008128,GOODS,C03,2026-09-25,02:00,02:46,MEDIUM,GOODS_FORECAST
TRN-008129,PASSENGER,C17,2026-09-11,20:58,21:08,HIGH,TIMETABLE
TRN-008130,SUPERFAST,C05,2026-09-08,08:19,08:30,HIGH,TIMETABLE
TRN-008131,SUPERFAST,C10,2026-09-29,14:32,14:47,HIGH,TIMETABLE
TRN-008132,PASSENGER,C16,2026-09-21,00:47,01:10,HIGH,TIMETABLE
TRN-008133,GOODS,C13,2026-09-27,11:24,12:03,MEDIUM,GOODS_FORECAST
TRN-008134,GOODS,C15,2026-09-08,00:25,01:10,MEDIUM,GOODS_FORECAST
TRN-008135,PASSENGER,C10,2026-09-06,18:32,18:42,HIGH,TIMETABLE
TRN-008136,GOODS,C17,2026-09-03,21:40,22:31,MEDIUM,GOODS_FORECAST
TRN-008137,PASSENGER,C07,2026-09-02,19:38,20:00,HIGH,TIMETABLE
TRN-008138,PASSENGER,C02,2026-09-16,03:48,03:59,HIGH,TIMETABLE
TRN-008139,EXPRESS,C04,2026-09-13,20:36,20:47,HIGH,TIMETABLE
TRN-008140,PASSENGER,C15,2026-09-02,11:19,11:30,HIGH,TIMETABLE
TRN-008141,PASSENGER,C04,2026-09-15,22:25,22:50,HIGH,TIMETABLE
TRN-008142,EXPRESS,C14,2026-09-22,06:55,07:08,HIGH,TIMETABLE
TRN-008143,EXPRESS,C10,2026-09-14,15:07,15:18,HIGH,TIMETABLE
TRN-008144,EXPRESS,C20,2026-09-13,22:58,23:09,HIGH,TIMETABLE
TRN-008145,EXPRESS,C09,2026-09-20,14:20,14:32,HIGH,TIMETABLE
TRN-008146,GOODS,C05,2026-09-20,17:27,18:06,MEDIUM,GOODS_FORECAST
TRN-008147,PASSENGER,C16,2026-09-18,17:38,17:57,HIGH,TIMETABLE
TRN-008148,SUPERFAST,C15,2026-09-28,19:13,19:40,HIGH,TIMETABLE
TRN-008149,EXPRESS,C17,2026-09-05,08:44,09:00,HIGH,TIMETABLE
TRN-008150,EXPRESS,C20,2026-09-13,18:07,18:29,HIGH,TIMETABLE
TRN-008151,EXPRESS,C14,2026-09-06,15:15,15:33,HIGH,TIMETABLE
TRN-008152,GOODS,C06,2026-09-23,07:59,08:24,MEDIUM,GOODS_FORECAST
TRN-008153,GOODS,C02,2026-09-19,15:01,15:30,MEDIUM,GOODS_FORECAST
TRN-008154,GOODS,C09,2026-09-16,11:21,12:08,MEDIUM,GOODS_FORECAST
TRN-008155,PASSENGER,C07,2026-09-28,07:22,07:44,HIGH,TIMETABLE
TRN-008156,EXPRESS,C05,2026-09-24,22:27,22:39,HIGH,TIMETABLE
TRN-008157,PASSENGER,C11,2026-09-13,15:13,15:25,HIGH,TIMETABLE
TRN-008158,PASSENGER,C18,2026-09-06,18:15,18:30,HIGH,TIMETABLE
TRN-008159,GOODS,C13,2026-09-10,20:47,21:19,MEDIUM,GOODS_FORECAST
TRN-008160,SUPERFAST,C15,2026-09-03,14:20,14:40,HIGH,TIMETABLE
TRN-008161,PASSENGER,C09,2026-09-22,21:50,22:05,HIGH,TIMETABLE
TRN-008162,SUPERFAST,C07,2026-09-22,03:36,03:57,HIGH,TIMETABLE
TRN-008163,GOODS,C14,2026-09-21,08:02,08:57,MEDIUM,GOODS_FORECAST
TRN-008164,GOODS,C03,2026-09-26,07:36,08:08,MEDIUM,GOODS_FORECAST
TRN-008165,GOODS,C20,2026-09-03,12:26,12:57,MEDIUM,GOODS_FORECAST
TRN-008166,EXPRESS,C03,2026-09-23,08:14,08:36,HIGH,TIMETABLE
TRN-008167,GOODS,C01,2026-09-01,09:24,10:17,MEDIUM,GOODS_FORECAST
TRN-008168,EXPRESS,C10,2026-09-14,10:25,10:44,HIGH,TIMETABLE
TRN-008169,EXPRESS,C02,2026-09-25,11:50,12:17,HIGH,TIMETABLE
TRN-008170,PASSENGER,C04,2026-09-20,07:36,07:54,HIGH,TIMETABLE
TRN-008171,GOODS,C16,2026-09-18,19:16,19:46,MEDIUM,GOODS_FORECAST
TRN-008172,GOODS,C03,2026-09-20,23:24,23:59,MEDIUM,GOODS_FORECAST
TRN-008173,EXPRESS,C18,2026-09-20,01:51,02:01,HIGH,TIMETABLE
TRN-008174,SUPERFAST,C14,2026-09-22,01:42,02:12,HIGH,TIMETABLE
TRN-008175,EXPRESS,C17,2026-09-03,09:56,10:15,HIGH,TIMETABLE
TRN-008176,GOODS,C14,2026-09-29,21:48,22:40,MEDIUM,GOODS_FORECAST
TRN-008177,GOODS,C13,2026-09-04,03:30,04:25,MEDIUM,GOODS_FORECAST
TRN-008178,SUPERFAST,C05,2026-09-27,20:47,21:05,HIGH,TIMETABLE
TRN-008179,PASSENGER,C01,2026-09-14,16:00,16:11,HIGH,TIMETABLE
TRN-008180,EXPRESS,C01,2026-09-11,17:42,18:03,HIGH,TIMETABLE
TRN-008181,EXPRESS,C09,2026-09-22,00:23,00:41,HIGH,TIMETABLE
TRN-008182,SUPERFAST,C16,2026-09-16,23:21,23:49,HIGH,TIMETABLE
TRN-008183,GOODS,C11,2026-09-23,16:31,17:07,MEDIUM,GOODS_FORECAST
TRN-008184,PASSENGER,C01,2026-09-02,07:52,08:03,HIGH,TIMETABLE
TRN-008185,PASSENGER,C12,2026-09-03,17:44,18:07,HIGH,TIMETABLE
TRN-008186,PASSENGER,C12,2026-09-19,19:03,19:26,HIGH,TIMETABLE
TRN-008187,PASSENGER,C05,2026-09-22,10:35,10:54,HIGH,TIMETABLE
TRN-008188,SUPERFAST,C15,2026-09-14,09:00,09:30,HIGH,TIMETABLE
TRN-008189,GOODS,C20,2026-09-09,20:07,20:54,MEDIUM,GOODS_FORECAST
TRN-008190,GOODS,C07,2026-09-06,12:23,12:52,MEDIUM,GOODS_FORECAST
TRN-008191,EXPRESS,C02,2026-09-03,00:20,00:34,HIGH,TIMETABLE
TRN-008192,GOODS,C13,2026-09-08,07:14,07:55,MEDIUM,GOODS_FORECAST
TRN-008193,GOODS,C05,2026-09-05,15:07,16:03,MEDIUM,GOODS_FORECAST
TRN-008194,SUPERFAST,C16,2026-09-02,18:08,18:28,HIGH,TIMETABLE
TRN-008195,EXPRESS,C06,2026-09-14,17:16,17:31,HIGH,TIMETABLE
TRN-008196,PASSENGER,C12,2026-09-24,12:39,12:57,HIGH,TIMETABLE
TRN-008197,PASSENGER,C09,2026-09-09,18:22,18:37,HIGH,TIMETABLE
TRN-008198,PASSENGER,C17,2026-09-21,00:08,00:21,HIGH,TIMETABLE
TRN-008199,PASSENGER,C11,2026-09-16,13:50,14:08,HIGH,TIMETABLE
TRN-008200,SUPERFAST,C12,2026-09-28,03:30,03:46,HIGH,TIMETABLE
TRN-008201,SUPERFAST,C12,2026-09-12,08:28,08:43,HIGH,TIMETABLE
TRN-008202,GOODS,C07,2026-09-16,12:20,12:45,MEDIUM,GOODS_FORECAST
TRN-008203,EXPRESS,C07,2026-09-20,16:53,17:10,HIGH,TIMETABLE
TRN-008204,PASSENGER,C11,2026-09-29,05:41,06:01,HIGH,TIMETABLE
TRN-008205,PASSENGER,C08,2026-09-05,09:30,09:47,HIGH,TIMETABLE
TRN-008206,PASSENGER,C05,2026-09-04,06:58,07:19,HIGH,TIMETABLE
TRN-008207,SUPERFAST,C16,2026-09-26,19:39,20:02,HIGH,TIMETABLE
TRN-008208,PASSENGER,C14,2026-09-06,18:49,18:59,HIGH,TIMETABLE
TRN-008209,EXPRESS,C08,2026-09-12,00:38,00:48,HIGH,TIMETABLE
TRN-008210,EXPRESS,C09,2026-09-28,23:34,23:54,HIGH,TIMETABLE
TRN-008211,SUPERFAST,C17,2026-09-02,10:24,10:50,HIGH,TIMETABLE
TRN-008212,PASSENGER,C10,2026-09-02,16:14,16:29,HIGH,TIMETABLE
TRN-008213,EXPRESS,C06,2026-09-12,11:51,12:17,HIGH,TIMETABLE
TRN-008214,EXPRESS,C06,2026-09-19,06:27,06:51,HIGH,TIMETABLE
TRN-008215,PASSENGER,C14,2026-09-29,05:22,05:43,HIGH,TIMETABLE
TRN-008216,GOODS,C15,2026-09-24,07:25,08:14,MEDIUM,GOODS_FORECAST
TRN-008217,PASSENGER,C02,2026-09-12,12:01,12:15,HIGH,TIMETABLE
TRN-008218,GOODS,C05,2026-09-14,04:54,05:31,MEDIUM,GOODS_FORECAST
TRN-008219,GOODS,C03,2026-09-14,15:42,16:30,MEDIUM,GOODS_FORECAST
TRN-008220,GOODS,C03,2026-09-03,12:37,13:14,MEDIUM,GOODS_FORECAST
TRN-008221,GOODS,C15,2026-09-24,00:50,01:28,MEDIUM,GOODS_FORECAST
TRN-008222,GOODS,C04,2026-09-27,09:44,10:37,MEDIUM,GOODS_FORECAST
TRN-008223,EXPRESS,C11,2026-09-25,12:57,13:24,HIGH,TIMETABLE
TRN-008224,EXPRESS,C14,2026-09-07,16:38,16:50,HIGH,TIMETABLE
TRN-008225,PASSENGER,C15,2026-09-19,20:03,20:28,HIGH,TIMETABLE
TRN-008226,PASSENGER,C01,2026-09-28,23:33,23:53,HIGH,TIMETABLE
TRN-008227,PASSENGER,C06,2026-09-18,19:54,20:06,HIGH,TIMETABLE
TRN-008228,SUPERFAST,C05,2026-09-21,07:36,08:05,HIGH,TIMETABLE
TRN-008229,EXPRESS,C11,2026-09-15,23:28,23:49,HIGH,TIMETABLE
TRN-008230,GOODS,C16,2026-09-26,13:16,13:58,MEDIUM,GOODS_FORECAST
TRN-008231,GOODS,C11,2026-09-04,05:24,06:09,MEDIUM,GOODS_FORECAST
TRN-008232,GOODS,C05,2026-09-06,05:13,05:38,MEDIUM,GOODS_FORECAST
TRN-008233,EXPRESS,C07,2026-09-26,09:34,09:57,HIGH,TIMETABLE
TRN-008234,GOODS,C09,2026-09-26,04:29,05:18,MEDIUM,GOODS_FORECAST
TRN-008235,PASSENGER,C17,2026-09-02,15:16,15:28,HIGH,TIMETABLE
TRN-008236,EXPRESS,C13,2026-09-02,14:45,15:13,HIGH,TIMETABLE
TRN-008237,EXPRESS,C07,2026-09-20,20:26,20:44,HIGH,TIMETABLE
TRN-008238,PASSENGER,C02,2026-09-13,22:27,22:43,HIGH,TIMETABLE
TRN-008239,EXPRESS,C05,2026-09-20,04:48,05:00,HIGH,TIMETABLE
TRN-008240,EXPRESS,C19,2026-09-17,12:53,13:03,HIGH,TIMETABLE
TRN-008241,PASSENGER,C06,2026-09-16,17:18,17:39,HIGH,TIMETABLE
TRN-008242,SUPERFAST,C04,2026-09-25,01:57,02:14,HIGH,TIMETABLE
TRN-008243,EXPRESS,C07,2026-09-21,00:25,00:46,HIGH,TIMETABLE
TRN-008244,EXPRESS,C11,2026-09-21,22:12,22:35,HIGH,TIMETABLE
TRN-008245,GOODS,C11,2026-09-21,01:10,01:59,MEDIUM,GOODS_FORECAST
TRN-008246,SUPERFAST,C03,2026-09-05,07:18,07:38,HIGH,TIMETABLE
TRN-008247,PASSENGER,C17,2026-09-18,20:58,21:08,HIGH,TIMETABLE
TRN-008248,SUPERFAST,C18,2026-09-29,17:33,17:59,HIGH,TIMETABLE
TRN-008249,GOODS,C01,2026-09-17,02:20,02:50,MEDIUM,GOODS_FORECAST
TRN-008250,GOODS,C01,2026-09-15,03:23,04:06,MEDIUM,GOODS_FORECAST
TRN-008251,EXPRESS,C06,2026-09-30,06:58,07:20,HIGH,TIMETABLE
TRN-008252,PASSENGER,C14,2026-09-17,01:00,01:20,HIGH,TIMETABLE
TRN-008253,GOODS,C17,2026-09-10,08:54,09:36,MEDIUM,GOODS_FORECAST
TRN-008254,PASSENGER,C16,2026-09-05,03:51,04:07,HIGH,TIMETABLE
TRN-008255,PASSENGER,C16,2026-09-16,14:13,14:29,HIGH,TIMETABLE
TRN-008256,GOODS,C08,2026-09-25,02:28,02:57,MEDIUM,GOODS_FORECAST
TRN-008257,SUPERFAST,C17,2026-09-02,10:23,10:40,HIGH,TIMETABLE
TRN-008258,EXPRESS,C10,2026-09-23,08:12,08:23,HIGH,TIMETABLE
TRN-008259,SUPERFAST,C16,2026-09-19,16:39,16:59,HIGH,TIMETABLE
TRN-008260,GOODS,C13,2026-09-17,08:55,09:31,MEDIUM,GOODS_FORECAST
TRN-008261,PASSENGER,C04,2026-09-18,01:07,01:19,HIGH,TIMETABLE
TRN-008262,GOODS,C16,2026-09-09,15:47,16:22,MEDIUM,GOODS_FORECAST
TRN-008263,EXPRESS,C08,2026-09-04,04:11,04:26,HIGH,TIMETABLE
TRN-008264,GOODS,C12,2026-09-20,23:36,00:29,MEDIUM,GOODS_FORECAST
TRN-008265,PASSENGER,C01,2026-09-07,01:57,02:11,HIGH,TIMETABLE
TRN-008266,SUPERFAST,C04,2026-09-05,02:27,02:52,HIGH,TIMETABLE
TRN-008267,EXPRESS,C15,2026-09-26,00:34,00:53,HIGH,TIMETABLE
TRN-008268,PASSENGER,C08,2026-09-28,04:47,05:12,HIGH,TIMETABLE
TRN-008269,GOODS,C17,2026-09-18,18:49,19:19,MEDIUM,GOODS_FORECAST
TRN-008270,GOODS,C18,2026-09-11,20:51,21:26,MEDIUM,GOODS_FORECAST
TRN-008271,PASSENGER,C07,2026-09-01,08:55,09:08,HIGH,TIMETABLE
TRN-008272,EXPRESS,C05,2026-09-28,15:28,15:43,HIGH,TIMETABLE
TRN-008273,GOODS,C03,2026-09-18,19:20,19:51,MEDIUM,GOODS_FORECAST
TRN-008274,PASSENGER,C12,2026-09-08,03:18,03:29,HIGH,TIMETABLE
TRN-008275,PASSENGER,C03,2026-09-15,20:32,20:47,HIGH,TIMETABLE
TRN-008276,SUPERFAST,C03,2026-09-08,13:32,14:02,HIGH,TIMETABLE
TRN-008277,PASSENGER,C07,2026-09-18,22:15,22:25,HIGH,TIMETABLE
TRN-008278,PASSENGER,C15,2026-09-02,06:01,06:11,HIGH,TIMETABLE
TRN-008279,GOODS,C18,2026-09-29,03:06,03:50,MEDIUM,GOODS_FORECAST
TRN-008280,PASSENGER,C09,2026-09-13,21:01,21:23,HIGH,TIMETABLE
TRN-008281,PASSENGER,C08,2026-09-27,13:45,13:56,HIGH,TIMETABLE
TRN-008282,GOODS,C16,2026-09-05,16:45,17:20,MEDIUM,GOODS_FORECAST
TRN-008283,PASSENGER,C10,2026-09-12,01:39,01:49,HIGH,TIMETABLE
TRN-008284,EXPRESS,C07,2026-09-23,23:23,23:44,HIGH,TIMETABLE
TRN-008285,PASSENGER,C07,2026-09-12,00:55,01:08,HIGH,TIMETABLE
TRN-008286,GOODS,C06,2026-09-14,04:30,05:15,MEDIUM,GOODS_FORECAST
TRN-008287,GOODS,C02,2026-09-10,19:40,20:22,MEDIUM,GOODS_FORECAST
TRN-008288,EXPRESS,C04,2026-09-16,08:20,08:31,HIGH,TIMETABLE
TRN-008289,GOODS,C12,2026-09-22,02:32,03:18,MEDIUM,GOODS_FORECAST
TRN-008290,PASSENGER,C08,2026-09-22,04:17,04:27,HIGH,TIMETABLE
TRN-008291,EXPRESS,C15,2026-09-07,01:52,02:20,HIGH,TIMETABLE
TRN-008292,GOODS,C05,2026-09-10,00:00,00:55,MEDIUM,GOODS_FORECAST
TRN-008293,PASSENGER,C07,2026-09-11,19:21,19:44,HIGH,TIMETABLE
TRN-008294,EXPRESS,C08,2026-09-08,19:13,19:24,HIGH,TIMETABLE
TRN-008295,PASSENGER,C13,2026-09-08,22:33,22:54,HIGH,TIMETABLE
TRN-008296,EXPRESS,C07,2026-09-08,20:39,20:52,HIGH,TIMETABLE
TRN-008297,EXPRESS,C17,2026-09-01,23:58,00:08,HIGH,TIMETABLE
TRN-008298,PASSENGER,C18,2026-09-10,03:28,03:50,HIGH,TIMETABLE
TRN-008299,PASSENGER,C13,2026-09-16,12:18,12:29,HIGH,TIMETABLE
TRN-008300,PASSENGER,C10,2026-09-14,17:43,18:00,HIGH,TIMETABLE
TRN-008301,SUPERFAST,C09,2026-09-13,12:22,12:32,HIGH,TIMETABLE
TRN-008302,GOODS,C01,2026-09-08,19:42,20:23,MEDIUM,GOODS_FORECAST
TRN-008303,SUPERFAST,C12,2026-09-28,12:18,12:44,HIGH,TIMETABLE
TRN-008304,SUPERFAST,C10,2026-09-13,09:48,10:18,HIGH,TIMETABLE
TRN-008305,PASSENGER,C04,2026-09-17,03:36,03:46,HIGH,TIMETABLE
TRN-008306,PASSENGER,C06,2026-09-01,03:14,03:36,HIGH,TIMETABLE
TRN-008307,GOODS,C04,2026-09-20,17:49,18:49,MEDIUM,GOODS_FORECAST
TRN-008308,GOODS,C01,2026-09-13,00:32,01:04,MEDIUM,GOODS_FORECAST
TRN-008309,GOODS,C12,2026-09-02,15:34,16:20,MEDIUM,GOODS_FORECAST
TRN-008310,PASSENGER,C19,2026-09-30,05:30,05:52,HIGH,TIMETABLE
TRN-008311,GOODS,C15,2026-09-16,21:38,22:25,MEDIUM,GOODS_FORECAST
TRN-008312,GOODS,C09,2026-09-13,03:12,04:02,MEDIUM,GOODS_FORECAST
TRN-008313,SUPERFAST,C05,2026-09-22,21:45,22:11,HIGH,TIMETABLE
TRN-008314,SUPERFAST,C10,2026-09-07,20:37,21:00,HIGH,TIMETABLE
TRN-008315,PASSENGER,C18,2026-09-29,21:43,22:08,HIGH,TIMETABLE
TRN-008316,SUPERFAST,C06,2026-09-01,04:51,05:01,HIGH,TIMETABLE
TRN-008317,PASSENGER,C18,2026-09-16,02:44,02:54,HIGH,TIMETABLE
TRN-008318,GOODS,C13,2026-09-26,22:59,23:45,MEDIUM,GOODS_FORECAST
TRN-008319,PASSENGER,C16,2026-09-13,10:04,10:16,HIGH,TIMETABLE
TRN-008320,PASSENGER,C05,2026-09-24,16:00,16:13,HIGH,TIMETABLE
TRN-008321,SUPERFAST,C19,2026-09-30,14:56,15:15,HIGH,TIMETABLE
TRN-008322,PASSENGER,C03,2026-09-28,10:07,10:28,HIGH,TIMETABLE
TRN-008323,EXPRESS,C12,2026-09-01,19:06,19:17,HIGH,TIMETABLE
TRN-008324,PASSENGER,C20,2026-09-29,00:37,01:00,HIGH,TIMETABLE
TRN-008325,SUPERFAST,C12,2026-09-10,16:03,16:19,HIGH,TIMETABLE
TRN-008326,GOODS,C14,2026-09-30,08:40,09:13,MEDIUM,GOODS_FORECAST
TRN-008327,GOODS,C05,2026-09-19,08:40,09:18,MEDIUM,GOODS_FORECAST
TRN-008328,EXPRESS,C03,2026-09-02,20:49,20:59,HIGH,TIMETABLE
TRN-008329,EXPRESS,C06,2026-09-09,11:02,11:13,HIGH,TIMETABLE
TRN-008330,SUPERFAST,C04,2026-09-09,14:41,15:00,HIGH,TIMETABLE
TRN-008331,EXPRESS,C05,2026-09-27,06:45,07:08,HIGH,TIMETABLE
TRN-008332,PASSENGER,C10,2026-09-04,16:47,16:58,HIGH,TIMETABLE
TRN-008333,SUPERFAST,C01,2026-09-06,05:55,06:16,HIGH,TIMETABLE
TRN-008334,PASSENGER,C11,2026-09-30,06:54,07:06,HIGH,TIMETABLE
TRN-008335,PASSENGER,C03,2026-09-15,14:22,14:37,HIGH,TIMETABLE
TRN-008336,GOODS,C18,2026-09-01,19:39,20:26,MEDIUM,GOODS_FORECAST
TRN-008337,PASSENGER,C03,2026-09-16,12:37,12:55,HIGH,TIMETABLE
TRN-008338,SUPERFAST,C04,2026-09-13,08:26,08:50,HIGH,TIMETABLE
TRN-008339,SUPERFAST,C12,2026-09-25,18:45,19:03,HIGH,TIMETABLE
TRN-008340,EXPRESS,C18,2026-09-04,15:12,15:28,HIGH,TIMETABLE
TRN-008341,SUPERFAST,C07,2026-09-25,20:51,21:13,HIGH,TIMETABLE
TRN-008342,SUPERFAST,C04,2026-09-01,18:32,18:47,HIGH,TIMETABLE
TRN-008343,GOODS,C14,2026-09-21,22:33,23:20,MEDIUM,GOODS_FORECAST
TRN-008344,EXPRESS,C04,2026-09-05,02:04,02:26,HIGH,TIMETABLE
TRN-008345,PASSENGER,C09,2026-09-24,13:57,14:22,HIGH,TIMETABLE
TRN-008346,EXPRESS,C15,2026-09-18,12:08,12:30,HIGH,TIMETABLE
TRN-008347,PASSENGER,C02,2026-09-18,08:55,09:16,HIGH,TIMETABLE
TRN-008348,PASSENGER,C03,2026-09-21,10:26,10:43,HIGH,TIMETABLE
TRN-008349,SUPERFAST,C19,2026-09-19,19:16,19:30,HIGH,TIMETABLE
TRN-008350,EXPRESS,C01,2026-09-29,19:48,20:16,HIGH,TIMETABLE
TRN-008351,GOODS,C17,2026-09-14,04:05,04:30,MEDIUM,GOODS_FORECAST
TRN-008352,PASSENGER,C12,2026-09-21,11:25,11:38,HIGH,TIMETABLE
TRN-008353,PASSENGER,C17,2026-09-22,05:13,05:33,HIGH,TIMETABLE
TRN-008354,SUPERFAST,C05,2026-09-01,08:24,08:39,HIGH,TIMETABLE
TRN-008355,GOODS,C18,2026-09-25,13:58,14:44,MEDIUM,GOODS_FORECAST
TRN-008356,GOODS,C04,2026-09-18,04:10,05:08,MEDIUM,GOODS_FORECAST
TRN-008357,PASSENGER,C12,2026-09-06,18:05,18:21,HIGH,TIMETABLE
TRN-008358,GOODS,C02,2026-09-28,11:33,12:10,MEDIUM,GOODS_FORECAST
TRN-008359,PASSENGER,C14,2026-09-16,07:29,07:39,HIGH,TIMETABLE
TRN-008360,SUPERFAST,C18,2026-09-08,01:48,02:05,HIGH,TIMETABLE
TRN-008361,EXPRESS,C17,2026-09-10,00:38,00:51,HIGH,TIMETABLE
TRN-008362,SUPERFAST,C16,2026-09-15,13:42,14:10,HIGH,TIMETABLE
TRN-008363,PASSENGER,C03,2026-09-19,22:04,22:17,HIGH,TIMETABLE
TRN-008364,SUPERFAST,C11,2026-09-01,16:42,16:55,HIGH,TIMETABLE
TRN-008365,EXPRESS,C02,2026-09-20,12:04,12:29,HIGH,TIMETABLE
TRN-008366,PASSENGER,C10,2026-09-12,09:28,09:38,HIGH,TIMETABLE
TRN-008367,GOODS,C19,2026-09-04,10:33,11:13,MEDIUM,GOODS_FORECAST
TRN-008368,EXPRESS,C14,2026-09-16,07:04,07:31,HIGH,TIMETABLE
TRN-008369,SUPERFAST,C08,2026-09-04,23:36,00:06,HIGH,TIMETABLE
TRN-008370,PASSENGER,C12,2026-09-14,16:54,17:17,HIGH,TIMETABLE
TRN-008371,SUPERFAST,C20,2026-09-30,15:45,16:14,HIGH,TIMETABLE
TRN-008372,PASSENGER,C13,2026-09-06,13:57,14:14,HIGH,TIMETABLE
TRN-008373,PASSENGER,C16,2026-09-07,05:42,06:00,HIGH,TIMETABLE
TRN-008374,GOODS,C16,2026-09-25,01:27,02:04,MEDIUM,GOODS_FORECAST
TRN-008375,SUPERFAST,C20,2026-09-03,19:29,19:40,HIGH,TIMETABLE
TRN-008376,PASSENGER,C13,2026-09-25,10:57,11:10,HIGH,TIMETABLE
TRN-008377,GOODS,C09,2026-09-03,23:23,00:02,MEDIUM,GOODS_FORECAST
TRN-008378,PASSENGER,C01,2026-09-29,15:18,15:40,HIGH,TIMETABLE
TRN-008379,EXPRESS,C08,2026-09-05,19:42,20:08,HIGH,TIMETABLE
TRN-008380,EXPRESS,C18,2026-09-03,21:52,22:22,HIGH,TIMETABLE
TRN-008381,SUPERFAST,C02,2026-09-30,12:05,12:35,HIGH,TIMETABLE
TRN-008382,PASSENGER,C04,2026-09-16,00:15,00:30,HIGH,TIMETABLE
TRN-008383,SUPERFAST,C06,2026-09-28,08:06,08:29,HIGH,TIMETABLE
TRN-008384,SUPERFAST,C15,2026-09-09,22:34,22:50,HIGH,TIMETABLE
TRN-008385,EXPRESS,C18,2026-09-02,02:17,02:33,HIGH,TIMETABLE
TRN-008386,GOODS,C17,2026-09-09,06:34,07:17,MEDIUM,GOODS_FORECAST
TRN-008387,PASSENGER,C12,2026-09-28,23:00,23:25,HIGH,TIMETABLE
TRN-008388,SUPERFAST,C14,2026-09-24,19:10,19:24,HIGH,TIMETABLE
TRN-008389,EXPRESS,C03,2026-09-04,09:47,10:11,HIGH,TIMETABLE
TRN-008390,EXPRESS,C06,2026-09-01,15:11,15:27,HIGH,TIMETABLE
TRN-008391,PASSENGER,C18,2026-09-16,07:48,08:09,HIGH,TIMETABLE
TRN-008392,PASSENGER,C09,2026-09-27,11:02,11:23,HIGH,TIMETABLE
TRN-008393,SUPERFAST,C14,2026-09-28,10:25,10:49,HIGH,TIMETABLE
TRN-008394,GOODS,C07,2026-09-03,22:15,22:46,MEDIUM,GOODS_FORECAST
TRN-008395,SUPERFAST,C17,2026-09-18,11:09,11:37,HIGH,TIMETABLE
TRN-008396,PASSENGER,C13,2026-09-08,16:09,16:19,HIGH,TIMETABLE
TRN-008397,PASSENGER,C17,2026-09-29,20:37,20:55,HIGH,TIMETABLE
TRN-008398,PASSENGER,C07,2026-09-02,04:15,04:34,HIGH,TIMETABLE
TRN-008399,EXPRESS,C12,2026-09-16,17:18,17:31,HIGH,TIMETABLE
TRN-008400,EXPRESS,C14,2026-09-01,17:43,18:09,HIGH,TIMETABLE
TRN-008401,GOODS,C09,2026-09-29,02:20,03:17,MEDIUM,GOODS_FORECAST
TRN-008402,SUPERFAST,C02,2026-09-25,22:54,23:08,HIGH,TIMETABLE
TRN-008403,PASSENGER,C13,2026-09-26,06:18,06:33,HIGH,TIMETABLE
TRN-008404,EXPRESS,C15,2026-09-07,08:57,09:19,HIGH,TIMETABLE
TRN-008405,PASSENGER,C18,2026-09-15,07:25,07:48,HIGH,TIMETABLE
TRN-008406,GOODS,C03,2026-09-09,19:15,19:52,MEDIUM,GOODS_FORECAST
TRN-008407,SUPERFAST,C17,2026-09-03,06:29,06:53,HIGH,TIMETABLE
TRN-008408,GOODS,C05,2026-09-19,06:52,07:50,MEDIUM,GOODS_FORECAST
TRN-008409,SUPERFAST,C01,2026-09-10,11:35,11:45,HIGH,TIMETABLE
TRN-008410,SUPERFAST,C01,2026-09-25,21:55,22:21,HIGH,TIMETABLE
TRN-008411,SUPERFAST,C08,2026-09-09,19:22,19:35,HIGH,TIMETABLE
TRN-008412,SUPERFAST,C13,2026-09-10,16:43,17:06,HIGH,TIMETABLE
TRN-008413,PASSENGER,C06,2026-09-24,16:17,16:33,HIGH,TIMETABLE
TRN-008414,EXPRESS,C14,2026-09-18,03:16,03:32,HIGH,TIMETABLE
TRN-008415,GOODS,C16,2026-09-21,04:29,05:04,MEDIUM,GOODS_FORECAST
TRN-008416,SUPERFAST,C18,2026-09-04,19:03,19:15,HIGH,TIMETABLE
TRN-008417,EXPRESS,C07,2026-09-22,19:47,20:02,HIGH,TIMETABLE
TRN-008418,EXPRESS,C17,2026-09-18,08:30,08:41,HIGH,TIMETABLE
TRN-008419,GOODS,C03,2026-09-07,13:34,14:30,MEDIUM,GOODS_FORECAST
TRN-008420,PASSENGER,C02,2026-09-21,08:08,08:25,HIGH,TIMETABLE
TRN-008421,EXPRESS,C03,2026-09-30,16:09,16:35,HIGH,TIMETABLE
TRN-008422,EXPRESS,C01,2026-09-05,17:26,17:51,HIGH,TIMETABLE
TRN-008423,PASSENGER,C01,2026-09-16,05:27,05:50,HIGH,TIMETABLE
TRN-008424,GOODS,C09,2026-09-17,17:22,17:51,MEDIUM,GOODS_FORECAST
TRN-008425,PASSENGER,C01,2026-09-08,20:03,20:15,HIGH,TIMETABLE
TRN-008426,EXPRESS,C18,2026-09-03,05:55,06:21,HIGH,TIMETABLE
TRN-008427,EXPRESS,C08,2026-09-15,20:48,21:18,HIGH,TIMETABLE
TRN-008428,PASSENGER,C18,2026-09-11,21:38,21:55,HIGH,TIMETABLE
TRN-008429,GOODS,C02,2026-09-25,18:59,19:33,MEDIUM,GOODS_FORECAST
TRN-008430,GOODS,C06,2026-09-26,15:17,16:15,MEDIUM,GOODS_FORECAST
TRN-008431,PASSENGER,C14,2026-09-19,11:53,12:10,HIGH,TIMETABLE
TRN-008432,EXPRESS,C08,2026-09-27,14:23,14:51,HIGH,TIMETABLE
TRN-008433,EXPRESS,C05,2026-09-08,05:57,06:08,HIGH,TIMETABLE
TRN-008434,EXPRESS,C10,2026-09-27,17:27,17:50,HIGH,TIMETABLE
TRN-008435,PASSENGER,C03,2026-09-11,14:44,14:59,HIGH,TIMETABLE
TRN-008436,PASSENGER,C02,2026-09-27,23:43,00:05,HIGH,TIMETABLE
TRN-008437,EXPRESS,C01,2026-09-03,23:10,23:38,HIGH,TIMETABLE
TRN-008438,PASSENGER,C16,2026-09-02,02:53,03:11,HIGH,TIMETABLE
TRN-008439,SUPERFAST,C03,2026-09-28,05:08,05:35,HIGH,TIMETABLE
TRN-008440,GOODS,C01,2026-09-09,10:03,10:56,MEDIUM,GOODS_FORECAST
TRN-008441,PASSENGER,C06,2026-09-02,19:10,19:26,HIGH,TIMETABLE
TRN-008442,SUPERFAST,C05,2026-09-10,18:43,19:07,HIGH,TIMETABLE
TRN-008443,PASSENGER,C11,2026-09-13,06:20,06:36,HIGH,TIMETABLE
TRN-008444,GOODS,C18,2026-09-21,18:59,19:51,MEDIUM,GOODS_FORECAST
TRN-008445,SUPERFAST,C16,2026-09-30,07:33,07:47,HIGH,TIMETABLE
TRN-008446,SUPERFAST,C15,2026-09-14,00:51,01:14,HIGH,TIMETABLE
TRN-008447,GOODS,C07,2026-09-20,22:11,22:57,MEDIUM,GOODS_FORECAST
TRN-008448,SUPERFAST,C08,2026-09-14,19:01,19:29,HIGH,TIMETABLE
TRN-008449,GOODS,C02,2026-09-14,12:16,13:11,MEDIUM,GOODS_FORECAST
TRN-008450,PASSENGER,C14,2026-09-19,18:43,19:01,HIGH,TIMETABLE
TRN-008451,SUPERFAST,C14,2026-09-13,08:19,08:36,HIGH,TIMETABLE
TRN-008452,EXPRESS,C12,2026-09-14,02:55,03:21,HIGH,TIMETABLE
TRN-008453,PASSENGER,C08,2026-09-11,16:26,16:50,HIGH,TIMETABLE
TRN-008454,EXPRESS,C16,2026-09-29,17:54,18:15,HIGH,TIMETABLE
TRN-008455,EXPRESS,C20,2026-09-09,11:34,12:00,HIGH,TIMETABLE
TRN-008456,PASSENGER,C03,2026-09-18,23:14,23:30,HIGH,TIMETABLE
TRN-008457,EXPRESS,C10,2026-09-18,19:18,19:33,HIGH,TIMETABLE
TRN-008458,PASSENGER,C20,2026-09-29,12:52,13:03,HIGH,TIMETABLE
TRN-008459,PASSENGER,C09,2026-09-09,11:04,11:14,HIGH,TIMETABLE
TRN-008460,PASSENGER,C13,2026-09-16,21:51,22:02,HIGH,TIMETABLE
TRN-008461,PASSENGER,C16,2026-09-26,17:38,17:53,HIGH,TIMETABLE
TRN-008462,SUPERFAST,C19,2026-09-18,18:39,18:51,HIGH,TIMETABLE
TRN-008463,GOODS,C04,2026-09-24,00:06,00:45,MEDIUM,GOODS_FORECAST
TRN-008464,EXPRESS,C14,2026-09-07,05:31,05:59,HIGH,TIMETABLE
TRN-008465,PASSENGER,C08,2026-09-27,17:20,17:30,HIGH,TIMETABLE
TRN-008466,PASSENGER,C16,2026-09-09,03:04,03:19,HIGH,TIMETABLE
TRN-008467,EXPRESS,C18,2026-09-01,17:29,17:51,HIGH,TIMETABLE
TRN-008468,PASSENGER,C04,2026-09-01,17:53,18:16,HIGH,TIMETABLE
TRN-008469,SUPERFAST,C04,2026-09-20,20:15,20:39,HIGH,TIMETABLE
TRN-008470,GOODS,C01,2026-09-28,16:55,17:52,MEDIUM,GOODS_FORECAST
TRN-008471,PASSENGER,C07,2026-09-22,02:43,03:00,HIGH,TIMETABLE
TRN-008472,PASSENGER,C10,2026-09-02,05:40,06:05,HIGH,TIMETABLE
TRN-008473,SUPERFAST,C19,2026-09-10,06:11,06:32,HIGH,TIMETABLE
TRN-008474,GOODS,C03,2026-09-29,13:46,14:34,MEDIUM,GOODS_FORECAST
TRN-008475,EXPRESS,C12,2026-09-11,16:12,16:31,HIGH,TIMETABLE
TRN-008476,EXPRESS,C07,2026-09-21,05:04,05:31,HIGH,TIMETABLE
TRN-008477,PASSENGER,C01,2026-09-22,22:44,23:09,HIGH,TIMETABLE
TRN-008478,SUPERFAST,C01,2026-09-26,11:38,12:00,HIGH,TIMETABLE
TRN-008479,PASSENGER,C11,2026-09-11,16:20,16:36,HIGH,TIMETABLE
TRN-008480,EXPRESS,C10,2026-09-04,01:44,02:12,HIGH,TIMETABLE
TRN-008481,EXPRESS,C01,2026-09-24,14:43,15:05,HIGH,TIMETABLE
TRN-008482,GOODS,C14,2026-09-29,23:00,23:29,MEDIUM,GOODS_FORECAST
TRN-008483,SUPERFAST,C07,2026-09-03,15:02,15:24,HIGH,TIMETABLE
TRN-008484,EXPRESS,C06,2026-09-10,09:57,10:18,HIGH,TIMETABLE
TRN-008485,EXPRESS,C15,2026-09-23,20:08,20:20,HIGH,TIMETABLE
TRN-008486,EXPRESS,C10,2026-09-07,07:51,08:13,HIGH,TIMETABLE
TRN-008487,GOODS,C15,2026-09-11,15:38,16:24,MEDIUM,GOODS_FORECAST
TRN-008488,GOODS,C12,2026-09-09,13:25,13:51,MEDIUM,GOODS_FORECAST
TRN-008489,EXPRESS,C07,2026-09-09,06:09,06:32,HIGH,TIMETABLE
TRN-008490,PASSENGER,C07,2026-09-08,17:54,18:09,HIGH,TIMETABLE
TRN-008491,GOODS,C10,2026-09-20,20:05,20:57,MEDIUM,GOODS_FORECAST
TRN-008492,EXPRESS,C13,2026-09-24,01:42,02:09,HIGH,TIMETABLE
TRN-008493,SUPERFAST,C04,2026-09-17,15:54,16:14,HIGH,TIMETABLE
TRN-008494,EXPRESS,C02,2026-09-10,03:41,04:00,HIGH,TIMETABLE
TRN-008495,SUPERFAST,C07,2026-09-14,07:36,07:55,HIGH,TIMETABLE
TRN-008496,EXPRESS,C09,2026-09-11,03:35,03:49,HIGH,TIMETABLE
TRN-008497,GOODS,C13,2026-09-04,19:14,19:54,MEDIUM,GOODS_FORECAST
TRN-008498,GOODS,C20,2026-09-02,05:37,06:12,MEDIUM,GOODS_FORECAST
TRN-008499,SUPERFAST,C20,2026-09-07,00:45,01:14,HIGH,TIMETABLE
TRN-008500,SUPERFAST,C10,2026-09-10,07:21,07:33,HIGH,TIMETABLE
TRN-008501,SUPERFAST,C03,2026-09-26,06:44,07:02,HIGH,TIMETABLE
TRN-008502,GOODS,C11,2026-09-11,15:00,15:26,MEDIUM,GOODS_FORECAST
TRN-008503,GOODS,C16,2026-09-06,11:41,12:31,MEDIUM,GOODS_FORECAST
TRN-008504,EXPRESS,C18,2026-09-16,04:28,04:45,HIGH,TIMETABLE
TRN-008505,PASSENGER,C07,2026-09-14,11:53,12:17,HIGH,TIMETABLE
TRN-008506,GOODS,C07,2026-09-15,23:49,00:18,MEDIUM,GOODS_FORECAST
TRN-008507,SUPERFAST,C12,2026-09-04,01:47,02:06,HIGH,TIMETABLE
TRN-008508,PASSENGER,C13,2026-09-16,15:32,15:57,HIGH,TIMETABLE
TRN-008509,GOODS,C16,2026-09-20,12:19,12:56,MEDIUM,GOODS_FORECAST
TRN-008510,SUPERFAST,C05,2026-09-09,20:31,20:53,HIGH,TIMETABLE
TRN-008511,EXPRESS,C15,2026-09-03,20:06,20:29,HIGH,TIMETABLE
TRN-008512,EXPRESS,C11,2026-09-25,15:24,15:52,HIGH,TIMETABLE
TRN-008513,GOODS,C05,2026-09-01,20:38,21:22,MEDIUM,GOODS_FORECAST
TRN-008514,PASSENGER,C01,2026-09-30,05:34,05:52,HIGH,TIMETABLE
TRN-008515,GOODS,C07,2026-09-18,18:02,18:35,MEDIUM,GOODS_FORECAST
TRN-008516,EXPRESS,C19,2026-09-15,13:46,14:14,HIGH,TIMETABLE
TRN-008517,PASSENGER,C04,2026-09-08,23:02,23:24,HIGH,TIMETABLE
TRN-008518,EXPRESS,C09,2026-09-25,18:38,19:04,HIGH,TIMETABLE
TRN-008519,EXPRESS,C17,2026-09-20,19:54,20:16,HIGH,TIMETABLE
TRN-008520,SUPERFAST,C01,2026-09-17,16:20,16:46,HIGH,TIMETABLE
TRN-008521,EXPRESS,C19,2026-09-30,02:41,03:00,HIGH,TIMETABLE
TRN-008522,PASSENGER,C08,2026-09-11,19:56,20:07,HIGH,TIMETABLE
TRN-008523,SUPERFAST,C20,2026-09-10,20:49,21:00,HIGH,TIMETABLE
TRN-008524,SUPERFAST,C10,2026-09-09,15:55,16:13,HIGH,TIMETABLE
TRN-008525,PASSENGER,C02,2026-09-15,04:42,05:03,HIGH,TIMETABLE
TRN-008526,PASSENGER,C11,2026-09-24,05:08,05:33,HIGH,TIMETABLE
TRN-008527,EXPRESS,C03,2026-09-02,20:32,20:52,HIGH,TIMETABLE
TRN-008528,PASSENGER,C06,2026-09-18,16:13,16:31,HIGH,TIMETABLE
TRN-008529,GOODS,C15,2026-09-11,03:05,03:45,MEDIUM,GOODS_FORECAST
TRN-008530,SUPERFAST,C09,2026-09-13,00:14,00:31,HIGH,TIMETABLE
TRN-008531,EXPRESS,C06,2026-09-18,01:03,01:20,HIGH,TIMETABLE
TRN-008532,PASSENGER,C17,2026-09-20,20:47,21:00,HIGH,TIMETABLE
TRN-008533,SUPERFAST,C01,2026-09-18,22:15,22:45,HIGH,TIMETABLE
TRN-008534,EXPRESS,C16,2026-09-16,15:40,15:50,HIGH,TIMETABLE
TRN-008535,GOODS,C16,2026-09-12,01:00,01:31,MEDIUM,GOODS_FORECAST
TRN-008536,PASSENGER,C20,2026-09-07,20:30,20:45,HIGH,TIMETABLE
TRN-008537,GOODS,C13,2026-09-15,20:53,21:48,MEDIUM,GOODS_FORECAST
TRN-008538,SUPERFAST,C10,2026-09-25,23:05,23:27,HIGH,TIMETABLE
TRN-008539,GOODS,C03,2026-09-25,16:21,17:16,MEDIUM,GOODS_FORECAST
TRN-008540,PASSENGER,C13,2026-09-06,13:52,14:15,HIGH,TIMETABLE
TRN-008541,SUPERFAST,C17,2026-09-14,02:23,02:45,HIGH,TIMETABLE
TRN-008542,GOODS,C08,2026-09-25,19:10,20:00,MEDIUM,GOODS_FORECAST
TRN-008543,PASSENGER,C18,2026-09-04,08:15,08:25,HIGH,TIMETABLE
TRN-008544,GOODS,C05,2026-09-24,13:59,14:32,MEDIUM,GOODS_FORECAST
TRN-008545,PASSENGER,C20,2026-09-17,14:22,14:41,HIGH,TIMETABLE
TRN-008546,PASSENGER,C09,2026-09-13,13:32,13:53,HIGH,TIMETABLE
TRN-008547,GOODS,C09,2026-09-19,16:36,17:29,MEDIUM,GOODS_FORECAST
TRN-008548,PASSENGER,C11,2026-09-08,13:27,13:46,HIGH,TIMETABLE
TRN-008549,PASSENGER,C08,2026-09-27,08:45,09:05,HIGH,TIMETABLE
TRN-008550,PASSENGER,C05,2026-09-04,22:16,22:40,HIGH,TIMETABLE
TRN-008551,EXPRESS,C02,2026-09-29,18:27,18:57,HIGH,TIMETABLE
TRN-008552,PASSENGER,C03,2026-09-23,06:01,06:18,HIGH,TIMETABLE
TRN-008553,GOODS,C17,2026-09-06,18:10,18:35,MEDIUM,GOODS_FORECAST
TRN-008554,GOODS,C19,2026-09-06,00:38,01:25,MEDIUM,GOODS_FORECAST
TRN-008555,PASSENGER,C13,2026-09-11,00:53,01:12,HIGH,TIMETABLE
TRN-008556,SUPERFAST,C13,2026-09-17,14:33,15:02,HIGH,TIMETABLE
TRN-008557,EXPRESS,C02,2026-09-02,02:43,03:12,HIGH,TIMETABLE
TRN-008558,PASSENGER,C07,2026-09-07,03:03,03:23,HIGH,TIMETABLE
TRN-008559,PASSENGER,C10,2026-09-01,09:17,09:30,HIGH,TIMETABLE
TRN-008560,GOODS,C15,2026-09-11,17:32,18:14,MEDIUM,GOODS_FORECAST
TRN-008561,SUPERFAST,C05,2026-09-15,14:26,14:52,HIGH,TIMETABLE
TRN-008562,EXPRESS,C03,2026-09-21,05:57,06:22,HIGH,TIMETABLE
TRN-008563,EXPRESS,C19,2026-09-24,06:44,07:01,HIGH,TIMETABLE
TRN-008564,PASSENGER,C11,2026-09-14,21:00,21:19,HIGH,TIMETABLE
TRN-008565,GOODS,C01,2026-09-03,18:49,19:31,MEDIUM,GOODS_FORECAST
TRN-008566,PASSENGER,C11,2026-09-15,13:26,13:48,HIGH,TIMETABLE
TRN-008567,PASSENGER,C06,2026-09-29,19:38,19:59,HIGH,TIMETABLE
TRN-008568,PASSENGER,C14,2026-09-10,02:13,02:23,HIGH,TIMETABLE
TRN-008569,PASSENGER,C18,2026-09-10,02:09,02:34,HIGH,TIMETABLE
TRN-008570,GOODS,C06,2026-09-21,13:55,14:43,MEDIUM,GOODS_FORECAST
TRN-008571,GOODS,C07,2026-09-09,21:39,22:31,MEDIUM,GOODS_FORECAST
TRN-008572,EXPRESS,C12,2026-09-10,14:39,14:51,HIGH,TIMETABLE
TRN-008573,PASSENGER,C02,2026-09-08,18:29,18:47,HIGH,TIMETABLE
TRN-008574,SUPERFAST,C14,2026-09-15,23:03,23:18,HIGH,TIMETABLE
TRN-008575,EXPRESS,C10,2026-09-22,01:46,01:58,HIGH,TIMETABLE
TRN-008576,GOODS,C17,2026-09-20,05:54,06:51,MEDIUM,GOODS_FORECAST
TRN-008577,GOODS,C04,2026-09-29,10:14,10:52,MEDIUM,GOODS_FORECAST
TRN-008578,GOODS,C07,2026-09-11,21:51,22:32,MEDIUM,GOODS_FORECAST
TRN-008579,GOODS,C11,2026-09-21,14:40,15:13,MEDIUM,GOODS_FORECAST
TRN-008580,GOODS,C18,2026-09-22,14:25,14:50,MEDIUM,GOODS_FORECAST
TRN-008581,EXPRESS,C17,2026-09-03,08:28,08:54,HIGH,TIMETABLE
TRN-008582,PASSENGER,C15,2026-09-26,11:22,11:34,HIGH,TIMETABLE
TRN-008583,PASSENGER,C09,2026-09-25,01:28,01:52,HIGH,TIMETABLE
TRN-008584,SUPERFAST,C20,2026-09-03,17:10,17:30,HIGH,TIMETABLE
TRN-008585,PASSENGER,C18,2026-09-29,04:43,05:01,HIGH,TIMETABLE
TRN-008586,PASSENGER,C12,2026-09-22,10:45,11:03,HIGH,TIMETABLE
TRN-008587,EXPRESS,C12,2026-09-03,04:28,04:39,HIGH,TIMETABLE
TRN-008588,EXPRESS,C01,2026-09-22,21:24,21:54,HIGH,TIMETABLE
TRN-008589,EXPRESS,C04,2026-09-20,11:54,12:22,HIGH,TIMETABLE
TRN-008590,EXPRESS,C15,2026-09-05,11:12,11:29,HIGH,TIMETABLE
TRN-008591,SUPERFAST,C08,2026-09-04,10:46,11:13,HIGH,TIMETABLE
TRN-008592,PASSENGER,C10,2026-09-08,20:20,20:38,HIGH,TIMETABLE
TRN-008593,PASSENGER,C05,2026-09-18,00:33,00:53,HIGH,TIMETABLE
TRN-008594,PASSENGER,C01,2026-09-02,19:56,20:11,HIGH,TIMETABLE
TRN-008595,SUPERFAST,C07,2026-09-04,19:37,19:58,HIGH,TIMETABLE
TRN-008596,GOODS,C02,2026-09-16,19:07,20:03,MEDIUM,GOODS_FORECAST
TRN-008597,PASSENGER,C11,2026-09-22,06:26,06:36,HIGH,TIMETABLE
TRN-008598,GOODS,C08,2026-09-25,09:16,09:54,MEDIUM,GOODS_FORECAST
TRN-008599,GOODS,C20,2026-09-06,13:15,13:49,MEDIUM,GOODS_FORECAST
TRN-008600,PASSENGER,C11,2026-09-22,12:26,12:47,HIGH,TIMETABLE
TRN-008601,SUPERFAST,C13,2026-09-27,05:02,05:28,HIGH,TIMETABLE
TRN-008602,PASSENGER,C16,2026-09-12,13:07,13:28,HIGH,TIMETABLE
TRN-008603,SUPERFAST,C15,2026-09-18,23:36,23:53,HIGH,TIMETABLE
TRN-008604,GOODS,C08,2026-09-20,08:17,09:00,MEDIUM,GOODS_FORECAST
TRN-008605,PASSENGER,C01,2026-09-19,23:16,23:37,HIGH,TIMETABLE
TRN-008606,PASSENGER,C18,2026-09-17,17:21,17:42,HIGH,TIMETABLE
TRN-008607,SUPERFAST,C18,2026-09-15,18:06,18:21,HIGH,TIMETABLE
TRN-008608,SUPERFAST,C17,2026-09-28,00:30,00:58,HIGH,TIMETABLE
TRN-008609,PASSENGER,C06,2026-09-24,17:23,17:40,HIGH,TIMETABLE
TRN-008610,SUPERFAST,C17,2026-09-07,00:24,00:36,HIGH,TIMETABLE
TRN-008611,EXPRESS,C18,2026-09-14,12:20,12:50,HIGH,TIMETABLE
TRN-008612,SUPERFAST,C17,2026-09-10,13:47,14:17,HIGH,TIMETABLE
TRN-008613,SUPERFAST,C01,2026-09-27,15:23,15:42,HIGH,TIMETABLE
TRN-008614,PASSENGER,C14,2026-09-06,22:50,23:10,HIGH,TIMETABLE
TRN-008615,SUPERFAST,C13,2026-09-21,15:57,16:07,HIGH,TIMETABLE
TRN-008616,GOODS,C06,2026-09-15,03:23,04:22,MEDIUM,GOODS_FORECAST
TRN-008617,GOODS,C17,2026-09-15,12:10,13:08,MEDIUM,GOODS_FORECAST
TRN-008618,EXPRESS,C11,2026-09-02,19:47,20:14,HIGH,TIMETABLE
TRN-008619,GOODS,C05,2026-09-02,16:34,17:20,MEDIUM,GOODS_FORECAST
TRN-008620,GOODS,C05,2026-09-02,08:36,09:26,MEDIUM,GOODS_FORECAST
TRN-008621,SUPERFAST,C19,2026-09-30,01:36,02:00,HIGH,TIMETABLE
TRN-008622,GOODS,C07,2026-09-19,00:42,01:32,MEDIUM,GOODS_FORECAST
TRN-008623,GOODS,C18,2026-09-09,16:23,17:19,MEDIUM,GOODS_FORECAST
TRN-008624,PASSENGER,C06,2026-09-02,05:05,05:24,HIGH,TIMETABLE
TRN-008625,SUPERFAST,C09,2026-09-27,09:10,09:20,HIGH,TIMETABLE
TRN-008626,SUPERFAST,C08,2026-09-21,03:27,03:55,HIGH,TIMETABLE
TRN-008627,EXPRESS,C18,2026-09-21,21:18,21:28,HIGH,TIMETABLE
TRN-008628,PASSENGER,C06,2026-09-02,06:41,07:03,HIGH,TIMETABLE
TRN-008629,EXPRESS,C06,2026-09-20,23:14,23:44,HIGH,TIMETABLE
TRN-008630,PASSENGER,C13,2026-09-20,21:30,21:48,HIGH,TIMETABLE
TRN-008631,GOODS,C14,2026-09-03,21:47,22:37,MEDIUM,GOODS_FORECAST
TRN-008632,EXPRESS,C14,2026-09-09,16:30,16:42,HIGH,TIMETABLE
TRN-008633,GOODS,C16,2026-09-23,19:33,20:12,MEDIUM,GOODS_FORECAST
TRN-008634,PASSENGER,C15,2026-09-11,14:20,14:41,HIGH,TIMETABLE
TRN-008635,PASSENGER,C01,2026-09-18,08:27,08:40,HIGH,TIMETABLE
TRN-008636,GOODS,C07,2026-09-01,22:14,22:39,MEDIUM,GOODS_FORECAST
TRN-008637,PASSENGER,C13,2026-09-03,21:41,21:58,HIGH,TIMETABLE
TRN-008638,PASSENGER,C11,2026-09-06,19:24,19:35,HIGH,TIMETABLE
TRN-008639,PASSENGER,C16,2026-09-10,02:22,02:44,HIGH,TIMETABLE
TRN-008640,GOODS,C09,2026-09-07,01:17,02:17,MEDIUM,GOODS_FORECAST
TRN-008641,EXPRESS,C10,2026-09-05,18:59,19:16,HIGH,TIMETABLE
TRN-008642,PASSENGER,C16,2026-09-05,07:14,07:28,HIGH,TIMETABLE
TRN-008643,GOODS,C10,2026-09-13,08:36,09:18,MEDIUM,GOODS_FORECAST
TRN-008644,EXPRESS,C02,2026-09-13,01:38,02:00,HIGH,TIMETABLE
TRN-008645,PASSENGER,C15,2026-09-21,08:05,08:30,HIGH,TIMETABLE
TRN-008646,GOODS,C17,2026-09-18,21:06,21:41,MEDIUM,GOODS_FORECAST
TRN-008647,PASSENGER,C04,2026-09-18,04:01,04:12,HIGH,TIMETABLE
TRN-008648,PASSENGER,C06,2026-09-26,20:45,20:55,HIGH,TIMETABLE
TRN-008649,EXPRESS,C09,2026-09-16,21:11,21:38,HIGH,TIMETABLE
TRN-008650,SUPERFAST,C04,2026-09-21,03:14,03:38,HIGH,TIMETABLE
TRN-008651,PASSENGER,C12,2026-09-25,13:20,13:38,HIGH,TIMETABLE
TRN-008652,EXPRESS,C14,2026-09-24,11:17,11:44,HIGH,TIMETABLE
TRN-008653,SUPERFAST,C15,2026-09-25,12:26,12:50,HIGH,TIMETABLE
TRN-008654,EXPRESS,C08,2026-09-26,07:40,08:02,HIGH,TIMETABLE
TRN-008655,SUPERFAST,C11,2026-09-21,20:06,20:24,HIGH,TIMETABLE
TRN-008656,SUPERFAST,C20,2026-09-03,00:42,01:10,HIGH,TIMETABLE
TRN-008657,SUPERFAST,C20,2026-09-19,21:21,21:37,HIGH,TIMETABLE
TRN-008658,SUPERFAST,C16,2026-09-17,09:38,10:05,HIGH,TIMETABLE
TRN-008659,SUPERFAST,C13,2026-09-11,05:32,05:48,HIGH,TIMETABLE
TRN-008660,SUPERFAST,C18,2026-09-01,09:51,10:11,HIGH,TIMETABLE
TRN-008661,GOODS,C07,2026-09-09,07:14,07:40,MEDIUM,GOODS_FORECAST
TRN-008662,PASSENGER,C18,2026-09-06,00:53,01:17,HIGH,TIMETABLE
TRN-008663,GOODS,C01,2026-09-01,05:15,06:05,MEDIUM,GOODS_FORECAST
TRN-008664,GOODS,C15,2026-09-12,11:31,12:12,MEDIUM,GOODS_FORECAST
TRN-008665,EXPRESS,C07,2026-09-26,21:01,21:24,HIGH,TIMETABLE
TRN-008666,GOODS,C03,2026-09-14,07:11,08:09,MEDIUM,GOODS_FORECAST
TRN-008667,PASSENGER,C03,2026-09-04,16:04,16:18,HIGH,TIMETABLE
TRN-008668,GOODS,C07,2026-09-02,06:34,07:21,MEDIUM,GOODS_FORECAST
TRN-008669,EXPRESS,C03,2026-09-16,05:58,06:20,HIGH,TIMETABLE
TRN-008670,GOODS,C08,2026-09-28,00:59,01:58,MEDIUM,GOODS_FORECAST
TRN-008671,SUPERFAST,C02,2026-09-26,08:48,09:15,HIGH,TIMETABLE
TRN-008672,GOODS,C01,2026-09-18,23:35,00:32,MEDIUM,GOODS_FORECAST
TRN-008673,SUPERFAST,C03,2026-09-04,05:40,06:01,HIGH,TIMETABLE
TRN-008674,EXPRESS,C10,2026-09-10,23:57,00:14,HIGH,TIMETABLE
TRN-008675,PASSENGER,C11,2026-09-22,15:51,16:16,HIGH,TIMETABLE
TRN-008676,PASSENGER,C04,2026-09-05,15:11,15:24,HIGH,TIMETABLE
TRN-008677,SUPERFAST,C17,2026-09-04,00:01,00:29,HIGH,TIMETABLE
TRN-008678,EXPRESS,C04,2026-09-28,22:30,22:54,HIGH,TIMETABLE
TRN-008679,GOODS,C14,2026-09-08,12:32,13:05,MEDIUM,GOODS_FORECAST
TRN-008680,PASSENGER,C05,2026-09-30,14:16,14:41,HIGH,TIMETABLE
TRN-008681,PASSENGER,C15,2026-09-04,02:28,02:38,HIGH,TIMETABLE
TRN-008682,EXPRESS,C01,2026-09-30,13:28,13:55,HIGH,TIMETABLE
TRN-008683,EXPRESS,C14,2026-09-09,14:18,14:37,HIGH,TIMETABLE
TRN-008684,PASSENGER,C16,2026-09-29,08:01,08:22,HIGH,TIMETABLE
TRN-008685,GOODS,C10,2026-09-14,18:44,19:30,MEDIUM,GOODS_FORECAST
TRN-008686,PASSENGER,C15,2026-09-10,06:20,06:40,HIGH,TIMETABLE
TRN-008687,PASSENGER,C15,2026-09-15,12:57,13:22,HIGH,TIMETABLE
TRN-008688,SUPERFAST,C08,2026-09-22,19:32,19:53,HIGH,TIMETABLE
TRN-008689,PASSENGER,C13,2026-09-02,07:39,07:54,HIGH,TIMETABLE
TRN-008690,GOODS,C08,2026-09-22,16:23,16:49,MEDIUM,GOODS_FORECAST
TRN-008691,PASSENGER,C01,2026-09-29,20:59,21:20,HIGH,TIMETABLE
TRN-008692,SUPERFAST,C02,2026-09-22,15:00,15:30,HIGH,TIMETABLE
TRN-008693,GOODS,C12,2026-09-21,03:19,04:08,MEDIUM,GOODS_FORECAST
TRN-008694,SUPERFAST,C08,2026-09-05,07:37,07:48,HIGH,TIMETABLE
TRN-008695,SUPERFAST,C16,2026-09-30,16:46,17:00,HIGH,TIMETABLE
TRN-008696,PASSENGER,C19,2026-09-14,02:34,02:46,HIGH,TIMETABLE
TRN-008697,EXPRESS,C20,2026-09-23,11:45,12:15,HIGH,TIMETABLE
TRN-008698,GOODS,C08,2026-09-26,17:14,17:57,MEDIUM,GOODS_FORECAST
TRN-008699,PASSENGER,C05,2026-09-30,23:19,23:29,HIGH,TIMETABLE
TRN-008700,EXPRESS,C18,2026-09-24,17:22,17:34,HIGH,TIMETABLE
TRN-008701,PASSENGER,C14,2026-09-13,01:49,02:05,HIGH,TIMETABLE
TRN-008702,PASSENGER,C19,2026-09-18,01:58,02:19,HIGH,TIMETABLE
TRN-008703,GOODS,C17,2026-09-07,08:58,09:35,MEDIUM,GOODS_FORECAST
TRN-008704,PASSENGER,C19,2026-09-07,13:54,14:11,HIGH,TIMETABLE
TRN-008705,PASSENGER,C17,2026-09-02,23:38,00:03,HIGH,TIMETABLE
TRN-008706,EXPRESS,C08,2026-09-10,16:37,16:51,HIGH,TIMETABLE
TRN-008707,PASSENGER,C09,2026-09-04,14:29,14:53,HIGH,TIMETABLE
TRN-008708,EXPRESS,C04,2026-09-26,18:19,18:44,HIGH,TIMETABLE
TRN-008709,SUPERFAST,C08,2026-09-01,21:04,21:27,HIGH,TIMETABLE
TRN-008710,PASSENGER,C10,2026-09-05,20:34,20:50,HIGH,TIMETABLE
TRN-008711,PASSENGER,C17,2026-09-08,10:18,10:43,HIGH,TIMETABLE
TRN-008712,PASSENGER,C06,2026-09-19,11:27,11:40,HIGH,TIMETABLE
TRN-008713,EXPRESS,C06,2026-09-18,20:06,20:17,HIGH,TIMETABLE
TRN-008714,EXPRESS,C12,2026-09-09,17:57,18:11,HIGH,TIMETABLE
TRN-008715,EXPRESS,C15,2026-09-16,07:01,07:18,HIGH,TIMETABLE
TRN-008716,PASSENGER,C06,2026-09-11,17:47,18:00,HIGH,TIMETABLE
TRN-008717,PASSENGER,C18,2026-09-30,15:52,16:14,HIGH,TIMETABLE
TRN-008718,GOODS,C08,2026-09-09,00:14,00:55,MEDIUM,GOODS_FORECAST
TRN-008719,SUPERFAST,C20,2026-09-15,08:36,08:54,HIGH,TIMETABLE
TRN-008720,GOODS,C15,2026-09-14,11:38,12:14,MEDIUM,GOODS_FORECAST
TRN-008721,GOODS,C05,2026-09-10,13:41,14:31,MEDIUM,GOODS_FORECAST
TRN-008722,EXPRESS,C11,2026-09-25,03:55,04:18,HIGH,TIMETABLE
TRN-008723,EXPRESS,C03,2026-09-16,12:39,12:51,HIGH,TIMETABLE
TRN-008724,EXPRESS,C08,2026-09-12,23:28,23:42,HIGH,TIMETABLE
TRN-008725,SUPERFAST,C10,2026-09-11,08:53,09:23,HIGH,TIMETABLE
TRN-008726,EXPRESS,C11,2026-09-01,21:21,21:31,HIGH,TIMETABLE
TRN-008727,EXPRESS,C15,2026-09-09,23:18,23:38,HIGH,TIMETABLE
TRN-008728,SUPERFAST,C02,2026-09-16,14:11,14:34,HIGH,TIMETABLE
TRN-008729,PASSENGER,C15,2026-09-17,10:10,10:23,HIGH,TIMETABLE
TRN-008730,PASSENGER,C08,2026-09-04,06:06,06:30,HIGH,TIMETABLE
TRN-008731,EXPRESS,C16,2026-09-18,08:01,08:17,HIGH,TIMETABLE
TRN-008732,EXPRESS,C10,2026-09-18,06:01,06:31,HIGH,TIMETABLE
TRN-008733,GOODS,C05,2026-09-30,08:44,09:32,MEDIUM,GOODS_FORECAST
TRN-008734,PASSENGER,C18,2026-09-18,04:03,04:25,HIGH,TIMETABLE
TRN-008735,GOODS,C07,2026-09-29,12:26,13:06,MEDIUM,GOODS_FORECAST
TRN-008736,PASSENGER,C16,2026-09-14,23:53,00:14,HIGH,TIMETABLE
TRN-008737,PASSENGER,C04,2026-09-26,08:56,09:09,HIGH,TIMETABLE
TRN-008738,PASSENGER,C19,2026-09-21,03:43,03:54,HIGH,TIMETABLE
TRN-008739,SUPERFAST,C10,2026-09-22,15:47,16:04,HIGH,TIMETABLE
TRN-008740,EXPRESS,C03,2026-09-21,05:46,06:14,HIGH,TIMETABLE
TRN-008741,EXPRESS,C08,2026-09-26,10:41,11:07,HIGH,TIMETABLE
TRN-008742,PASSENGER,C18,2026-09-29,00:16,00:29,HIGH,TIMETABLE
TRN-008743,PASSENGER,C16,2026-09-03,04:37,05:01,HIGH,TIMETABLE
TRN-008744,GOODS,C04,2026-09-30,10:58,11:47,MEDIUM,GOODS_FORECAST
TRN-008745,SUPERFAST,C11,2026-09-07,20:32,20:42,HIGH,TIMETABLE
TRN-008746,GOODS,C04,2026-09-22,15:23,16:06,MEDIUM,GOODS_FORECAST
TRN-008747,PASSENGER,C19,2026-09-30,08:36,08:46,HIGH,TIMETABLE
TRN-008748,GOODS,C01,2026-09-22,06:33,06:59,MEDIUM,GOODS_FORECAST
TRN-008749,SUPERFAST,C18,2026-09-20,05:27,05:42,HIGH,TIMETABLE
TRN-008750,EXPRESS,C02,2026-09-28,13:44,14:02,HIGH,TIMETABLE
TRN-008751,GOODS,C20,2026-09-20,13:16,14:01,MEDIUM,GOODS_FORECAST
TRN-008752,EXPRESS,C10,2026-09-02,05:16,05:44,HIGH,TIMETABLE
TRN-008753,PASSENGER,C14,2026-09-09,10:59,11:13,HIGH,TIMETABLE
TRN-008754,GOODS,C11,2026-09-18,15:27,16:00,MEDIUM,GOODS_FORECAST
TRN-008755,EXPRESS,C06,2026-09-08,18:46,19:08,HIGH,TIMETABLE
TRN-008756,PASSENGER,C06,2026-09-14,01:29,01:39,HIGH,TIMETABLE
TRN-008757,EXPRESS,C12,2026-09-19,18:33,18:43,HIGH,TIMETABLE
TRN-008758,SUPERFAST,C04,2026-09-28,17:56,18:23,HIGH,TIMETABLE
TRN-008759,EXPRESS,C01,2026-09-23,08:26,08:36,HIGH,TIMETABLE
TRN-008760,PASSENGER,C07,2026-09-15,18:21,18:35,HIGH,TIMETABLE
TRN-008761,EXPRESS,C13,2026-09-28,17:52,18:17,HIGH,TIMETABLE
TRN-008762,SUPERFAST,C05,2026-09-02,06:30,06:40,HIGH,TIMETABLE
TRN-008763,EXPRESS,C02,2026-09-28,18:30,18:42,HIGH,TIMETABLE
TRN-008764,GOODS,C14,2026-09-19,05:48,06:23,MEDIUM,GOODS_FORECAST
TRN-008765,PASSENGER,C19,2026-09-15,12:55,13:17,HIGH,TIMETABLE
TRN-008766,PASSENGER,C12,2026-09-09,02:21,02:42,HIGH,TIMETABLE
TRN-008767,GOODS,C03,2026-09-19,19:09,19:37,MEDIUM,GOODS_FORECAST
TRN-008768,EXPRESS,C05,2026-09-15,04:34,05:03,HIGH,TIMETABLE
TRN-008769,SUPERFAST,C20,2026-09-10,05:16,05:43,HIGH,TIMETABLE
TRN-008770,EXPRESS,C11,2026-09-18,08:06,08:25,HIGH,TIMETABLE
TRN-008771,EXPRESS,C13,2026-09-07,19:05,19:33,HIGH,TIMETABLE
TRN-008772,SUPERFAST,C18,2026-09-16,22:00,22:30,HIGH,TIMETABLE
TRN-008773,PASSENGER,C11,2026-09-12,20:47,20:59,HIGH,TIMETABLE
TRN-008774,PASSENGER,C05,2026-09-25,07:50,08:07,HIGH,TIMETABLE
TRN-008775,EXPRESS,C17,2026-09-17,11:53,12:17,HIGH,TIMETABLE
TRN-008776,GOODS,C05,2026-09-29,17:35,18:14,MEDIUM,GOODS_FORECAST
TRN-008777,PASSENGER,C07,2026-09-21,17:36,17:49,HIGH,TIMETABLE
TRN-008778,GOODS,C03,2026-09-22,20:28,20:54,MEDIUM,GOODS_FORECAST
TRN-008779,EXPRESS,C18,2026-09-16,12:28,12:44,HIGH,TIMETABLE
TRN-008780,PASSENGER,C05,2026-09-19,13:58,14:10,HIGH,TIMETABLE
TRN-008781,PASSENGER,C19,2026-09-20,22:50,23:01,HIGH,TIMETABLE
TRN-008782,GOODS,C20,2026-09-10,02:12,03:04,MEDIUM,GOODS_FORECAST
TRN-008783,EXPRESS,C11,2026-09-21,22:28,22:43,HIGH,TIMETABLE
TRN-008784,SUPERFAST,C06,2026-09-15,20:20,20:46,HIGH,TIMETABLE
TRN-008785,SUPERFAST,C04,2026-09-09,11:12,11:30,HIGH,TIMETABLE
TRN-008786,GOODS,C03,2026-09-26,02:25,03:25,MEDIUM,GOODS_FORECAST
TRN-008787,GOODS,C04,2026-09-16,21:22,21:57,MEDIUM,GOODS_FORECAST
TRN-008788,EXPRESS,C11,2026-09-26,17:36,17:55,HIGH,TIMETABLE
TRN-008789,EXPRESS,C16,2026-09-09,20:01,20:19,HIGH,TIMETABLE
TRN-008790,PASSENGER,C02,2026-09-19,05:56,06:19,HIGH,TIMETABLE
TRN-008791,PASSENGER,C17,2026-09-13,11:49,11:59,HIGH,TIMETABLE
TRN-008792,GOODS,C16,2026-09-22,06:19,06:45,MEDIUM,GOODS_FORECAST
TRN-008793,GOODS,C18,2026-09-21,22:35,23:01,MEDIUM,GOODS_FORECAST
TRN-008794,EXPRESS,C01,2026-09-03,19:27,19:52,HIGH,TIMETABLE
TRN-008795,PASSENGER,C07,2026-09-25,22:26,22:46,HIGH,TIMETABLE
TRN-008796,EXPRESS,C05,2026-09-22,21:03,21:17,HIGH,TIMETABLE
TRN-008797,PASSENGER,C12,2026-09-28,21:43,22:06,HIGH,TIMETABLE
TRN-008798,EXPRESS,C18,2026-09-09,14:29,14:58,HIGH,TIMETABLE
TRN-008799,SUPERFAST,C01,2026-09-04,11:35,12:05,HIGH,TIMETABLE
TRN-008800,EXPRESS,C05,2026-09-25,07:12,07:34,HIGH,TIMETABLE
TRN-008801,GOODS,C09,2026-09-23,06:23,07:06,MEDIUM,GOODS_FORECAST
TRN-008802,SUPERFAST,C10,2026-09-26,16:30,16:41,HIGH,TIMETABLE
TRN-008803,PASSENGER,C12,2026-09-04,19:31,19:42,HIGH,TIMETABLE
TRN-008804,EXPRESS,C15,2026-09-29,04:44,05:03,HIGH,TIMETABLE
TRN-008805,SUPERFAST,C14,2026-09-02,21:12,21:33,HIGH,TIMETABLE
TRN-008806,GOODS,C16,2026-09-23,16:32,17:07,MEDIUM,GOODS_FORECAST
TRN-008807,GOODS,C18,2026-09-16,16:32,17:15,MEDIUM,GOODS_FORECAST
TRN-008808,EXPRESS,C08,2026-09-29,01:51,02:18,HIGH,TIMETABLE
TRN-008809,PASSENGER,C15,2026-09-05,22:50,23:00,HIGH,TIMETABLE
TRN-008810,GOODS,C04,2026-09-28,23:01,23:29,MEDIUM,GOODS_FORECAST
TRN-008811,PASSENGER,C14,2026-09-08,09:06,09:30,HIGH,TIMETABLE
TRN-008812,PASSENGER,C03,2026-09-17,00:29,00:47,HIGH,TIMETABLE
TRN-008813,GOODS,C05,2026-09-02,23:08,23:42,MEDIUM,GOODS_FORECAST
TRN-008814,PASSENGER,C01,2026-09-11,19:14,19:39,HIGH,TIMETABLE
TRN-008815,GOODS,C15,2026-09-08,07:19,08:11,MEDIUM,GOODS_FORECAST
TRN-008816,GOODS,C06,2026-09-30,17:06,18:01,MEDIUM,GOODS_FORECAST
TRN-008817,EXPRESS,C15,2026-09-12,12:11,12:32,HIGH,TIMETABLE
TRN-008818,PASSENGER,C17,2026-09-14,19:01,19:21,HIGH,TIMETABLE
TRN-008819,GOODS,C18,2026-09-12,00:50,01:42,MEDIUM,GOODS_FORECAST
TRN-008820,SUPERFAST,C09,2026-09-17,16:16,16:42,HIGH,TIMETABLE
TRN-008821,PASSENGER,C13,2026-09-10,17:24,17:49,HIGH,TIMETABLE
TRN-008822,PASSENGER,C02,2026-09-02,01:50,02:05,HIGH,TIMETABLE
TRN-008823,PASSENGER,C09,2026-09-13,21:52,22:10,HIGH,TIMETABLE
TRN-008824,PASSENGER,C08,2026-09-08,09:45,10:09,HIGH,TIMETABLE
TRN-008825,SUPERFAST,C12,2026-09-05,19:58,20:16,HIGH,TIMETABLE
TRN-008826,SUPERFAST,C17,2026-09-10,09:49,10:13,HIGH,TIMETABLE
TRN-008827,PASSENGER,C04,2026-09-23,23:51,00:10,HIGH,TIMETABLE
TRN-008828,EXPRESS,C11,2026-09-22,13:09,13:25,HIGH,TIMETABLE
TRN-008829,SUPERFAST,C16,2026-09-02,14:35,15:04,HIGH,TIMETABLE
TRN-008830,GOODS,C04,2026-09-28,02:14,03:12,MEDIUM,GOODS_FORECAST
TRN-008831,PASSENGER,C13,2026-09-21,04:07,04:23,HIGH,TIMETABLE
TRN-008832,EXPRESS,C15,2026-09-28,12:25,12:55,HIGH,TIMETABLE
TRN-008833,SUPERFAST,C11,2026-09-19,09:32,09:47,HIGH,TIMETABLE
TRN-008834,PASSENGER,C17,2026-09-04,22:42,22:58,HIGH,TIMETABLE
TRN-008835,PASSENGER,C05,2026-09-10,02:36,03:00,HIGH,TIMETABLE
TRN-008836,GOODS,C15,2026-09-24,02:58,03:28,MEDIUM,GOODS_FORECAST
TRN-008837,EXPRESS,C04,2026-09-23,23:40,00:02,HIGH,TIMETABLE
TRN-008838,EXPRESS,C15,2026-09-10,06:36,06:58,HIGH,TIMETABLE
TRN-008839,PASSENGER,C09,2026-09-18,21:17,21:27,HIGH,TIMETABLE
TRN-008840,GOODS,C17,2026-09-11,20:36,21:10,MEDIUM,GOODS_FORECAST
TRN-008841,EXPRESS,C09,2026-09-08,23:21,23:44,HIGH,TIMETABLE
TRN-008842,EXPRESS,C09,2026-09-16,08:37,09:06,HIGH,TIMETABLE
TRN-008843,PASSENGER,C10,2026-09-25,16:22,16:44,HIGH,TIMETABLE
TRN-008844,SUPERFAST,C17,2026-09-18,19:52,20:08,HIGH,TIMETABLE
TRN-008845,SUPERFAST,C14,2026-09-03,13:20,13:50,HIGH,TIMETABLE
TRN-008846,SUPERFAST,C17,2026-09-22,16:24,16:48,HIGH,TIMETABLE
TRN-008847,EXPRESS,C11,2026-09-17,23:00,23:11,HIGH,TIMETABLE
TRN-008848,EXPRESS,C07,2026-09-03,21:06,21:29,HIGH,TIMETABLE
TRN-008849,SUPERFAST,C06,2026-09-24,02:17,02:41,HIGH,TIMETABLE
TRN-008850,GOODS,C02,2026-09-21,00:56,01:41,MEDIUM,GOODS_FORECAST
TRN-008851,PASSENGER,C03,2026-09-05,14:19,14:29,HIGH,TIMETABLE
TRN-008852,EXPRESS,C16,2026-09-10,02:07,02:21,HIGH,TIMETABLE
TRN-008853,GOODS,C18,2026-09-25,10:18,11:04,MEDIUM,GOODS_FORECAST
TRN-008854,SUPERFAST,C18,2026-09-25,15:04,15:27,HIGH,TIMETABLE
TRN-008855,EXPRESS,C12,2026-09-19,03:12,03:42,HIGH,TIMETABLE
TRN-008856,PASSENGER,C17,2026-09-03,07:45,07:56,HIGH,TIMETABLE
TRN-008857,EXPRESS,C08,2026-09-15,07:09,07:22,HIGH,TIMETABLE
TRN-008858,SUPERFAST,C08,2026-09-12,19:50,20:09,HIGH,TIMETABLE
TRN-008859,PASSENGER,C08,2026-09-25,08:55,09:15,HIGH,TIMETABLE
TRN-008860,EXPRESS,C06,2026-09-07,06:01,06:22,HIGH,TIMETABLE
TRN-008861,SUPERFAST,C02,2026-09-24,06:10,06:29,HIGH,TIMETABLE
TRN-008862,PASSENGER,C16,2026-09-03,03:28,03:50,HIGH,TIMETABLE
TRN-008863,GOODS,C15,2026-09-09,07:05,07:51,MEDIUM,GOODS_FORECAST
TRN-008864,PASSENGER,C10,2026-09-20,04:17,04:40,HIGH,TIMETABLE
TRN-008865,PASSENGER,C16,2026-09-23,01:52,02:06,HIGH,TIMETABLE
TRN-008866,PASSENGER,C15,2026-09-09,21:38,21:49,HIGH,TIMETABLE
TRN-008867,PASSENGER,C03,2026-09-02,12:58,13:08,HIGH,TIMETABLE
TRN-008868,SUPERFAST,C16,2026-09-13,07:55,08:14,HIGH,TIMETABLE
TRN-008869,PASSENGER,C07,2026-09-09,23:12,23:35,HIGH,TIMETABLE
TRN-008870,PASSENGER,C13,2026-09-07,08:23,08:44,HIGH,TIMETABLE
TRN-008871,EXPRESS,C03,2026-09-23,13:46,14:16,HIGH,TIMETABLE
TRN-008872,PASSENGER,C18,2026-09-22,16:54,17:05,HIGH,TIMETABLE
TRN-008873,GOODS,C11,2026-09-05,03:13,04:01,MEDIUM,GOODS_FORECAST
TRN-008874,SUPERFAST,C03,2026-09-09,23:08,23:38,HIGH,TIMETABLE
TRN-008875,GOODS,C08,2026-09-12,03:15,04:10,MEDIUM,GOODS_FORECAST
TRN-008876,PASSENGER,C07,2026-09-22,13:00,13:21,HIGH,TIMETABLE
TRN-008877,PASSENGER,C10,2026-09-18,12:24,12:39,HIGH,TIMETABLE
TRN-008878,EXPRESS,C05,2026-09-27,08:23,08:43,HIGH,TIMETABLE
TRN-008879,PASSENGER,C16,2026-09-05,05:45,06:03,HIGH,TIMETABLE
TRN-008880,PASSENGER,C11,2026-09-30,12:17,12:34,HIGH,TIMETABLE
TRN-008881,PASSENGER,C13,2026-09-29,02:37,02:50,HIGH,TIMETABLE
TRN-008882,GOODS,C20,2026-09-01,00:08,00:50,MEDIUM,GOODS_FORECAST
TRN-008883,EXPRESS,C17,2026-09-30,20:37,20:51,HIGH,TIMETABLE
TRN-008884,EXPRESS,C06,2026-09-07,09:08,09:19,HIGH,TIMETABLE
TRN-008885,EXPRESS,C02,2026-09-25,12:46,13:09,HIGH,TIMETABLE
TRN-008886,EXPRESS,C08,2026-09-08,11:24,11:45,HIGH,TIMETABLE
TRN-008887,GOODS,C13,2026-09-08,17:22,18:10,MEDIUM,GOODS_FORECAST
TRN-008888,EXPRESS,C03,2026-09-17,05:15,05:42,HIGH,TIMETABLE
TRN-008889,PASSENGER,C07,2026-09-20,19:14,19:38,HIGH,TIMETABLE
TRN-008890,PASSENGER,C13,2026-09-19,19:07,19:18,HIGH,TIMETABLE
TRN-008891,PASSENGER,C12,2026-09-23,12:16,12:41,HIGH,TIMETABLE
TRN-008892,SUPERFAST,C07,2026-09-27,06:54,07:20,HIGH,TIMETABLE
TRN-008893,PASSENGER,C20,2026-09-24,04:17,04:39,HIGH,TIMETABLE
TRN-008894,SUPERFAST,C01,2026-09-19,22:59,23:18,HIGH,TIMETABLE
TRN-008895,PASSENGER,C09,2026-09-15,12:38,12:48,HIGH,TIMETABLE
TRN-008896,PASSENGER,C11,2026-09-01,11:22,11:45,HIGH,TIMETABLE
TRN-008897,SUPERFAST,C13,2026-09-12,11:01,11:27,HIGH,TIMETABLE
TRN-008898,EXPRESS,C20,2026-09-21,01:19,01:49,HIGH,TIMETABLE
TRN-008899,EXPRESS,C18,2026-09-30,13:32,14:00,HIGH,TIMETABLE
TRN-008900,EXPRESS,C05,2026-09-06,06:53,07:08,HIGH,TIMETABLE
TRN-008901,PASSENGER,C02,2026-09-09,08:11,08:21,HIGH,TIMETABLE
TRN-008902,PASSENGER,C08,2026-09-23,02:11,02:24,HIGH,TIMETABLE
TRN-008903,GOODS,C14,2026-09-28,19:14,20:09,MEDIUM,GOODS_FORECAST
TRN-008904,GOODS,C04,2026-09-24,08:24,09:13,MEDIUM,GOODS_FORECAST
TRN-008905,SUPERFAST,C11,2026-09-19,02:40,02:52,HIGH,TIMETABLE
TRN-008906,GOODS,C05,2026-09-27,01:41,02:15,MEDIUM,GOODS_FORECAST
TRN-008907,EXPRESS,C04,2026-09-05,04:55,05:11,HIGH,TIMETABLE
TRN-008908,PASSENGER,C14,2026-09-22,04:07,04:25,HIGH,TIMETABLE
TRN-008909,PASSENGER,C05,2026-09-21,09:48,10:08,HIGH,TIMETABLE
TRN-008910,PASSENGER,C05,2026-09-09,20:17,20:31,HIGH,TIMETABLE
TRN-008911,PASSENGER,C08,2026-09-01,05:04,05:21,HIGH,TIMETABLE
TRN-008912,SUPERFAST,C02,2026-09-01,00:55,01:08,HIGH,TIMETABLE
TRN-008913,PASSENGER,C15,2026-09-17,20:36,20:51,HIGH,TIMETABLE
TRN-008914,EXPRESS,C06,2026-09-09,22:36,22:53,HIGH,TIMETABLE
TRN-008915,PASSENGER,C19,2026-09-27,16:40,16:53,HIGH,TIMETABLE
TRN-008916,SUPERFAST,C08,2026-09-11,07:51,08:06,HIGH,TIMETABLE
TRN-008917,SUPERFAST,C13,2026-09-04,21:42,22:07,HIGH,TIMETABLE
TRN-008918,GOODS,C06,2026-09-19,09:34,10:32,MEDIUM,GOODS_FORECAST
TRN-008919,PASSENGER,C16,2026-09-26,12:49,13:08,HIGH,TIMETABLE
TRN-008920,PASSENGER,C18,2026-09-25,20:20,20:44,HIGH,TIMETABLE
TRN-008921,EXPRESS,C12,2026-09-07,12:49,13:01,HIGH,TIMETABLE
TRN-008922,GOODS,C01,2026-09-18,06:27,06:52,MEDIUM,GOODS_FORECAST
TRN-008923,SUPERFAST,C02,2026-09-20,01:50,02:12,HIGH,TIMETABLE
TRN-008924,PASSENGER,C08,2026-09-13,01:52,02:06,HIGH,TIMETABLE
TRN-008925,EXPRESS,C07,2026-09-30,04:09,04:29,HIGH,TIMETABLE
TRN-008926,EXPRESS,C06,2026-09-14,02:21,02:46,HIGH,TIMETABLE
TRN-008927,SUPERFAST,C07,2026-09-14,06:23,06:51,HIGH,TIMETABLE
TRN-008928,PASSENGER,C11,2026-09-26,20:25,20:50,HIGH,TIMETABLE
TRN-008929,SUPERFAST,C15,2026-09-07,18:33,18:48,HIGH,TIMETABLE
TRN-008930,SUPERFAST,C07,2026-09-17,05:19,05:31,HIGH,TIMETABLE
TRN-008931,PASSENGER,C06,2026-09-20,05:27,05:42,HIGH,TIMETABLE
TRN-008932,PASSENGER,C06,2026-09-17,07:36,07:52,HIGH,TIMETABLE
TRN-008933,EXPRESS,C03,2026-09-07,17:04,17:24,HIGH,TIMETABLE
TRN-008934,PASSENGER,C06,2026-09-07,11:31,11:41,HIGH,TIMETABLE
TRN-008935,EXPRESS,C16,2026-09-22,00:56,01:24,HIGH,TIMETABLE
TRN-008936,GOODS,C10,2026-09-30,01:26,01:57,MEDIUM,GOODS_FORECAST
TRN-008937,GOODS,C10,2026-09-03,05:51,06:35,MEDIUM,GOODS_FORECAST
TRN-008938,PASSENGER,C06,2026-09-06,20:08,20:22,HIGH,TIMETABLE
TRN-008939,PASSENGER,C12,2026-09-13,15:06,15:16,HIGH,TIMETABLE
TRN-008940,EXPRESS,C19,2026-09-08,19:38,19:55,HIGH,TIMETABLE
TRN-008941,GOODS,C12,2026-09-02,09:32,10:23,MEDIUM,GOODS_FORECAST
TRN-008942,GOODS,C20,2026-09-23,06:27,07:04,MEDIUM,GOODS_FORECAST
TRN-008943,SUPERFAST,C15,2026-09-09,03:51,04:12,HIGH,TIMETABLE
TRN-008944,GOODS,C11,2026-09-18,07:59,08:37,MEDIUM,GOODS_FORECAST
TRN-008945,SUPERFAST,C15,2026-09-17,21:58,22:26,HIGH,TIMETABLE
TRN-008946,EXPRESS,C20,2026-09-03,20:48,20:58,HIGH,TIMETABLE
TRN-008947,PASSENGER,C02,2026-09-19,21:48,22:06,HIGH,TIMETABLE
TRN-008948,PASSENGER,C16,2026-09-12,19:28,19:49,HIGH,TIMETABLE
TRN-008949,PASSENGER,C06,2026-09-12,16:16,16:30,HIGH,TIMETABLE
TRN-008950,PASSENGER,C07,2026-09-01,00:11,00:36,HIGH,TIMETABLE
TRN-008951,PASSENGER,C14,2026-09-28,02:23,02:46,HIGH,TIMETABLE
TRN-008952,SUPERFAST,C10,2026-09-17,10:10,10:32,HIGH,TIMETABLE
TRN-008953,SUPERFAST,C10,2026-09-15,21:30,21:51,HIGH,TIMETABLE
TRN-008954,PASSENGER,C20,2026-09-04,09:10,09:27,HIGH,TIMETABLE
TRN-008955,SUPERFAST,C13,2026-09-28,12:23,12:34,HIGH,TIMETABLE
TRN-008956,EXPRESS,C13,2026-09-19,04:39,04:53,HIGH,TIMETABLE
TRN-008957,EXPRESS,C01,2026-09-24,05:53,06:13,HIGH,TIMETABLE
TRN-008958,GOODS,C12,2026-09-26,21:40,22:21,MEDIUM,GOODS_FORECAST
TRN-008959,GOODS,C04,2026-09-26,03:46,04:14,MEDIUM,GOODS_FORECAST
TRN-008960,GOODS,C12,2026-09-12,14:00,14:36,MEDIUM,GOODS_FORECAST
TRN-008961,SUPERFAST,C03,2026-09-05,14:25,14:48,HIGH,TIMETABLE
TRN-008962,EXPRESS,C17,2026-09-01,22:05,22:33,HIGH,TIMETABLE
TRN-008963,GOODS,C02,2026-09-24,10:41,11:31,MEDIUM,GOODS_FORECAST
TRN-008964,PASSENGER,C02,2026-09-08,06:50,07:13,HIGH,TIMETABLE
TRN-008965,GOODS,C06,2026-09-27,09:51,10:36,MEDIUM,GOODS_FORECAST
TRN-008966,SUPERFAST,C05,2026-09-01,14:40,15:00,HIGH,TIMETABLE
TRN-008967,PASSENGER,C08,2026-09-05,13:55,14:07,HIGH,TIMETABLE
TRN-008968,PASSENGER,C08,2026-09-10,02:00,02:16,HIGH,TIMETABLE
TRN-008969,EXPRESS,C12,2026-09-05,09:05,09:21,HIGH,TIMETABLE
TRN-008970,SUPERFAST,C02,2026-09-20,02:13,02:33,HIGH,TIMETABLE
TRN-008971,SUPERFAST,C14,2026-09-18,08:26,08:56,HIGH,TIMETABLE
TRN-008972,GOODS,C20,2026-09-30,12:27,13:07,MEDIUM,GOODS_FORECAST
TRN-008973,SUPERFAST,C03,2026-09-24,06:21,06:36,HIGH,TIMETABLE
TRN-008974,GOODS,C06,2026-09-24,13:42,14:24,MEDIUM,GOODS_FORECAST
TRN-008975,EXPRESS,C10,2026-09-15,18:44,19:08,HIGH,TIMETABLE
TRN-008976,PASSENGER,C15,2026-09-21,21:22,21:44,HIGH,TIMETABLE
TRN-008977,PASSENGER,C06,2026-09-17,14:07,14:24,HIGH,TIMETABLE
TRN-008978,PASSENGER,C01,2026-09-15,17:53,18:05,HIGH,TIMETABLE
TRN-008979,SUPERFAST,C03,2026-09-24,01:15,01:28,HIGH,TIMETABLE
TRN-008980,PASSENGER,C10,2026-09-17,00:18,00:39,HIGH,TIMETABLE
TRN-008981,EXPRESS,C10,2026-09-05,03:34,03:47,HIGH,TIMETABLE
TRN-008982,SUPERFAST,C16,2026-09-10,20:00,20:30,HIGH,TIMETABLE
TRN-008983,PASSENGER,C09,2026-09-09,19:56,20:08,HIGH,TIMETABLE
TRN-008984,GOODS,C02,2026-09-15,05:47,06:24,MEDIUM,GOODS_FORECAST
TRN-008985,SUPERFAST,C10,2026-09-30,19:27,19:42,HIGH,TIMETABLE
TRN-008986,GOODS,C10,2026-09-19,20:30,21:08,MEDIUM,GOODS_FORECAST
TRN-008987,PASSENGER,C14,2026-09-10,01:55,02:13,HIGH,TIMETABLE
TRN-008988,PASSENGER,C03,2026-09-02,15:38,15:49,HIGH,TIMETABLE
TRN-008989,SUPERFAST,C09,2026-09-22,07:03,07:15,HIGH,TIMETABLE
TRN-008990,PASSENGER,C12,2026-09-12,00:19,00:35,HIGH,TIMETABLE
TRN-008991,PASSENGER,C17,2026-09-17,15:33,15:53,HIGH,TIMETABLE
TRN-008992,PASSENGER,C14,2026-09-01,14:41,15:05,HIGH,TIMETABLE
TRN-008993,GOODS,C12,2026-09-21,03:57,04:39,MEDIUM,GOODS_FORECAST
TRN-008994,PASSENGER,C17,2026-09-08,11:47,11:59,HIGH,TIMETABLE
TRN-008995,PASSENGER,C01,2026-09-19,11:59,12:12,HIGH,TIMETABLE
TRN-008996,PASSENGER,C05,2026-09-30,15:37,16:02,HIGH,TIMETABLE
TRN-008997,PASSENGER,C05,2026-09-03,11:41,11:58,HIGH,TIMETABLE
TRN-008998,EXPRESS,C04,2026-09-04,11:25,11:38,HIGH,TIMETABLE
TRN-008999,PASSENGER,C14,2026-09-06,16:04,16:17,HIGH,TIMETABLE
TRN-009000,PASSENGER,C12,2026-09-20,06:34,06:52,HIGH,TIMETABLE
TRN-009001,PASSENGER,C13,2026-09-04,22:05,22:28,HIGH,TIMETABLE
TRN-009002,GOODS,C01,2026-09-21,08:41,09:37,MEDIUM,GOODS_FORECAST
TRN-009003,PASSENGER,C11,2026-09-12,07:21,07:34,HIGH,TIMETABLE
TRN-009004,GOODS,C02,2026-09-16,06:49,07:45,MEDIUM,GOODS_FORECAST
TRN-009005,GOODS,C06,2026-09-05,00:14,01:07,MEDIUM,GOODS_FORECAST
TRN-009006,PASSENGER,C02,2026-09-18,22:07,22:26,HIGH,TIMETABLE
TRN-009007,PASSENGER,C06,2026-09-10,00:40,01:03,HIGH,TIMETABLE
TRN-009008,SUPERFAST,C02,2026-09-24,20:48,21:11,HIGH,TIMETABLE
TRN-009009,SUPERFAST,C05,2026-09-11,07:51,08:08,HIGH,TIMETABLE
TRN-009010,EXPRESS,C04,2026-09-22,00:30,00:58,HIGH,TIMETABLE
TRN-009011,SUPERFAST,C20,2026-09-19,08:06,08:18,HIGH,TIMETABLE
TRN-009012,GOODS,C19,2026-09-04,09:10,09:38,MEDIUM,GOODS_FORECAST
TRN-009013,PASSENGER,C20,2026-09-20,23:18,23:31,HIGH,TIMETABLE
TRN-009014,PASSENGER,C20,2026-09-15,03:46,04:00,HIGH,TIMETABLE
TRN-009015,SUPERFAST,C06,2026-09-17,17:46,18:10,HIGH,TIMETABLE
TRN-009016,GOODS,C10,2026-09-24,02:37,03:23,MEDIUM,GOODS_FORECAST
TRN-009017,SUPERFAST,C09,2026-09-20,05:07,05:28,HIGH,TIMETABLE
TRN-009018,PASSENGER,C07,2026-09-10,11:17,11:28,HIGH,TIMETABLE
TRN-009019,PASSENGER,C14,2026-09-09,22:00,22:15,HIGH,TIMETABLE
TRN-009020,EXPRESS,C18,2026-09-30,14:47,15:17,HIGH,TIMETABLE
TRN-009021,EXPRESS,C13,2026-09-27,14:55,15:13,HIGH,TIMETABLE
TRN-009022,EXPRESS,C03,2026-09-02,11:24,11:36,HIGH,TIMETABLE
TRN-009023,GOODS,C06,2026-09-19,21:51,22:24,MEDIUM,GOODS_FORECAST
TRN-009024,SUPERFAST,C15,2026-09-05,09:15,09:31,HIGH,TIMETABLE
TRN-009025,PASSENGER,C14,2026-09-16,16:04,16:29,HIGH,TIMETABLE
TRN-009026,SUPERFAST,C08,2026-09-22,13:09,13:33,HIGH,TIMETABLE
TRN-009027,EXPRESS,C03,2026-09-01,16:50,17:00,HIGH,TIMETABLE
TRN-009028,EXPRESS,C05,2026-09-09,01:50,02:16,HIGH,TIMETABLE
TRN-009029,SUPERFAST,C08,2026-09-21,12:14,12:26,HIGH,TIMETABLE
TRN-009030,SUPERFAST,C08,2026-09-07,03:18,03:39,HIGH,TIMETABLE
TRN-009031,EXPRESS,C06,2026-09-02,19:10,19:25,HIGH,TIMETABLE
TRN-009032,SUPERFAST,C14,2026-09-13,02:51,03:13,HIGH,TIMETABLE
TRN-009033,SUPERFAST,C01,2026-09-03,15:13,15:27,HIGH,TIMETABLE
TRN-009034,EXPRESS,C11,2026-09-24,03:59,04:13,HIGH,TIMETABLE
TRN-009035,EXPRESS,C13,2026-09-02,23:16,23:43,HIGH,TIMETABLE
TRN-009036,GOODS,C14,2026-09-19,14:26,14:58,MEDIUM,GOODS_FORECAST
TRN-009037,GOODS,C01,2026-09-18,09:14,09:39,MEDIUM,GOODS_FORECAST
TRN-009038,SUPERFAST,C20,2026-09-01,19:23,19:38,HIGH,TIMETABLE
TRN-009039,SUPERFAST,C16,2026-09-13,16:30,16:46,HIGH,TIMETABLE
TRN-009040,SUPERFAST,C01,2026-09-25,18:02,18:25,HIGH,TIMETABLE
TRN-009041,PASSENGER,C07,2026-09-07,19:54,20:15,HIGH,TIMETABLE
TRN-009042,PASSENGER,C13,2026-09-23,13:48,14:13,HIGH,TIMETABLE
TRN-009043,EXPRESS,C11,2026-09-12,00:40,01:06,HIGH,TIMETABLE
TRN-009044,SUPERFAST,C02,2026-09-11,01:39,02:08,HIGH,TIMETABLE
TRN-009045,PASSENGER,C07,2026-09-02,14:12,14:27,HIGH,TIMETABLE
TRN-009046,EXPRESS,C19,2026-09-25,17:14,17:25,HIGH,TIMETABLE
TRN-009047,EXPRESS,C12,2026-09-29,14:42,15:01,HIGH,TIMETABLE
TRN-009048,PASSENGER,C03,2026-09-19,19:35,19:54,HIGH,TIMETABLE
TRN-009049,SUPERFAST,C05,2026-09-09,07:12,07:35,HIGH,TIMETABLE
TRN-009050,PASSENGER,C02,2026-09-12,00:26,00:41,HIGH,TIMETABLE
TRN-009051,EXPRESS,C19,2026-09-20,01:26,01:50,HIGH,TIMETABLE
TRN-009052,EXPRESS,C19,2026-09-04,21:30,21:56,HIGH,TIMETABLE
TRN-009053,PASSENGER,C10,2026-09-20,18:18,18:34,HIGH,TIMETABLE
TRN-009054,EXPRESS,C17,2026-09-09,20:49,20:59,HIGH,TIMETABLE
TRN-009055,PASSENGER,C03,2026-09-15,15:06,15:24,HIGH,TIMETABLE
TRN-009056,EXPRESS,C03,2026-09-04,16:19,16:42,HIGH,TIMETABLE
TRN-009057,EXPRESS,C12,2026-09-01,23:39,23:50,HIGH,TIMETABLE
TRN-009058,PASSENGER,C16,2026-09-11,21:54,22:10,HIGH,TIMETABLE
TRN-009059,SUPERFAST,C04,2026-09-11,15:12,15:33,HIGH,TIMETABLE
TRN-009060,SUPERFAST,C05,2026-09-29,06:03,06:32,HIGH,TIMETABLE
TRN-009061,PASSENGER,C18,2026-09-08,19:04,19:26,HIGH,TIMETABLE
TRN-009062,PASSENGER,C07,2026-09-19,02:00,02:16,HIGH,TIMETABLE
TRN-009063,EXPRESS,C10,2026-09-18,14:39,15:03,HIGH,TIMETABLE
TRN-009064,GOODS,C13,2026-09-16,12:32,13:10,MEDIUM,GOODS_FORECAST
TRN-009065,SUPERFAST,C11,2026-09-03,10:46,11:03,HIGH,TIMETABLE
TRN-009066,PASSENGER,C16,2026-09-10,06:53,07:07,HIGH,TIMETABLE
TRN-009067,EXPRESS,C17,2026-09-04,05:49,06:00,HIGH,TIMETABLE
TRN-009068,EXPRESS,C02,2026-09-25,00:52,01:08,HIGH,TIMETABLE
TRN-009069,EXPRESS,C03,2026-09-28,00:04,00:17,HIGH,TIMETABLE
TRN-009070,PASSENGER,C05,2026-09-26,00:11,00:25,HIGH,TIMETABLE
TRN-009071,GOODS,C09,2026-09-30,03:18,04:08,MEDIUM,GOODS_FORECAST
TRN-009072,PASSENGER,C20,2026-09-01,19:41,20:05,HIGH,TIMETABLE
TRN-009073,PASSENGER,C17,2026-09-18,12:04,12:17,HIGH,TIMETABLE
TRN-009074,GOODS,C13,2026-09-03,19:12,19:38,MEDIUM,GOODS_FORECAST
TRN-009075,EXPRESS,C13,2026-09-09,10:39,10:57,HIGH,TIMETABLE
TRN-009076,GOODS,C02,2026-09-09,07:37,08:20,MEDIUM,GOODS_FORECAST
TRN-009077,SUPERFAST,C13,2026-09-23,02:33,02:56,HIGH,TIMETABLE
TRN-009078,GOODS,C05,2026-09-05,23:32,00:07,MEDIUM,GOODS_FORECAST
TRN-009079,GOODS,C15,2026-09-05,14:43,15:14,MEDIUM,GOODS_FORECAST
TRN-009080,PASSENGER,C09,2026-09-25,22:07,22:18,HIGH,TIMETABLE
TRN-009081,PASSENGER,C13,2026-09-01,06:08,06:27,HIGH,TIMETABLE
TRN-009082,GOODS,C14,2026-09-12,11:18,11:52,MEDIUM,GOODS_FORECAST
TRN-009083,GOODS,C17,2026-09-19,10:49,11:38,MEDIUM,GOODS_FORECAST
TRN-009084,EXPRESS,C13,2026-09-29,08:32,09:01,HIGH,TIMETABLE
TRN-009085,EXPRESS,C07,2026-09-28,06:33,07:01,HIGH,TIMETABLE
TRN-009086,EXPRESS,C09,2026-09-12,06:29,06:58,HIGH,TIMETABLE
TRN-009087,GOODS,C18,2026-09-02,06:00,06:39,MEDIUM,GOODS_FORECAST
TRN-009088,EXPRESS,C18,2026-09-15,14:00,14:12,HIGH,TIMETABLE
TRN-009089,SUPERFAST,C10,2026-09-10,08:42,08:59,HIGH,TIMETABLE
TRN-009090,SUPERFAST,C08,2026-09-22,23:04,23:28,HIGH,TIMETABLE
TRN-009091,GOODS,C13,2026-09-25,21:59,22:26,MEDIUM,GOODS_FORECAST
TRN-009092,SUPERFAST,C02,2026-09-17,11:14,11:38,HIGH,TIMETABLE
TRN-009093,PASSENGER,C15,2026-09-20,10:26,10:50,HIGH,TIMETABLE
TRN-009094,EXPRESS,C07,2026-09-04,18:02,18:18,HIGH,TIMETABLE
TRN-009095,SUPERFAST,C06,2026-09-23,19:32,19:42,HIGH,TIMETABLE
TRN-009096,PASSENGER,C10,2026-09-30,20:15,20:30,HIGH,TIMETABLE
TRN-009097,SUPERFAST,C18,2026-09-30,11:40,11:55,HIGH,TIMETABLE
TRN-009098,GOODS,C10,2026-09-13,22:28,22:58,MEDIUM,GOODS_FORECAST
TRN-009099,PASSENGER,C06,2026-09-04,14:33,14:58,HIGH,TIMETABLE
TRN-009100,EXPRESS,C01,2026-09-27,17:51,18:20,HIGH,TIMETABLE
TRN-009101,EXPRESS,C03,2026-09-01,12:54,13:17,HIGH,TIMETABLE
TRN-009102,GOODS,C17,2026-09-29,21:13,22:06,MEDIUM,GOODS_FORECAST
TRN-009103,EXPRESS,C06,2026-09-23,10:35,10:49,HIGH,TIMETABLE
TRN-009104,SUPERFAST,C14,2026-09-12,18:51,19:05,HIGH,TIMETABLE
TRN-009105,SUPERFAST,C07,2026-09-18,11:15,11:33,HIGH,TIMETABLE
TRN-009106,SUPERFAST,C02,2026-09-21,22:29,22:48,HIGH,TIMETABLE
TRN-009107,SUPERFAST,C11,2026-09-01,23:31,23:48,HIGH,TIMETABLE
TRN-009108,GOODS,C18,2026-09-13,06:36,07:34,MEDIUM,GOODS_FORECAST
TRN-009109,GOODS,C07,2026-09-24,08:39,09:28,MEDIUM,GOODS_FORECAST
TRN-009110,GOODS,C13,2026-09-20,00:46,01:44,MEDIUM,GOODS_FORECAST
TRN-009111,PASSENGER,C09,2026-09-10,20:43,21:05,HIGH,TIMETABLE
TRN-009112,GOODS,C05,2026-09-20,13:48,14:34,MEDIUM,GOODS_FORECAST
TRN-009113,GOODS,C06,2026-09-22,18:58,19:37,MEDIUM,GOODS_FORECAST
TRN-009114,GOODS,C12,2026-09-22,06:52,07:18,MEDIUM,GOODS_FORECAST
TRN-009115,EXPRESS,C15,2026-09-29,20:30,20:43,HIGH,TIMETABLE
TRN-009116,SUPERFAST,C10,2026-09-23,17:59,18:24,HIGH,TIMETABLE
TRN-009117,EXPRESS,C01,2026-09-03,12:15,12:26,HIGH,TIMETABLE
TRN-009118,EXPRESS,C08,2026-09-30,08:08,08:26,HIGH,TIMETABLE
TRN-009119,GOODS,C03,2026-09-06,20:41,21:39,MEDIUM,GOODS_FORECAST
TRN-009120,PASSENGER,C09,2026-09-12,09:19,09:31,HIGH,TIMETABLE
TRN-009121,EXPRESS,C07,2026-09-25,16:56,17:23,HIGH,TIMETABLE
TRN-009122,EXPRESS,C10,2026-09-21,16:46,17:05,HIGH,TIMETABLE
TRN-009123,PASSENGER,C12,2026-09-01,15:37,15:56,HIGH,TIMETABLE
TRN-009124,PASSENGER,C05,2026-09-02,06:49,07:10,HIGH,TIMETABLE
TRN-009125,GOODS,C02,2026-09-21,01:53,02:46,MEDIUM,GOODS_FORECAST
TRN-009126,EXPRESS,C15,2026-09-15,11:21,11:41,HIGH,TIMETABLE
TRN-009127,PASSENGER,C11,2026-09-07,10:52,11:17,HIGH,TIMETABLE
TRN-009128,SUPERFAST,C13,2026-09-23,02:02,02:32,HIGH,TIMETABLE
TRN-009129,PASSENGER,C15,2026-09-07,07:24,07:46,HIGH,TIMETABLE
TRN-009130,PASSENGER,C06,2026-09-09,16:06,16:24,HIGH,TIMETABLE
TRN-009131,PASSENGER,C12,2026-09-25,03:10,03:33,HIGH,TIMETABLE
TRN-009132,SUPERFAST,C05,2026-09-20,10:47,11:10,HIGH,TIMETABLE
TRN-009133,EXPRESS,C03,2026-09-21,09:23,09:49,HIGH,TIMETABLE
TRN-009134,GOODS,C06,2026-09-23,09:01,09:41,MEDIUM,GOODS_FORECAST
TRN-009135,EXPRESS,C18,2026-09-11,02:33,02:57,HIGH,TIMETABLE
TRN-009136,EXPRESS,C15,2026-09-22,12:20,12:45,HIGH,TIMETABLE
TRN-009137,EXPRESS,C02,2026-09-25,13:12,13:24,HIGH,TIMETABLE
TRN-009138,PASSENGER,C13,2026-09-01,02:43,03:08,HIGH,TIMETABLE
TRN-009139,SUPERFAST,C03,2026-09-20,12:53,13:12,HIGH,TIMETABLE
TRN-009140,PASSENGER,C02,2026-09-02,20:04,20:18,HIGH,TIMETABLE
TRN-009141,PASSENGER,C17,2026-09-26,06:54,07:14,HIGH,TIMETABLE
TRN-009142,GOODS,C14,2026-09-27,04:18,05:11,MEDIUM,GOODS_FORECAST
TRN-009143,EXPRESS,C18,2026-09-16,16:18,16:43,HIGH,TIMETABLE
TRN-009144,EXPRESS,C09,2026-09-01,04:34,04:51,HIGH,TIMETABLE
TRN-009145,PASSENGER,C16,2026-09-25,04:08,04:27,HIGH,TIMETABLE
TRN-009146,PASSENGER,C07,2026-09-15,09:18,09:28,HIGH,TIMETABLE
TRN-009147,SUPERFAST,C18,2026-09-21,05:34,05:57,HIGH,TIMETABLE
TRN-009148,GOODS,C14,2026-09-11,06:10,06:49,MEDIUM,GOODS_FORECAST
TRN-009149,GOODS,C13,2026-09-16,12:21,13:10,MEDIUM,GOODS_FORECAST
TRN-009150,PASSENGER,C12,2026-09-25,08:35,08:55,HIGH,TIMETABLE
TRN-009151,SUPERFAST,C09,2026-09-01,07:59,08:18,HIGH,TIMETABLE
TRN-009152,EXPRESS,C17,2026-09-25,19:32,19:49,HIGH,TIMETABLE
TRN-009153,SUPERFAST,C12,2026-09-20,12:13,12:33,HIGH,TIMETABLE
TRN-009154,PASSENGER,C10,2026-09-21,05:47,06:02,HIGH,TIMETABLE
TRN-009155,SUPERFAST,C19,2026-09-09,14:57,15:08,HIGH,TIMETABLE
TRN-009156,PASSENGER,C09,2026-09-16,13:34,13:55,HIGH,TIMETABLE
TRN-009157,EXPRESS,C07,2026-09-20,22:34,22:44,HIGH,TIMETABLE
TRN-009158,PASSENGER,C18,2026-09-24,22:21,22:45,HIGH,TIMETABLE
TRN-009159,EXPRESS,C20,2026-09-06,15:13,15:24,HIGH,TIMETABLE
TRN-009160,PASSENGER,C08,2026-09-17,18:26,18:46,HIGH,TIMETABLE
TRN-009161,GOODS,C05,2026-09-28,17:43,18:36,MEDIUM,GOODS_FORECAST
TRN-009162,PASSENGER,C12,2026-09-25,23:32,23:49,HIGH,TIMETABLE
TRN-009163,PASSENGER,C09,2026-09-08,00:50,01:04,HIGH,TIMETABLE
TRN-009164,GOODS,C20,2026-09-23,22:36,23:30,MEDIUM,GOODS_FORECAST
TRN-009165,GOODS,C08,2026-09-18,10:51,11:35,MEDIUM,GOODS_FORECAST
TRN-009166,PASSENGER,C06,2026-09-26,09:34,09:45,HIGH,TIMETABLE
TRN-009167,PASSENGER,C09,2026-09-27,18:16,18:26,HIGH,TIMETABLE
TRN-009168,PASSENGER,C14,2026-09-17,17:55,18:17,HIGH,TIMETABLE
TRN-009169,SUPERFAST,C20,2026-09-23,19:02,19:32,HIGH,TIMETABLE
TRN-009170,SUPERFAST,C18,2026-09-23,15:24,15:46,HIGH,TIMETABLE
TRN-009171,PASSENGER,C09,2026-09-22,05:56,06:21,HIGH,TIMETABLE
TRN-009172,PASSENGER,C15,2026-09-26,15:53,16:06,HIGH,TIMETABLE
TRN-009173,PASSENGER,C15,2026-09-18,15:34,15:50,HIGH,TIMETABLE
TRN-009174,EXPRESS,C18,2026-09-03,11:39,12:02,HIGH,TIMETABLE
TRN-009175,PASSENGER,C13,2026-09-06,02:13,02:38,HIGH,TIMETABLE
TRN-009176,PASSENGER,C16,2026-09-28,02:55,03:12,HIGH,TIMETABLE
TRN-009177,SUPERFAST,C16,2026-09-07,02:09,02:28,HIGH,TIMETABLE
TRN-009178,PASSENGER,C07,2026-09-29,02:34,02:47,HIGH,TIMETABLE
TRN-009179,EXPRESS,C14,2026-09-28,04:06,04:29,HIGH,TIMETABLE
TRN-009180,PASSENGER,C13,2026-09-20,18:37,19:00,HIGH,TIMETABLE
TRN-009181,EXPRESS,C13,2026-09-06,02:35,03:01,HIGH,TIMETABLE
TRN-009182,PASSENGER,C10,2026-09-15,19:26,19:41,HIGH,TIMETABLE
TRN-009183,PASSENGER,C16,2026-09-13,22:15,22:38,HIGH,TIMETABLE
TRN-009184,EXPRESS,C15,2026-09-04,13:23,13:47,HIGH,TIMETABLE
TRN-009185,PASSENGER,C09,2026-09-17,22:43,23:04,HIGH,TIMETABLE
TRN-009186,EXPRESS,C05,2026-09-11,15:34,16:01,HIGH,TIMETABLE
TRN-009187,EXPRESS,C06,2026-09-07,10:46,11:00,HIGH,TIMETABLE
TRN-009188,EXPRESS,C02,2026-09-01,21:10,21:26,HIGH,TIMETABLE
TRN-009189,PASSENGER,C03,2026-09-08,15:04,15:21,HIGH,TIMETABLE
TRN-009190,PASSENGER,C09,2026-09-05,09:45,10:10,HIGH,TIMETABLE
TRN-009191,GOODS,C04,2026-09-03,11:48,12:33,MEDIUM,GOODS_FORECAST
TRN-009192,EXPRESS,C06,2026-09-28,06:10,06:22,HIGH,TIMETABLE
TRN-009193,EXPRESS,C19,2026-09-11,02:52,03:16,HIGH,TIMETABLE
TRN-009194,PASSENGER,C20,2026-09-01,15:23,15:33,HIGH,TIMETABLE
TRN-009195,EXPRESS,C16,2026-09-21,14:35,15:04,HIGH,TIMETABLE
TRN-009196,PASSENGER,C04,2026-09-07,03:19,03:41,HIGH,TIMETABLE
TRN-009197,GOODS,C10,2026-09-11,08:19,09:19,MEDIUM,GOODS_FORECAST
TRN-009198,PASSENGER,C13,2026-09-29,10:06,10:21,HIGH,TIMETABLE
TRN-009199,PASSENGER,C01,2026-09-28,07:36,07:57,HIGH,TIMETABLE
TRN-009200,PASSENGER,C06,2026-09-27,03:01,03:12,HIGH,TIMETABLE
TRN-009201,PASSENGER,C11,2026-09-10,23:49,00:11,HIGH,TIMETABLE
TRN-009202,EXPRESS,C20,2026-09-03,09:58,10:26,HIGH,TIMETABLE
TRN-009203,EXPRESS,C20,2026-09-12,19:29,19:53,HIGH,TIMETABLE
TRN-009204,EXPRESS,C08,2026-09-04,23:59,00:24,HIGH,TIMETABLE
TRN-009205,PASSENGER,C14,2026-09-18,22:27,22:41,HIGH,TIMETABLE
TRN-009206,EXPRESS,C07,2026-09-06,01:24,01:36,HIGH,TIMETABLE
TRN-009207,GOODS,C07,2026-09-11,10:27,11:15,MEDIUM,GOODS_FORECAST
TRN-009208,EXPRESS,C07,2026-09-26,13:31,13:56,HIGH,TIMETABLE
TRN-009209,SUPERFAST,C17,2026-09-22,07:51,08:14,HIGH,TIMETABLE
TRN-009210,EXPRESS,C08,2026-09-14,21:35,21:54,HIGH,TIMETABLE
TRN-009211,GOODS,C10,2026-09-24,10:33,11:30,MEDIUM,GOODS_FORECAST
TRN-009212,GOODS,C01,2026-09-22,13:46,14:23,MEDIUM,GOODS_FORECAST
TRN-009213,SUPERFAST,C14,2026-09-28,15:18,15:34,HIGH,TIMETABLE
TRN-009214,EXPRESS,C01,2026-09-13,00:47,01:05,HIGH,TIMETABLE
TRN-009215,PASSENGER,C19,2026-09-10,05:00,05:14,HIGH,TIMETABLE
TRN-009216,SUPERFAST,C03,2026-09-20,05:58,06:16,HIGH,TIMETABLE
TRN-009217,EXPRESS,C07,2026-09-21,21:31,21:51,HIGH,TIMETABLE
TRN-009218,PASSENGER,C20,2026-09-22,16:29,16:44,HIGH,TIMETABLE
TRN-009219,PASSENGER,C19,2026-09-24,07:04,07:29,HIGH,TIMETABLE
TRN-009220,PASSENGER,C04,2026-09-04,04:43,04:53,HIGH,TIMETABLE
TRN-009221,PASSENGER,C05,2026-09-24,20:12,20:28,HIGH,TIMETABLE
TRN-009222,EXPRESS,C20,2026-09-29,01:23,01:36,HIGH,TIMETABLE
TRN-009223,EXPRESS,C01,2026-09-25,22:44,23:05,HIGH,TIMETABLE
TRN-009224,SUPERFAST,C10,2026-09-16,14:32,14:44,HIGH,TIMETABLE
TRN-009225,EXPRESS,C02,2026-09-24,21:26,21:48,HIGH,TIMETABLE
TRN-009226,EXPRESS,C08,2026-09-02,10:35,10:45,HIGH,TIMETABLE
TRN-009227,PASSENGER,C11,2026-09-22,23:47,00:05,HIGH,TIMETABLE
TRN-009228,GOODS,C17,2026-09-01,02:42,03:19,MEDIUM,GOODS_FORECAST
TRN-009229,PASSENGER,C09,2026-09-07,08:12,08:35,HIGH,TIMETABLE
TRN-009230,PASSENGER,C12,2026-09-16,08:56,09:12,HIGH,TIMETABLE
TRN-009231,PASSENGER,C04,2026-09-04,11:44,12:02,HIGH,TIMETABLE
TRN-009232,EXPRESS,C20,2026-09-21,22:22,22:52,HIGH,TIMETABLE
TRN-009233,SUPERFAST,C19,2026-09-03,23:19,23:44,HIGH,TIMETABLE
TRN-009234,EXPRESS,C04,2026-09-20,12:56,13:25,HIGH,TIMETABLE
TRN-009235,SUPERFAST,C02,2026-09-20,02:16,02:33,HIGH,TIMETABLE
TRN-009236,EXPRESS,C03,2026-09-16,21:57,22:20,HIGH,TIMETABLE
TRN-009237,PASSENGER,C19,2026-09-05,00:37,00:58,HIGH,TIMETABLE
TRN-009238,GOODS,C10,2026-09-18,21:39,22:17,MEDIUM,GOODS_FORECAST
TRN-009239,SUPERFAST,C01,2026-09-29,19:27,19:37,HIGH,TIMETABLE
TRN-009240,GOODS,C03,2026-09-14,17:44,18:09,MEDIUM,GOODS_FORECAST
TRN-009241,PASSENGER,C03,2026-09-11,22:35,22:51,HIGH,TIMETABLE
TRN-009242,GOODS,C14,2026-09-01,21:18,22:07,MEDIUM,GOODS_FORECAST
TRN-009243,PASSENGER,C20,2026-09-10,12:25,12:41,HIGH,TIMETABLE
TRN-009244,SUPERFAST,C20,2026-09-16,07:05,07:19,HIGH,TIMETABLE
TRN-009245,PASSENGER,C19,2026-09-14,01:08,01:21,HIGH,TIMETABLE
TRN-009246,EXPRESS,C11,2026-09-07,21:31,21:41,HIGH,TIMETABLE
TRN-009247,EXPRESS,C06,2026-09-26,11:44,12:07,HIGH,TIMETABLE
TRN-009248,SUPERFAST,C10,2026-09-22,19:08,19:35,HIGH,TIMETABLE
TRN-009249,SUPERFAST,C18,2026-09-21,23:29,23:56,HIGH,TIMETABLE
TRN-009250,PASSENGER,C10,2026-09-20,16:54,17:05,HIGH,TIMETABLE
TRN-009251,PASSENGER,C09,2026-09-18,23:55,00:15,HIGH,TIMETABLE
TRN-009252,PASSENGER,C04,2026-09-22,13:48,14:04,HIGH,TIMETABLE
TRN-009253,PASSENGER,C10,2026-09-02,11:21,11:45,HIGH,TIMETABLE
TRN-009254,SUPERFAST,C10,2026-09-04,02:44,03:14,HIGH,TIMETABLE
TRN-009255,EXPRESS,C12,2026-09-07,19:20,19:33,HIGH,TIMETABLE
TRN-009256,SUPERFAST,C08,2026-09-17,21:58,22:26,HIGH,TIMETABLE
TRN-009257,PASSENGER,C13,2026-09-27,13:39,14:04,HIGH,TIMETABLE
TRN-009258,EXPRESS,C01,2026-09-20,23:08,23:29,HIGH,TIMETABLE
TRN-009259,PASSENGER,C17,2026-09-30,11:20,11:42,HIGH,TIMETABLE
TRN-009260,EXPRESS,C02,2026-09-09,23:43,23:59,HIGH,TIMETABLE
TRN-009261,SUPERFAST,C05,2026-09-19,00:28,00:39,HIGH,TIMETABLE
TRN-009262,GOODS,C17,2026-09-22,22:32,23:30,MEDIUM,GOODS_FORECAST
TRN-009263,EXPRESS,C05,2026-09-11,18:25,18:55,HIGH,TIMETABLE
TRN-009264,PASSENGER,C17,2026-09-26,06:49,07:00,HIGH,TIMETABLE
TRN-009265,PASSENGER,C01,2026-09-07,15:26,15:51,HIGH,TIMETABLE
TRN-009266,PASSENGER,C03,2026-09-05,01:45,02:06,HIGH,TIMETABLE
TRN-009267,GOODS,C18,2026-09-14,19:20,20:04,MEDIUM,GOODS_FORECAST
TRN-009268,EXPRESS,C07,2026-09-23,02:06,02:30,HIGH,TIMETABLE
TRN-009269,PASSENGER,C15,2026-09-18,02:39,02:55,HIGH,TIMETABLE
TRN-009270,PASSENGER,C01,2026-09-24,20:13,20:34,HIGH,TIMETABLE
TRN-009271,SUPERFAST,C04,2026-09-30,09:20,09:30,HIGH,TIMETABLE
TRN-009272,PASSENGER,C03,2026-09-18,03:26,03:43,HIGH,TIMETABLE
TRN-009273,SUPERFAST,C13,2026-09-03,16:52,17:03,HIGH,TIMETABLE
TRN-009274,PASSENGER,C09,2026-09-17,12:12,12:31,HIGH,TIMETABLE
TRN-009275,SUPERFAST,C04,2026-09-24,04:36,04:52,HIGH,TIMETABLE
TRN-009276,SUPERFAST,C17,2026-09-30,03:32,03:42,HIGH,TIMETABLE
TRN-009277,GOODS,C19,2026-09-10,23:09,23:54,MEDIUM,GOODS_FORECAST
TRN-009278,PASSENGER,C11,2026-09-29,08:29,08:51,HIGH,TIMETABLE
TRN-009279,PASSENGER,C12,2026-09-14,02:40,02:58,HIGH,TIMETABLE
TRN-009280,PASSENGER,C05,2026-09-22,23:37,00:01,HIGH,TIMETABLE
TRN-009281,PASSENGER,C02,2026-09-20,06:30,06:44,HIGH,TIMETABLE
TRN-009282,PASSENGER,C05,2026-09-19,08:43,08:56,HIGH,TIMETABLE
TRN-009283,EXPRESS,C14,2026-09-04,03:46,03:59,HIGH,TIMETABLE
TRN-009284,GOODS,C10,2026-09-17,07:59,08:34,MEDIUM,GOODS_FORECAST
TRN-009285,PASSENGER,C02,2026-09-20,13:51,14:11,HIGH,TIMETABLE
TRN-009286,GOODS,C05,2026-09-30,23:06,23:57,MEDIUM,GOODS_FORECAST
TRN-009287,GOODS,C05,2026-09-04,13:14,14:05,MEDIUM,GOODS_FORECAST
TRN-009288,GOODS,C19,2026-09-10,17:37,18:07,MEDIUM,GOODS_FORECAST
TRN-009289,GOODS,C02,2026-09-01,02:37,03:06,MEDIUM,GOODS_FORECAST
TRN-009290,PASSENGER,C07,2026-09-08,23:45,23:55,HIGH,TIMETABLE
TRN-009291,PASSENGER,C15,2026-09-19,13:01,13:21,HIGH,TIMETABLE
TRN-009292,GOODS,C13,2026-09-21,15:51,16:31,MEDIUM,GOODS_FORECAST
TRN-009293,PASSENGER,C18,2026-09-24,22:05,22:21,HIGH,TIMETABLE
TRN-009294,EXPRESS,C10,2026-09-04,10:00,10:17,HIGH,TIMETABLE
TRN-009295,PASSENGER,C13,2026-09-29,05:47,06:02,HIGH,TIMETABLE
TRN-009296,GOODS,C01,2026-09-24,16:36,17:17,MEDIUM,GOODS_FORECAST
TRN-009297,SUPERFAST,C02,2026-09-11,06:49,07:15,HIGH,TIMETABLE
TRN-009298,SUPERFAST,C19,2026-09-25,21:52,22:02,HIGH,TIMETABLE
TRN-009299,PASSENGER,C20,2026-09-12,00:15,00:33,HIGH,TIMETABLE
TRN-009300,PASSENGER,C03,2026-09-14,18:32,18:49,HIGH,TIMETABLE
TRN-009301,EXPRESS,C11,2026-09-15,16:47,17:02,HIGH,TIMETABLE
TRN-009302,PASSENGER,C17,2026-09-16,06:18,06:42,HIGH,TIMETABLE
TRN-009303,PASSENGER,C04,2026-09-02,12:43,12:55,HIGH,TIMETABLE
TRN-009304,GOODS,C12,2026-09-24,15:43,16:40,MEDIUM,GOODS_FORECAST
TRN-009305,SUPERFAST,C03,2026-09-12,11:35,11:55,HIGH,TIMETABLE
TRN-009306,PASSENGER,C10,2026-09-19,12:11,12:32,HIGH,TIMETABLE
TRN-009307,PASSENGER,C14,2026-09-09,08:25,08:45,HIGH,TIMETABLE
TRN-009308,PASSENGER,C04,2026-09-16,06:46,07:00,HIGH,TIMETABLE
TRN-009309,EXPRESS,C05,2026-09-09,17:54,18:19,HIGH,TIMETABLE
TRN-009310,GOODS,C06,2026-09-19,18:15,18:43,MEDIUM,GOODS_FORECAST
TRN-009311,SUPERFAST,C01,2026-09-29,05:17,05:46,HIGH,TIMETABLE
TRN-009312,PASSENGER,C15,2026-09-06,13:06,13:26,HIGH,TIMETABLE
TRN-009313,SUPERFAST,C08,2026-09-24,08:58,09:12,HIGH,TIMETABLE
TRN-009314,PASSENGER,C11,2026-09-27,16:44,16:57,HIGH,TIMETABLE
TRN-009315,GOODS,C08,2026-09-04,09:55,10:43,MEDIUM,GOODS_FORECAST
TRN-009316,GOODS,C13,2026-09-05,12:43,13:22,MEDIUM,GOODS_FORECAST
TRN-009317,PASSENGER,C02,2026-09-29,04:43,05:01,HIGH,TIMETABLE
TRN-009318,GOODS,C08,2026-09-01,00:31,01:03,MEDIUM,GOODS_FORECAST
TRN-009319,PASSENGER,C03,2026-09-10,14:28,14:47,HIGH,TIMETABLE
TRN-009320,GOODS,C06,2026-09-03,09:37,10:17,MEDIUM,GOODS_FORECAST
TRN-009321,EXPRESS,C16,2026-09-17,23:08,23:18,HIGH,TIMETABLE
TRN-009322,GOODS,C12,2026-09-11,22:39,23:12,MEDIUM,GOODS_FORECAST
TRN-009323,SUPERFAST,C16,2026-09-16,00:48,01:02,HIGH,TIMETABLE
TRN-009324,EXPRESS,C10,2026-09-19,15:55,16:17,HIGH,TIMETABLE
TRN-009325,SUPERFAST,C16,2026-09-20,19:55,20:21,HIGH,TIMETABLE
TRN-009326,GOODS,C06,2026-09-12,13:45,14:37,MEDIUM,GOODS_FORECAST
TRN-009327,SUPERFAST,C10,2026-09-03,02:10,02:26,HIGH,TIMETABLE
TRN-009328,PASSENGER,C15,2026-09-23,14:49,15:08,HIGH,TIMETABLE
TRN-009329,SUPERFAST,C13,2026-09-15,05:43,06:07,HIGH,TIMETABLE
TRN-009330,SUPERFAST,C07,2026-09-07,19:16,19:39,HIGH,TIMETABLE
TRN-009331,EXPRESS,C02,2026-09-15,03:51,04:04,HIGH,TIMETABLE
TRN-009332,SUPERFAST,C10,2026-09-16,10:43,10:54,HIGH,TIMETABLE
TRN-009333,SUPERFAST,C12,2026-09-21,06:16,06:30,HIGH,TIMETABLE
TRN-009334,PASSENGER,C03,2026-09-05,16:30,16:40,HIGH,TIMETABLE
TRN-009335,SUPERFAST,C05,2026-09-05,23:52,00:13,HIGH,TIMETABLE
TRN-009336,GOODS,C08,2026-09-08,22:09,22:42,MEDIUM,GOODS_FORECAST
TRN-009337,PASSENGER,C18,2026-09-03,10:23,10:40,HIGH,TIMETABLE
TRN-009338,PASSENGER,C14,2026-09-29,02:32,02:55,HIGH,TIMETABLE
TRN-009339,GOODS,C20,2026-09-29,22:40,23:35,MEDIUM,GOODS_FORECAST
TRN-009340,PASSENGER,C10,2026-09-30,14:06,14:31,HIGH,TIMETABLE
TRN-009341,PASSENGER,C04,2026-09-04,20:36,20:56,HIGH,TIMETABLE
TRN-009342,GOODS,C04,2026-09-04,12:37,13:33,MEDIUM,GOODS_FORECAST
TRN-009343,EXPRESS,C15,2026-09-05,08:11,08:39,HIGH,TIMETABLE
TRN-009344,PASSENGER,C07,2026-09-16,04:00,04:20,HIGH,TIMETABLE
TRN-009345,SUPERFAST,C17,2026-09-13,00:21,00:36,HIGH,TIMETABLE
TRN-009346,EXPRESS,C05,2026-09-07,13:45,14:00,HIGH,TIMETABLE
TRN-009347,SUPERFAST,C10,2026-09-11,17:23,17:50,HIGH,TIMETABLE
TRN-009348,SUPERFAST,C10,2026-09-23,12:50,13:18,HIGH,TIMETABLE
TRN-009349,GOODS,C15,2026-09-03,09:35,10:29,MEDIUM,GOODS_FORECAST
TRN-009350,SUPERFAST,C16,2026-09-12,00:52,01:18,HIGH,TIMETABLE
TRN-009351,SUPERFAST,C12,2026-09-21,23:40,00:04,HIGH,TIMETABLE
TRN-009352,SUPERFAST,C03,2026-09-29,16:59,17:25,HIGH,TIMETABLE
TRN-009353,PASSENGER,C10,2026-09-09,01:40,01:51,HIGH,TIMETABLE
TRN-009354,PASSENGER,C16,2026-09-27,08:53,09:11,HIGH,TIMETABLE
TRN-009355,PASSENGER,C10,2026-09-30,07:53,08:17,HIGH,TIMETABLE
TRN-009356,SUPERFAST,C07,2026-09-13,13:18,13:41,HIGH,TIMETABLE
TRN-009357,GOODS,C10,2026-09-10,18:23,19:13,MEDIUM,GOODS_FORECAST
TRN-009358,SUPERFAST,C15,2026-09-04,04:04,04:31,HIGH,TIMETABLE
TRN-009359,EXPRESS,C14,2026-09-03,17:57,18:12,HIGH,TIMETABLE
TRN-009360,SUPERFAST,C15,2026-09-21,07:31,07:50,HIGH,TIMETABLE
TRN-009361,GOODS,C15,2026-09-10,20:04,20:55,MEDIUM,GOODS_FORECAST
TRN-009362,EXPRESS,C17,2026-09-24,09:57,10:18,HIGH,TIMETABLE
TRN-009363,SUPERFAST,C15,2026-09-29,08:01,08:18,HIGH,TIMETABLE
TRN-009364,SUPERFAST,C04,2026-09-21,17:37,18:03,HIGH,TIMETABLE
TRN-009365,PASSENGER,C14,2026-09-16,11:09,11:28,HIGH,TIMETABLE
TRN-009366,PASSENGER,C07,2026-09-26,11:26,11:44,HIGH,TIMETABLE
TRN-009367,SUPERFAST,C12,2026-09-11,22:35,22:59,HIGH,TIMETABLE
TRN-009368,EXPRESS,C01,2026-09-24,15:42,16:11,HIGH,TIMETABLE
TRN-009369,SUPERFAST,C02,2026-09-16,15:05,15:35,HIGH,TIMETABLE
TRN-009370,PASSENGER,C10,2026-09-21,21:50,22:11,HIGH,TIMETABLE
TRN-009371,PASSENGER,C07,2026-09-01,00:40,00:52,HIGH,TIMETABLE
TRN-009372,EXPRESS,C04,2026-09-25,08:56,09:09,HIGH,TIMETABLE
TRN-009373,PASSENGER,C06,2026-09-12,20:03,20:18,HIGH,TIMETABLE
TRN-009374,PASSENGER,C06,2026-09-19,21:22,21:43,HIGH,TIMETABLE
TRN-009375,EXPRESS,C05,2026-09-09,01:47,02:08,HIGH,TIMETABLE
TRN-009376,EXPRESS,C06,2026-09-11,03:34,03:59,HIGH,TIMETABLE
TRN-009377,EXPRESS,C18,2026-09-12,14:42,15:02,HIGH,TIMETABLE
TRN-009378,PASSENGER,C13,2026-09-10,05:18,05:36,HIGH,TIMETABLE
TRN-009379,PASSENGER,C10,2026-09-05,17:14,17:28,HIGH,TIMETABLE
TRN-009380,SUPERFAST,C01,2026-09-06,04:20,04:31,HIGH,TIMETABLE
TRN-009381,PASSENGER,C01,2026-09-14,09:59,10:21,HIGH,TIMETABLE
TRN-009382,PASSENGER,C06,2026-09-13,11:37,11:52,HIGH,TIMETABLE
TRN-009383,SUPERFAST,C04,2026-09-24,09:30,09:56,HIGH,TIMETABLE
TRN-009384,EXPRESS,C02,2026-09-20,14:02,14:26,HIGH,TIMETABLE
TRN-009385,GOODS,C15,2026-09-06,12:45,13:12,MEDIUM,GOODS_FORECAST
TRN-009386,PASSENGER,C08,2026-09-06,04:00,04:20,HIGH,TIMETABLE
TRN-009387,EXPRESS,C20,2026-09-07,06:07,06:18,HIGH,TIMETABLE
TRN-009388,EXPRESS,C01,2026-09-14,11:51,12:02,HIGH,TIMETABLE
TRN-009389,EXPRESS,C19,2026-09-13,21:26,21:39,HIGH,TIMETABLE
TRN-009390,SUPERFAST,C11,2026-09-30,18:27,18:53,HIGH,TIMETABLE
TRN-009391,PASSENGER,C12,2026-09-05,07:25,07:47,HIGH,TIMETABLE
TRN-009392,PASSENGER,C09,2026-09-03,03:31,03:41,HIGH,TIMETABLE
TRN-009393,GOODS,C06,2026-09-02,18:21,19:10,MEDIUM,GOODS_FORECAST
TRN-009394,EXPRESS,C02,2026-09-10,01:59,02:22,HIGH,TIMETABLE
TRN-009395,PASSENGER,C06,2026-09-04,12:22,12:35,HIGH,TIMETABLE
TRN-009396,SUPERFAST,C15,2026-09-11,04:15,04:44,HIGH,TIMETABLE
TRN-009397,EXPRESS,C19,2026-09-26,06:06,06:34,HIGH,TIMETABLE
TRN-009398,EXPRESS,C11,2026-09-17,14:41,15:02,HIGH,TIMETABLE
TRN-009399,PASSENGER,C09,2026-09-22,07:13,07:31,HIGH,TIMETABLE
TRN-009400,GOODS,C06,2026-09-02,16:54,17:21,MEDIUM,GOODS_FORECAST
TRN-009401,GOODS,C07,2026-09-03,23:22,23:49,MEDIUM,GOODS_FORECAST
TRN-009402,GOODS,C15,2026-09-06,05:39,06:13,MEDIUM,GOODS_FORECAST
TRN-009403,EXPRESS,C09,2026-09-20,20:23,20:43,HIGH,TIMETABLE
TRN-009404,GOODS,C19,2026-09-07,13:39,14:35,MEDIUM,GOODS_FORECAST
TRN-009405,GOODS,C06,2026-09-18,13:34,14:01,MEDIUM,GOODS_FORECAST
TRN-009406,PASSENGER,C13,2026-09-29,23:35,00:00,HIGH,TIMETABLE
TRN-009407,SUPERFAST,C17,2026-09-15,07:17,07:43,HIGH,TIMETABLE
TRN-009408,SUPERFAST,C17,2026-09-02,04:01,04:14,HIGH,TIMETABLE
TRN-009409,PASSENGER,C07,2026-09-02,22:17,22:38,HIGH,TIMETABLE
TRN-009410,PASSENGER,C19,2026-09-05,07:05,07:22,HIGH,TIMETABLE
TRN-009411,EXPRESS,C06,2026-09-05,07:10,07:34,HIGH,TIMETABLE
TRN-009412,EXPRESS,C02,2026-09-09,09:46,10:12,HIGH,TIMETABLE
TRN-009413,GOODS,C13,2026-09-21,08:15,08:51,MEDIUM,GOODS_FORECAST
TRN-009414,PASSENGER,C18,2026-09-22,20:48,21:10,HIGH,TIMETABLE
TRN-009415,EXPRESS,C14,2026-09-02,09:30,09:43,HIGH,TIMETABLE
TRN-009416,GOODS,C06,2026-09-14,03:34,04:24,MEDIUM,GOODS_FORECAST
TRN-009417,SUPERFAST,C12,2026-09-11,21:32,21:51,HIGH,TIMETABLE
TRN-009418,PASSENGER,C19,2026-09-08,06:42,07:07,HIGH,TIMETABLE
TRN-009419,PASSENGER,C04,2026-09-29,10:09,10:31,HIGH,TIMETABLE
TRN-009420,PASSENGER,C13,2026-09-20,01:11,01:30,HIGH,TIMETABLE
TRN-009421,EXPRESS,C13,2026-09-03,01:43,01:57,HIGH,TIMETABLE
TRN-009422,GOODS,C14,2026-09-22,22:08,22:56,MEDIUM,GOODS_FORECAST
TRN-009423,PASSENGER,C03,2026-09-19,01:31,01:49,HIGH,TIMETABLE
TRN-009424,PASSENGER,C15,2026-09-28,01:07,01:22,HIGH,TIMETABLE
TRN-009425,SUPERFAST,C14,2026-09-15,01:07,01:27,HIGH,TIMETABLE
TRN-009426,PASSENGER,C11,2026-09-14,05:44,06:01,HIGH,TIMETABLE
TRN-009427,GOODS,C06,2026-09-25,09:21,10:11,MEDIUM,GOODS_FORECAST
TRN-009428,SUPERFAST,C11,2026-09-26,13:33,13:43,HIGH,TIMETABLE
TRN-009429,PASSENGER,C12,2026-09-28,02:56,03:08,HIGH,TIMETABLE
TRN-009430,EXPRESS,C02,2026-09-30,13:48,14:08,HIGH,TIMETABLE
TRN-009431,SUPERFAST,C08,2026-09-06,06:21,06:43,HIGH,TIMETABLE
TRN-009432,EXPRESS,C03,2026-09-25,03:56,04:08,HIGH,TIMETABLE
TRN-009433,GOODS,C17,2026-09-11,03:53,04:29,MEDIUM,GOODS_FORECAST
TRN-009434,PASSENGER,C06,2026-09-22,15:30,15:45,HIGH,TIMETABLE
TRN-009435,SUPERFAST,C19,2026-09-03,13:50,14:19,HIGH,TIMETABLE
TRN-009436,PASSENGER,C05,2026-09-25,04:58,05:12,HIGH,TIMETABLE
TRN-009437,GOODS,C20,2026-09-05,11:53,12:33,MEDIUM,GOODS_FORECAST
TRN-009438,EXPRESS,C03,2026-09-18,15:07,15:27,HIGH,TIMETABLE
TRN-009439,SUPERFAST,C16,2026-09-30,13:19,13:31,HIGH,TIMETABLE
TRN-009440,EXPRESS,C12,2026-09-22,16:32,16:47,HIGH,TIMETABLE
TRN-009441,PASSENGER,C09,2026-09-28,12:25,12:42,HIGH,TIMETABLE
TRN-009442,EXPRESS,C01,2026-09-16,19:58,20:25,HIGH,TIMETABLE
TRN-009443,PASSENGER,C10,2026-09-02,17:32,17:48,HIGH,TIMETABLE
TRN-009444,SUPERFAST,C07,2026-09-16,17:27,17:43,HIGH,TIMETABLE
TRN-009445,EXPRESS,C04,2026-09-12,21:39,22:07,HIGH,TIMETABLE
TRN-009446,PASSENGER,C13,2026-09-14,17:49,18:11,HIGH,TIMETABLE
TRN-009447,EXPRESS,C17,2026-09-01,18:30,18:40,HIGH,TIMETABLE
TRN-009448,EXPRESS,C12,2026-09-14,11:27,11:44,HIGH,TIMETABLE
TRN-009449,PASSENGER,C02,2026-09-06,04:53,05:18,HIGH,TIMETABLE
TRN-009450,GOODS,C01,2026-09-20,06:53,07:44,MEDIUM,GOODS_FORECAST
TRN-009451,SUPERFAST,C01,2026-09-09,16:03,16:13,HIGH,TIMETABLE
TRN-009452,SUPERFAST,C18,2026-09-02,08:00,08:17,HIGH,TIMETABLE
TRN-009453,EXPRESS,C03,2026-09-09,04:50,05:03,HIGH,TIMETABLE
TRN-009454,PASSENGER,C16,2026-09-10,15:20,15:35,HIGH,TIMETABLE
TRN-009455,EXPRESS,C19,2026-09-08,19:45,20:00,HIGH,TIMETABLE
TRN-009456,SUPERFAST,C14,2026-09-24,17:10,17:39,HIGH,TIMETABLE
TRN-009457,PASSENGER,C19,2026-09-11,08:52,09:07,HIGH,TIMETABLE
TRN-009458,EXPRESS,C14,2026-09-24,04:17,04:46,HIGH,TIMETABLE
TRN-009459,PASSENGER,C08,2026-09-13,19:35,19:51,HIGH,TIMETABLE
TRN-009460,PASSENGER,C10,2026-09-01,23:10,23:35,HIGH,TIMETABLE
TRN-009461,PASSENGER,C17,2026-09-03,21:03,21:24,HIGH,TIMETABLE
TRN-009462,SUPERFAST,C04,2026-09-21,22:46,23:09,HIGH,TIMETABLE
TRN-009463,GOODS,C17,2026-09-01,20:07,21:04,MEDIUM,GOODS_FORECAST
TRN-009464,GOODS,C01,2026-09-20,18:14,19:14,MEDIUM,GOODS_FORECAST
TRN-009465,SUPERFAST,C09,2026-09-01,21:19,21:35,HIGH,TIMETABLE
TRN-009466,PASSENGER,C06,2026-09-15,05:00,05:18,HIGH,TIMETABLE
TRN-009467,SUPERFAST,C11,2026-09-27,04:20,04:35,HIGH,TIMETABLE
TRN-009468,EXPRESS,C20,2026-09-09,04:38,05:00,HIGH,TIMETABLE
TRN-009469,EXPRESS,C05,2026-09-23,16:31,16:46,HIGH,TIMETABLE
TRN-009470,PASSENGER,C05,2026-09-04,10:45,11:06,HIGH,TIMETABLE
TRN-009471,PASSENGER,C11,2026-09-02,03:17,03:39,HIGH,TIMETABLE
TRN-009472,SUPERFAST,C19,2026-09-07,06:20,06:48,HIGH,TIMETABLE
TRN-009473,GOODS,C15,2026-09-09,12:20,12:51,MEDIUM,GOODS_FORECAST
TRN-009474,PASSENGER,C13,2026-09-11,23:58,00:10,HIGH,TIMETABLE
TRN-009475,EXPRESS,C18,2026-09-13,05:55,06:14,HIGH,TIMETABLE
TRN-009476,GOODS,C11,2026-09-29,03:37,04:16,MEDIUM,GOODS_FORECAST
TRN-009477,PASSENGER,C14,2026-09-14,00:09,00:29,HIGH,TIMETABLE
TRN-009478,GOODS,C11,2026-09-28,05:05,05:55,MEDIUM,GOODS_FORECAST
TRN-009479,EXPRESS,C10,2026-09-30,16:20,16:32,HIGH,TIMETABLE
TRN-009480,GOODS,C03,2026-09-17,02:55,03:33,MEDIUM,GOODS_FORECAST
TRN-009481,GOODS,C05,2026-09-22,00:07,01:01,MEDIUM,GOODS_FORECAST
TRN-009482,PASSENGER,C19,2026-09-04,19:53,20:05,HIGH,TIMETABLE
TRN-009483,EXPRESS,C13,2026-09-11,12:27,12:38,HIGH,TIMETABLE
TRN-009484,SUPERFAST,C07,2026-09-14,19:48,20:14,HIGH,TIMETABLE
TRN-009485,PASSENGER,C03,2026-09-13,15:38,16:01,HIGH,TIMETABLE
TRN-009486,SUPERFAST,C12,2026-09-12,21:09,21:38,HIGH,TIMETABLE
TRN-009487,GOODS,C19,2026-09-03,20:22,21:11,MEDIUM,GOODS_FORECAST
TRN-009488,GOODS,C14,2026-09-19,15:06,15:56,MEDIUM,GOODS_FORECAST
TRN-009489,PASSENGER,C06,2026-09-05,06:44,07:06,HIGH,TIMETABLE
TRN-009490,PASSENGER,C10,2026-09-19,19:34,19:55,HIGH,TIMETABLE
TRN-009491,SUPERFAST,C10,2026-09-08,15:22,15:32,HIGH,TIMETABLE
TRN-009492,SUPERFAST,C07,2026-09-29,23:12,23:30,HIGH,TIMETABLE
TRN-009493,GOODS,C10,2026-09-20,03:32,04:23,MEDIUM,GOODS_FORECAST
TRN-009494,PASSENGER,C07,2026-09-04,16:58,17:22,HIGH,TIMETABLE
TRN-009495,EXPRESS,C09,2026-09-23,09:19,09:33,HIGH,TIMETABLE
TRN-009496,PASSENGER,C04,2026-09-28,06:20,06:39,HIGH,TIMETABLE
TRN-009497,PASSENGER,C04,2026-09-26,20:09,20:34,HIGH,TIMETABLE
TRN-009498,PASSENGER,C17,2026-09-03,22:48,22:58,HIGH,TIMETABLE
TRN-009499,GOODS,C09,2026-09-15,06:57,07:28,MEDIUM,GOODS_FORECAST
TRN-009500,EXPRESS,C04,2026-09-02,22:35,22:50,HIGH,TIMETABLE
TRN-009501,EXPRESS,C12,2026-09-18,08:04,08:31,HIGH,TIMETABLE
TRN-009502,PASSENGER,C17,2026-09-24,07:01,07:18,HIGH,TIMETABLE
TRN-009503,PASSENGER,C04,2026-09-01,10:11,10:31,HIGH,TIMETABLE
TRN-009504,PASSENGER,C11,2026-09-03,07:25,07:45,HIGH,TIMETABLE
TRN-009505,SUPERFAST,C07,2026-09-22,10:03,10:20,HIGH,TIMETABLE
TRN-009506,PASSENGER,C15,2026-09-03,20:39,20:51,HIGH,TIMETABLE
TRN-009507,GOODS,C13,2026-09-08,06:40,07:27,MEDIUM,GOODS_FORECAST
TRN-009508,PASSENGER,C03,2026-09-23,12:14,12:32,HIGH,TIMETABLE
TRN-009509,GOODS,C07,2026-09-08,21:48,22:45,MEDIUM,GOODS_FORECAST
TRN-009510,GOODS,C06,2026-09-11,10:19,10:50,MEDIUM,GOODS_FORECAST
TRN-009511,EXPRESS,C14,2026-09-18,19:30,19:44,HIGH,TIMETABLE
TRN-009512,SUPERFAST,C05,2026-09-02,13:35,14:02,HIGH,TIMETABLE
TRN-009513,PASSENGER,C19,2026-09-29,08:41,09:01,HIGH,TIMETABLE
TRN-009514,SUPERFAST,C02,2026-09-06,17:29,17:48,HIGH,TIMETABLE
TRN-009515,PASSENGER,C04,2026-09-22,19:00,19:23,HIGH,TIMETABLE
TRN-009516,EXPRESS,C04,2026-09-25,19:15,19:45,HIGH,TIMETABLE
TRN-009517,EXPRESS,C03,2026-09-14,06:00,06:21,HIGH,TIMETABLE
TRN-009518,GOODS,C20,2026-09-20,06:40,07:11,MEDIUM,GOODS_FORECAST
TRN-009519,GOODS,C11,2026-09-08,14:16,15:02,MEDIUM,GOODS_FORECAST
TRN-009520,PASSENGER,C07,2026-09-30,17:39,18:02,HIGH,TIMETABLE
TRN-009521,PASSENGER,C08,2026-09-14,15:54,16:13,HIGH,TIMETABLE
TRN-009522,GOODS,C03,2026-09-14,03:25,04:17,MEDIUM,GOODS_FORECAST
TRN-009523,GOODS,C11,2026-09-09,08:13,08:52,MEDIUM,GOODS_FORECAST
TRN-009524,EXPRESS,C01,2026-09-16,22:48,23:05,HIGH,TIMETABLE
TRN-009525,EXPRESS,C03,2026-09-05,17:00,17:18,HIGH,TIMETABLE
TRN-009526,EXPRESS,C14,2026-09-20,12:47,13:04,HIGH,TIMETABLE
TRN-009527,GOODS,C06,2026-09-04,15:28,16:26,MEDIUM,GOODS_FORECAST
TRN-009528,GOODS,C20,2026-09-10,00:00,00:49,MEDIUM,GOODS_FORECAST
TRN-009529,SUPERFAST,C15,2026-09-05,20:16,20:39,HIGH,TIMETABLE
TRN-009530,EXPRESS,C05,2026-09-28,01:47,02:05,HIGH,TIMETABLE
TRN-009531,PASSENGER,C14,2026-09-06,20:55,21:11,HIGH,TIMETABLE
TRN-009532,PASSENGER,C04,2026-09-21,12:52,13:16,HIGH,TIMETABLE
TRN-009533,EXPRESS,C15,2026-09-11,23:32,23:59,HIGH,TIMETABLE
TRN-009534,EXPRESS,C09,2026-09-16,08:49,08:59,HIGH,TIMETABLE
TRN-009535,GOODS,C04,2026-09-20,04:54,05:42,MEDIUM,GOODS_FORECAST
TRN-009536,PASSENGER,C04,2026-09-15,11:25,11:45,HIGH,TIMETABLE
TRN-009537,SUPERFAST,C09,2026-09-13,03:30,03:53,HIGH,TIMETABLE
TRN-009538,PASSENGER,C08,2026-09-18,09:16,09:27,HIGH,TIMETABLE
TRN-009539,PASSENGER,C15,2026-09-05,12:55,13:20,HIGH,TIMETABLE
TRN-009540,PASSENGER,C12,2026-09-15,14:16,14:27,HIGH,TIMETABLE
TRN-009541,EXPRESS,C03,2026-09-09,04:25,04:46,HIGH,TIMETABLE
TRN-009542,GOODS,C02,2026-09-20,12:02,12:52,MEDIUM,GOODS_FORECAST
TRN-009543,PASSENGER,C02,2026-09-07,17:23,17:43,HIGH,TIMETABLE
TRN-009544,SUPERFAST,C06,2026-09-17,17:50,18:05,HIGH,TIMETABLE
TRN-009545,PASSENGER,C07,2026-09-05,21:05,21:28,HIGH,TIMETABLE
TRN-009546,EXPRESS,C07,2026-09-29,10:32,10:48,HIGH,TIMETABLE
TRN-009547,GOODS,C18,2026-09-23,23:19,00:07,MEDIUM,GOODS_FORECAST
TRN-009548,SUPERFAST,C04,2026-09-28,20:42,21:06,HIGH,TIMETABLE
TRN-009549,GOODS,C15,2026-09-14,08:26,09:23,MEDIUM,GOODS_FORECAST
TRN-009550,EXPRESS,C13,2026-09-23,22:26,22:54,HIGH,TIMETABLE
TRN-009551,PASSENGER,C11,2026-09-23,22:05,22:23,HIGH,TIMETABLE
TRN-009552,PASSENGER,C14,2026-09-07,14:22,14:44,HIGH,TIMETABLE
TRN-009553,PASSENGER,C16,2026-09-04,02:37,03:01,HIGH,TIMETABLE
TRN-009554,GOODS,C14,2026-09-12,07:14,08:00,MEDIUM,GOODS_FORECAST
TRN-009555,EXPRESS,C11,2026-09-12,06:39,07:08,HIGH,TIMETABLE
TRN-009556,PASSENGER,C12,2026-09-26,01:37,02:00,HIGH,TIMETABLE
TRN-009557,SUPERFAST,C17,2026-09-20,11:29,11:55,HIGH,TIMETABLE
TRN-009558,SUPERFAST,C05,2026-09-20,08:59,09:26,HIGH,TIMETABLE
TRN-009559,EXPRESS,C02,2026-09-20,19:35,19:59,HIGH,TIMETABLE
TRN-009560,SUPERFAST,C17,2026-09-11,11:06,11:36,HIGH,TIMETABLE
TRN-009561,PASSENGER,C15,2026-09-19,06:58,07:17,HIGH,TIMETABLE
TRN-009562,GOODS,C03,2026-09-10,19:19,19:51,MEDIUM,GOODS_FORECAST
TRN-009563,PASSENGER,C03,2026-09-12,08:36,08:55,HIGH,TIMETABLE
TRN-009564,SUPERFAST,C02,2026-09-19,13:42,14:06,HIGH,TIMETABLE
TRN-009565,GOODS,C05,2026-09-10,04:52,05:52,MEDIUM,GOODS_FORECAST
TRN-009566,GOODS,C12,2026-09-16,08:55,09:22,MEDIUM,GOODS_FORECAST
TRN-009567,PASSENGER,C12,2026-09-06,22:51,23:16,HIGH,TIMETABLE
TRN-009568,SUPERFAST,C15,2026-09-30,00:40,00:56,HIGH,TIMETABLE
TRN-009569,EXPRESS,C15,2026-09-14,12:58,13:15,HIGH,TIMETABLE
TRN-009570,PASSENGER,C15,2026-09-26,22:29,22:53,HIGH,TIMETABLE
TRN-009571,EXPRESS,C20,2026-09-16,10:56,11:08,HIGH,TIMETABLE
TRN-009572,SUPERFAST,C01,2026-09-19,00:57,01:19,HIGH,TIMETABLE
TRN-009573,SUPERFAST,C12,2026-09-25,03:21,03:50,HIGH,TIMETABLE
TRN-009574,GOODS,C01,2026-09-16,05:47,06:26,MEDIUM,GOODS_FORECAST
TRN-009575,PASSENGER,C14,2026-09-04,12:22,12:33,HIGH,TIMETABLE
TRN-009576,PASSENGER,C03,2026-09-16,01:42,01:56,HIGH,TIMETABLE
TRN-009577,EXPRESS,C05,2026-09-02,20:03,20:17,HIGH,TIMETABLE
TRN-009578,GOODS,C03,2026-09-25,23:53,00:31,MEDIUM,GOODS_FORECAST
TRN-009579,SUPERFAST,C01,2026-09-06,19:58,20:19,HIGH,TIMETABLE
TRN-009580,PASSENGER,C03,2026-09-10,15:03,15:21,HIGH,TIMETABLE
TRN-009581,GOODS,C15,2026-09-06,21:03,21:31,MEDIUM,GOODS_FORECAST
TRN-009582,SUPERFAST,C12,2026-09-11,04:19,04:36,HIGH,TIMETABLE
TRN-009583,EXPRESS,C07,2026-09-23,21:05,21:15,HIGH,TIMETABLE
TRN-009584,PASSENGER,C16,2026-09-12,16:23,16:42,HIGH,TIMETABLE
TRN-009585,PASSENGER,C18,2026-09-10,09:40,09:54,HIGH,TIMETABLE
TRN-009586,GOODS,C08,2026-09-07,07:11,07:51,MEDIUM,GOODS_FORECAST
TRN-009587,SUPERFAST,C18,2026-09-18,10:29,10:52,HIGH,TIMETABLE
TRN-009588,PASSENGER,C19,2026-09-30,01:26,01:42,HIGH,TIMETABLE
TRN-009589,SUPERFAST,C18,2026-09-07,01:48,02:15,HIGH,TIMETABLE
TRN-009590,PASSENGER,C03,2026-09-07,01:24,01:37,HIGH,TIMETABLE
TRN-009591,EXPRESS,C02,2026-09-13,22:35,22:53,HIGH,TIMETABLE
TRN-009592,SUPERFAST,C09,2026-09-26,19:51,20:02,HIGH,TIMETABLE
TRN-009593,PASSENGER,C19,2026-09-08,09:55,10:08,HIGH,TIMETABLE
TRN-009594,GOODS,C16,2026-09-24,21:20,21:57,MEDIUM,GOODS_FORECAST
TRN-009595,PASSENGER,C08,2026-09-30,21:31,21:42,HIGH,TIMETABLE
TRN-009596,GOODS,C15,2026-09-04,18:40,19:14,MEDIUM,GOODS_FORECAST
TRN-009597,GOODS,C04,2026-09-21,18:08,18:43,MEDIUM,GOODS_FORECAST
TRN-009598,PASSENGER,C13,2026-09-22,00:34,00:57,HIGH,TIMETABLE
TRN-009599,SUPERFAST,C19,2026-09-06,07:30,07:42,HIGH,TIMETABLE
TRN-009600,EXPRESS,C13,2026-09-15,21:40,22:06,HIGH,TIMETABLE
TRN-009601,PASSENGER,C03,2026-09-22,00:55,01:06,HIGH,TIMETABLE
TRN-009602,PASSENGER,C08,2026-09-30,18:29,18:46,HIGH,TIMETABLE
TRN-009603,GOODS,C19,2026-09-22,16:22,16:47,MEDIUM,GOODS_FORECAST
TRN-009604,SUPERFAST,C05,2026-09-26,22:52,23:13,HIGH,TIMETABLE
TRN-009605,EXPRESS,C11,2026-09-08,12:12,12:35,HIGH,TIMETABLE
TRN-009606,PASSENGER,C03,2026-09-29,02:22,02:38,HIGH,TIMETABLE
TRN-009607,PASSENGER,C15,2026-09-23,06:18,06:40,HIGH,TIMETABLE
TRN-009608,PASSENGER,C19,2026-09-23,13:23,13:38,HIGH,TIMETABLE
TRN-009609,PASSENGER,C01,2026-09-22,05:21,05:38,HIGH,TIMETABLE
TRN-009610,EXPRESS,C09,2026-09-20,04:54,05:05,HIGH,TIMETABLE
TRN-009611,PASSENGER,C16,2026-09-21,11:46,11:58,HIGH,TIMETABLE
TRN-009612,PASSENGER,C01,2026-09-20,01:30,01:40,HIGH,TIMETABLE
TRN-009613,SUPERFAST,C20,2026-09-22,12:27,12:52,HIGH,TIMETABLE
TRN-009614,PASSENGER,C13,2026-09-20,08:14,08:34,HIGH,TIMETABLE
TRN-009615,PASSENGER,C03,2026-09-01,13:04,13:29,HIGH,TIMETABLE
TRN-009616,PASSENGER,C07,2026-09-30,17:44,17:59,HIGH,TIMETABLE
TRN-009617,EXPRESS,C11,2026-09-27,07:23,07:42,HIGH,TIMETABLE
TRN-009618,EXPRESS,C02,2026-09-28,06:04,06:23,HIGH,TIMETABLE
TRN-009619,EXPRESS,C13,2026-09-17,21:01,21:29,HIGH,TIMETABLE
TRN-009620,SUPERFAST,C08,2026-09-18,12:21,12:48,HIGH,TIMETABLE
TRN-009621,PASSENGER,C11,2026-09-24,06:13,06:23,HIGH,TIMETABLE
TRN-009622,PASSENGER,C04,2026-09-21,23:52,00:13,HIGH,TIMETABLE
TRN-009623,SUPERFAST,C10,2026-09-25,10:31,10:58,HIGH,TIMETABLE
TRN-009624,GOODS,C16,2026-09-20,04:49,05:14,MEDIUM,GOODS_FORECAST
TRN-009625,EXPRESS,C02,2026-09-12,03:34,04:01,HIGH,TIMETABLE
TRN-009626,GOODS,C15,2026-09-01,06:26,06:59,MEDIUM,GOODS_FORECAST
TRN-009627,PASSENGER,C15,2026-09-15,11:12,11:23,HIGH,TIMETABLE
TRN-009628,PASSENGER,C09,2026-09-24,21:24,21:41,HIGH,TIMETABLE
TRN-009629,EXPRESS,C01,2026-09-07,06:00,06:10,HIGH,TIMETABLE
TRN-009630,SUPERFAST,C04,2026-09-24,01:46,02:03,HIGH,TIMETABLE
TRN-009631,SUPERFAST,C05,2026-09-17,02:18,02:29,HIGH,TIMETABLE
TRN-009632,GOODS,C20,2026-09-15,05:52,06:38,MEDIUM,GOODS_FORECAST
TRN-009633,GOODS,C15,2026-09-11,12:11,12:43,MEDIUM,GOODS_FORECAST
TRN-009634,PASSENGER,C07,2026-09-15,01:54,02:05,HIGH,TIMETABLE
TRN-009635,EXPRESS,C20,2026-09-14,22:21,22:37,HIGH,TIMETABLE
TRN-009636,PASSENGER,C01,2026-09-26,06:10,06:25,HIGH,TIMETABLE
TRN-009637,PASSENGER,C15,2026-09-13,14:39,15:02,HIGH,TIMETABLE
TRN-009638,GOODS,C20,2026-09-20,05:56,06:28,MEDIUM,GOODS_FORECAST
TRN-009639,GOODS,C16,2026-09-10,14:15,14:50,MEDIUM,GOODS_FORECAST
TRN-009640,PASSENGER,C07,2026-09-07,10:20,10:41,HIGH,TIMETABLE
TRN-009641,EXPRESS,C12,2026-09-18,06:02,06:32,HIGH,TIMETABLE
TRN-009642,SUPERFAST,C12,2026-09-13,11:57,12:19,HIGH,TIMETABLE
TRN-009643,PASSENGER,C19,2026-09-06,20:24,20:44,HIGH,TIMETABLE
TRN-009644,GOODS,C02,2026-09-19,19:20,20:04,MEDIUM,GOODS_FORECAST
TRN-009645,GOODS,C03,2026-09-25,10:11,11:07,MEDIUM,GOODS_FORECAST
TRN-009646,EXPRESS,C07,2026-09-25,14:59,15:22,HIGH,TIMETABLE
TRN-009647,GOODS,C15,2026-09-25,18:57,19:33,MEDIUM,GOODS_FORECAST
TRN-009648,PASSENGER,C14,2026-09-30,09:58,10:19,HIGH,TIMETABLE
TRN-009649,EXPRESS,C10,2026-09-16,14:54,15:17,HIGH,TIMETABLE
TRN-009650,EXPRESS,C11,2026-09-22,16:57,17:22,HIGH,TIMETABLE
TRN-009651,SUPERFAST,C11,2026-09-04,19:08,19:31,HIGH,TIMETABLE
TRN-009652,GOODS,C02,2026-09-13,15:50,16:41,MEDIUM,GOODS_FORECAST
TRN-009653,GOODS,C11,2026-09-03,03:23,04:11,MEDIUM,GOODS_FORECAST
TRN-009654,EXPRESS,C01,2026-09-11,21:02,21:16,HIGH,TIMETABLE
TRN-009655,GOODS,C11,2026-09-14,17:10,18:04,MEDIUM,GOODS_FORECAST
TRN-009656,PASSENGER,C06,2026-09-14,08:57,09:19,HIGH,TIMETABLE
TRN-009657,GOODS,C16,2026-09-20,12:11,12:38,MEDIUM,GOODS_FORECAST
TRN-009658,GOODS,C18,2026-09-02,10:13,11:03,MEDIUM,GOODS_FORECAST
TRN-009659,EXPRESS,C01,2026-09-23,21:26,21:48,HIGH,TIMETABLE
TRN-009660,PASSENGER,C06,2026-09-17,12:40,12:51,HIGH,TIMETABLE
TRN-009661,SUPERFAST,C04,2026-09-14,04:51,05:15,HIGH,TIMETABLE
TRN-009662,PASSENGER,C06,2026-09-01,21:49,22:04,HIGH,TIMETABLE
TRN-009663,PASSENGER,C06,2026-09-04,06:17,06:34,HIGH,TIMETABLE
TRN-009664,EXPRESS,C06,2026-09-19,22:56,23:15,HIGH,TIMETABLE
TRN-009665,PASSENGER,C13,2026-09-29,04:35,05:00,HIGH,TIMETABLE
TRN-009666,EXPRESS,C11,2026-09-24,03:16,03:35,HIGH,TIMETABLE
TRN-009667,EXPRESS,C09,2026-09-19,16:05,16:35,HIGH,TIMETABLE
TRN-009668,PASSENGER,C04,2026-09-05,22:58,23:18,HIGH,TIMETABLE
TRN-009669,PASSENGER,C18,2026-09-20,08:12,08:32,HIGH,TIMETABLE
TRN-009670,PASSENGER,C08,2026-09-11,17:04,17:23,HIGH,TIMETABLE
TRN-009671,EXPRESS,C20,2026-09-22,20:57,21:09,HIGH,TIMETABLE
TRN-009672,EXPRESS,C12,2026-09-08,11:53,12:23,HIGH,TIMETABLE
TRN-009673,SUPERFAST,C11,2026-09-05,04:33,05:00,HIGH,TIMETABLE
TRN-009674,SUPERFAST,C11,2026-09-03,04:25,04:35,HIGH,TIMETABLE
TRN-009675,EXPRESS,C02,2026-09-03,18:42,18:54,HIGH,TIMETABLE
TRN-009676,EXPRESS,C10,2026-09-25,19:37,20:01,HIGH,TIMETABLE
TRN-009677,PASSENGER,C03,2026-09-04,02:42,03:01,HIGH,TIMETABLE
TRN-009678,GOODS,C14,2026-09-08,07:09,08:01,MEDIUM,GOODS_FORECAST
TRN-009679,GOODS,C19,2026-09-18,20:49,21:20,MEDIUM,GOODS_FORECAST
TRN-009680,GOODS,C02,2026-09-11,22:51,23:16,MEDIUM,GOODS_FORECAST
TRN-009681,PASSENGER,C11,2026-09-20,13:17,13:30,HIGH,TIMETABLE
TRN-009682,SUPERFAST,C15,2026-09-29,22:08,22:26,HIGH,TIMETABLE
TRN-009683,PASSENGER,C12,2026-09-20,16:45,17:06,HIGH,TIMETABLE
TRN-009684,SUPERFAST,C07,2026-09-09,22:57,23:16,HIGH,TIMETABLE
TRN-009685,EXPRESS,C09,2026-09-06,03:02,03:12,HIGH,TIMETABLE
TRN-009686,SUPERFAST,C06,2026-09-01,23:04,23:30,HIGH,TIMETABLE
TRN-009687,GOODS,C03,2026-09-29,17:32,18:08,MEDIUM,GOODS_FORECAST
TRN-009688,EXPRESS,C14,2026-09-11,09:15,09:43,HIGH,TIMETABLE
TRN-009689,PASSENGER,C15,2026-09-18,15:07,15:22,HIGH,TIMETABLE
TRN-009690,PASSENGER,C02,2026-09-23,12:44,13:03,HIGH,TIMETABLE
TRN-009691,PASSENGER,C04,2026-09-20,01:38,01:54,HIGH,TIMETABLE
TRN-009692,EXPRESS,C15,2026-09-25,15:54,16:04,HIGH,TIMETABLE
TRN-009693,GOODS,C15,2026-09-27,19:46,20:35,MEDIUM,GOODS_FORECAST
TRN-009694,SUPERFAST,C01,2026-09-28,23:16,23:38,HIGH,TIMETABLE
TRN-009695,PASSENGER,C14,2026-09-19,09:24,09:37,HIGH,TIMETABLE
TRN-009696,PASSENGER,C12,2026-09-27,03:25,03:40,HIGH,TIMETABLE
TRN-009697,GOODS,C09,2026-09-26,18:59,19:37,MEDIUM,GOODS_FORECAST
TRN-009698,EXPRESS,C20,2026-09-11,12:17,12:45,HIGH,TIMETABLE
TRN-009699,GOODS,C18,2026-09-06,16:32,17:26,MEDIUM,GOODS_FORECAST
TRN-009700,SUPERFAST,C14,2026-09-19,21:08,21:22,HIGH,TIMETABLE
TRN-009701,GOODS,C14,2026-09-20,22:24,22:56,MEDIUM,GOODS_FORECAST
TRN-009702,GOODS,C13,2026-09-19,22:57,23:38,MEDIUM,GOODS_FORECAST
TRN-009703,EXPRESS,C14,2026-09-29,00:42,01:08,HIGH,TIMETABLE
TRN-009704,SUPERFAST,C16,2026-09-14,04:14,04:24,HIGH,TIMETABLE
TRN-009705,PASSENGER,C08,2026-09-12,02:37,02:51,HIGH,TIMETABLE
TRN-009706,PASSENGER,C20,2026-09-25,08:50,09:11,HIGH,TIMETABLE
TRN-009707,GOODS,C13,2026-09-19,03:44,04:30,MEDIUM,GOODS_FORECAST
TRN-009708,GOODS,C16,2026-09-07,08:54,09:35,MEDIUM,GOODS_FORECAST
TRN-009709,GOODS,C18,2026-09-12,21:40,22:32,MEDIUM,GOODS_FORECAST
TRN-009710,PASSENGER,C16,2026-09-12,19:21,19:39,HIGH,TIMETABLE
TRN-009711,EXPRESS,C03,2026-09-08,18:27,18:52,HIGH,TIMETABLE
TRN-009712,GOODS,C17,2026-09-16,00:05,00:37,MEDIUM,GOODS_FORECAST
TRN-009713,EXPRESS,C03,2026-09-21,22:36,22:48,HIGH,TIMETABLE
TRN-009714,PASSENGER,C08,2026-09-08,16:09,16:29,HIGH,TIMETABLE
TRN-009715,GOODS,C06,2026-09-07,06:53,07:24,MEDIUM,GOODS_FORECAST
TRN-009716,PASSENGER,C06,2026-09-09,02:46,03:10,HIGH,TIMETABLE
TRN-009717,PASSENGER,C15,2026-09-29,03:21,03:35,HIGH,TIMETABLE
TRN-009718,EXPRESS,C16,2026-09-25,20:32,20:55,HIGH,TIMETABLE
TRN-009719,PASSENGER,C17,2026-09-16,21:02,21:13,HIGH,TIMETABLE
TRN-009720,GOODS,C03,2026-09-07,23:02,23:38,MEDIUM,GOODS_FORECAST
TRN-009721,PASSENGER,C02,2026-09-27,17:19,17:33,HIGH,TIMETABLE
TRN-009722,PASSENGER,C02,2026-09-10,09:37,09:56,HIGH,TIMETABLE
TRN-009723,SUPERFAST,C08,2026-09-28,10:51,11:04,HIGH,TIMETABLE
TRN-009724,SUPERFAST,C17,2026-09-25,19:10,19:23,HIGH,TIMETABLE
TRN-009725,EXPRESS,C09,2026-09-19,12:03,12:28,HIGH,TIMETABLE
TRN-009726,PASSENGER,C02,2026-09-26,09:55,10:09,HIGH,TIMETABLE
TRN-009727,SUPERFAST,C11,2026-09-20,20:10,20:20,HIGH,TIMETABLE
TRN-009728,PASSENGER,C06,2026-09-17,10:03,10:18,HIGH,TIMETABLE
TRN-009729,PASSENGER,C04,2026-09-16,01:29,01:42,HIGH,TIMETABLE
TRN-009730,EXPRESS,C08,2026-09-28,21:23,21:36,HIGH,TIMETABLE
TRN-009731,PASSENGER,C16,2026-09-22,09:24,09:40,HIGH,TIMETABLE
TRN-009732,PASSENGER,C08,2026-09-29,02:01,02:21,HIGH,TIMETABLE
TRN-009733,SUPERFAST,C16,2026-09-19,05:49,06:09,HIGH,TIMETABLE
TRN-009734,SUPERFAST,C03,2026-09-16,07:37,07:54,HIGH,TIMETABLE
TRN-009735,PASSENGER,C12,2026-09-17,03:55,04:12,HIGH,TIMETABLE
TRN-009736,EXPRESS,C06,2026-09-25,05:32,05:43,HIGH,TIMETABLE
TRN-009737,PASSENGER,C11,2026-09-28,05:19,05:44,HIGH,TIMETABLE
TRN-009738,SUPERFAST,C18,2026-09-12,09:49,10:11,HIGH,TIMETABLE
TRN-009739,PASSENGER,C03,2026-09-13,15:25,15:35,HIGH,TIMETABLE
TRN-009740,SUPERFAST,C14,2026-09-06,01:29,01:55,HIGH,TIMETABLE
TRN-009741,PASSENGER,C04,2026-09-27,04:31,04:49,HIGH,TIMETABLE
TRN-009742,PASSENGER,C13,2026-09-14,09:42,10:02,HIGH,TIMETABLE
TRN-009743,SUPERFAST,C07,2026-09-13,05:12,05:40,HIGH,TIMETABLE
TRN-009744,PASSENGER,C08,2026-09-29,11:21,11:32,HIGH,TIMETABLE
TRN-009745,SUPERFAST,C04,2026-09-04,08:11,08:29,HIGH,TIMETABLE
TRN-009746,PASSENGER,C20,2026-09-13,18:29,18:49,HIGH,TIMETABLE
TRN-009747,PASSENGER,C05,2026-09-27,19:13,19:25,HIGH,TIMETABLE
TRN-009748,GOODS,C17,2026-09-10,17:21,18:02,MEDIUM,GOODS_FORECAST
TRN-009749,EXPRESS,C19,2026-09-09,20:16,20:40,HIGH,TIMETABLE
TRN-009750,PASSENGER,C10,2026-09-15,05:00,05:11,HIGH,TIMETABLE
TRN-009751,PASSENGER,C09,2026-09-26,10:27,10:41,HIGH,TIMETABLE
TRN-009752,SUPERFAST,C15,2026-09-27,12:18,12:41,HIGH,TIMETABLE
TRN-009753,PASSENGER,C09,2026-09-19,00:03,00:21,HIGH,TIMETABLE
TRN-009754,GOODS,C11,2026-09-04,09:40,10:24,MEDIUM,GOODS_FORECAST
TRN-009755,PASSENGER,C14,2026-09-23,12:23,12:48,HIGH,TIMETABLE
TRN-009756,PASSENGER,C03,2026-09-26,09:58,10:18,HIGH,TIMETABLE
TRN-009757,PASSENGER,C05,2026-09-23,17:27,17:49,HIGH,TIMETABLE
TRN-009758,PASSENGER,C11,2026-09-28,00:35,00:52,HIGH,TIMETABLE
TRN-009759,GOODS,C09,2026-09-08,02:48,03:43,MEDIUM,GOODS_FORECAST
TRN-009760,GOODS,C10,2026-09-05,02:36,03:16,MEDIUM,GOODS_FORECAST
TRN-009761,GOODS,C04,2026-09-08,14:54,15:50,MEDIUM,GOODS_FORECAST
TRN-009762,PASSENGER,C17,2026-09-08,21:00,21:16,HIGH,TIMETABLE
TRN-009763,EXPRESS,C16,2026-09-29,04:31,04:55,HIGH,TIMETABLE
TRN-009764,SUPERFAST,C12,2026-09-09,05:10,05:25,HIGH,TIMETABLE
TRN-009765,PASSENGER,C06,2026-09-11,00:03,00:19,HIGH,TIMETABLE
TRN-009766,GOODS,C07,2026-09-09,03:20,03:56,MEDIUM,GOODS_FORECAST
TRN-009767,PASSENGER,C05,2026-09-06,07:50,08:14,HIGH,TIMETABLE
TRN-009768,GOODS,C02,2026-09-15,10:09,10:38,MEDIUM,GOODS_FORECAST
TRN-009769,EXPRESS,C12,2026-09-07,16:17,16:28,HIGH,TIMETABLE
TRN-009770,GOODS,C02,2026-09-28,14:39,15:19,MEDIUM,GOODS_FORECAST
TRN-009771,PASSENGER,C20,2026-09-30,20:37,21:02,HIGH,TIMETABLE
TRN-009772,GOODS,C07,2026-09-08,12:43,13:18,MEDIUM,GOODS_FORECAST
TRN-009773,PASSENGER,C01,2026-09-17,11:39,11:55,HIGH,TIMETABLE
TRN-009774,GOODS,C15,2026-09-12,12:09,13:08,MEDIUM,GOODS_FORECAST
TRN-009775,GOODS,C06,2026-09-14,07:43,08:18,MEDIUM,GOODS_FORECAST
TRN-009776,GOODS,C17,2026-09-20,09:35,10:23,MEDIUM,GOODS_FORECAST
TRN-009777,GOODS,C02,2026-09-18,17:51,18:38,MEDIUM,GOODS_FORECAST
TRN-009778,SUPERFAST,C19,2026-09-23,23:31,23:59,HIGH,TIMETABLE
TRN-009779,EXPRESS,C03,2026-09-17,04:10,04:23,HIGH,TIMETABLE
TRN-009780,SUPERFAST,C20,2026-09-20,09:13,09:28,HIGH,TIMETABLE
TRN-009781,EXPRESS,C16,2026-09-27,19:07,19:24,HIGH,TIMETABLE
TRN-009782,PASSENGER,C01,2026-09-14,08:42,08:58,HIGH,TIMETABLE
TRN-009783,PASSENGER,C19,2026-09-24,22:23,22:43,HIGH,TIMETABLE
TRN-009784,PASSENGER,C10,2026-09-07,06:24,06:43,HIGH,TIMETABLE
TRN-009785,EXPRESS,C15,2026-09-23,03:22,03:51,HIGH,TIMETABLE
TRN-009786,EXPRESS,C01,2026-09-09,01:43,02:11,HIGH,TIMETABLE
TRN-009787,SUPERFAST,C07,2026-09-06,09:56,10:10,HIGH,TIMETABLE
TRN-009788,PASSENGER,C07,2026-09-27,21:23,21:34,HIGH,TIMETABLE
TRN-009789,GOODS,C20,2026-09-21,02:45,03:39,MEDIUM,GOODS_FORECAST
TRN-009790,PASSENGER,C13,2026-09-07,07:33,07:47,HIGH,TIMETABLE
TRN-009791,PASSENGER,C08,2026-09-01,22:26,22:51,HIGH,TIMETABLE
TRN-009792,SUPERFAST,C06,2026-09-10,08:41,09:06,HIGH,TIMETABLE
TRN-009793,EXPRESS,C19,2026-09-24,00:58,01:23,HIGH,TIMETABLE
TRN-009794,PASSENGER,C05,2026-09-03,05:42,06:03,HIGH,TIMETABLE
TRN-009795,EXPRESS,C18,2026-09-19,14:44,15:13,HIGH,TIMETABLE
TRN-009796,GOODS,C02,2026-09-05,10:21,10:53,MEDIUM,GOODS_FORECAST
TRN-009797,EXPRESS,C17,2026-09-27,22:29,22:44,HIGH,TIMETABLE
TRN-009798,EXPRESS,C06,2026-09-09,09:55,10:25,HIGH,TIMETABLE
TRN-009799,SUPERFAST,C06,2026-09-02,15:02,15:24,HIGH,TIMETABLE
TRN-009800,EXPRESS,C03,2026-09-12,04:53,05:20,HIGH,TIMETABLE
TRN-009801,PASSENGER,C03,2026-09-30,19:18,19:42,HIGH,TIMETABLE
TRN-009802,EXPRESS,C19,2026-09-12,03:38,04:01,HIGH,TIMETABLE
TRN-009803,EXPRESS,C02,2026-09-30,03:38,04:05,HIGH,TIMETABLE
TRN-009804,PASSENGER,C12,2026-09-09,10:07,10:17,HIGH,TIMETABLE
TRN-009805,SUPERFAST,C15,2026-09-15,13:18,13:29,HIGH,TIMETABLE
TRN-009806,PASSENGER,C05,2026-09-08,03:19,03:41,HIGH,TIMETABLE
TRN-009807,PASSENGER,C16,2026-09-12,03:08,03:18,HIGH,TIMETABLE
TRN-009808,GOODS,C01,2026-09-07,13:10,14:01,MEDIUM,GOODS_FORECAST
TRN-009809,SUPERFAST,C12,2026-09-16,10:39,10:56,HIGH,TIMETABLE
TRN-009810,EXPRESS,C16,2026-09-21,08:04,08:31,HIGH,TIMETABLE
TRN-009811,PASSENGER,C15,2026-09-21,03:06,03:24,HIGH,TIMETABLE
TRN-009812,GOODS,C12,2026-09-17,02:32,03:21,MEDIUM,GOODS_FORECAST
TRN-009813,PASSENGER,C02,2026-09-30,06:01,06:14,HIGH,TIMETABLE
TRN-009814,PASSENGER,C03,2026-09-18,05:25,05:41,HIGH,TIMETABLE
TRN-009815,EXPRESS,C16,2026-09-05,11:16,11:29,HIGH,TIMETABLE
TRN-009816,PASSENGER,C20,2026-09-22,17:47,17:58,HIGH,TIMETABLE
TRN-009817,SUPERFAST,C07,2026-09-25,02:57,03:08,HIGH,TIMETABLE
TRN-009818,PASSENGER,C05,2026-09-08,15:02,15:12,HIGH,TIMETABLE
TRN-009819,EXPRESS,C13,2026-09-26,15:30,15:49,HIGH,TIMETABLE
TRN-009820,EXPRESS,C06,2026-09-22,11:57,12:12,HIGH,TIMETABLE
TRN-009821,GOODS,C05,2026-09-19,05:27,06:12,MEDIUM,GOODS_FORECAST
TRN-009822,PASSENGER,C13,2026-09-11,22:57,23:15,HIGH,TIMETABLE
TRN-009823,EXPRESS,C08,2026-09-26,02:37,03:00,HIGH,TIMETABLE
TRN-009824,SUPERFAST,C10,2026-09-12,12:04,12:33,HIGH,TIMETABLE
TRN-009825,GOODS,C02,2026-09-07,13:08,13:54,MEDIUM,GOODS_FORECAST
TRN-009826,PASSENGER,C10,2026-09-06,06:57,07:21,HIGH,TIMETABLE
TRN-009827,PASSENGER,C09,2026-09-14,14:28,14:52,HIGH,TIMETABLE
TRN-009828,GOODS,C05,2026-09-06,13:58,14:53,MEDIUM,GOODS_FORECAST
TRN-009829,EXPRESS,C16,2026-09-10,21:58,22:22,HIGH,TIMETABLE
TRN-009830,EXPRESS,C09,2026-09-26,12:08,12:28,HIGH,TIMETABLE
TRN-009831,GOODS,C05,2026-09-10,05:49,06:16,MEDIUM,GOODS_FORECAST
TRN-009832,EXPRESS,C14,2026-09-09,05:01,05:22,HIGH,TIMETABLE
TRN-009833,PASSENGER,C15,2026-09-18,01:47,02:09,HIGH,TIMETABLE
TRN-009834,PASSENGER,C16,2026-09-03,21:04,21:26,HIGH,TIMETABLE
TRN-009835,PASSENGER,C07,2026-09-10,17:27,17:52,HIGH,TIMETABLE
TRN-009836,GOODS,C08,2026-09-03,03:42,04:34,MEDIUM,GOODS_FORECAST
TRN-009837,PASSENGER,C12,2026-09-13,11:42,11:59,HIGH,TIMETABLE
TRN-009838,GOODS,C19,2026-09-20,12:38,13:14,MEDIUM,GOODS_FORECAST
TRN-009839,GOODS,C04,2026-09-25,21:49,22:34,MEDIUM,GOODS_FORECAST
TRN-009840,PASSENGER,C06,2026-09-09,00:09,00:21,HIGH,TIMETABLE
TRN-009841,PASSENGER,C09,2026-09-07,21:49,22:13,HIGH,TIMETABLE
TRN-009842,SUPERFAST,C02,2026-09-23,17:54,18:17,HIGH,TIMETABLE
TRN-009843,GOODS,C01,2026-09-17,17:28,18:08,MEDIUM,GOODS_FORECAST
TRN-009844,PASSENGER,C12,2026-09-29,12:01,12:18,HIGH,TIMETABLE
TRN-009845,EXPRESS,C11,2026-09-09,21:37,22:04,HIGH,TIMETABLE
TRN-009846,EXPRESS,C20,2026-09-15,19:36,20:04,HIGH,TIMETABLE
TRN-009847,SUPERFAST,C16,2026-09-09,04:32,04:53,HIGH,TIMETABLE
TRN-009848,SUPERFAST,C06,2026-09-21,19:49,20:19,HIGH,TIMETABLE
TRN-009849,GOODS,C10,2026-09-07,13:07,14:05,MEDIUM,GOODS_FORECAST
TRN-009850,PASSENGER,C16,2026-09-11,13:46,14:04,HIGH,TIMETABLE
TRN-009851,EXPRESS,C16,2026-09-29,22:56,23:22,HIGH,TIMETABLE
TRN-009852,PASSENGER,C15,2026-09-17,21:52,22:15,HIGH,TIMETABLE
TRN-009853,GOODS,C16,2026-09-30,06:11,06:56,MEDIUM,GOODS_FORECAST
TRN-009854,PASSENGER,C17,2026-09-04,11:23,11:33,HIGH,TIMETABLE
TRN-009855,EXPRESS,C13,2026-09-15,17:49,18:18,HIGH,TIMETABLE
TRN-009856,PASSENGER,C04,2026-09-04,20:33,20:50,HIGH,TIMETABLE
TRN-009857,SUPERFAST,C06,2026-09-26,09:40,10:03,HIGH,TIMETABLE
TRN-009858,EXPRESS,C19,2026-09-20,20:15,20:29,HIGH,TIMETABLE
TRN-009859,EXPRESS,C06,2026-09-07,14:59,15:12,HIGH,TIMETABLE
TRN-009860,PASSENGER,C01,2026-09-24,05:00,05:21,HIGH,TIMETABLE
TRN-009861,GOODS,C13,2026-09-07,10:51,11:20,MEDIUM,GOODS_FORECAST
TRN-009862,GOODS,C18,2026-09-28,16:35,17:22,MEDIUM,GOODS_FORECAST
TRN-009863,EXPRESS,C12,2026-09-07,06:10,06:21,HIGH,TIMETABLE
TRN-009864,EXPRESS,C08,2026-09-13,02:36,02:53,HIGH,TIMETABLE
TRN-009865,SUPERFAST,C01,2026-09-03,09:50,10:09,HIGH,TIMETABLE
TRN-009866,GOODS,C09,2026-09-26,03:41,04:36,MEDIUM,GOODS_FORECAST
TRN-009867,PASSENGER,C19,2026-09-27,22:24,22:43,HIGH,TIMETABLE
TRN-009868,PASSENGER,C02,2026-09-07,14:35,15:00,HIGH,TIMETABLE
TRN-009869,PASSENGER,C01,2026-09-13,19:23,19:40,HIGH,TIMETABLE
TRN-009870,PASSENGER,C17,2026-09-29,20:11,20:29,HIGH,TIMETABLE
TRN-009871,PASSENGER,C03,2026-09-15,02:38,02:54,HIGH,TIMETABLE
TRN-009872,GOODS,C08,2026-09-23,16:32,16:58,MEDIUM,GOODS_FORECAST
TRN-009873,SUPERFAST,C04,2026-09-17,09:01,09:24,HIGH,TIMETABLE
TRN-009874,GOODS,C19,2026-09-02,18:50,19:44,MEDIUM,GOODS_FORECAST
TRN-009875,EXPRESS,C08,2026-09-16,07:22,07:52,HIGH,TIMETABLE
TRN-009876,PASSENGER,C14,2026-09-26,19:29,19:43,HIGH,TIMETABLE
TRN-009877,EXPRESS,C20,2026-09-06,16:44,17:03,HIGH,TIMETABLE
TRN-009878,EXPRESS,C02,2026-09-03,01:28,01:38,HIGH,TIMETABLE
TRN-009879,GOODS,C20,2026-09-30,22:14,23:07,MEDIUM,GOODS_FORECAST
TRN-009880,EXPRESS,C02,2026-09-01,20:17,20:41,HIGH,TIMETABLE
TRN-009881,PASSENGER,C17,2026-09-07,04:30,04:51,HIGH,TIMETABLE
TRN-009882,SUPERFAST,C13,2026-09-13,02:26,02:53,HIGH,TIMETABLE
TRN-009883,PASSENGER,C04,2026-09-01,17:58,18:18,HIGH,TIMETABLE
TRN-009884,SUPERFAST,C15,2026-09-02,00:13,00:38,HIGH,TIMETABLE
TRN-009885,PASSENGER,C01,2026-09-04,00:12,00:26,HIGH,TIMETABLE
TRN-009886,SUPERFAST,C05,2026-09-24,03:59,04:14,HIGH,TIMETABLE
TRN-009887,SUPERFAST,C18,2026-09-27,07:26,07:55,HIGH,TIMETABLE
TRN-009888,PASSENGER,C04,2026-09-28,01:13,01:26,HIGH,TIMETABLE
TRN-009889,GOODS,C03,2026-09-25,18:38,19:07,MEDIUM,GOODS_FORECAST
TRN-009890,SUPERFAST,C19,2026-09-07,09:10,09:38,HIGH,TIMETABLE
TRN-009891,PASSENGER,C13,2026-09-30,15:48,16:11,HIGH,TIMETABLE
TRN-009892,SUPERFAST,C16,2026-09-27,02:12,02:23,HIGH,TIMETABLE
TRN-009893,GOODS,C04,2026-09-10,20:57,21:41,MEDIUM,GOODS_FORECAST
TRN-009894,PASSENGER,C14,2026-09-08,06:07,06:21,HIGH,TIMETABLE
TRN-009895,SUPERFAST,C12,2026-09-04,19:22,19:44,HIGH,TIMETABLE
TRN-009896,PASSENGER,C05,2026-09-30,20:08,20:28,HIGH,TIMETABLE
TRN-009897,EXPRESS,C13,2026-09-04,14:46,15:10,HIGH,TIMETABLE
TRN-009898,PASSENGER,C03,2026-09-29,16:32,16:42,HIGH,TIMETABLE
TRN-009899,GOODS,C05,2026-09-27,11:09,11:50,MEDIUM,GOODS_FORECAST
TRN-009900,GOODS,C20,2026-09-13,10:47,11:32,MEDIUM,GOODS_FORECAST
TRN-009901,PASSENGER,C06,2026-09-23,09:24,09:39,HIGH,TIMETABLE
TRN-009902,GOODS,C03,2026-09-28,17:41,18:15,MEDIUM,GOODS_FORECAST
TRN-009903,GOODS,C09,2026-09-21,17:54,18:22,MEDIUM,GOODS_FORECAST
TRN-009904,PASSENGER,C15,2026-09-12,21:05,21:25,HIGH,TIMETABLE
TRN-009905,PASSENGER,C06,2026-09-10,04:50,05:08,HIGH,TIMETABLE
TRN-009906,SUPERFAST,C05,2026-09-14,07:20,07:37,HIGH,TIMETABLE
TRN-009907,GOODS,C06,2026-09-08,03:56,04:50,MEDIUM,GOODS_FORECAST
TRN-009908,SUPERFAST,C10,2026-09-17,15:06,15:31,HIGH,TIMETABLE
TRN-009909,GOODS,C07,2026-09-05,00:04,00:38,MEDIUM,GOODS_FORECAST
TRN-009910,PASSENGER,C03,2026-09-23,07:02,07:16,HIGH,TIMETABLE
TRN-009911,PASSENGER,C04,2026-09-25,17:53,18:16,HIGH,TIMETABLE
TRN-009912,EXPRESS,C15,2026-09-09,10:29,10:55,HIGH,TIMETABLE
TRN-009913,GOODS,C06,2026-09-17,16:41,17:41,MEDIUM,GOODS_FORECAST
TRN-009914,PASSENGER,C07,2026-09-20,02:06,02:17,HIGH,TIMETABLE
TRN-009915,GOODS,C10,2026-09-20,14:45,15:24,MEDIUM,GOODS_FORECAST
TRN-009916,PASSENGER,C19,2026-09-30,13:11,13:34,HIGH,TIMETABLE
TRN-009917,EXPRESS,C15,2026-09-25,14:54,15:09,HIGH,TIMETABLE
TRN-009918,EXPRESS,C02,2026-09-21,05:20,05:49,HIGH,TIMETABLE
TRN-009919,GOODS,C10,2026-09-28,20:49,21:18,MEDIUM,GOODS_FORECAST
TRN-009920,GOODS,C02,2026-09-09,16:49,17:21,MEDIUM,GOODS_FORECAST
TRN-009921,GOODS,C10,2026-09-27,20:19,21:04,MEDIUM,GOODS_FORECAST
TRN-009922,GOODS,C11,2026-09-21,17:08,17:49,MEDIUM,GOODS_FORECAST
TRN-009923,SUPERFAST,C14,2026-09-12,15:58,16:22,HIGH,TIMETABLE
TRN-009924,SUPERFAST,C04,2026-09-08,23:28,23:58,HIGH,TIMETABLE
TRN-009925,EXPRESS,C12,2026-09-07,08:41,08:56,HIGH,TIMETABLE
TRN-009926,EXPRESS,C19,2026-09-07,21:41,21:56,HIGH,TIMETABLE
TRN-009927,EXPRESS,C15,2026-09-25,07:20,07:34,HIGH,TIMETABLE
TRN-009928,GOODS,C06,2026-09-26,15:59,16:48,MEDIUM,GOODS_FORECAST
TRN-009929,EXPRESS,C11,2026-09-09,18:14,18:44,HIGH,TIMETABLE
TRN-009930,PASSENGER,C16,2026-09-28,10:24,10:43,HIGH,TIMETABLE
TRN-009931,GOODS,C10,2026-09-11,21:26,22:08,MEDIUM,GOODS_FORECAST
TRN-009932,SUPERFAST,C07,2026-09-29,01:01,01:11,HIGH,TIMETABLE
TRN-009933,PASSENGER,C04,2026-09-28,10:14,10:31,HIGH,TIMETABLE
TRN-009934,EXPRESS,C11,2026-09-25,19:13,19:32,HIGH,TIMETABLE
TRN-009935,EXPRESS,C07,2026-09-18,18:52,19:07,HIGH,TIMETABLE
TRN-009936,GOODS,C07,2026-09-05,08:29,09:13,MEDIUM,GOODS_FORECAST
TRN-009937,SUPERFAST,C11,2026-09-24,08:21,08:37,HIGH,TIMETABLE
TRN-009938,PASSENGER,C14,2026-09-17,05:31,05:45,HIGH,TIMETABLE
TRN-009939,SUPERFAST,C17,2026-09-20,14:10,14:31,HIGH,TIMETABLE
TRN-009940,SUPERFAST,C12,2026-09-10,20:38,21:08,HIGH,TIMETABLE
TRN-009941,PASSENGER,C01,2026-09-26,07:32,07:42,HIGH,TIMETABLE
TRN-009942,PASSENGER,C08,2026-09-26,21:41,22:05,HIGH,TIMETABLE
TRN-009943,SUPERFAST,C03,2026-09-26,20:52,21:04,HIGH,TIMETABLE
TRN-009944,GOODS,C15,2026-09-16,00:16,00:47,MEDIUM,GOODS_FORECAST
TRN-009945,GOODS,C03,2026-09-04,02:41,03:28,MEDIUM,GOODS_FORECAST
TRN-009946,SUPERFAST,C17,2026-09-04,21:43,22:05,HIGH,TIMETABLE
TRN-009947,GOODS,C07,2026-09-03,12:04,12:44,MEDIUM,GOODS_FORECAST
TRN-009948,SUPERFAST,C06,2026-09-18,02:30,02:43,HIGH,TIMETABLE
TRN-009949,EXPRESS,C15,2026-09-29,13:49,14:09,HIGH,TIMETABLE
TRN-009950,PASSENGER,C03,2026-09-13,06:53,07:17,HIGH,TIMETABLE
TRN-009951,GOODS,C12,2026-09-01,12:35,13:28,MEDIUM,GOODS_FORECAST
TRN-009952,GOODS,C20,2026-09-25,04:40,05:12,MEDIUM,GOODS_FORECAST
TRN-009953,GOODS,C12,2026-09-03,01:18,02:18,MEDIUM,GOODS_FORECAST
TRN-009954,GOODS,C02,2026-09-01,21:59,22:40,MEDIUM,GOODS_FORECAST
TRN-009955,PASSENGER,C01,2026-09-02,04:44,05:08,HIGH,TIMETABLE
TRN-009956,EXPRESS,C05,2026-09-25,00:28,00:50,HIGH,TIMETABLE
TRN-009957,PASSENGER,C19,2026-09-10,04:59,05:23,HIGH,TIMETABLE
TRN-009958,SUPERFAST,C07,2026-09-18,00:17,00:47,HIGH,TIMETABLE
TRN-009959,EXPRESS,C13,2026-09-28,06:44,06:59,HIGH,TIMETABLE
TRN-009960,GOODS,C15,2026-09-14,07:43,08:14,MEDIUM,GOODS_FORECAST
TRN-009961,PASSENGER,C08,2026-09-03,02:05,02:29,HIGH,TIMETABLE
TRN-009962,PASSENGER,C20,2026-09-17,16:14,16:26,HIGH,TIMETABLE
TRN-009963,PASSENGER,C09,2026-09-28,06:20,06:43,HIGH,TIMETABLE
TRN-009964,SUPERFAST,C10,2026-09-05,20:12,20:29,HIGH,TIMETABLE
TRN-009965,PASSENGER,C13,2026-09-22,08:46,09:08,HIGH,TIMETABLE
TRN-009966,GOODS,C10,2026-09-07,17:16,17:53,MEDIUM,GOODS_FORECAST
TRN-009967,GOODS,C17,2026-09-28,02:09,03:00,MEDIUM,GOODS_FORECAST
TRN-009968,EXPRESS,C05,2026-09-23,18:26,18:55,HIGH,TIMETABLE
TRN-009969,GOODS,C10,2026-09-28,01:44,02:31,MEDIUM,GOODS_FORECAST
TRN-009970,EXPRESS,C16,2026-09-09,08:24,08:51,HIGH,TIMETABLE
TRN-009971,SUPERFAST,C10,2026-09-16,11:28,11:42,HIGH,TIMETABLE
TRN-009972,SUPERFAST,C19,2026-09-16,05:31,06:01,HIGH,TIMETABLE
TRN-009973,PASSENGER,C20,2026-09-15,19:14,19:29,HIGH,TIMETABLE
TRN-009974,PASSENGER,C10,2026-09-11,11:46,12:05,HIGH,TIMETABLE
TRN-009975,PASSENGER,C09,2026-09-05,04:10,04:20,HIGH,TIMETABLE
TRN-009976,PASSENGER,C10,2026-09-21,20:11,20:33,HIGH,TIMETABLE
TRN-009977,PASSENGER,C16,2026-09-15,17:58,18:18,HIGH,TIMETABLE
TRN-009978,GOODS,C12,2026-09-07,19:18,19:45,MEDIUM,GOODS_FORECAST
TRN-009979,SUPERFAST,C15,2026-09-23,21:09,21:36,HIGH,TIMETABLE
TRN-009980,EXPRESS,C05,2026-09-24,14:42,15:11,HIGH,TIMETABLE
TRN-009981,PASSENGER,C07,2026-09-08,19:20,19:40,HIGH,TIMETABLE
TRN-009982,GOODS,C01,2026-09-02,22:55,23:28,MEDIUM,GOODS_FORECAST
TRN-009983,SUPERFAST,C12,2026-09-07,20:18,20:38,HIGH,TIMETABLE
TRN-009984,GOODS,C06,2026-09-28,21:49,22:37,MEDIUM,GOODS_FORECAST
TRN-009985,EXPRESS,C07,2026-09-15,16:38,16:54,HIGH,TIMETABLE
TRN-009986,PASSENGER,C12,2026-09-06,10:37,10:58,HIGH,TIMETABLE
TRN-009987,EXPRESS,C16,2026-09-26,01:05,01:18,HIGH,TIMETABLE
TRN-009988,PASSENGER,C04,2026-09-24,03:59,04:11,HIGH,TIMETABLE
TRN-009989,EXPRESS,C04,2026-09-16,08:06,08:22,HIGH,TIMETABLE
TRN-009990,EXPRESS,C07,2026-09-14,04:50,05:09,HIGH,TIMETABLE
TRN-009991,GOODS,C06,2026-09-04,11:29,11:59,MEDIUM,GOODS_FORECAST
TRN-009992,PASSENGER,C19,2026-09-10,10:37,10:54,HIGH,TIMETABLE
TRN-009993,EXPRESS,C18,2026-09-16,02:23,02:47,HIGH,TIMETABLE
TRN-009994,GOODS,C08,2026-09-11,23:21,23:59,MEDIUM,GOODS_FORECAST
TRN-009995,PASSENGER,C17,2026-09-22,19:57,20:09,HIGH,TIMETABLE
TRN-009996,GOODS,C12,2026-09-26,09:30,10:29,MEDIUM,GOODS_FORECAST
TRN-009997,GOODS,C06,2026-09-11,14:47,15:22,MEDIUM,GOODS_FORECAST
TRN-009998,SUPERFAST,C16,2026-09-07,20:51,21:14,HIGH,TIMETABLE
TRN-009999,SUPERFAST,C07,2026-09-22,06:53,07:06,HIGH,TIMETABLE
TRN-010000,EXPRESS,C05,2026-09-01,21:59,22:28,HIGH,TIMETABLE
